Card ID,Card Name,Expansion,Collection No.,Stage (Pokémon)/Type (Energy and Trainer),Rule,Category,Previous stage,HP,Type,Weakness,Resistance (Type),Retreat,Move Name,Cost,Damage,Effect Explanation,Species
1,Basic {G} Energy,SVE,1,Basic Energy,n/a,n/a,n/a,n/a,{G},,,n/a,,n/a,n/a,,n/a
2,Basic {R} Energy,SVE,2,Basic Energy,n/a,n/a,n/a,n/a,{R},,,n/a,,n/a,n/a,,n/a
3,Basic {W} Energy,SVE,3,Basic Energy,n/a,n/a,n/a,n/a,{W},,,n/a,,n/a,n/a,,n/a
4,Basic {L} Energy,SVE,4,Basic Energy,n/a,n/a,n/a,n/a,{L},,,n/a,,n/a,n/a,,n/a
5,Basic {P} Energy,SVE,5,Basic Energy,n/a,n/a,n/a,n/a,{P},,,n/a,,n/a,n/a,,n/a
6,Basic {F} Energy,SVE,6,Basic Energy,n/a,n/a,n/a,n/a,{F},,,n/a,,n/a,n/a,,n/a
7,Basic {D} Energy,SVE,7,Basic Energy,n/a,n/a,n/a,n/a,{D},,,n/a,,n/a,n/a,,n/a
8,Basic {M} Energy,SVE,8,Basic Energy,n/a,n/a,n/a,n/a,{M},,,n/a,,n/a,n/a,,n/a
9,Boomerang Energy,TWM,166,Special Energy,n/a,n/a,n/a,n/a,{C},,,n/a,n/a,n/a,n/a,"As long as this card is attached to a Pokémon, it provides {C} Energy.

If this card is discarded by an effect of an attack used by the Pokémon this card is attached to, attach this card from your discard pile to that Pokémon after attacking.",n/a
10,Neo Upper Energy,TEF,162,Special Energy,ACE SPEC,n/a,n/a,n/a,{A}{A},,,n/a,n/a,n/a,n/a,"As long as this card is attached to a Pokémon, it provides {C} Energy.

If this card is attached to a Stage 2 Pokémon, this card provides every type of Energy but provides only 2 Energy at a time.",n/a
11,Mist Energy,TEF,161,Special Energy,n/a,n/a,n/a,n/a,{C},,,n/a,n/a,n/a,n/a,"As long as this card is attached to a Pokémon, it provides {C} Energy.

Prevent all effects of attacks used by your opponent’s Pokémon done to the Pokémon this card is attached to. (Existing effects are not removed. Damage is not an effect.)",n/a
12,Legacy Energy,TWM,167,Special Energy,ACE SPEC,n/a,n/a,n/a,{A},,,n/a,n/a,n/a,n/a,"As long as this card is attached to a Pokémon, it provides every type of Energy but provides only 1 Energy at a time.

If the Pokémon this card is attached to is Knocked Out by damage from an attack from your opponent’s Pokémon, that player takes 1 fewer Prize card. This effect of your Legacy Energy only works once per game.",n/a
13,Enriching Energy,SSP,191,Special Energy,ACE SPEC,n/a,n/a,n/a,{C},,,n/a,n/a,n/a,n/a,"As long as this card is attached to a Pokémon, it provides {C} Energy.

When you attach this card from your hand to a Pokémon, draw 4 cards.",n/a
14,Spiky Energy,JTG,159,Special Energy,n/a,n/a,n/a,n/a,{C},,,n/a,n/a,n/a,n/a,"As long as this card is attached to a Pokémon, it provides {C} Energy.

If the Pokémon this card is attached to is in the Active Spot and is damaged by an attack from your opponent’s Pokémon (even if this Pokémon is Knocked Out), put 2 damage counters on the Attacking Pokémon.",n/a
15,Team Rocket's Energy,DRI,182,Special Energy,n/a,n/a,n/a,n/a,{Team Rocket}{Team Rocket},,,n/a,n/a,n/a,n/a,"This card can only be attached to a Team Rocket’s Pokémon. If this card is attached to anything other than a Team Rocket’s Pokémon, discard this card.

As long as this card is attached to a Pokémon, it provides 2 in any combination of {P} Energy and {D} Energy.",n/a
16,Prism Energy,BLK,86,Special Energy,n/a,n/a,n/a,n/a,{A},,,n/a,n/a,n/a,n/a,"As long as this card is attached to a Pokémon, it provides {C} Energy.

If this card is attached to a Basic Pokémon, this card provides every type of Energy but provides only 1 Energy at a time.",n/a
17,Ignition Energy,WHT,86,Special Energy,n/a,n/a,n/a,n/a,{C}{C}{C},,,n/a,n/a,n/a,n/a,"If this card is attached to 1 of your Pokémon, discard it at the end of your turn.

As long as this card is attached to a Pokémon, it provides {C} Energy.

If this card is attached to an Evolution Pokémon, it provides {C}{C}{C} Energy instead.",n/a
18,Grow Grass Energy,POR,86,Special Energy,n/a,n/a,n/a,n/a,{G},,,n/a,n/a,n/a,n/a,"As long as this card is attached to a Pokémon, it provides {G} Energy.
The {G} Pokémon this card is attached to gets +20 HP.",n/a
19,Telepath Psychic Energy,POR,87,Special Energy,n/a,n/a,n/a,n/a,{P},,,n/a,n/a,n/a,n/a,"As long as this card is attached to a Pokémon, it provides {P} Energy.
When you attach this card from your hand to a {P} Pokémon, search your deck for up to 2 Basic {P} Pokémon and put them onto your Bench. Then, shuffle your deck.",n/a
20,Rock Fighting Energy,POR,88,Special Energy,n/a,n/a,n/a,n/a,{F},,,n/a,n/a,n/a,n/a,"As long as this card is attached to a Pokémon, it provides {F} Energy.
Prevent all effects of attacks used by your opponent’s Pokémon done to the {F} Pokémon this card is attached to. (Existing effects are not removed. Damage is not an effect.)",n/a
21,Scrafty,PROMO,188,Stage 1 Pokémon,n/a,n/a,Scraggy,120,{D},{G},n/a,1,Nab ’n’ Dash,●,n/a,"Search your deck for a number of cards up to the number of your Benched Pokémon and put them into your hand. Then, shuffle your deck.",n/a
21,Scrafty,PROMO,188,Stage 1 Pokémon,n/a,n/a,Scraggy,120,{D},{G},n/a,1,High Jump Kick,{D}●●,100,n/a,n/a
22,Hippopotas,DRI,105,Basic Pokémon,n/a,n/a,n/a,90,{F},{G},n/a,3,Push Down,{F},10,Switch out your opponent’s Active Pokémon to the Bench. (Your opponent chooses the new Active Pokémon.),n/a
23,Hippowdon,DRI,106,Stage 1 Pokémon,n/a,n/a,Hippopotas,160,{F},{G},n/a,4,Ram,{F}{F},60,n/a,n/a
23,Hippowdon,DRI,106,Stage 1 Pokémon,n/a,n/a,Hippopotas,160,{F},{G},n/a,4,Super Sandstorm,{F}{F}●,150,This attack also does 40 damage to each Benched Pokémon that has any damage counters on it (both yours and your opponent’s). (Don’t apply Weakness and Resistance for Benched Pokémon.),n/a
24,Team Rocket's Kangaskhan ex,ASC,162,Basic Pokémon,Pokémon ex,Trainer's Pokémon(Team Rocket),n/a,230,{C},{F},n/a,2,"
Comet Punch",●●,30×,Flip 4 coins. This attack does 30 damage for each heads.,n/a
24,Team Rocket's Kangaskhan ex,ASC,162,Basic Pokémon,Pokémon ex,Trainer's Pokémon(Team Rocket),n/a,230,{C},{F},n/a,2,Wicked Impact,●●●,120,"If you played a Supporter card that has “Team Rocket” in its name from your hand during this turn, this attack does 100 more damage.",n/a
25,Pinsir,TWM,3,Basic Pokémon,n/a,n/a,n/a,110,{G},{R},n/a,2,Slow Crunch,{G}●,n/a,"Discard all Energy from this Pokémon. At the end of your opponent’s next turn, the Defending Pokémon will be Knocked Out.",n/a
25,Pinsir,TWM,3,Basic Pokémon,n/a,n/a,n/a,110,{G},{R},n/a,2,Superpowered Horns,{G}●●,100,n/a,n/a
26,Leafeon,TWM,11,Stage 1 Pokémon,n/a,n/a,Eevee,120,{G},{R},n/a,1,Leaflet Blessings,●,n/a,"Attach a Basic {G} Energy card from your hand to 1 of your Benched Pokémon. If you do, heal all damage from that Pokémon.",n/a
26,Leafeon,TWM,11,Stage 1 Pokémon,n/a,n/a,Eevee,120,{G},{R},n/a,1,Solar Beam,{G}●,70,n/a,n/a
27,Iron Leaves,TWM,19,Basic Pokémon,n/a,Future,n/a,120,{G},{R},n/a,1,Recovery Net,{G},n/a,Put up to 2 Pokémon from your discard pile into your hand.,n/a
27,Iron Leaves,TWM,19,Basic Pokémon,n/a,Future,n/a,120,{G},{R},n/a,1,Avenging Edge,{G}●●,100,"If any of your Pokémon were Knocked Out by damage from an attack during your opponent’s last turn, this attack does 60 more damage.",n/a
28,Poltchageist,TWM,20,Basic Pokémon,n/a,n/a,n/a,30,{G},{R},n/a,1,[Ability] Storehouse Hideaway,n/a,n/a,"As long as this Pokémon is on your Bench, prevent all damage from and effects of attacks from your opponent’s Pokémon done to this Pokémon.",n/a
28,Poltchageist,TWM,20,Basic Pokémon,n/a,n/a,n/a,30,{G},{R},n/a,1,Hook,{G},10,n/a,n/a
29,Sinistcha ex,TWM,23,Stage 1 Pokémon,Pokémon ex,n/a,Poltchageist,240,{G},{R},n/a,1,Re-Brew,●,n/a,"Put 2 damage counters on 1 of your opponent’s Pokémon for each Basic {G} Energy card in your discard pile. Then, shuffle those Energy cards into your deck.",n/a
29,Sinistcha ex,TWM,23,Stage 1 Pokémon,Pokémon ex,n/a,Poltchageist,240,{G},{R},n/a,1,Matcha Splash,{G}●,120,Heal 30 damage from each of your Pokémon.,n/a
30,Magcargo ex,TWM,29,Stage 1 Pokémon,Pokémon ex,Tera(Fire),Slugma,270,{R},{W},n/a,3,[Tera],n/a,n/a,"As long as this Pokémon is on your Bench, prevent all damage done to this Pokémon by attacks (both yours and your opponent’s).",n/a
30,Magcargo ex,TWM,29,Stage 1 Pokémon,Pokémon ex,Tera(Fire),Slugma,270,{R},{W},n/a,3,Hot Magma,{R}●,70,Your opponent’s Active Pokémon is now Burned.,n/a
30,Magcargo ex,TWM,29,Stage 1 Pokémon,Pokémon ex,Tera(Fire),Slugma,270,{R},{W},n/a,3,Ground Burn,{R}{R}●,140,Discard the top card of each player’s deck. This attack does 140 more damage for each Energy card discarded in this way.,n/a
31,Chi-Yu,TWM,39,Basic Pokémon,n/a,n/a,n/a,110,{R},{W},n/a,1,Allure,●,n/a,Draw 2 cards.,n/a
31,Chi-Yu,TWM,39,Basic Pokémon,n/a,n/a,n/a,110,{R},{W},n/a,1,Ground Melter,{R}●,60,"If a Stadium is in play, this attack does 60 more damage. Then, discard that Stadium.",n/a
32,Glaceon,TWM,54,Stage 1 Pokémon,n/a,n/a,Eevee,120,{W},{M},n/a,1,Permeating Chill,{W},30,"At the end of your opponent’s next turn, put 9 damage counters on the Defending Pokémon.",n/a
32,Glaceon,TWM,54,Stage 1 Pokémon,n/a,n/a,Eevee,120,{W},{M},n/a,1,Icicle Missile,{W}●,70,n/a,n/a
33,Froakie,TWM,56,Basic Pokémon,n/a,n/a,n/a,60,{W},{L},n/a,1,Flock,{W},n/a,"Search your deck for up to 2 Froakie and put them onto your Bench. Then, shuffle your deck.",n/a
33,Froakie,TWM,56,Basic Pokémon,n/a,n/a,n/a,60,{W},{L},n/a,1,Flop,{W},10,n/a,n/a
34,Frogadier,TWM,57,Stage 1 Pokémon,n/a,n/a,Froakie,90,{W},{L},n/a,1,Numbing Water,{W},20,"Flip a coin. If heads, your opponent’s Active Pokémon is now Paralyzed.",n/a
35,Walking Wake,TWM,63,Basic Pokémon,n/a,Ancient,n/a,130,{W},{L},n/a,1,Aurora Gain,{W},20,Heal 20 damage from this Pokémon.,n/a
35,Walking Wake,TWM,63,Basic Pokémon,n/a,Ancient,n/a,130,{W},{L},n/a,1,Undulating Slice,{W}{W}●,20×,Put up to 9 damage counters on this Pokémon. This attack does 20 damage for each damage counter you placed in this way.,n/a
36,Morpeko,TWM,72,Basic Pokémon,n/a,n/a,n/a,70,{L},{F},n/a,1,[Ability] Snack Seek,n/a,n/a,"Once during your turn, you may look at the top card of your deck. You may discard that card.",n/a
36,Morpeko,TWM,72,Basic Pokémon,n/a,n/a,n/a,70,{L},{F},n/a,1,Pick and Stick,{L},n/a,Attach up to 2 Basic Energy cards from your discard pile to your Pokémon in any way you like.,n/a
37,Iron Thorns ex,TWM,77,Basic Pokémon,Pokémon ex,Future,n/a,230,{L},{F},n/a,4,[Ability] Initialization,n/a,n/a,"As long as this Pokémon is in the Active Spot, Pokémon with a Rule Box in play (both yours and your opponent’s) have no Abilities, except for Future Pokémon. (Pokémon {ex}, Pokémon {V}, etc. have Rule Boxes.)",n/a
37,Iron Thorns ex,TWM,77,Basic Pokémon,Pokémon ex,Future,n/a,230,{L},{F},n/a,4,Volt Cyclone,{L}●●,140,Move an Energy from this Pokémon to 1 of your Benched Pokémon.,n/a
38,Girafarig,TWM,83,Basic Pokémon,n/a,n/a,n/a,100,{P},{D},{F},1,Dual Headbutt,●,30,This attack also does 10 damage to 1 of your Benched Pokémon. (Don’t apply Weakness and Resistance for Benched Pokémon.),n/a
39,Enamorus,TWM,93,Basic Pokémon,n/a,n/a,n/a,120,{P},{M},n/a,1,Heart Sign,●,30,n/a,n/a
39,Enamorus,TWM,93,Basic Pokémon,n/a,n/a,n/a,120,{P},{M},n/a,1,Love Resonance,{P}●●,80,"If any of your Pokémon in play are the same type as any of your opponent’s Pokémon in play, this attack does 120 more damage.",n/a
40,Greninja ex,TWM,106,Stage 2 Pokémon,Pokémon ex,Tera(Fighting),Frogadier,310,{F},{P},n/a,1,[Tera],n/a,n/a,"As long as this Pokémon is on your Bench, prevent all damage done to this Pokémon by attacks (both yours and your opponent’s).",n/a
40,Greninja ex,TWM,106,Stage 2 Pokémon,Pokémon ex,Tera(Fighting),Frogadier,310,{F},{P},n/a,1,Shinobi Blade,{W},170,"You may search your deck for a card and put it into your hand. Then, shuffle your deck.",n/a
40,Greninja ex,TWM,106,Stage 2 Pokémon,Pokémon ex,Tera(Fighting),Frogadier,310,{F},{P},n/a,1,Mirage Barrage,{W}●●,n/a,Discard 2 Energy from this Pokémon. This attack does 120 damage to 2 of your opponent’s Pokémon. (Don’t apply Weakness and Resistance for Benched Pokémon.),n/a
41,Ting-Lu,TWM,110,Basic Pokémon,n/a,n/a,n/a,140,{F},{G},n/a,3,Ground Crasher,{F},30,"If a Stadium is in play, this attack also does 30 damage to each of your opponent’s Benched Pokémon, and discard that Stadium. (Don’t apply Weakness and Resistance for Benched Pokémon.)",n/a
41,Ting-Lu,TWM,110,Basic Pokémon,n/a,n/a,n/a,140,{F},{G},n/a,3,Hammer In,{F}{F}●,110,n/a,n/a
42,Applin,TWM,126,Basic Pokémon,n/a,n/a,n/a,40,{N},n/a,n/a,1,Find a Friend,●,n/a,"Search your deck for a Pokémon, reveal it, and put it into your hand. Then, shuffle your deck.",n/a
42,Applin,TWM,126,Basic Pokémon,n/a,n/a,n/a,40,{N},n/a,n/a,1,Rolling Tackle,{G}{R},30,n/a,n/a
43,Eevee,TWM,135,Basic Pokémon,n/a,n/a,n/a,50,{C},{F},n/a,1,Ascension,●,n/a,"Search your deck for a card that evolves from this Pokémon and put it onto this Pokémon to evolve it. Then, shuffle your deck.",n/a
43,Eevee,TWM,135,Basic Pokémon,n/a,n/a,n/a,50,{C},{F},n/a,1,Quick Attack,●●●,20,"Flip a coin. If heads, this attack does 20 more damage.",n/a
44,Bloodmoon Ursaluna ex,TWM,141,Basic Pokémon,Pokémon ex,n/a,n/a,260,{C},{F},n/a,3,[Ability] Seasoned Skill,n/a,n/a,Blood Moon used by this Pokémon costs {C} less for each Prize card your opponent has taken.,n/a
44,Bloodmoon Ursaluna ex,TWM,141,Basic Pokémon,Pokémon ex,n/a,n/a,260,{C},{F},n/a,3,Blood Moon,●●●●●,240,"During your next turn, this Pokémon can’t use attacks.",n/a
45,Shaymin,TEF,13,Basic Pokémon,n/a,n/a,n/a,70,{G},{R},n/a,n/a,Pinpoint Dive,{G},n/a,This attack does 60 damage to 1 of your opponent’s Benched Pokémon {ex} or Benched Pokémon {V}. (Don’t apply Weakness and Resistance for Benched Pokémon.),n/a
45,Shaymin,TEF,13,Basic Pokémon,n/a,n/a,n/a,70,{G},{R},n/a,n/a,Rear Kick,●●,50,n/a,n/a
46,Gouging Fire ex,TEF,38,Basic Pokémon,Pokémon ex,Ancient,n/a,230,{R},{W},n/a,2,Heat Blast,{R}●,60,n/a,n/a
46,Gouging Fire ex,TEF,38,Basic Pokémon,Pokémon ex,Ancient,n/a,230,{R},{W},n/a,2,Blaze Blitz,{R}{R}●,260,This Pokémon can’t use Blaze Blitz again until it leaves the Active Spot.,n/a
47,Totodile,TEF,39,Basic Pokémon,n/a,n/a,n/a,70,{W},{L},n/a,1,Big Bite,{W},10,"During your opponent’s next turn, the Defending Pokémon can’t retreat.",n/a
48,Croconaw,TEF,40,Stage 1 Pokémon,n/a,n/a,Totodile,90,{W},{L},n/a,2,Reverse Thrust,{W},30,Switch this Pokémon with 1 of your Benched Pokémon.,n/a
49,Feraligatr,TEF,41,Stage 2 Pokémon,n/a,n/a,Croconaw,180,{W},{L},n/a,3,[Ability] Torrential Heart,n/a,n/a,"Once during your turn, you may put 5 damage counters on this Pokémon. If you do, during this turn, attacks used by this Pokémon do 120 more damage to your opponent’s Active Pokémon (before applying Weakness and Resistance).",n/a
49,Feraligatr,TEF,41,Stage 2 Pokémon,n/a,n/a,Croconaw,180,{W},{L},n/a,3,Giant Wave,{W}{W},160,"During your next turn, this Pokémon can’t use Giant Wave.",n/a
50,Wiglett,TEF,47,Basic Pokémon,n/a,n/a,n/a,60,{W},{L},n/a,1,Lucky Find,{W},n/a,"Search your deck for an Item card, reveal it, and put it into your hand. Then, shuffle your deck.",n/a
50,Wiglett,TEF,47,Basic Pokémon,n/a,n/a,n/a,60,{W},{L},n/a,1,Aqua Bomb,{W}{W},40,This Pokémon also does 20 damage to itself.,n/a
51,Palafin,TEF,49,Stage 1 Pokémon,n/a,n/a,Finizen,150,{W},{L},n/a,2,Vanguard Punch,{W},130,This Pokémon also does 10 damage to itself for each damage counter on it.,n/a
51,Palafin,TEF,49,Stage 1 Pokémon,n/a,n/a,Finizen,150,{W},{L},n/a,2,Double Hit,{W}●●,90×,Flip 2 coins. This attack does 90 damage for each heads.,n/a
52,Wugtrio ex,TEF,60,Stage 1 Pokémon,Pokémon ex,Tera(Lightning),Wiglett,250,{L},{F},n/a,1,[Tera],n/a,n/a,"As long as this Pokémon is on your Bench, prevent all damage done to this Pokémon by attacks (both yours and your opponent’s).",n/a
52,Wugtrio ex,TEF,60,Stage 1 Pokémon,Pokémon ex,Tera(Lightning),Wiglett,250,{L},{F},n/a,1,Tricolor Pump,{W},n/a,Discard up to 3 Energy cards from your hand. This attack does 60 damage to 1 of your opponent’s Pokémon for each Energy card you discarded in this way. (Don’t apply Weakness and Resistance for Benched Pokémon.),n/a
52,Wugtrio ex,TEF,60,Stage 1 Pokémon,Pokémon ex,Tera(Lightning),Wiglett,250,{L},{F},n/a,1,Numbing Hold,{W}{W},120,"During your opponent’s next turn, the Defending Pokémon can’t retreat.",n/a
53,Marill,TEF,64,Basic Pokémon,n/a,n/a,n/a,70,{P},{M},n/a,2,Ball Roll,●,10×,Flip a coin until you get tails. This attack does 10 damage for each heads.,n/a
53,Marill,TEF,64,Basic Pokémon,n/a,n/a,n/a,70,{P},{M},n/a,2,Magical Shot,{P}●●,40,n/a,n/a
54,Bronzor,TEF,68,Basic Pokémon,n/a,n/a,n/a,80,{P},{D},{F},3,Mirror Attack,{P},10,"If your opponent’s Active Pokémon is a {P} Pokémon, this attack does 30 more damage.",n/a
55,Bronzong,TEF,69,Stage 1 Pokémon,n/a,n/a,Bronzor,110,{P},{D},{F},3,Evolution Jammer,{P},30,"During your opponent’s next turn, they can’t play any Pokémon from their hand to evolve their Pokémon.",n/a
55,Bronzong,TEF,69,Stage 1 Pokémon,n/a,n/a,Bronzor,110,{P},{D},{F},3,Super Psy Bolt,{P}●●,100,n/a,n/a
56,Flutter Mane,TEF,78,Basic Pokémon,n/a,Ancient,n/a,90,{P},{M},n/a,1,[Ability] Midnight Fluttering,n/a,n/a,"As long as this Pokémon is in the Active Spot, your opponent’s Active Pokémon has no Abilities, except for Midnight Fluttering.",n/a
56,Flutter Mane,TEF,78,Basic Pokémon,n/a,Ancient,n/a,90,{P},{M},n/a,1,Hex Hurl,●●●,90,Put 2 damage counters on your opponent’s Benched Pokémon in any way you like.,n/a
57,Relicanth,TEF,84,Basic Pokémon,n/a,n/a,n/a,100,{F},{G},n/a,1,[Ability] Memory Dive,n/a,n/a,Each of your evolved Pokémon can use any attack from its previous Evolutions. (You still need the necessary Energy to use each attack.),n/a
57,Relicanth,TEF,84,Basic Pokémon,n/a,n/a,n/a,100,{F},{G},n/a,1,Razor Fin,{F}●,30,n/a,n/a
58,Great Tusk,TEF,97,Basic Pokémon,n/a,Ancient,n/a,140,{F},{P},n/a,3,Land Collapse,●●,n/a,"Discard the top card of your opponent’s deck. If you played an Ancient Supporter card from your hand during this turn, discard 3 more cards in this way.",n/a
58,Great Tusk,TEF,97,Basic Pokémon,n/a,Ancient,n/a,140,{F},{P},n/a,3,Giant Tusk,{F}{F}●●,160,n/a,n/a
59,Gastly,TEF,102,Basic Pokémon,n/a,n/a,n/a,60,{D},{F},n/a,1,Mysterious Beam,{D},n/a,"Flip a coin. If heads, discard an Energy from your opponent’s Active Pokémon.",n/a
59,Gastly,TEF,102,Basic Pokémon,n/a,n/a,n/a,60,{D},{F},n/a,1,Suffocating Gas,{D}{D},30,n/a,n/a
60,Haunter,TEF,103,Stage 1 Pokémon,n/a,n/a,Gastly,90,{D},{F},n/a,1,Super Poison Breath,{D}{D},30,Your opponent’s Active Pokémon is now Poisoned.,n/a
61,Roaring Moon,TEF,109,Basic Pokémon,n/a,Ancient,n/a,140,{D},{G},n/a,2,Vengeance Fletching,{D}{D},70,This attack does 10 more damage for each Ancient card in your discard pile.,n/a
61,Roaring Moon,TEF,109,Basic Pokémon,n/a,Ancient,n/a,140,{D},{G},n/a,2,Speed Wing,{D}●●●,120,n/a,n/a
62,Koraidon,TEF,119,Basic Pokémon,n/a,Ancient,n/a,140,{N},n/a,n/a,2,Primordial Beatdown,{F}●,30×,This attack does 30 damage for each of your Ancient Pokémon in play.,n/a
62,Koraidon,TEF,119,Basic Pokémon,n/a,Ancient,n/a,140,{N},n/a,n/a,2,Shred,{R}{F}●,130,This attack’s damage isn’t affected by any effects on your opponent’s Active Pokémon.,n/a
63,Raging Bolt ex,TEF,123,Basic Pokémon,Pokémon ex,Ancient,n/a,240,{N},n/a,n/a,3,Burst Roar,●,n/a,Discard your hand and draw 6 cards.,n/a
63,Raging Bolt ex,TEF,123,Basic Pokémon,Pokémon ex,Ancient,n/a,240,{N},n/a,n/a,3,Bellowing Thunder,{L}{F},70×,You may discard any amount of Basic Energy from your Pokémon. This attack does 70 damage for each card you discarded in this way.,n/a
64,Hoothoot,TEF,126,Basic Pokémon,n/a,n/a,n/a,70,{C},{L},{F},1,Silent Wing,●●,20,Your opponent reveals their hand.,n/a
65,Dunsparce,TEF,128,Basic Pokémon,n/a,n/a,n/a,60,{C},{F},n/a,n/a,Gnaw,●,10,n/a,n/a
65,Dunsparce,TEF,128,Basic Pokémon,n/a,n/a,n/a,60,{C},{F},n/a,n/a,Dig,●●,30,"Flip a coin. If heads, during your opponent’s next turn, prevent all damage from and effects of attacks done to this Pokémon.",n/a
66,Dudunsparce,TEF,129,Stage 1 Pokémon,n/a,n/a,Dunsparce,140,{C},{F},n/a,3,[Ability] Run Away Draw,n/a,n/a,"Once during your turn, you may draw 3 cards. If you drew any cards in this way, shuffle this Pokémon and all attached cards into your deck.",n/a
66,Dudunsparce,TEF,129,Stage 1 Pokémon,n/a,n/a,Dunsparce,140,{C},{F},n/a,3,Land Crush,●●●,90,n/a,n/a
67,Pineco,TEF,2,Basic Pokémon,n/a,n/a,n/a,70,{G},{R},n/a,2,Ram,●●●,50,n/a,n/a
68,Seedot,TEF,3,Basic Pokémon,n/a,n/a,n/a,60,{G},{R},n/a,1,Rigidify,{G},n/a,"During your opponent’s next turn, this Pokémon takes 30 less damage from attacks (after applying Weakness and Resistance).",n/a
68,Seedot,TEF,3,Basic Pokémon,n/a,n/a,n/a,60,{G},{R},n/a,1,Hang Down,●●,20,n/a,n/a
69,Nuzleaf,TEF,4,Stage 1 Pokémon,n/a,n/a,Seedot,90,{G},{R},n/a,1,Corkscrew Punch,{G},20,n/a,n/a
69,Nuzleaf,TEF,4,Stage 1 Pokémon,n/a,n/a,Seedot,90,{G},{R},n/a,1,Comet Slap,●●,30×,Flip 3 coins. This attack does 30 damage for each heads.,n/a
70,Shiftry,TEF,5,Stage 2 Pokémon,n/a,n/a,Nuzleaf,150,{G},{R},n/a,2,Expelling Tornado,{G},n/a,"Choose 3 of your opponent’s Benched Pokémon. If you do, shuffle all of your opponent’s Benched Pokémon that you didn’t choose, and all cards attached to those Pokémon, into their deck.",n/a
70,Shiftry,TEF,5,Stage 2 Pokémon,n/a,n/a,Nuzleaf,150,{G},{R},n/a,2,Energy Loop,●●,140,Put an Energy attached to this Pokémon into your hand.,n/a
71,Deerling,TEF,16,Basic Pokémon,n/a,n/a,n/a,70,{G},{R},n/a,1,Flop,●,10,n/a,n/a
71,Deerling,TEF,16,Basic Pokémon,n/a,n/a,n/a,70,{G},{R},n/a,1,Leaf Litter Tackle,{G}●●,40,Discard a {G} Energy from this Pokémon.,n/a
72,Sawsbuck,TEF,17,Stage 1 Pokémon,n/a,n/a,Deerling,130,{G},{R},n/a,2,[Ability] Changing Seasons,n/a,n/a,"Once during your turn, you may search your deck for a Stadium card, reveal it, and put it into your hand. Then, shuffle your deck.",n/a
72,Sawsbuck,TEF,17,Stage 1 Pokémon,n/a,n/a,Deerling,130,{G},{R},n/a,2,Superpowered Horns,{G}●●,110,n/a,n/a
73,Rellor,TEF,23,Basic Pokémon,n/a,n/a,n/a,50,{G},{R},n/a,1,Slight Intrusion,●,30,This Pokémon also does 10 damage to itself.,n/a
74,Rabsca,TEF,24,Stage 1 Pokémon,n/a,n/a,Rellor,70,{G},{R},n/a,1,[Ability] Spherical Shield,n/a,n/a,Prevent all damage from and effects of attacks from your opponent’s Pokémon done to your Benched Pokémon.,n/a
74,Rabsca,TEF,24,Stage 1 Pokémon,n/a,n/a,Rellor,70,{G},{R},n/a,1,Psychic,{G},10,This attack does 30 more damage for each Energy attached to your opponent’s Active Pokémon.,n/a
75,Iron Leaves ex,TEF,25,Basic Pokémon,Pokémon ex,Future,n/a,220,{G},{R},n/a,1,[Ability] Rapid Vernier,n/a,n/a,"When you play this Pokémon from your hand onto your Bench during your turn, you may switch it with your Active Pokémon. If you do, you may move any amount of Energy from your other Pokémon to this Pokémon.",n/a
75,Iron Leaves ex,TEF,25,Basic Pokémon,Pokémon ex,Future,n/a,220,{G},{R},n/a,1,Prism Edge,{G}{G}●,180,"During your next turn, this Pokémon can’t use attacks.",n/a
76,Slugma,TEF,28,Basic Pokémon,n/a,n/a,n/a,80,{R},{W},n/a,2,Roasting Heat,{R},10,"If your opponent’s Active Pokémon is Burned, this attack does 40 more damage.",n/a
77,Litten,TEF,32,Basic Pokémon,n/a,n/a,n/a,70,{R},{W},n/a,2,Fake Out,{R},10,"Flip a coin. If heads, your opponent’s Active Pokémon is now Paralyzed.",n/a
78,Torracat,TEF,33,Stage 1 Pokémon,n/a,n/a,Litten,100,{R},{W},n/a,2,Bite,{R},30,n/a,n/a
78,Torracat,TEF,33,Stage 1 Pokémon,n/a,n/a,Litten,100,{R},{W},n/a,2,Flare Strike,{R}●●,80,"During your next turn, this Pokémon can’t use Flare Strike.",n/a
79,Incineroar ex,TEF,34,Stage 2 Pokémon,Pokémon ex,n/a,Torracat,320,{R},{W},n/a,2,[Ability] Hustle Play,n/a,n/a,Attacks used by this Pokémon cost {C} less for each of your opponent’s Benched Pokémon.,n/a
79,Incineroar ex,TEF,34,Stage 2 Pokémon,Pokémon ex,n/a,Torracat,320,{R},{W},n/a,2,Blaze Blast,{R}●●●●,240,Your opponent’s Active Pokémon is now Burned.,n/a
80,Iron Crown ex,TEF,81,Basic Pokémon,Pokémon ex,Future,n/a,220,{P},{D},{F},2,[Ability] Cobalt Command,n/a,n/a,"Attacks used by your Future Pokémon, except any Iron Crown {ex}, do 20 more damage to your opponent’s Active Pokémon (before applying Weakness and Resistance).",n/a
80,Iron Crown ex,TEF,81,Basic Pokémon,Pokémon ex,Future,n/a,220,{P},{D},{F},2,Twin Shotels,{P}●●,n/a,"This attack does 50 damage to 2 of your opponent’s Pokémon. This attack’s damage isn’t affected by Weakness or Resistance, or by any effects on those Pokémon.",n/a
81,Drilbur,TEF,85,Basic Pokémon,n/a,n/a,n/a,70,{F},{G},n/a,1,[Ability] Dig Dig Dig,n/a,n/a,"When you play this Pokémon from your hand onto your Bench during your turn, you may search your deck for up to 3 Basic {F} Energy cards and discard them. Then, shuffle your deck.",n/a
81,Drilbur,TEF,85,Basic Pokémon,n/a,n/a,n/a,70,{F},{G},n/a,1,Sand Spray,{F}●,20,n/a,n/a
82,Excadrill,TEF,86,Stage 1 Pokémon,n/a,n/a,Drilbur,130,{F},{G},n/a,2,Mud Shot,●,20,n/a,n/a
82,Excadrill,TEF,86,Stage 1 Pokémon,n/a,n/a,Drilbur,130,{F},{G},n/a,2,Wild Tackle,{F}{F}●,180,This Pokémon also does 50 damage to itself.,n/a
83,Farigiraf ex,TEF,108,Stage 1 Pokémon,Pokémon ex,Tera(Darkness),Girafarig,260,{D},{G},n/a,2,[Tera],n/a,n/a,"As long as this Pokémon is on your Bench, prevent all damage done to this Pokémon by attacks (both yours and your opponent’s).",n/a
83,Farigiraf ex,TEF,108,Stage 1 Pokémon,Pokémon ex,Tera(Darkness),Girafarig,260,{D},{G},n/a,2,[Ability] Armor Tail,n/a,n/a,Prevent all damage done to this Pokémon by attacks from your opponent’s Basic Pokémon {ex}.,n/a
83,Farigiraf ex,TEF,108,Stage 1 Pokémon,Pokémon ex,Tera(Darkness),Girafarig,260,{D},{G},n/a,2,Dirty Beam,{P}●●,160,This attack also does 30 damage to 1 of your opponent’s Benched Pokémon. (Don’t apply Weakness and Resistance for Benched Pokémon.),n/a
84,Scizor ex,TEF,111,Stage 1 Pokémon,Pokémon ex,n/a,Scyther,270,{M},{R},{G},2,Steel Wing,●●,70,"During your opponent’s next turn, this Pokémon takes 50 less damage from attacks (after applying Weakness and Resistance).",n/a
84,Scizor ex,TEF,111,Stage 1 Pokémon,Pokémon ex,n/a,Scyther,270,{M},{R},{G},2,Cross Breaker,{M}{M},120×,Discard up to 2 {M} Energy from this Pokémon. This attack does 120 damage for each card you discarded in this way.,n/a
85,Beldum,TEF,113,Basic Pokémon,n/a,n/a,n/a,70,{M},{R},{G},1,Dig Claws,{M},10,n/a,n/a
85,Beldum,TEF,113,Basic Pokémon,n/a,n/a,n/a,70,{M},{R},{G},1,Iron Tackle,{M}●●,50,This Pokémon also does 10 damage to itself.,n/a
86,Metang,TEF,114,Stage 1 Pokémon,n/a,n/a,Beldum,100,{M},{R},{G},2,[Ability] Metal Maker,n/a,n/a,"Once during your turn, you may look at the top 4 cards of your deck and attach any number of Basic {M} Energy cards you find there to your Pokémon in any way you like. Shuffle the other cards and put them on the bottom of your deck.",n/a
86,Metang,TEF,114,Stage 1 Pokémon,n/a,n/a,Beldum,100,{M},{R},{G},2,Beam,{M}●●,60,n/a,n/a
87,Miraidon,TEF,121,Basic Pokémon,n/a,Future,n/a,110,{N},n/a,n/a,2,Peak Acceleration,●,40,"Search your deck for up to 2 Basic Energy cards and attach them to your Future Pokémon in any way you like. Then, shuffle your deck.",n/a
87,Miraidon,TEF,121,Basic Pokémon,n/a,Future,n/a,110,{N},n/a,n/a,2,Sparking Strike,{L}{L}{P},160,n/a,n/a
88,Volbeat,TWM,9,Basic Pokémon,n/a,n/a,n/a,70,{G},{R},n/a,1,Quick Sign,●,n/a,"If you go first, you can use this attack during your first turn. Search your deck for up to 2 Basic Pokémon and put them onto your Bench. Then, shuffle your deck.",n/a
88,Volbeat,TWM,9,Basic Pokémon,n/a,n/a,n/a,70,{G},{R},n/a,1,Coordinated Strike,●●,20,"If Illumise is on your Bench, this attack does 60 more damage.",n/a
89,Grookey,TWM,14,Basic Pokémon,n/a,n/a,n/a,70,{G},{R},n/a,1,Smash Kick,{G},10,n/a,n/a
89,Grookey,TWM,14,Basic Pokémon,n/a,n/a,n/a,70,{G},{R},n/a,1,Branch Poke,{G}{G},30,n/a,n/a
90,Thwackey,TWM,15,Stage 1 Pokémon,n/a,n/a,Grookey,100,{G},{R},n/a,2,[Ability] Boom Boom Groove,n/a,n/a,"Once during your turn, if your Active Pokémon has the Festival Lead Ability, you may search your deck for a card and put it into your hand. Then, shuffle your deck.",n/a
90,Thwackey,TWM,15,Stage 1 Pokémon,n/a,n/a,Grookey,100,{G},{R},n/a,2,Beat,{G}{G},50,n/a,n/a
91,Rillaboom,TWM,16,Stage 2 Pokémon,n/a,n/a,Thwackey,180,{G},{R},n/a,4,Drum Beating,{G},60,"During your opponent’s next turn, attacks used by the Defending Pokémon cost {C} more, and its Retreat Cost is {C} more.",n/a
91,Rillaboom,TWM,16,Stage 2 Pokémon,n/a,n/a,Thwackey,180,{G},{R},n/a,4,Wood Hammer,{G}{G},180,This Pokémon also does 50 damage to itself.,n/a
92,Applin,TWM,17,Basic Pokémon,n/a,n/a,n/a,40,{G},{R},n/a,1,Tumbling Attack,{G},10,"Flip a coin. If heads, this attack does 20 more damage.",n/a
93,Dipplin,TWM,18,Stage 1 Pokémon,n/a,n/a,Applin,80,{G},{R},n/a,2,[Ability] Festival Lead,n/a,n/a,"If Festival Grounds is in play, this Pokémon may use an attack it has twice. If the first attack Knocks Out your opponent’s Active Pokémon, you may attack again after your opponent chooses a new Active Pokémon.",n/a
93,Dipplin,TWM,18,Stage 1 Pokémon,n/a,n/a,Applin,80,{G},{R},n/a,2,Do the Wave,{G},20×,This attack does 20 damage for each of your Benched Pokémon.,n/a
94,Sinistcha,TWM,22,Stage 1 Pokémon,n/a,n/a,Poltchageist,70,{G},{R},n/a,1,Cursed Drop,{G},n/a,Put 4 damage counters on your opponent’s Pokémon in any way you like.,n/a
94,Sinistcha,TWM,22,Stage 1 Pokémon,n/a,n/a,Poltchageist,70,{G},{R},n/a,1,Spill the Tea,{G},70×,Discard up to 3 {G} Energy cards from your Pokémon. This attack does 70 damage for each card you discarded in this way.,n/a
95,Teal Mask Ogerpon,TWM,24,Basic Pokémon,n/a,n/a,n/a,110,{G},{R},n/a,1,Mountain Stroll,●,n/a,"Search your deck for up to 2 Basic Energy cards, reveal them, and put them into your hand. Then, shuffle your deck.",n/a
95,Teal Mask Ogerpon,TWM,24,Basic Pokémon,n/a,n/a,n/a,110,{G},{R},n/a,1,Ogre Comeback,{G}●,20,This attack does 20 more damage for each of your opponent’s Benched Pokémon.,n/a
96,Teal Mask Ogerpon ex,TWM,25,Basic Pokémon,Pokémon ex,Tera(Grass),n/a,210,{G},{R},n/a,1,[Tera],n/a,n/a,"As long as this Pokémon is on your Bench, prevent all damage done to this Pokémon by attacks (both yours and your opponent’s).",n/a
96,Teal Mask Ogerpon ex,TWM,25,Basic Pokémon,Pokémon ex,Tera(Grass),n/a,210,{G},{R},n/a,1,[Ability] Teal Dance,n/a,n/a,"Once during your turn, you may attach a Basic {G} Energy card from your hand to this Pokémon. If you attached Energy to a Pokémon in this way, draw a card.",n/a
96,Teal Mask Ogerpon ex,TWM,25,Basic Pokémon,Pokémon ex,Tera(Grass),n/a,210,{G},{R},n/a,1,Myriad Leaf Shower,{G}{G}{G},30,This attack does 30 more damage for each Energy attached to both Active Pokémon.,n/a
97,Litwick,TWM,36,Basic Pokémon,n/a,n/a,n/a,60,{R},{W},n/a,1,Call for Family,{R},n/a,"Search your deck for a Basic Pokémon and put it onto your Bench. Then, shuffle your deck.",n/a
97,Litwick,TWM,36,Basic Pokémon,n/a,n/a,n/a,60,{R},{W},n/a,1,Live Coal,{R}●,20,n/a,n/a
98,Chandelure,TWM,38,Stage 2 Pokémon,n/a,n/a,Lampent,130,{R},{W},n/a,2,[Ability] Alluring Light,n/a,n/a,"Once during your turn, you may have each player draw a card.",n/a
98,Chandelure,TWM,38,Stage 2 Pokémon,n/a,n/a,Lampent,130,{R},{W},n/a,2,Mind Ruler,{R},30×,This attack does 30 damage for each card in your opponent’s hand.,n/a
99,Hearthflame Mask Ogerpon ex,TWM,40,Basic Pokémon,Pokémon ex,Tera(Fire),n/a,210,{R},{W},n/a,1,[Tera],n/a,n/a,"As long as this Pokémon is on your Bench, prevent all damage done to this Pokémon by attacks (both yours and your opponent’s).",n/a
99,Hearthflame Mask Ogerpon ex,TWM,40,Basic Pokémon,Pokémon ex,Tera(Fire),n/a,210,{R},{W},n/a,1,Wrathful Hearth,{R}●●,20×,This attack does 20 damage for each damage counter on this Pokémon.,n/a
99,Hearthflame Mask Ogerpon ex,TWM,40,Basic Pokémon,Pokémon ex,Tera(Fire),n/a,210,{R},{W},n/a,1,Dynamic Blaze,{R}{R}{R},140,"If your opponent’s Active Pokémon is an Evolution Pokémon, this attack does 140 more damage, and discard all Energy from this Pokémon.",n/a
100,Goldeen,TWM,44,Basic Pokémon,n/a,n/a,n/a,50,{W},{L},n/a,1,[Ability] Festival Lead,n/a,n/a,"If Festival Grounds is in play, this Pokémon may use an attack it has twice. If the first attack Knocks Out your opponent’s Active Pokémon, you may attack again after your opponent chooses a new Active Pokémon.",n/a
100,Goldeen,TWM,44,Basic Pokémon,n/a,n/a,n/a,50,{W},{L},n/a,1,Whirlpool,●●,10,"Flip a coin. If heads, discard an Energy from your opponent’s Active Pokémon.",n/a
101,Jynx,TWM,46,Basic Pokémon,n/a,n/a,n/a,90,{W},{M},n/a,1,Inviting Kiss,●,n/a,"Search your deck for a Basic Pokémon and put it onto your Bench. Then, shuffle your deck. If you put any Pokémon onto your Bench in this way, move an Energy from this Pokémon to the new Benched Pokémon.",n/a
101,Jynx,TWM,46,Basic Pokémon,n/a,n/a,n/a,90,{W},{M},n/a,1,Icy Snow,{W},30,n/a,n/a
102,Milotic,TWM,50,Stage 1 Pokémon,n/a,n/a,Feebas,120,{W},{L},n/a,1,[Ability] Mentally Calm,n/a,n/a,Your opponent’s Pokémon in play and all attached cards can’t be put into your opponent’s hand.,n/a
102,Milotic,TWM,50,Stage 1 Pokémon,n/a,n/a,Feebas,120,{W},{L},n/a,1,Hydro Splash,{W}●●,100,n/a,n/a
103,Snorunt,TWM,51,Basic Pokémon,n/a,n/a,n/a,60,{W},{M},n/a,1,Astonish,{W}●,20,Choose a random card from your opponent’s hand. Your opponent reveals that card and shuffles it into their deck.,n/a
104,Froslass,TWM,53,Stage 1 Pokémon,n/a,n/a,Snorunt,90,{W},{M},n/a,1,[Ability] Freezing Shroud,n/a,n/a,"During Pokémon Checkup, put 1 damage counter on each Pokémon that has an Ability (both yours and your opponent’s), except any Froslass.",n/a
104,Froslass,TWM,53,Stage 1 Pokémon,n/a,n/a,Snorunt,90,{W},{M},n/a,1,Frost Smash,{W}●,60,n/a,n/a
105,Finizen,TWM,59,Basic Pokémon,n/a,n/a,n/a,70,{W},{L},n/a,1,Aqua Slash,{W},30,"During your next turn, this Pokémon can’t use attacks.",n/a
106,Palafin,TWM,60,Stage 1 Pokémon,n/a,n/a,Finizen,100,{W},{L},n/a,1,[Ability] Zero to Hero,n/a,n/a,"Once during your turn, when this Pokémon moves from the Active Spot to the Bench, you may search your deck for a Palafin {ex} and switch it with this Pokémon. Any attached cards, damage counters, Special Conditions, turns in play, and any other effects remain on the new Pokémon. If you switched a Pokémon in this way, put this card into your deck. Then, shuffle your deck.",n/a
106,Palafin,TWM,60,Stage 1 Pokémon,n/a,n/a,Finizen,100,{W},{L},n/a,1,Wave Splash,{W}●,30,n/a,n/a
107,Palafin ex,TWM,61,Stage 1 Pokémon,Pokémon ex,n/a,Finizen,340,{W},{L},n/a,2,[Ability] Hero’s Spirit,n/a,n/a,Put this Pokémon into play only with the effect of Palafin’s Zero to Hero Ability.,n/a
107,Palafin ex,TWM,61,Stage 1 Pokémon,Pokémon ex,n/a,Finizen,340,{W},{L},n/a,2,Giga Impact,{W},250,"During your next turn, this Pokémon can’t use attacks.",n/a
108,Wellspring Mask Ogerpon ex,TWM,64,Basic Pokémon,Pokémon ex,Tera(Water),n/a,210,{W},{L},n/a,1,[Tera],n/a,n/a,"As long as this Pokémon is on your Bench, prevent all damage done to this Pokémon by attacks (both yours and your opponent’s).",n/a
108,Wellspring Mask Ogerpon ex,TWM,64,Basic Pokémon,Pokémon ex,Tera(Water),n/a,210,{W},{L},n/a,1,Sob,●,20,"During your opponent’s next turn, the Defending Pokémon can’t retreat.",n/a
108,Wellspring Mask Ogerpon ex,TWM,64,Basic Pokémon,Pokémon ex,Tera(Water),n/a,210,{W},{L},n/a,1,Torrential Pump,{W}●●,100,"You may shuffle 3 Energy attached to this Pokémon into your deck. If you do, this attack also does 120 damage to 1 of your opponent’s Benched Pokémon. (Don’t apply Weakness and Resistance for Benched Pokémon.)",n/a
109,Abra,TWM,80,Basic Pokémon,n/a,n/a,n/a,40,{P},{D},{F},1,[Ability] Teleporter,n/a,n/a,"Once during your turn, if this Pokémon is in the Active Spot, you may shuffle it and all attached cards into your deck.",n/a
109,Abra,TWM,80,Basic Pokémon,n/a,n/a,n/a,40,{P},{D},{F},1,Beam,{P},10,n/a,n/a
110,Slurpuff,TWM,90,Stage 1 Pokémon,n/a,n/a,Swirlix,120,{P},{M},n/a,2,Slurp Slurp,{P}●,90×,"Flip 2 coins. This attack does 90 damage for each heads. If both of them are tails, your opponent’s Active Pokémon is now Confused.",n/a
111,Sandygast,TWM,91,Basic Pokémon,n/a,n/a,n/a,90,{P},{D},{F},3,Sand Attack,{P},10,"During your opponent’s next turn, if the Defending Pokémon tries to use an attack, your opponent flips a coin. If tails, that attack doesn’t happen.",n/a
111,Sandygast,TWM,91,Basic Pokémon,n/a,n/a,n/a,90,{P},{D},{F},3,Spooky Shot,{P}●●,30,n/a,n/a
112,Munkidori,TWM,95,Basic Pokémon,n/a,n/a,n/a,110,{P},{D},{F},1,[Ability] Adrena-Brain,n/a,n/a,"Once during your turn, if this Pokémon has any {D} Energy attached, you may move up to 3 damage counters from 1 of your Pokémon to 1 of your opponent’s Pokémon.",n/a
112,Munkidori,TWM,95,Basic Pokémon,n/a,n/a,n/a,110,{P},{D},{F},1,Mind Bend,{P}●,60,Your opponent’s Active Pokémon is now Confused.,n/a
113,Timburr,TWM,103,Basic Pokémon,n/a,n/a,n/a,80,{F},{P},n/a,2,Best Punch,{F},40,"Flip a coin. If tails, this attack does nothing.",n/a
114,Gurdurr,TWM,104,Stage 1 Pokémon,n/a,n/a,Timburr,100,{F},{P},n/a,2,Knuckle Punch,{F},20,n/a,n/a
114,Gurdurr,TWM,104,Stage 1 Pokémon,n/a,n/a,Timburr,100,{F},{P},n/a,2,Superpower,{F}●●,50,"You may do 30 more damage. If you do, this Pokémon also does 30 damage to itself.",n/a
115,Conkeldurr,TWM,105,Stage 2 Pokémon,n/a,n/a,Gurdurr,180,{F},{P},n/a,3,Tantrum,{F},80,This Pokémon is now Confused.,n/a
115,Conkeldurr,TWM,105,Stage 2 Pokémon,n/a,n/a,Gurdurr,180,{F},{P},n/a,3,Gutsy Swing,{F}●●●,250,"If this Pokémon is affected by a Special Condition, ignore all Energy in this attack’s cost.",n/a
116,Okidogi,TWM,111,Basic Pokémon,n/a,n/a,n/a,130,{F},{P},n/a,2,[Ability] Adrena-Power,n/a,n/a,"If this Pokémon has any {D} Energy attached, it gets +100 HP, and the attacks it uses do 100 more damage to your opponent’s Active Pokémon (before applying Weakness and Resistance).",n/a
116,Okidogi,TWM,111,Basic Pokémon,n/a,n/a,n/a,130,{F},{P},n/a,2,Good Punch,{F}{F},70,n/a,n/a
117,Cornerstone Mask Ogerpon ex,TWM,112,Basic Pokémon,Pokémon ex,Tera(Fighting),n/a,210,{F},{G},n/a,1,[Tera],n/a,n/a,"As long as this Pokémon is on your Bench, prevent all damage done to this Pokémon by attacks (both yours and your opponent’s).",n/a
117,Cornerstone Mask Ogerpon ex,TWM,112,Basic Pokémon,Pokémon ex,Tera(Fighting),n/a,210,{F},{G},n/a,1,[Ability] Cornerstone Stance,n/a,n/a,Prevent all damage from attacks done to this Pokémon by your opponent’s Pokémon that have an Ability.,n/a
117,Cornerstone Mask Ogerpon ex,TWM,112,Basic Pokémon,Pokémon ex,Tera(Fighting),n/a,210,{F},{G},n/a,1,Demolish,{F}●●,140,"This attack’s damage isn’t affected by Weakness or Resistance, or by any effects on your opponent’s Active Pokémon.",n/a
118,Heatran,TWM,123,Basic Pokémon,n/a,n/a,n/a,140,{M},{R},{G},4,[Ability] Incandescent Body,n/a,n/a,"If this Pokémon is in the Active Spot and is damaged by an attack from your opponent’s Pokémon (even if this Pokémon is Knocked Out), the Attacking Pokémon is now Burned.",n/a
118,Heatran,TWM,123,Basic Pokémon,n/a,n/a,n/a,140,{M},{R},{G},4,Steel Burst,{M}●●,50×,Discard all {M} Energy from this Pokémon. This attack does 50 damage for each card you discarded in this way.,n/a
119,Dreepy,TWM,128,Basic Pokémon,n/a,n/a,n/a,70,{N},n/a,n/a,1,Petty Grudge,{P},10,n/a,n/a
119,Dreepy,TWM,128,Basic Pokémon,n/a,n/a,n/a,70,{N},n/a,n/a,1,Bite,{R}{P},40,n/a,n/a
120,Drakloak,TWM,129,Stage 1 Pokémon,n/a,n/a,Dreepy,90,{N},n/a,n/a,1,[Ability] Recon Directive,n/a,n/a,"Once during your turn, you may look at the top 2 cards of your deck and put 1 of them into your hand. Put the other card on the bottom of your deck.",n/a
120,Drakloak,TWM,129,Stage 1 Pokémon,n/a,n/a,Dreepy,90,{N},n/a,n/a,1,Dragon Headbutt,{R}{P},70,n/a,n/a
121,Dragapult ex,TWM,130,Stage 2 Pokémon,Pokémon ex,Tera(Dragon),Drakloak,320,{N},n/a,n/a,1,[Tera],n/a,n/a,"As long as this Pokémon is on your Bench, prevent all damage done to this Pokémon by attacks (both yours and your opponent’s).",n/a
121,Dragapult ex,TWM,130,Stage 2 Pokémon,Pokémon ex,Tera(Dragon),Drakloak,320,{N},n/a,n/a,1,Jet Headbutt,●,70,n/a,n/a
121,Dragapult ex,TWM,130,Stage 2 Pokémon,Pokémon ex,Tera(Dragon),Drakloak,320,{N},n/a,n/a,1,Phantom Dive,{R}{P},200,Put 6 damage counters on your opponent’s Benched Pokémon in any way you like.,n/a
122,Tatsugiri,TWM,131,Basic Pokémon,n/a,n/a,n/a,70,{N},n/a,n/a,1,[Ability] Attract Customers,n/a,n/a,"Once during your turn, if this Pokémon is in the Active Spot, you may look at the top 6 cards of your deck, reveal a Supporter card you find there, and put it into your hand. Shuffle the other cards back into your deck.",n/a
122,Tatsugiri,TWM,131,Basic Pokémon,n/a,n/a,n/a,70,{N},n/a,n/a,1,Surf,{R}{W},50,n/a,n/a
123,Farfetch'd,TWM,132,Basic Pokémon,n/a,n/a,n/a,70,{C},{L},{F},1,[Ability] Impromptu Carrier,n/a,n/a,"When you play this Pokémon from your hand onto your Bench during your turn, you may search your deck for a Pokémon Tool card and attach it to this Pokémon. Then, shuffle your deck.",n/a
123,Farfetch'd,TWM,132,Basic Pokémon,n/a,n/a,n/a,70,{C},{L},{F},1,Mach Cut,●,30,Discard a Special Energy from your opponent’s Active Pokémon.,n/a
124,Chansey,TWM,133,Basic Pokémon,n/a,n/a,n/a,120,{C},{F},n/a,2,Lucky Attachment,●,n/a,Attach a Basic Energy card from your hand to 1 of your Pokémon.,n/a
124,Chansey,TWM,133,Basic Pokémon,n/a,n/a,n/a,120,{C},{F},n/a,2,Boundless Power,●●●,80,"During your next turn, this Pokémon can’t use attacks.",n/a
125,Blissey ex,TWM,134,Stage 1 Pokémon,Pokémon ex,n/a,Chansey,300,{C},{F},n/a,4,[Ability] Happy Switch,n/a,n/a,"Once during your turn, you may move a Basic Energy from 1 of your Pokémon to another of your Pokémon.",n/a
125,Blissey ex,TWM,134,Stage 1 Pokémon,Pokémon ex,n/a,Chansey,300,{C},{F},n/a,4,Return,●●●,180,You may draw cards until you have 6 cards in your hand.,n/a
126,Galvantula,SFA,2,Stage 1 Pokémon,n/a,n/a,Joltik,100,{G},{R},n/a,1,[Ability] Compound Eyes,n/a,n/a,Attacks used by this Pokémon do 50 more damage to your opponent’s Active Pokémon that has an Ability (before applying Weakness and Resistance).,n/a
126,Galvantula,SFA,2,Stage 1 Pokémon,n/a,n/a,Joltik,100,{G},{R},n/a,1,Shocking Web,{G}●,50,"If this Pokémon has any {L} Energy attached, this attack does 80 more damage.",n/a
127,Rowlet,SFA,3,Basic Pokémon,n/a,n/a,n/a,70,{G},{R},n/a,1,Add On,●,n/a,Draw a card.,n/a
127,Rowlet,SFA,3,Basic Pokémon,n/a,n/a,n/a,70,{G},{R},n/a,1,Leafage,{G},10,n/a,n/a
128,Dartrix,SFA,4,Stage 1 Pokémon,n/a,n/a,Rowlet,90,{G},{R},n/a,1,United Wings,●,20×,This attack does 20 damage for each Pokémon in your discard pile that has the United Wings attack.,n/a
128,Dartrix,SFA,4,Stage 1 Pokémon,n/a,n/a,Rowlet,90,{G},{R},n/a,1,Cutting Wind,{G},30,n/a,n/a
129,Decidueye,SFA,5,Stage 2 Pokémon,n/a,n/a,Dartrix,150,{G},{R},n/a,2,Stock Up on Feathers,●,n/a,Draw cards until you have 7 cards in your hand.,n/a
129,Decidueye,SFA,5,Stage 2 Pokémon,n/a,n/a,Dartrix,150,{G},{R},n/a,2,Power Shot,{G},170,"Discard a Basic {G} Energy card from your hand. If you can’t, this attack does nothing.",n/a
130,Revavroom ex,SFA,15,Stage 1 Pokémon,Pokémon ex,Tera(Lightning),Varoom,280,{L},{F},n/a,1,[Tera],n/a,n/a,"As long as this Pokémon is on your Bench, prevent all damage done to this Pokémon by attacks (both yours and your opponent’s).",n/a
130,Revavroom ex,SFA,15,Stage 1 Pokémon,Pokémon ex,Tera(Lightning),Varoom,280,{L},{F},n/a,1,Accelerator Flash,{M},20,"If this Pokémon moved from your Bench to the Active Spot this turn, this attack does 120 more damage.",n/a
130,Revavroom ex,SFA,15,Stage 1 Pokémon,Pokémon ex,Tera(Lightning),Varoom,280,{L},{F},n/a,1,Shattering Speed,{M}{M}{M},250,Discard this Pokémon and all attached cards.,n/a
131,Duskull,SFA,18,Basic Pokémon,n/a,n/a,n/a,60,{P},{D},{F},1,Come and Get You,{P},n/a,Put up to 3 Duskull from your discard pile onto your Bench.,n/a
131,Duskull,SFA,18,Basic Pokémon,n/a,n/a,n/a,60,{P},{D},{F},1,Mumble,{P}{P},30,n/a,n/a
132,Dusclops,SFA,19,Stage 1 Pokémon,n/a,n/a,Duskull,90,{P},{D},{F},2,[Ability] Cursed Blast,n/a,n/a,"Once during your turn, you may put 5 damage counters on 1 of your opponent’s Pokémon. If you use this Ability, this Pokémon is Knocked Out.",n/a
132,Dusclops,SFA,19,Stage 1 Pokémon,n/a,n/a,Duskull,90,{P},{D},{F},2,Will-O-Wisp,{P}{P},50,n/a,n/a
133,Dusknoir,SFA,20,Stage 2 Pokémon,n/a,n/a,Dusclops,160,{P},{D},{F},3,[Ability] Cursed Blast,n/a,n/a,"Once during your turn, you may put 13 damage counters on 1 of your opponent’s Pokémon. If you use this Ability, this Pokémon is Knocked Out.",n/a
133,Dusknoir,SFA,20,Stage 2 Pokémon,n/a,n/a,Dusclops,160,{P},{D},{F},3,Shadow Bind,{P}{P}●,150,"During your opponent’s next turn, the Defending Pokémon can’t retreat.",n/a
134,Sylveon,SFA,22,Stage 1 Pokémon,n/a,n/a,Eevee,120,{P},{M},n/a,1,Mystical Return,{P},n/a,"Flip a coin. If heads, choose 1 of your opponent’s Benched Pokémon. Shuffle that Pokémon and all attached cards into their deck.",n/a
134,Sylveon,SFA,22,Stage 1 Pokémon,n/a,n/a,Eevee,120,{P},{M},n/a,1,Disarming Voice,{P}●●,90,Your opponent’s Active Pokémon is now Confused.,n/a
135,Bloodmoon Ursaluna,SFA,25,Basic Pokémon,n/a,n/a,n/a,150,{F},{G},n/a,4,[Ability] Battle-Hardened,n/a,n/a,"When you play this Pokémon from your hand onto your Bench during your turn, you may attach up to 2 Basic {F} Energy cards from your hand to this Pokémon.",n/a
135,Bloodmoon Ursaluna,SFA,25,Basic Pokémon,n/a,n/a,n/a,150,{F},{G},n/a,4,Mad Bite,{F}{F}●,100,This attack does 30 more damage for each damage counter on your opponent’s Active Pokémon.,n/a
136,Zorua,SFA,31,Basic Pokémon,n/a,n/a,n/a,70,{D},{G},n/a,1,Stampede,●,10,n/a,n/a
136,Zorua,SFA,31,Basic Pokémon,n/a,n/a,n/a,70,{D},{G},n/a,1,Double Scratch,{D}●,20×,Flip 2 coins. This attack does 20 damage for each heads.,n/a
137,Zoroark,SFA,32,Stage 1 Pokémon,n/a,n/a,Zorua,120,{D},{G},n/a,1,Illusory Hijacking,●●,60×,This attack does 60 damage for each of your opponent’s Pokémon {ex} and Pokémon {V} in play.,n/a
137,Zoroark,SFA,32,Stage 1 Pokémon,n/a,n/a,Zorua,120,{D},{G},n/a,1,Claw Slash,{D}●●,110,n/a,n/a
138,Okidogi ex,SFA,36,Basic Pokémon,Pokémon ex,n/a,n/a,250,{D},{F},n/a,3,Poisonous Musculature,●,n/a,"Search your deck for up to 2 Basic {D} Energy cards and attach them to this Pokémon. Then, shuffle your deck. If you attached Energy to a Pokémon in this way, this Pokémon is now Poisoned.",n/a
138,Okidogi ex,SFA,36,Basic Pokémon,Pokémon ex,n/a,n/a,250,{D},{F},n/a,3,Chain-Crazed,{D}{D}●,130,"If this Pokémon is Poisoned, this attack does 130 more damage.",n/a
139,Munkidori ex,SFA,37,Basic Pokémon,Pokémon ex,n/a,n/a,210,{D},{F},n/a,1,[Ability] Oh No You Don’t,n/a,n/a,"If this Pokémon is Knocked Out by damage from an attack from your opponent’s Pokémon, and if you have any Pecharunt {ex} in play, your opponent takes 1 fewer Prize card.",n/a
139,Munkidori ex,SFA,37,Basic Pokémon,Pokémon ex,n/a,n/a,210,{D},{F},n/a,1,Dirty Headbutt,{D}{D}●,190,"During your next turn, this Pokémon can’t use Dirty Headbutt.",n/a
140,Fezandipiti ex,SFA,38,Basic Pokémon,Pokémon ex,n/a,n/a,210,{D},{F},n/a,1,[Ability] Flip the Script,n/a,n/a,"Once during your turn, if any of your Pokémon were Knocked Out during your opponent’s last turn, you may draw 3 cards. You can’t use more than 1 Flip the Script Ability each turn.",n/a
140,Fezandipiti ex,SFA,38,Basic Pokémon,Pokémon ex,n/a,n/a,210,{D},{F},n/a,1,Cruel Arrow,●●●,n/a,This attack does 100 damage to 1 of your opponent’s Pokémon. (Don’t apply Weakness and Resistance for Benched Pokémon.),n/a
141,Pecharunt ex,SFA,39,Basic Pokémon,Pokémon ex,n/a,n/a,190,{D},{F},n/a,1,[Ability] Subjugating Chains,n/a,n/a,"Once during your turn, you may switch 1 of your Benched {D} Pokémon, except any Pecharunt {ex}, with your Active Pokémon. If you do, the new Active Pokémon is now Poisoned. You can’t use more than 1 Subjugating Chains Ability each turn.",n/a
141,Pecharunt ex,SFA,39,Basic Pokémon,Pokémon ex,n/a,n/a,190,{D},{F},n/a,1,Irritated Outburst,{D}{D},60×,This attack does 60 damage for each Prize card your opponent has taken.,n/a
142,Genesect,SFA,40,Basic Pokémon,n/a,n/a,n/a,110,{M},{R},{G},1,[Ability] ACE Nullifier,n/a,n/a,"If this Pokémon has a Pokémon Tool attached, your opponent can’t play any {ACE SPEC} cards from their hand.",n/a
142,Genesect,SFA,40,Basic Pokémon,n/a,n/a,n/a,110,{M},{R},{G},1,Magnetic Blast,{M}●●,100,n/a,n/a
143,Varoom,SFA,43,Basic Pokémon,n/a,n/a,n/a,70,{M},{R},{G},1,Rigidify,{M},n/a,"During your opponent’s next turn, this Pokémon takes 30 less damage from attacks (after applying Weakness and Resistance).",n/a
143,Varoom,SFA,43,Basic Pokémon,n/a,n/a,n/a,70,{M},{R},{G},1,Headbutt Bounce,{M}{M},20,n/a,n/a
144,Kyurem,SFA,47,Basic Pokémon,n/a,n/a,n/a,130,{N},n/a,n/a,2,[Ability] Plasma Bane,n/a,n/a,"If your opponent has any cards in their discard pile that have ""Colress"" in the name, this Pokémon can use the Trifrost attack for {C}.",n/a
144,Kyurem,SFA,47,Basic Pokémon,n/a,n/a,n/a,130,{N},n/a,n/a,2,Trifrost,{W}{W}{M}{M}●,n/a,Discard all Energy from this Pokémon. This attack does 110 damage to 3 of your opponent’s Pokémon. (Don’t apply Weakness and Resistance for Benched Pokémon.),n/a
145,Eevee,SFA,50,Basic Pokémon,n/a,n/a,n/a,70,{C},{F},n/a,1,Colorful Catch,●,n/a,"Search your deck for up to 3 Basic Energy cards of different types, reveal them, and put them into your hand. Then, shuffle your deck.",n/a
145,Eevee,SFA,50,Basic Pokémon,n/a,n/a,n/a,70,{C},{F},n/a,1,Headbutt,●●,20,n/a,n/a
146,Lileep,SCR,5,Stage 1 Pokémon,n/a,n/a,Antique Root Fossil,100,{G},{R},n/a,2,Bind Down,{G},50,"During your opponent’s next turn, the Defending Pokémon can’t retreat.",n/a
147,Cradily,SCR,6,Stage 2 Pokémon,n/a,n/a,Lileep,150,{G},{R},n/a,3,[Ability] Selective Slime,n/a,n/a,"Once during your turn, you may flip a coin. If heads, choose Burned, Confused, or Poisoned. Your opponent’s Active Pokémon is now affected by that Special Condition.",n/a
147,Cradily,SCR,6,Stage 2 Pokémon,n/a,n/a,Lileep,150,{G},{R},n/a,3,Miasma Wind,{G},100×,This attack does 100 damage for each Special Condition affecting your opponent’s Active Pokémon.,n/a
148,Mow Rotom,SCR,8,Basic Pokémon,n/a,n/a,n/a,90,{G},{R},n/a,1,Reaping Dash,●,30,"Before doing damage, discard all Pokémon Tools and Special Energy from your opponent’s Active Pokémon.",n/a
149,Applin,SCR,12,Basic Pokémon,n/a,n/a,n/a,40,{G},{R},n/a,1,Spray Fluid,{G},20,n/a,n/a
150,Hydrapple ex,SCR,14,Stage 2 Pokémon,Pokémon ex,n/a,Dipplin,330,{G},{R},n/a,3,[Ability] Ripening Charge,n/a,n/a,"Once during your turn, you may attach a Basic {G} Energy card from your hand to 1 of your Pokémon. If you attached Energy to a Pokémon in this way, heal 30 damage from that Pokémon.",n/a
150,Hydrapple ex,SCR,14,Stage 2 Pokémon,Pokémon ex,n/a,Dipplin,330,{G},{R},n/a,3,Syrup Storm,●●,30,This attack does 30 more damage for each {G} Energy attached to all of your Pokémon.,n/a
151,Scorbunny,SCR,26,Basic Pokémon,n/a,n/a,n/a,70,{R},{W},n/a,1,Quick Attack,●,10,"Flip a coin. If heads, this attack does 10 more damage.",n/a
152,Raboot,SCR,27,Stage 1 Pokémon,n/a,n/a,Scorbunny,90,{R},{W},n/a,1,Low Sweep,{R},30,n/a,n/a
152,Raboot,SCR,27,Stage 1 Pokémon,n/a,n/a,Scorbunny,90,{R},{W},n/a,1,Combustion,{R}●●,60,n/a,n/a
153,Cinderace ex,SCR,28,Stage 2 Pokémon,Pokémon ex,Tera(Stellar),Raboot,320,{R},{W},n/a,n/a,[Tera],n/a,n/a,"As long as this Pokémon is on your Bench, prevent all damage done to this Pokémon by attacks (both yours and your opponent’s).",n/a
153,Cinderace ex,SCR,28,Stage 2 Pokémon,Pokémon ex,Tera(Stellar),Raboot,320,{R},{W},n/a,n/a,Flare Strike,{R}●●,280,"During your next turn, this Pokémon can’t use Flare Strike.",n/a
153,Cinderace ex,SCR,28,Stage 2 Pokémon,Pokémon ex,Tera(Stellar),Raboot,320,{R},{W},n/a,n/a,Garnet Volley,{R}{F}{D},n/a,This attack does 180 damage to 1 of your opponent’s Pokémon. (Don’t apply Weakness and Resistance for Benched Pokémon.),n/a
154,Lapras ex,SCR,32,Basic Pokémon,Pokémon ex,Tera(Stellar),n/a,220,{W},{M},n/a,2,[Tera],n/a,n/a,"As long as this Pokémon is on your Bench, prevent all damage done to this Pokémon by attacks (both yours and your opponent’s).",n/a
154,Lapras ex,SCR,32,Basic Pokémon,Pokémon ex,Tera(Stellar),n/a,220,{W},{M},n/a,2,Power Splash,{W},40×,This attack does 40 damage for each Energy attached to this Pokémon.,n/a
154,Lapras ex,SCR,32,Basic Pokémon,Pokémon ex,Tera(Stellar),n/a,220,{W},{M},n/a,2,Larimar Rain,{W}{P}{M},n/a,Look at the top 20 cards of your deck and attach any number of Energy cards you find there to your Pokémon in any way you like. Shuffle the other cards back into your deck.,n/a
155,Carracosta,SCR,38,Stage 2 Pokémon,n/a,n/a,Tirtouga,160,{W},{L},n/a,3,[Ability] Primal Knowledge,n/a,n/a,Attacks used by your Pokémon do 30 more damage to your opponent’s Active Evolution Pokémon (before applying Weakness and Resistance).,n/a
155,Carracosta,SCR,38,Stage 2 Pokémon,n/a,n/a,Tirtouga,160,{W},{L},n/a,3,Tidal Wave,{W}{W},150,n/a,n/a
156,Crabominable,SCR,42,Stage 1 Pokémon,n/a,n/a,Crabrawler,160,{W},{M},n/a,3,[Ability] Food Prep,n/a,n/a,Attacks used by this Pokémon cost {C} less for each Kofu card in your discard pile.,n/a
156,Crabominable,SCR,42,Stage 1 Pokémon,n/a,n/a,Crabrawler,160,{W},{M},n/a,3,Haymaker,{W}●●●●,250,"During your next turn, this Pokémon can’t use Haymaker.",n/a
157,Chewtle,SCR,43,Basic Pokémon,n/a,n/a,n/a,80,{W},{L},n/a,2,Headbutt,●●●,60,n/a,n/a
158,Drednaw,SCR,44,Stage 1 Pokémon,n/a,n/a,Chewtle,140,{W},{L},n/a,3,[Ability] Impervious Shell,n/a,n/a,Prevent all damage done to this Pokémon by attacks from your opponent’s Pokémon if that damage is 200 or more.,n/a
158,Drednaw,SCR,44,Stage 1 Pokémon,n/a,n/a,Chewtle,140,{W},{L},n/a,3,Hard Crunch,●●●,80,"If your opponent’s Active Pokémon already has any damage counters on it, this attack does 80 more damage.",n/a
159,Veluza,SCR,45,Basic Pokémon,n/a,n/a,n/a,130,{W},{L},n/a,2,[Ability] Food Prep,n/a,n/a,Attacks used by this Pokémon cost {C} less for each Kofu card in your discard pile.,n/a
159,Veluza,SCR,45,Basic Pokémon,n/a,n/a,n/a,130,{W},{L},n/a,2,Sonic Edge,●●●●,110,This attack’s damage isn’t affected by any effects on your opponent’s Active Pokémon.,n/a
160,Joltik,SCR,50,Basic Pokémon,n/a,n/a,n/a,30,{L},{F},n/a,1,Jolting Charge,●,n/a,"Search your deck for up to 2 Basic {G} Energy cards and up to 2 Basic {L} Energy cards and attach them to your Pokémon in any way you like. Then, shuffle your deck.",n/a
161,Galvantula ex,SCR,51,Stage 1 Pokémon,Pokémon ex,Tera(Stellar),Joltik,260,{L},{F},n/a,1,[Tera],n/a,n/a,"As long as this Pokémon is on your Bench, prevent all damage done to this Pokémon by attacks (both yours and your opponent’s).",n/a
161,Galvantula ex,SCR,51,Stage 1 Pokémon,Pokémon ex,Tera(Stellar),Joltik,260,{L},{F},n/a,1,Charged Web,{L}●,110,"If your opponent’s Active Pokémon is a Pokémon {ex} or Pokémon {V}, this attack does 110 more damage.",n/a
161,Galvantula ex,SCR,51,Stage 1 Pokémon,Pokémon ex,Tera(Stellar),Joltik,260,{L},{F},n/a,1,Fulgurite,{G}{L}{F},180,"Discard all Energy from this Pokémon. During your opponent’s next turn, they can’t play any Item cards from their hand.",n/a
162,Slowpoke,SCR,57,Basic Pokémon,n/a,n/a,n/a,80,{P},{D},{F},2,Dangle Tail,●,n/a,Put a Pokémon from your discard pile into your hand.,n/a
162,Slowpoke,SCR,57,Basic Pokémon,n/a,n/a,n/a,80,{P},{D},{F},2,Tackle,{P}●,30,n/a,n/a
163,Slowking,SCR,58,Stage 1 Pokémon,n/a,n/a,Slowpoke,120,{P},{D},{F},3,Seek Inspiration,{P}●,n/a,"Discard the top card of your deck, and if that card is a Pokémon that doesn’t have a Rule Box, choose 1 of its attacks and use it as this attack. (Pokémon {ex}, Pokémon {V}, etc. have Rule Boxes.)",n/a
163,Slowking,SCR,58,Stage 1 Pokémon,n/a,n/a,Slowpoke,120,{P},{D},{F},3,Super Psy Bolt,{P}{P}●,120,n/a,n/a
164,Comfey,SCR,63,Basic Pokémon,n/a,n/a,n/a,70,{P},{M},n/a,1,Flower Shower,{P},n/a,Each player draws 3 cards.,n/a
164,Comfey,SCR,63,Basic Pokémon,n/a,n/a,n/a,70,{P},{M},n/a,1,Play Rough,{P},20,"Flip a coin. If heads, this attack does 20 more damage.",n/a
165,Klink,SCR,99,Basic Pokémon,n/a,n/a,n/a,60,{M},{R},{G},2,Allure,●,n/a,Draw a card.,n/a
165,Klink,SCR,99,Basic Pokémon,n/a,n/a,n/a,60,{M},{R},{G},2,Beam,●●,20,n/a,n/a
166,Klang,SCR,100,Stage 1 Pokémon,n/a,n/a,Klink,90,{M},{R},{G},3,Iron Tackle,●●,60,This Pokémon also does 20 damage to itself.,n/a
167,Klinklang,SCR,101,Stage 2 Pokémon,n/a,n/a,Klang,140,{M},{R},{G},3,[Ability] Emergency Rotation,n/a,n/a,"Once during your turn, if this Pokémon is in your hand and your opponent has any Stage 2 Pokémon in play, you may put this Pokémon onto your Bench.",n/a
167,Klinklang,SCR,101,Stage 2 Pokémon,n/a,n/a,Klang,140,{M},{R},{G},3,Hyper Ray,●●,130,Discard all Energy from this Pokémon.,n/a
168,Meltan,SCR,103,Basic Pokémon,n/a,n/a,n/a,70,{M},{R},{G},1,Knickknack Carrying,{M},n/a,"Search your deck for a Pokémon Tool card, reveal it, and put it into your hand. Then, shuffle your deck.",n/a
168,Meltan,SCR,103,Basic Pokémon,n/a,n/a,n/a,70,{M},{R},{G},1,Ram,{M}●,30,n/a,n/a
169,Duraludon,SCR,106,Basic Pokémon,n/a,n/a,n/a,130,{M},{R},{G},2,Hammer In,{M},30,n/a,n/a
169,Duraludon,SCR,106,Basic Pokémon,n/a,n/a,n/a,130,{M},{R},{G},2,Raging Hammer,{M}{M}●,80,This attack does 10 more damage for each damage counter on this Pokémon.,n/a
170,Archaludon,SCR,107,Stage 1 Pokémon,n/a,n/a,Duraludon,180,{M},{R},{G},2,[Ability] Metal Bridge,n/a,n/a,All of your Pokémon that have {M} Energy attached have no Retreat Cost.,n/a
170,Archaludon,SCR,107,Stage 1 Pokémon,n/a,n/a,Duraludon,180,{M},{R},{G},2,Iron Blaster,{M}{M}●,160,"During your next turn, this Pokémon can’t use attacks.",n/a
171,Raging Bolt,SCR,111,Basic Pokémon,n/a,Ancient,n/a,130,{N},n/a,n/a,3,Thunderburst Storm,{L}{F},n/a,This attack does 30 damage to 1 of your opponent’s Pokémon for each Energy attached to this Pokémon. (Don’t apply Weakness and Resistance for Benched Pokémon.),n/a
171,Raging Bolt,SCR,111,Basic Pokémon,n/a,Ancient,n/a,130,{N},n/a,n/a,3,Dragon Headbutt,{L}{F}●,130,n/a,n/a
172,Hoothoot,SCR,114,Basic Pokémon,n/a,n/a,n/a,70,{C},{L},{F},1,Triple Stab,●,10×,Flip 3 coins. This attack does 10 damage for each heads.,n/a
173,Noctowl,SCR,115,Stage 1 Pokémon,n/a,n/a,Hoothoot,100,{C},{L},{F},1,[Ability] Jewel Seeker,n/a,n/a,"Once during your turn, when you play this Pokémon from your hand to evolve 1 of your Pokémon, if you have any Tera Pokémon in play, you may search your deck for up to 2 Trainer cards, reveal them, and put them into your hand. Then, shuffle your deck.",n/a
173,Noctowl,SCR,115,Stage 1 Pokémon,n/a,n/a,Hoothoot,100,{C},{L},{F},1,Speed Wing,●●,60,n/a,n/a
174,Fan Rotom,SCR,118,Basic Pokémon,n/a,n/a,n/a,70,{C},{L},{F},1,[Ability] Fan Call,n/a,n/a,"Once during your first turn, you may search your deck for up to 3 {C} Pokémon with 100 HP or less, reveal them, and put them into your hand. Then, shuffle your deck. You can’t use more than 1 Fan Call Ability during your turn.",n/a
174,Fan Rotom,SCR,118,Basic Pokémon,n/a,n/a,n/a,70,{C},{L},{F},1,Assault Landing,●,70,"If there is no Stadium in play, this attack does nothing.",n/a
175,Bouffalant,SCR,119,Basic Pokémon,n/a,n/a,n/a,100,{C},{F},n/a,2,[Ability] Curly Wall,n/a,n/a,"As long as you have at least 1 other Bouffalant in play, all of your Basic {C} Pokémon take 60 less damage from attacks from your opponent’s Pokémon (after applying Weakness and Resistance). The effect of Curly Wall doesn’t stack.",n/a
175,Bouffalant,SCR,119,Basic Pokémon,n/a,n/a,n/a,100,{C},{F},n/a,2,Boundless Power,●●●,130,"During your next turn, this Pokémon can’t use attacks.",n/a
176,Terapagos ex,SCR,128,Basic Pokémon,Pokémon ex,Tera(Stellar),n/a,230,{C},{F},n/a,2,[Tera],n/a,n/a,"As long as this Pokémon is on your Bench, prevent all damage done to this Pokémon by attacks (both yours and your opponent’s).",n/a
176,Terapagos ex,SCR,128,Basic Pokémon,Pokémon ex,Tera(Stellar),n/a,230,{C},{F},n/a,2,Unified Beatdown,●●,30×,"If you go second, you can’t use this attack during your first turn. This attack does 30 damage for each of your Benched Pokémon.",n/a
176,Terapagos ex,SCR,128,Basic Pokémon,Pokémon ex,Tera(Stellar),n/a,230,{C},{F},n/a,2,Crown Opal,{G}{W}{L},180,"During your opponent’s next turn, prevent all damage done to this Pokémon by attacks from Basic non-{C} Pokémon.",n/a
177,Exeggcute,SSP,1,Basic Pokémon,n/a,n/a,n/a,30,{G},{R},n/a,1,Precocious Evolution,●,n/a,"If you go first, you can use this attack during your first turn. Search your deck for a card that evolves from this Pokémon and put it onto this Pokémon to evolve it. Then, shuffle your deck.",n/a
178,Zarude,SSP,11,Basic Pokémon,n/a,n/a,n/a,120,{G},{R},n/a,1,Leaf Drain,{G},20,Heal 20 damage from this Pokémon.,n/a
178,Zarude,SSP,11,Basic Pokémon,n/a,n/a,n/a,120,{G},{R},n/a,1,Jungle Whip,{G}{G}●,80,You may put all Energy attached to this Pokémon into your hand to have this attack do 80 more damage.,n/a
179,Black Kyurem ex,SSP,48,Basic Pokémon,Pokémon ex,n/a,n/a,230,{W},{M},n/a,3,Ice Age,●●●,90,"If your opponent’s Active Pokémon is a {N} Pokémon, it is now Paralyzed.",n/a
179,Black Kyurem ex,SSP,48,Basic Pokémon,Pokémon ex,n/a,n/a,230,{W},{M},n/a,3,Black Frost,{W}{W}●●,250,This Pokémon also does 30 damage to itself.,n/a
180,Bruxish,SSP,49,Basic Pokémon,n/a,n/a,n/a,110,{W},{L},n/a,1,[Ability] Counterattack,n/a,n/a,"If this Pokémon is in the Active Spot and is damaged by an attack from your opponent’s Pokémon (even if this Pokémon is Knocked Out), put 3 damage counters on the Attacking Pokémon.",n/a
180,Bruxish,SSP,49,Basic Pokémon,n/a,n/a,n/a,110,{W},{L},n/a,1,Big Bite,{W}●,50,"During your opponent’s next turn, the Defending Pokémon can’t retreat.",n/a
181,Quaxwell,SSP,51,Stage 1 Pokémon,n/a,n/a,Quaxly,100,{W},{L},n/a,1,Aqua Edge,{W},40,n/a,n/a
182,Quaquaval,SSP,52,Stage 2 Pokémon,n/a,n/a,Quaxwell,170,{W},{L},n/a,2,[Ability] Up-Tempo,n/a,n/a,"You must put a card from your hand on the bottom of your deck in order to use this Ability. Once during your turn, you may draw cards until you have 5 cards in your hand.",n/a
182,Quaquaval,SSP,52,Stage 2 Pokémon,n/a,n/a,Quaxwell,170,{W},{L},n/a,2,Hydro Splash,{W}●,120,n/a,n/a
183,Smoochum,SSP,75,Basic Pokémon,n/a,n/a,n/a,30,{P},{D},{F},n/a,Delightful Kiss,No cost,n/a,"Search your deck for up to 2 Basic {P} Energy cards and attach them to 1 of your Benched Pokémon. Then, shuffle your deck.",n/a
184,Latias ex,SSP,76,Basic Pokémon,Pokémon ex,n/a,n/a,210,{P},{D},{F},2,[Ability] Skyliner,n/a,n/a,Your Basic Pokémon in play have no Retreat Cost.,n/a
184,Latias ex,SSP,76,Basic Pokémon,Pokémon ex,n/a,n/a,210,{P},{D},{F},2,Eon Blade,{P}{P}●,200,"During your next turn, this Pokémon can’t use attacks.",n/a
185,Flittle,SSP,94,Basic Pokémon,n/a,n/a,n/a,40,{P},{D},{F},1,Splashing Dodge,●,10,"Flip a coin. If heads, during your opponent’s next turn, prevent all damage from and effects of attacks done to this Pokémon.",n/a
186,Gimmighoul,SSP,97,Basic Pokémon,n/a,n/a,n/a,70,{P},{D},{F},2,Minor Errand-Running,●,n/a,"Search your deck for up to 2 Basic Energy cards, reveal them, and put them into your hand. Then, shuffle your deck.",n/a
186,Gimmighoul,SSP,97,Basic Pokémon,n/a,n/a,n/a,70,{P},{D},{F},2,Tackle,●●●,50,n/a,n/a
187,Trapinch,SSP,104,Basic Pokémon,n/a,n/a,n/a,60,{F},{G},n/a,1,Call for Family,●,n/a,"Search your deck for up to 2 Basic Pokémon and put them onto your Bench. Then, shuffle your deck.",n/a
187,Trapinch,SSP,104,Basic Pokémon,n/a,n/a,n/a,60,{F},{G},n/a,1,Bite,{F}●,20,n/a,n/a
188,Vibrava,SSP,105,Stage 1 Pokémon,n/a,n/a,Trapinch,90,{F},{G},n/a,1,Screech,●,n/a,"During your next turn, the Defending Pokémon takes 50 more damage from attacks (after applying Weakness and Resistance).",n/a
188,Vibrava,SSP,105,Stage 1 Pokémon,n/a,n/a,Trapinch,90,{F},{G},n/a,1,Cutting Wind,{F}●,50,n/a,n/a
189,Flygon ex,SSP,106,Stage 2 Pokémon,Pokémon ex,Tera(Stellar),Vibrava,310,{F},{G},n/a,1,[Tera],n/a,n/a,"As long as this Pokémon is on your Bench, prevent all damage done to this Pokémon by attacks (both yours and your opponent’s).",n/a
189,Flygon ex,SSP,106,Stage 2 Pokémon,Pokémon ex,Tera(Stellar),Vibrava,310,{F},{G},n/a,1,Reversing Storm,{F},130,You may switch this Pokémon with 1 of your Benched Pokémon.,n/a
189,Flygon ex,SSP,106,Stage 2 Pokémon,Pokémon ex,Tera(Stellar),Vibrava,310,{F},{G},n/a,1,Sonic Peridot,{W}{F}{M},n/a,This attack does 100 damage to each of your opponent’s Pokémon {ex} and Pokémon {V}. This attack’s damage isn’t affected by Weakness or Resistance.,n/a
190,Archaludon ex,SSP,130,Stage 1 Pokémon,Pokémon ex,n/a,Duraludon,300,{M},{R},{G},2,[Ability] Assemble Alloy,n/a,n/a,"When you play this Pokémon from your hand to evolve 1 of your Pokémon during your turn, you may attach up to 2 Basic {M} Energy cards from your discard pile to your {M} Pokémon in any way you like.",n/a
190,Archaludon ex,SSP,130,Stage 1 Pokémon,Pokémon ex,n/a,Duraludon,300,{M},{R},{G},2,Metal Defender,{M}{M}{M},220,"During your opponent’s next turn, this Pokémon has no Weakness.",n/a
191,Gholdengo,SSP,131,Stage 1 Pokémon,n/a,n/a,Gimmighoul,130,{M},{R},{G},2,Strike It Rich,{M},30,"If this Pokémon evolved from Gimmighoul during this turn, this attack does 90 more damage.",n/a
191,Gholdengo,SSP,131,Stage 1 Pokémon,n/a,n/a,Gimmighoul,130,{M},{R},{G},2,Surf Back,●●●,100,You may shuffle this Pokémon and all attached cards into your deck.,n/a
192,Iron Crown,SSP,132,Basic Pokémon,n/a,Future,n/a,130,{M},{R},{G},2,Deleting Slash,{M}●,40,"If your opponent has 3 or more Benched Pokémon, this attack does 80 more damage.",n/a
192,Iron Crown,SSP,132,Basic Pokémon,n/a,Future,n/a,130,{M},{R},{G},2,Slicing Blade,{M}●●,100,n/a,n/a
193,Alolan Exeggutor ex,SSP,133,Stage 1 Pokémon,Pokémon ex,Tera(Stellar),Exeggcute,300,{N},n/a,n/a,3,[Tera],n/a,n/a,"As long as this Pokémon is on your Bench, prevent all damage done to this Pokémon by attacks (both yours and your opponent’s).",n/a
193,Alolan Exeggutor ex,SSP,133,Stage 1 Pokémon,Pokémon ex,Tera(Stellar),Exeggcute,300,{N},n/a,n/a,3,Tropical Frenzy,{G}{W},150,You may attach any number of Basic Energy cards from your hand to your Pokémon in any way you like.,n/a
193,Alolan Exeggutor ex,SSP,133,Stage 1 Pokémon,Pokémon ex,Tera(Stellar),Exeggcute,300,{N},n/a,n/a,3,Swinging Sphene,{G}{W}{F},n/a,"Flip a coin. If heads, Knock Out your opponent’s Active Basic Pokémon. If tails, Knock Out 1 of your opponent’s Benched Basic Pokémon.",n/a
194,Altaria,SSP,134,Stage 1 Pokémon,n/a,n/a,Swablu,120,{N},n/a,n/a,1,Humming Charge,{W},n/a,"Search your deck for up to 2 Basic Energy cards and attach them to your Pokémon in any way you like. Then, shuffle your deck.",n/a
194,Altaria,SSP,134,Stage 1 Pokémon,n/a,n/a,Swablu,120,{N},n/a,n/a,1,Cotton Wings,{W}{M},100,"Flip a coin. If heads, during your opponent’s next turn, prevent all damage done to this Pokémon by attacks.",n/a
195,Dialga,SSP,135,Basic Pokémon,n/a,n/a,n/a,130,{N},n/a,n/a,2,Time Manipulation,●,n/a,"Search your deck for 2 cards, shuffle your deck, then put those cards on top of it in any order.",n/a
195,Dialga,SSP,135,Basic Pokémon,n/a,n/a,n/a,130,{N},n/a,n/a,2,Buster Tail,{P}{M}●,160,n/a,n/a
196,Turtonator,SSP,137,Basic Pokémon,n/a,n/a,n/a,120,{N},n/a,n/a,3,Fully Singe,{R},n/a,Discard an Energy from your opponent’s Active Pokémon {ex}.,n/a
196,Turtonator,SSP,137,Basic Pokémon,n/a,n/a,n/a,120,{N},n/a,n/a,3,Steaming Stomp,{F}●●,100,n/a,n/a
197,Swablu,SSP,148,Basic Pokémon,n/a,n/a,n/a,50,{C},{L},{F},1,Disarming Voice,●,10,Your opponent’s Active Pokémon is now Confused.,n/a
198,Durant ex,SSP,4,Basic Pokémon,Pokémon ex,n/a,n/a,190,{G},{R},n/a,2,[Ability] Sudden Shearing,n/a,n/a,"When you play this Pokémon from your hand onto your Bench during your turn, you may discard the top card of your opponent’s deck.",n/a
198,Durant ex,SSP,4,Basic Pokémon,Pokémon ex,n/a,n/a,190,{G},{R},n/a,2,Vengeful Crush,{G}●●,120,This attack does 30 more damage for each Prize card your opponent has taken.,n/a
199,Scatterbug,SSP,5,Basic Pokémon,n/a,n/a,n/a,40,{G},{R},n/a,1,Call for Family,●,n/a,"Search your deck for a Basic Pokémon and put it onto your Bench. Then, shuffle your deck.",n/a
200,Spewpa,SSP,6,Stage 1 Pokémon,n/a,n/a,Scatterbug,80,{G},{R},n/a,3,Wander About,●,n/a,Switch this Pokémon with 1 of your Benched Pokémon.,n/a
200,Spewpa,SSP,6,Stage 1 Pokémon,n/a,n/a,Scatterbug,80,{G},{R},n/a,3,Tackle,{G},30,n/a,n/a
201,Wo-Chien,SSP,15,Basic Pokémon,n/a,n/a,n/a,130,{G},{R},n/a,3,Hazardous Greed,{G}●,20,"If there are 3 or fewer cards in your deck, this attack also does 120 damage to 2 of your opponent’s Benched Pokémon. (Don’t apply Weakness and Resistance for Benched Pokémon.)",n/a
201,Wo-Chien,SSP,15,Basic Pokémon,n/a,n/a,n/a,130,{G},{R},n/a,3,Entangling Whip,{G}{G}●,130,Discard the top 3 cards of your deck.,n/a
202,Victini,SSP,21,Basic Pokémon,n/a,n/a,n/a,70,{R},{W},n/a,1,[Ability] Victory Cheer,n/a,n/a,Attacks used by your Evolution {R} Pokémon do 10 more damage to your opponent’s Active Pokémon (before applying Weakness and Resistance).,n/a
202,Victini,SSP,21,Basic Pokémon,n/a,n/a,n/a,70,{R},{W},n/a,1,Flare,{R}●,30,n/a,n/a
203,Skeledirge,SSP,31,Stage 2 Pokémon,n/a,n/a,Crocalor,180,{R},{W},n/a,3,[Ability] Unaware,n/a,n/a,Prevent all effects of attacks used by your opponent’s Pokémon done to this Pokémon. (Damage is not an effect.),n/a
203,Skeledirge,SSP,31,Stage 2 Pokémon,n/a,n/a,Crocalor,180,{R},{W},n/a,3,Torcherto,{R}●,60,This attack does 20 more damage for each Benched Pokémon (both yours and your opponent’s).,n/a
204,Charcadet,SSP,33,Basic Pokémon,n/a,n/a,n/a,80,{R},{W},n/a,2,Light Punch,{R},10,n/a,n/a
204,Charcadet,SSP,33,Basic Pokémon,n/a,n/a,n/a,80,{R},{W},n/a,2,Flamethrower,{R}{R}●,70,Discard an Energy from this Pokémon.,n/a
205,Scovillain ex,SSP,37,Stage 1 Pokémon,Pokémon ex,n/a,Capsakid,260,{R},{W},n/a,2,[Ability] Double Type,n/a,n/a,"As long as this Pokémon is in play, it is {G} and {R} type.",n/a
205,Scovillain ex,SSP,37,Stage 1 Pokémon,Pokémon ex,n/a,Capsakid,260,{R},{W},n/a,2,Spicy Rage,{R}{R},10,This attack does 70 more damage for each damage counter on this Pokémon.,n/a
206,Feebas,SSP,41,Basic Pokémon,n/a,n/a,n/a,30,{W},{L},n/a,1,Leap Out,●,n/a,Switch this Pokémon with 1 of your Benched Pokémon.,n/a
207,Milotic ex,SSP,42,Stage 1 Pokémon,Pokémon ex,n/a,Feebas,270,{W},{L},n/a,2,[Ability] Sparkling Scales,n/a,n/a,Prevent all damage from and effects of attacks from your opponent’s Tera Pokémon done to this Pokémon.,n/a
207,Milotic ex,SSP,42,Stage 1 Pokémon,Pokémon ex,n/a,Feebas,270,{W},{L},n/a,2,Hypno Splash,{W}●●,160,Your opponent’s Active Pokémon is now Asleep.,n/a
208,Shellos,SSP,46,Basic Pokémon,n/a,n/a,n/a,70,{W},{L},n/a,2,Sprinkle Water,●●,30,n/a,n/a
209,Chien-Pao,SSP,56,Basic Pokémon,n/a,n/a,n/a,120,{W},{M},n/a,1,[Ability] Snow Sink,n/a,n/a,"When you play this Pokémon from your hand onto your Bench during your turn, you may discard a Stadium in play.",n/a
209,Chien-Pao,SSP,56,Basic Pokémon,n/a,n/a,n/a,120,{W},{M},n/a,1,Icicle Loop,{W}{W}●,120,Put an Energy attached to this Pokémon into your hand.,n/a
210,Pikachu ex,SSP,57,Basic Pokémon,Pokémon ex,Tera(Stellar),n/a,200,{L},{F},n/a,1,[Tera],n/a,n/a,"As long as this Pokémon is on your Bench, prevent all damage done to this Pokémon by attacks (both yours and your opponent’s).",n/a
210,Pikachu ex,SSP,57,Basic Pokémon,Pokémon ex,Tera(Stellar),n/a,200,{L},{F},n/a,1,[Ability] Resolute Heart,n/a,n/a,"If this Pokémon has full HP and would be Knocked Out by damage from an attack, it is not Knocked Out, and its remaining HP becomes 10.",n/a
210,Pikachu ex,SSP,57,Basic Pokémon,Pokémon ex,Tera(Stellar),n/a,200,{L},{F},n/a,1,Topaz Bolt,{G}{L}{M},300,Discard 3 Energy from this Pokémon.,n/a
211,Magneton,SSP,59,Stage 1 Pokémon,n/a,n/a,Magnemite,100,{L},{F},n/a,1,[Ability] Overvolt Discharge,n/a,n/a,"Once during your turn, you may attach up to 3 Basic Energy cards from your discard pile to your {L} Pokémon in any way you like. If you use this Ability, this Pokémon is Knocked Out.",n/a
211,Magneton,SSP,59,Stage 1 Pokémon,n/a,n/a,Magnemite,100,{L},{F},n/a,1,Electric Ball,{L}●,40,n/a,n/a
212,Rotom,SSP,61,Basic Pokémon,n/a,n/a,n/a,80,{L},{F},n/a,1,Crushing Pulse,{L},n/a,Your opponent reveals their hand. Discard all Item cards and Pokémon Tool cards you find there.,n/a
212,Rotom,SSP,61,Basic Pokémon,n/a,n/a,n/a,80,{L},{F},n/a,1,Energy Short,{L},20×,This attack does 20 damage for each Energy attached to your opponent’s Active Pokémon.,n/a
213,Tapu Koko,SSP,65,Basic Pokémon,n/a,n/a,n/a,120,{L},{F},n/a,1,Summon Lightning,●,n/a,"Search your deck for up to 2 {L} Pokémon, reveal them, and put them into your hand. Then, shuffle your deck.",n/a
213,Tapu Koko,SSP,65,Basic Pokémon,n/a,n/a,n/a,120,{L},{F},n/a,1,Prize Count,{L}{L}●,90,"If you have more Prize cards remaining than your opponent, this attack does 90 more damage.",n/a
214,Togekiss,SSP,72,Stage 2 Pokémon,n/a,n/a,Togetic,140,{P},{M},n/a,1,[Ability] Wonder Kiss,n/a,n/a,"When your opponent’s Active Pokémon is Knocked Out, flip a coin. If heads, take 1 more Prize card. The effect of Wonder Kiss doesn’t stack.",n/a
214,Togekiss,SSP,72,Stage 2 Pokémon,n/a,n/a,Togetic,140,{P},{M},n/a,1,Speed Wing,●●●,140,n/a,n/a
215,Uxie,SSP,78,Basic Pokémon,n/a,n/a,n/a,70,{P},{D},{F},1,Painful Memories,{P},n/a,Put 2 damage counters on each of your opponent’s Pokémon.,n/a
216,Mesprit,SSP,79,Basic Pokémon,n/a,n/a,n/a,70,{P},{D},{F},1,Full Heart,●,n/a,Attach up to 2 Basic {P} Energy cards from your hand to your Pokémon in any way you like.,n/a
216,Mesprit,SSP,79,Basic Pokémon,n/a,n/a,n/a,70,{P},{D},{F},1,Guardian Burst,{P}{P},160,"If you don’t have Uxie and Azelf on your Bench, this attack does nothing.",n/a
217,Azelf,SSP,80,Basic Pokémon,n/a,n/a,n/a,70,{P},{D},{F},1,Neurokinesis,{P}●,10,This attack does 10 more damage for each damage counter on all of your opponent’s Pokémon.,n/a
218,Yamask,SSP,82,Basic Pokémon,n/a,n/a,n/a,70,{P},{D},{F},2,Mumble,{P},10,n/a,n/a
218,Yamask,SSP,82,Basic Pokémon,n/a,n/a,n/a,70,{P},{D},{F},2,Petty Grudge,{P}●,20,n/a,n/a
219,Cofagrigus,SSP,83,Stage 1 Pokémon,n/a,n/a,Yamask,120,{P},{D},{F},2,Law of the Underworld,{P},n/a,Put 6 damage counters on each Pokémon that has an Ability (both yours and your opponent’s).,n/a
219,Cofagrigus,SSP,83,Stage 1 Pokémon,n/a,n/a,Yamask,120,{P},{D},{F},2,Spooky Shot,{P}●●,100,n/a,n/a
220,Espurr,SSP,84,Basic Pokémon,n/a,n/a,n/a,60,{P},{D},{F},1,See Through,●,n/a,Your opponent reveals their hand.,n/a
220,Espurr,SSP,84,Basic Pokémon,n/a,n/a,n/a,60,{P},{D},{F},1,Psyshot,{P}●,20,n/a,n/a
221,Meowstic,SSP,85,Stage 1 Pokémon,n/a,n/a,Espurr,90,{P},{D},{F},1,[Ability] Beckoning Tail,n/a,n/a,"You must discard a Chill Teaser Toy card from your hand in order to use this Ability. Once during your turn, you may switch in 1 of your opponent’s Benched Pokémon to the Active Spot.",n/a
221,Meowstic,SSP,85,Stage 1 Pokémon,n/a,n/a,Espurr,90,{P},{D},{F},1,Psyshot,{P}●●,80,n/a,n/a
222,Dedenne,SSP,87,Basic Pokémon,n/a,n/a,n/a,70,{P},{M},n/a,1,Electromagnetic Sonar,●,n/a,Put a Trainer card from your discard pile into your hand.,n/a
222,Dedenne,SSP,87,Basic Pokémon,n/a,n/a,n/a,70,{P},{M},n/a,1,Gnaw,{P},30,n/a,n/a
223,Palossand ex,SSP,91,Stage 1 Pokémon,Pokémon ex,Tera(Stellar),Sandygast,280,{P},{D},{F},4,[Tera],n/a,n/a,"As long as this Pokémon is on your Bench, prevent all damage done to this Pokémon by attacks (both yours and your opponent’s).",n/a
223,Palossand ex,SSP,91,Stage 1 Pokémon,Pokémon ex,Tera(Stellar),Sandygast,280,{P},{D},{F},4,Sand Tomb,●●●,160,"During your opponent’s next turn, the Defending Pokémon can’t retreat.",n/a
223,Palossand ex,SSP,91,Stage 1 Pokémon,Pokémon ex,Tera(Stellar),Sandygast,280,{P},{D},{F},4,Barite Jail,{W}{P}{F},n/a,Put damage counters on each of your opponent’s Benched Pokémon until its remaining HP is 100.,n/a
224,Annihilape,SSP,100,Stage 2 Pokémon,n/a,n/a,Primeape,140,{F},{P},n/a,2,Tantrum,{F},130,This Pokémon is now Confused.,n/a
224,Annihilape,SSP,100,Stage 2 Pokémon,n/a,n/a,Primeape,140,{F},{P},n/a,2,Destined Fight,{F}●,n/a,Both Active Pokémon are Knocked Out.,n/a
225,Gastrodon,SSP,107,Stage 1 Pokémon,n/a,n/a,Shellos,130,{F},{G},n/a,3,[Ability] Sticky Bind,n/a,n/a,"As long as this Pokémon is on your Bench, Benched Stage 2 Pokémon (both yours and your opponent’s) have no Abilities.",n/a
225,Gastrodon,SSP,107,Stage 1 Pokémon,n/a,n/a,Shellos,130,{F},{G},n/a,3,Mud Shot,{F}●●,80,n/a,n/a
226,Koraidon,SSP,116,Basic Pokémon,n/a,Ancient,n/a,130,{F},{P},n/a,2,Unrelenting Onslaught,●●,30,"If 1 of your other Ancient Pokémon used an attack during your last turn, this attack does 150 more damage.",n/a
226,Koraidon,SSP,116,Basic Pokémon,n/a,Ancient,n/a,130,{F},{P},n/a,2,Hammer In,{F}{F}●,110,n/a,n/a
227,Deino,SSP,117,Basic Pokémon,n/a,n/a,n/a,70,{D},{G},n/a,1,Stomp Off,{D},n/a,Discard the top card of your opponent’s deck.,n/a
227,Deino,SSP,117,Basic Pokémon,n/a,n/a,n/a,70,{D},{G},n/a,1,Bite,{D}●,20,n/a,n/a
228,Zweilous,SSP,118,Stage 1 Pokémon,n/a,n/a,Deino,100,{D},{G},n/a,2,Stomp Off,{D},n/a,Discard the top 2 cards of your opponent’s deck.,n/a
228,Zweilous,SSP,118,Stage 1 Pokémon,n/a,n/a,Deino,100,{D},{G},n/a,2,Darkness Fang,{D}●●,60,n/a,n/a
229,Hydreigon ex,SSP,119,Stage 2 Pokémon,Pokémon ex,Tera(Stellar),Zweilous,330,{D},{G},n/a,3,[Tera],n/a,n/a,"As long as this Pokémon is on your Bench, prevent all damage done to this Pokémon by attacks (both yours and your opponent’s).",n/a
229,Hydreigon ex,SSP,119,Stage 2 Pokémon,Pokémon ex,Tera(Stellar),Zweilous,330,{D},{G},n/a,3,Crashing Headbutt,{D}●,200,Discard the top 3 cards of your opponent’s deck.,n/a
229,Hydreigon ex,SSP,119,Stage 2 Pokémon,Pokémon ex,Tera(Stellar),Zweilous,330,{D},{G},n/a,3,Obsidian,{P}{D}{M}●,130,This attack also does 130 damage to 2 of your opponent’s Benched Pokémon. (Don’t apply Weakness and Resistance for Benched Pokémon.),n/a
230,Pecharunt,SVP,149,Basic Pokémon,n/a,n/a,n/a,80,{D},{F},n/a,1,[Ability] Toxic Subjugation,n/a,n/a,"As long as this Pokémon is in the Active Spot, put 5 more damage counters on your opponent’s Poisoned Pokémon during Pokémon Checkup.",n/a
230,Pecharunt,SVP,149,Basic Pokémon,n/a,n/a,n/a,80,{D},{F},n/a,1,Poison Chain,{D}●,10,"Your opponent’s Active Pokémon is now Poisoned. During your opponent’s next turn, that Pokémon can’t retreat.",n/a
231,Tatsugiri ex,SSP,142,Basic Pokémon,Pokémon ex,Tera(Stellar),n/a,160,{N},n/a,n/a,1,[Tera],n/a,n/a,"As long as this Pokémon is on your Bench, prevent all damage done to this Pokémon by attacks (both yours and your opponent’s).",n/a
231,Tatsugiri ex,SSP,142,Basic Pokémon,Pokémon ex,Tera(Stellar),n/a,160,{N},n/a,n/a,1,Surprise Pump,{R}{W},100,This attack’s damage isn’t affected by any effects on your opponent’s Active Pokémon.,n/a
231,Tatsugiri ex,SSP,142,Basic Pokémon,Pokémon ex,Tera(Stellar),n/a,160,{N},n/a,n/a,1,Cinnabar Lure,{R}{W}{D},n/a,Look at the top 10 cards of your deck. You may put any number of Pokémon you find there onto your Bench. Shuffle the other cards back into your deck.,n/a
232,Slaking ex,SSP,147,Stage 2 Pokémon,Pokémon ex,n/a,Vigoroth,340,{C},{F},n/a,4,[Ability] Born to Slack,n/a,n/a,"If your opponent has no Pokémon {ex} or Pokémon {V} in play, this Pokémon can’t attack.",n/a
232,Slaking ex,SSP,147,Stage 2 Pokémon,Pokémon ex,n/a,Vigoroth,340,{C},{F},n/a,4,Great Swing,●●,280,Discard an Energy from this Pokémon.,n/a
233,Bouffalant,SSP,151,Basic Pokémon,n/a,n/a,n/a,130,{C},{F},n/a,2,Ready to Ram,●●,40,"During your opponent’s next turn, if this Pokémon is damaged by an attack (even if this Pokémon is Knocked Out), put 6 damage counters on the Attacking Pokémon.",n/a
233,Bouffalant,SSP,151,Basic Pokémon,n/a,n/a,n/a,130,{C},{F},n/a,2,Smashing Headbutt,●●●●,150,Discard 2 Energy from this Pokémon.,n/a
234,Terapagos,SSP,161,Basic Pokémon,n/a,n/a,n/a,120,{C},{F},n/a,2,Prism Charge,●,n/a,"Search your deck for up to 3 Basic Energy cards of different types and attach them to your Tera Pokémon in any way you like. Then, shuffle your deck.",n/a
234,Terapagos,SSP,161,Basic Pokémon,n/a,n/a,n/a,120,{C},{F},n/a,2,Hard Tackle,●●●,100,n/a,n/a
235,Budew,PRE,4,Basic Pokémon,n/a,n/a,n/a,30,{G},{R},n/a,n/a,Itchy Pollen,No cost,10,"During your opponent’s next turn, they can’t play any Item cards from their hand.",n/a
236,Leafeon ex,PRE,6,Stage 1 Pokémon,Pokémon ex,Tera(Stellar),Eevee,270,{G},{R},n/a,2,[Tera],n/a,n/a,"As long as this Pokémon is on your Bench, prevent all damage done to this Pokémon by attacks (both yours and your opponent’s).",n/a
236,Leafeon ex,PRE,6,Stage 1 Pokémon,Pokémon ex,Tera(Stellar),Eevee,270,{G},{R},n/a,2,Verdant Storm,{G}●,60×,This attack does 60 damage for each Energy attached to all of your opponent’s Pokémon.,n/a
236,Leafeon ex,PRE,6,Stage 1 Pokémon,Pokémon ex,Tera(Stellar),Eevee,270,{G},{R},n/a,2,Moss Agate,{G}{R}{W},230,Heal 100 damage from each of your Benched Pokémon.,n/a
237,Cottonee,PRE,7,Basic Pokémon,n/a,n/a,n/a,60,{G},{R},n/a,1,Triple Spin,{G},10×,Flip 3 coins. This attack does 10 damage for each heads.,n/a
238,Whimsicott,PRE,8,Stage 1 Pokémon,n/a,n/a,Cottonee,100,{G},{R},n/a,1,[Ability] Wafting Heal,n/a,n/a,"When you play this Pokémon from your hand to evolve 1 of your Pokémon during your turn, you may heal all damage from your Active {G} Pokémon. If you healed any damage in this way, discard all Energy from that Pokémon.",n/a
238,Whimsicott,PRE,8,Stage 1 Pokémon,n/a,n/a,Cottonee,100,{G},{R},n/a,1,Seed Bomb,{G},40,n/a,n/a
239,Flareon ex,PRE,14,Stage 1 Pokémon,Pokémon ex,Tera(Stellar),Eevee,270,{R},{W},n/a,2,[Tera],n/a,n/a,"As long as this Pokémon is on your Bench, prevent all damage done to this Pokémon by attacks (both yours and your opponent’s).",n/a
239,Flareon ex,PRE,14,Stage 1 Pokémon,Pokémon ex,Tera(Stellar),Eevee,270,{R},{W},n/a,2,Burning Charge,{R}●,130,"Search your deck for up to 2 Basic Energy cards and attach them to 1 of your Pokémon. Then, shuffle your deck.",n/a
239,Flareon ex,PRE,14,Stage 1 Pokémon,Pokémon ex,Tera(Stellar),Eevee,270,{R},{W},n/a,2,Carnelian,{R}{W}{L},280,"During your next turn, this Pokémon can’t use attacks.",n/a
240,Seaking,PRE,21,Stage 1 Pokémon,n/a,n/a,Goldeen,110,{W},{L},n/a,1,[Ability] Festival Lead,n/a,n/a,"If Festival Grounds is in play, this Pokémon may use an attack it has twice. If the first attack Knocks Out your opponent’s Active Pokémon, you may attack again after your opponent chooses a new Active Pokémon.",n/a
240,Seaking,PRE,21,Stage 1 Pokémon,n/a,n/a,Goldeen,110,{W},{L},n/a,1,Rapid Draw,●,60,Draw 2 cards.,n/a
241,Vaporeon ex,PRE,23,Stage 1 Pokémon,Pokémon ex,Tera(Stellar),Eevee,280,{W},{L},n/a,2,[Tera],n/a,n/a,"As long as this Pokémon is on your Bench, prevent all damage done to this Pokémon by attacks (both yours and your opponent’s).",n/a
241,Vaporeon ex,PRE,23,Stage 1 Pokémon,Pokémon ex,Tera(Stellar),Eevee,280,{W},{L},n/a,2,Severe Squall,{W}●,n/a,This attack does 60 damage to each of your opponent’s Pokémon {ex}. This attack’s damage isn’t affected by Weakness or Resistance.,n/a
241,Vaporeon ex,PRE,23,Stage 1 Pokémon,Pokémon ex,Tera(Stellar),Eevee,280,{W},{L},n/a,2,Aquamarine,{R}{W}{L},280,"During your next turn, this Pokémon can’t use attacks.",n/a
242,Feebas,TWM,49,Basic Pokémon,n/a,n/a,n/a,30,{W},{L},n/a,1,Flail,{W},10×,This attack does 10 damage for each damage counter on this Pokémon.,n/a
243,Glaceon ex,PRE,26,Stage 1 Pokémon,Pokémon ex,Tera(Stellar),Eevee,270,{W},{M},n/a,1,[Tera],n/a,n/a,"As long as this Pokémon is on your Bench, prevent all damage done to this Pokémon by attacks (both yours and your opponent’s).",n/a
243,Glaceon ex,PRE,26,Stage 1 Pokémon,Pokémon ex,Tera(Stellar),Eevee,270,{W},{M},n/a,1,Frost Bullet,{W}●,110,This attack also does 30 damage to 1 of your opponent’s Benched Pokémon. (Don’t apply Weakness and Resistance for Benched Pokémon.),n/a
243,Glaceon ex,PRE,26,Stage 1 Pokémon,Pokémon ex,Tera(Stellar),Eevee,270,{W},{M},n/a,1,Euclase,{G}{W}{D},n/a,Knock Out 1 of your opponent’s Pokémon that has exactly 6 damage counters on it.,n/a
244,Jolteon ex,PRE,30,Stage 1 Pokémon,Pokémon ex,Tera(Stellar),Eevee,260,{L},{F},n/a,n/a,[Tera],n/a,n/a,"As long as this Pokémon is on your Bench, prevent all damage done to this Pokémon by attacks (both yours and your opponent’s).",n/a
244,Jolteon ex,PRE,30,Stage 1 Pokémon,Pokémon ex,Tera(Stellar),Eevee,260,{L},{F},n/a,n/a,Flashing Spear,{L}●,60,You may discard up to 2 Basic Energy from your Benched Pokémon. This attack does 90 more damage for each card you discarded in this way.,n/a
244,Jolteon ex,PRE,30,Stage 1 Pokémon,Pokémon ex,Tera(Stellar),Eevee,260,{L},{F},n/a,n/a,Dravite,{R}{W}{L},280,"During your next turn, this Pokémon can’t use attacks.",n/a
245,Alakazam,TWM,82,Stage 2 Pokémon,n/a,n/a,Kadabra,140,{P},{D},{F},1,Strange Hacking,{P},n/a,Your opponent’s Active Pokémon is now Confused. You may move any number of damage counters on your opponent’s Pokémon to their other Pokémon in any way you like.,n/a
245,Alakazam,TWM,82,Stage 2 Pokémon,n/a,n/a,Kadabra,140,{P},{D},{F},1,Psychic,{P},10,This attack does 50 more damage for each Energy attached to your opponent’s Active Pokémon.,n/a
246,Espeon ex,PRE,34,Stage 1 Pokémon,Pokémon ex,Tera(Stellar),Eevee,270,{P},{D},{F},1,[Tera],n/a,n/a,"As long as this Pokémon is on your Bench, prevent all damage done to this Pokémon by attacks (both yours and your opponent’s).",n/a
246,Espeon ex,PRE,34,Stage 1 Pokémon,Pokémon ex,Tera(Stellar),Eevee,270,{P},{D},{F},1,Psych Out,{P}●●,160,Discard a random card from your opponent’s hand.,n/a
246,Espeon ex,PRE,34,Stage 1 Pokémon,Pokémon ex,Tera(Stellar),Eevee,270,{P},{D},{F},1,Amazez,{G}{P}{D},n/a,Devolve each of your opponent’s evolved Pokémon by shuffling the highest Stage Evolution card on it into your opponent’s deck.,n/a
247,Swirlix,TWM,89,Basic Pokémon,n/a,n/a,n/a,50,{P},{M},n/a,1,[Ability] Festival Lead,n/a,n/a,"If Festival Grounds is in play, this Pokémon may use an attack it has twice in succession. If the first attack Knocks Out your opponent’s Active Pokémon, you may use an attack again after your opponent chooses a new Active Pokémon.",n/a
247,Swirlix,TWM,89,Basic Pokémon,n/a,n/a,n/a,50,{P},{M},n/a,1,Sneaky Placement,{P},n/a,Put 2 damage counters on 1 of your opponent’s Pokémon.,n/a
248,Umbreon ex,PRE,60,Stage 1 Pokémon,Pokémon ex,Tera(Stellar),Eevee,280,{D},{G},n/a,2,[Tera],n/a,n/a,"As long as this Pokémon is on your Bench, prevent all damage done to this Pokémon by attacks (both yours and your opponent’s).",n/a
248,Umbreon ex,PRE,60,Stage 1 Pokémon,Pokémon ex,Tera(Stellar),Eevee,280,{D},{G},n/a,2,Moon Mirage,{D}●●,160,Your opponent’s Active Pokémon is now Confused.,n/a
248,Umbreon ex,PRE,60,Stage 1 Pokémon,Pokémon ex,Tera(Stellar),Eevee,280,{D},{G},n/a,2,Onyx,{L}{P}{D},n/a,"Discard all Energy from this Pokémon, and take a Prize card.",n/a
249,Eevee ex,PRE,75,Basic Pokémon,Pokémon ex,Tera(Stellar),n/a,200,{C},{F},n/a,1,[Tera],n/a,n/a,"As long as this Pokémon is on your Bench, prevent all damage done to this Pokémon by attacks (both yours and your opponent’s).",n/a
249,Eevee ex,PRE,75,Basic Pokémon,Pokémon ex,Tera(Stellar),n/a,200,{C},{F},n/a,1,[Ability] Rainbow DNA,n/a,n/a,This Pokémon can evolve into any Pokémon {ex} that evolves from Eevee if you play it from your hand onto this Pokémon. (This Pokémon can’t evolve during your first turn or the turn you play it.),n/a
249,Eevee ex,PRE,75,Basic Pokémon,Pokémon ex,Tera(Stellar),n/a,200,{C},{F},n/a,1,Coruscating Quartz,{R}{W}{L},200,n/a,n/a
250,Hoothoot,PRE,77,Basic Pokémon,n/a,n/a,n/a,80,{C},{L},{F},2,[Ability] Insomnia,n/a,n/a,This Pokémon can’t be Asleep.,n/a
250,Hoothoot,PRE,77,Basic Pokémon,n/a,n/a,n/a,80,{C},{L},{F},2,Tackle,●●,20,n/a,n/a
251,Regigigas,PRE,86,Basic Pokémon,n/a,n/a,n/a,160,{C},{F},n/a,4,Jewel Breaker,●●●●,100,"If your opponent’s Active Pokémon is a Tera Pokémon, this attack does 230 more damage.",n/a
252,Caterpie,JTG,1,Basic Pokémon,n/a,n/a,n/a,50,{G},{R},n/a,1,Bug Bite,{G},20,n/a,n/a
253,Metapod,JTG,2,Stage 1 Pokémon,n/a,n/a,Caterpie,90,{G},{R},n/a,3,Harden,{G},n/a,"During your opponent’s next turn, prevent all damage done to this Pokémon by attacks if that damage is 60 or less.",n/a
254,Butterfree,JTG,3,Stage 2 Pokémon,n/a,n/a,Metapod,120,{G},{R},n/a,1,Scale Hurricane,{G},60×,"Flip 4 coins. This attack does 60 damage for each heads. If at least 2 of them are heads, your opponent’s Active Pokémon is now Paralyzed.",n/a
255,Maractus,JTG,8,Basic Pokémon,n/a,n/a,n/a,110,{G},{R},n/a,2,[Ability] Exploding Needles,n/a,n/a,"If this Pokémon is in the Active Spot and is Knocked Out by damage from an attack from your opponent’s Pokémon, put 6 damage counters on the Attacking Pokémon.",n/a
255,Maractus,JTG,8,Basic Pokémon,n/a,n/a,n/a,110,{G},{R},n/a,2,Corner,●,20,"During your opponent’s next turn, the Defending Pokémon can’t retreat.",n/a
256,Magmortar,JTG,21,Stage 1 Pokémon,n/a,n/a,Magmar,130,{R},{W},n/a,2,[Ability] Magma Surge,n/a,n/a,"During Pokémon Checkup, put 3 more damage counters on your opponent’s Burned Pokémon.",n/a
256,Magmortar,JTG,21,Stage 1 Pokémon,n/a,n/a,Magmar,130,{R},{W},n/a,2,Searing Flame,{R}{R}●,90,"Flip a coin. If heads, your opponent’s Active Pokémon is now Burned.",n/a
257,N’s Darumaka,JTG,26,Basic Pokémon,n/a,Trainer's Pokémon(N),n/a,80,{R},{W},n/a,2,Rolling Tackle,●●,20,n/a,n/a
257,N’s Darumaka,JTG,26,Basic Pokémon,n/a,Trainer's Pokémon(N),n/a,80,{R},{W},n/a,2,Flare,{R}{R}●,50,n/a,n/a
258,N’s Darmanitan,JTG,27,Stage 1 Pokémon,n/a,Trainer's Pokémon(N),N’s Darumaka,140,{R},{W},n/a,3,Back Draft,●●,30×,This attack does 30 damage for each Basic Energy card in your opponent’s discard pile.,n/a
258,N’s Darmanitan,JTG,27,Stage 1 Pokémon,n/a,Trainer's Pokémon(N),N’s Darumaka,140,{R},{W},n/a,3,Flamebody Cannon,{R}{R}●,90,"Discard all Energy from this Pokémon, and this attack also does 90 damage to 1 of your opponent’s Benched Pokémon. (Don’t apply Weakness and Resistance for Benched Pokémon.)",n/a
259,Volcanion ex,JTG,31,Basic Pokémon,Pokémon ex,n/a,n/a,220,{R},{W},n/a,3,[Ability] Scalding Steam,n/a,n/a,"Once during your turn, if this Pokémon is in the Active Spot, you may make your opponent’s Active Pokémon Burned.",n/a
259,Volcanion ex,JTG,31,Basic Pokémon,Pokémon ex,n/a,n/a,220,{R},{W},n/a,3,Scorching Cyclone,{R}{R}●,160,Move an Energy from this Pokémon to 1 of your Benched Pokémon.,n/a
260,Lotad,JTG,35,Basic Pokémon,n/a,n/a,n/a,60,{W},{L},n/a,1,Water Gun,{W},20,n/a,n/a
261,Lombre,JTG,36,Stage 1 Pokémon,n/a,n/a,Lotad,90,{W},{L},n/a,1,Aqua Slash,{W}{W},70,"During your next turn, this Pokémon can’t use attacks.",n/a
262,Ludicolo,JTG,37,Stage 2 Pokémon,n/a,n/a,Lombre,140,{W},{L},n/a,2,[Ability] Vibrant Dance,n/a,n/a,All of your Pokémon in play get +40 HP. The effect of Vibrant Dance doesn’t stack.,n/a
262,Ludicolo,JTG,37,Stage 2 Pokémon,n/a,n/a,Lombre,140,{W},{L},n/a,2,Hydro Splash,{W}{W}●,130,n/a,n/a
263,Wailmer,JTG,40,Basic Pokémon,n/a,n/a,n/a,130,{W},{L},n/a,3,Surf,●●●,60,n/a,n/a
264,Wailord,JTG,41,Stage 1 Pokémon,n/a,n/a,Wailmer,240,{W},{L},n/a,4,Hydro Pump,●●●●,10,This attack does 50 more damage for each {W} Energy attached to this Pokémon.,n/a
265,Iono’s Voltorb,JTG,47,Basic Pokémon,n/a,Trainer's Pokémon(Iono),n/a,70,{L},{F},n/a,1,Voltaic Chain,●●,20,This attack does 20 more damage for each {L} Energy attached to all of your Iono’s Pokémon.,n/a
266,Iono’s Electrode,JTG,48,Stage 1 Pokémon,n/a,Trainer's Pokémon(Iono),Iono’s Voltorb,100,{L},{F},n/a,n/a,Thump-Thump Boom,{L}{L},n/a,"This Pokémon does 100 damage to itself. Flip a coin. If heads, your opponent’s Active Pokémon is Knocked Out.",n/a
266,Iono’s Electrode,JTG,48,Stage 1 Pokémon,n/a,Trainer's Pokémon(Iono),Iono’s Voltorb,100,{L},{F},n/a,n/a,Electric Ball,{L}{L}●,100,n/a,n/a
267,N’s Joltik,JTG,49,Basic Pokémon,n/a,Trainer's Pokémon(N),n/a,40,{L},{F},n/a,1,Zapping Short,●●,30,"Before doing damage, discard all Pokémon Tools from your opponent’s Active Pokémon. If you discarded a Pokémon Tool in this way, your opponent’s Active Pokémon is now Paralyzed.",n/a
268,Iono’s Tadbulb,JTG,52,Basic Pokémon,n/a,Trainer's Pokémon(Iono),n/a,60,{L},{F},n/a,2,Tiny Charge,{L}●,30,n/a,n/a
269,Iono’s Bellibolt ex,JTG,53,Stage 1 Pokémon,Pokémon ex,Trainer's Pokémon(Iono),Iono’s Tadbulb,280,{L},{F},n/a,2,[Ability] Electric Streamer,n/a,n/a,"As often as you like during your turn, you may attach a Basic {L} Energy card from your hand to 1 of your Iono’s Pokémon.",n/a
269,Iono’s Bellibolt ex,JTG,53,Stage 1 Pokémon,Pokémon ex,Trainer's Pokémon(Iono),Iono’s Tadbulb,280,{L},{F},n/a,2,Thunderous Bolt,{L}{L}{L}●,230,"During your next turn, this Pokémon can’t use attacks.",n/a
270,Iono’s Wattrel,JTG,54,Basic Pokémon,n/a,Trainer's Pokémon(Iono),n/a,60,{L},{L},{F},1,Quick Attack,{L},10,"Flip a coin. If heads, this attack does 20 more damage.",n/a
271,Iono’s Kilowattrel,JTG,55,Stage 1 Pokémon,n/a,Trainer's Pokémon(Iono),Iono’s Wattrel,120,{L},{L},{F},1,[Ability] Flashing Draw,n/a,n/a,"You must discard a Basic {L} Energy from this Pokémon in order to use this Ability. Once during your turn, you may draw cards until you have 6 cards in your hand.",n/a
271,Iono’s Kilowattrel,JTG,55,Stage 1 Pokémon,n/a,Trainer's Pokémon(Iono),Iono’s Wattrel,120,{L},{L},{F},1,Mach Bolt,{L}●●,70,n/a,n/a
272,Lillie’s Clefairy ex,JTG,56,Basic Pokémon,Pokémon ex,Trainer's Pokémon(Lillie),n/a,190,{P},{M},n/a,1,[Ability] Fairy Zone,n/a,n/a,The Weakness of each of your opponent’s {N} Pokémon in play is now {P}. (Apply Weakness as ×2.),n/a
272,Lillie’s Clefairy ex,JTG,56,Basic Pokémon,Pokémon ex,Trainer's Pokémon(Lillie),n/a,190,{P},{M},n/a,1,Full Moon Rondo,{P}●,20,This attack does 20 more damage for each Benched Pokémon (both yours and your opponent’s).,n/a
273,Banette,JTG,60,Stage 1 Pokémon,n/a,n/a,Shuppet,90,{P},{D},{F},1,Cursed Words,{P},n/a,Your opponent chooses 3 cards from their hand and shuffles those cards into their deck.,n/a
273,Banette,JTG,60,Stage 1 Pokémon,n/a,n/a,Shuppet,90,{P},{D},{F},1,Spooky Shot,{P}●,70,n/a,n/a
274,Beldum,JTG,61,Basic Pokémon,n/a,n/a,n/a,60,{P},{D},{F},1,Spinning Attack,{P},10,n/a,n/a
274,Beldum,JTG,61,Basic Pokémon,n/a,n/a,n/a,60,{P},{D},{F},1,Beam,{P}{P},30,n/a,n/a
275,Metang,JTG,62,Stage 1 Pokémon,n/a,n/a,Beldum,100,{P},{D},{F},2,Psypunch,{P},30,n/a,n/a
275,Metang,JTG,62,Stage 1 Pokémon,n/a,n/a,Beldum,100,{P},{D},{F},2,Zen Headbutt,{P}{P},50,n/a,n/a
276,Metagross,JTG,63,Stage 2 Pokémon,n/a,n/a,Metang,170,{P},{D},{F},3,Wrack Down,{P},60,n/a,n/a
276,Metagross,JTG,63,Stage 2 Pokémon,n/a,n/a,Metang,170,{P},{D},{F},3,Conjoined Beams,{P}{P},130,"If Beldum and Metang are on your Bench, this attack does 150 more damage.",n/a
277,N’s Sigilyph,JTG,64,Basic Pokémon,n/a,Trainer's Pokémon(N),n/a,110,{P},{L},{F},1,Psychic Sphere,{P},20,n/a,n/a
277,N’s Sigilyph,JTG,64,Basic Pokémon,n/a,Trainer's Pokémon(N),n/a,110,{P},{L},{F},1,Victory Symbol,{P}●●,n/a,"If you use this attack when you have exactly 1 Prize card remaining, you win this game.",n/a
278,Lillie’s Cutiefly,JTG,66,Basic Pokémon,n/a,Trainer's Pokémon(Lillie),n/a,30,{P},{M},n/a,n/a,Hold Still,{P},n/a,Heal 10 damage from this Pokémon.,n/a
279,Lillie’s Ribombee,JTG,67,Stage 1 Pokémon,n/a,Trainer's Pokémon(Lillie),Lillie’s Cutiefly,70,{P},{M},n/a,n/a,[Ability] Inviting Wink,n/a,n/a,"When you play this Pokémon from your hand to evolve 1 of your Pokémon during your turn, you may have your opponent reveal their hand and you put any number of Basic Pokémon you find there onto their Bench.",n/a
279,Lillie’s Ribombee,JTG,67,Stage 1 Pokémon,n/a,Trainer's Pokémon(Lillie),Lillie’s Cutiefly,70,{P},{M},n/a,n/a,Magical Shot,{P},50,n/a,n/a
280,Lillie’s Comfey,JTG,68,Basic Pokémon,n/a,Trainer's Pokémon(Lillie),n/a,70,{P},{M},n/a,1,Inviting Flowers,●,n/a,"You may search your deck for any number of Basic Lillie’s Pokémon and put them onto your Bench. Then, shuffle your deck.",n/a
280,Lillie’s Comfey,JTG,68,Basic Pokémon,n/a,Trainer's Pokémon(Lillie),n/a,70,{P},{M},n/a,1,Fade Out,{P},30,Put this Pokémon and all attached cards into your hand.,n/a
281,Swinub,JTG,77,Basic Pokémon,n/a,n/a,n/a,70,{F},{G},n/a,2,Call for Family,●,n/a,"Search your deck for up to 2 Basic Pokémon and put them onto your Bench. Then, shuffle your deck.",n/a
281,Swinub,JTG,77,Basic Pokémon,n/a,n/a,n/a,70,{F},{G},n/a,2,Lunge Out,{F},10,n/a,n/a
282,Piloswine,JTG,78,Stage 1 Pokémon,n/a,n/a,Swinub,100,{F},{G},n/a,3,Strength,●,20,n/a,n/a
282,Piloswine,JTG,78,Stage 1 Pokémon,n/a,n/a,Swinub,100,{F},{G},n/a,3,Impaling Tusk,{F}{F},50,n/a,n/a
283,Mamoswine ex,JTG,79,Stage 2 Pokémon,Pokémon ex,n/a,Piloswine,340,{F},{G},n/a,4,[Ability] Mammoth Hauler,n/a,n/a,"Once during your turn, you may search your deck for a Pokémon, reveal it, and put it into your hand. Then, shuffle your deck.",n/a
283,Mamoswine ex,JTG,79,Stage 2 Pokémon,Pokémon ex,n/a,Piloswine,340,{F},{G},n/a,4,Rumbling March,{F}{F},180,This attack does 40 more damage for each Stage 2 Pokémon on your Bench.,n/a
284,Larvitar,JTG,80,Basic Pokémon,n/a,n/a,n/a,70,{F},{G},n/a,1,Crunch,●●,20,"Flip a coin. If heads, discard an Energy from your opponent’s Active Pokémon.",n/a
285,Pupitar,JTG,81,Stage 1 Pokémon,n/a,n/a,Larvitar,90,{F},{G},n/a,1,Take Down,●●,60,This Pokémon also does 20 damage to itself.,n/a
286,Rockruff,JTG,84,Basic Pokémon,n/a,n/a,n/a,70,{F},{G},n/a,1,Dig It Up,●,n/a,Look at the top card of your deck. You may discard that card.,n/a
286,Rockruff,JTG,84,Basic Pokémon,n/a,n/a,n/a,70,{F},{G},n/a,1,Stampede,●●,20,n/a,n/a
287,Lycanroc,JTG,85,Stage 1 Pokémon,n/a,n/a,Rockruff,120,{F},{G},n/a,2,[Ability] Spike-Clad,n/a,n/a,"When you play this Pokémon from your hand to evolve 1 of your Pokémon during your turn, you may attach up to 2 Spiky Energy cards from your discard pile to this Pokémon.",n/a
287,Lycanroc,JTG,85,Stage 1 Pokémon,n/a,n/a,Rockruff,120,{F},{G},n/a,2,Clamping Fangs,●●●,40,This attack does 40 more damage for each damage counter on your opponent’s Active Pokémon.,n/a
288,Hop’s Silicobra,JTG,86,Basic Pokémon,n/a,Trainer's Pokémon(Hop),n/a,80,{F},{G},n/a,2,Turf Maker,●,n/a,"Search your deck for a Stadium card, reveal it, and put it into your hand. Then, shuffle your deck.",n/a
288,Hop’s Silicobra,JTG,86,Basic Pokémon,n/a,Trainer's Pokémon(Hop),n/a,80,{F},{G},n/a,2,Gnaw,{F}●,20,n/a,n/a
289,Hop’s Sandaconda,JTG,87,Stage 1 Pokémon,n/a,Trainer's Pokémon(Hop),Hop’s Silicobra,140,{F},{G},n/a,3,Rumble,{F}●,30,"During your opponent’s next turn, the Defending Pokémon can’t retreat.",n/a
289,Hop’s Sandaconda,JTG,87,Stage 1 Pokémon,n/a,Trainer's Pokémon(Hop),Hop’s Silicobra,140,{F},{G},n/a,3,Break Ground,{F}●●,140,This attack also does 20 damage to each of your Benched Pokémon. (Don’t apply Weakness and Resistance for Benched Pokémon.),n/a
290,Tyranitar,JTG,95,Stage 2 Pokémon,n/a,n/a,Pupitar,190,{D},{G},n/a,3,[Ability] Daunting Gaze,n/a,n/a,"As long as this Pokémon is in the Active Spot, your opponent can’t play any Item cards from their hand.",n/a
290,Tyranitar,JTG,95,Stage 2 Pokémon,n/a,n/a,Pupitar,190,{D},{G},n/a,3,Cracking Stomp,{D}●,150,Discard the top 2 cards of your opponent’s deck.,n/a
291,N’s Purrloin,JTG,96,Basic Pokémon,n/a,Trainer's Pokémon(N),n/a,70,{D},{G},n/a,1,Thieving Swipe,{D}●,30,"Your opponent reveals their hand, and you choose a card you find there and put it on the bottom of their deck.",n/a
292,N’s Zorua,JTG,97,Basic Pokémon,n/a,Trainer's Pokémon(N),n/a,70,{D},{G},n/a,1,Scratch,{D},20,n/a,n/a
293,N’s Zoroark ex,JTG,98,Stage 1 Pokémon,Pokémon ex,Trainer's Pokémon(N),N’s Zorua,280,{D},{G},n/a,2,[Ability] Trade,n/a,n/a,"You must discard a card from your hand in order to use this Ability. Once during your turn, you may draw 2 cards.",n/a
293,N’s Zoroark ex,JTG,98,Stage 1 Pokémon,Pokémon ex,Trainer's Pokémon(N),N’s Zorua,280,{D},{G},n/a,2,Night Joker,{D}{D},n/a,Choose 1 of your Benched N’s Pokémon’s attacks and use it as this attack.,n/a
294,N’s Klink,JTG,103,Basic Pokémon,n/a,Trainer's Pokémon(N),n/a,60,{M},{R},{G},1,Double Spin,●,10×,Flip 2 coins. This attack does 10 damage for each heads.,n/a
295,N’s Klang,JTG,104,Stage 1 Pokémon,n/a,Trainer's Pokémon(N),N’s Klink,90,{M},{R},{G},3,Spinning Gears,●,20,Your opponent’s Active Pokémon is now Confused.,n/a
295,N’s Klang,JTG,104,Stage 1 Pokémon,n/a,Trainer's Pokémon(N),N’s Klink,90,{M},{R},{G},3,Confront,{M}●,40,n/a,n/a
296,N’s Klinklang,JTG,105,Stage 2 Pokémon,n/a,Trainer's Pokémon(N),N’s Klang,160,{M},{R},{G},3,Magnetic Blast,●,50,n/a,n/a
296,N’s Klinklang,JTG,105,Stage 2 Pokémon,n/a,Trainer's Pokémon(N),N’s Klang,160,{M},{R},{G},3,Triple Smash,{M}{M}●,120×,Flip 3 coins. This attack does 120 damage for each heads.,n/a
297,Magearna,JTG,107,Basic Pokémon,n/a,n/a,n/a,90,{M},{R},{G},1,[Ability] Auto Heal,n/a,n/a,"As long as this Pokémon is in the Active Spot, whenever you attach an Energy card from your hand to 1 of your Pokémon, heal 90 damage from that Pokémon.",n/a
297,Magearna,JTG,107,Basic Pokémon,n/a,n/a,n/a,90,{M},{R},{G},1,Spike Draw,●,20,Draw 2 cards.,n/a
298,Hop’s Corviknight,JTG,108,Stage 2 Pokémon,n/a,Trainer's Pokémon(Hop),Hop’s Corvisquire,170,{M},{L},{F},2,Shoot Through,●,50,This attack also does 50 damage to 1 of your opponent’s Benched Pokémon. (Don’t apply Weakness and Resistance for Benched Pokémon.),n/a
298,Hop’s Corviknight,JTG,108,Stage 2 Pokémon,n/a,Trainer's Pokémon(Hop),Hop’s Corvisquire,170,{M},{L},{F},2,Steel Wing,{M}{M}●,150,"During your opponent’s next turn, this Pokémon takes 60 less damage from attacks (after applying Weakness and Resistance).",n/a
299,Hop’s Zacian ex,JTG,111,Basic Pokémon,Pokémon ex,Trainer's Pokémon(Hop),n/a,230,{M},{R},{G},2,Insta-Strike,●,30,This attack also does 30 damage to 1 of your opponent’s Benched Pokémon. (Don’t apply Weakness and Resistance for Benched Pokémon.),n/a
299,Hop’s Zacian ex,JTG,111,Basic Pokémon,Pokémon ex,Trainer's Pokémon(Hop),n/a,230,{M},{R},{G},2,Brave Slash,{M}{M}{M}●,240,"During your next turn, this Pokémon can’t use Brave Slash.",n/a
300,Bagon,JTG,112,Basic Pokémon,n/a,n/a,n/a,70,{N},n/a,n/a,2,Bite,●,10,n/a,n/a
300,Bagon,JTG,112,Basic Pokémon,n/a,n/a,n/a,70,{N},n/a,n/a,2,Reckless Charge,{R}{W},50,This Pokémon also does 10 damage to itself.,n/a
301,Shelgon,JTG,113,Stage 1 Pokémon,n/a,n/a,Bagon,100,{N},n/a,n/a,2,Guard Press,●●,30,"During your opponent’s next turn, this Pokémon takes 30 less damage from attacks (after applying Weakness and Resistance).",n/a
301,Shelgon,JTG,113,Stage 1 Pokémon,n/a,n/a,Bagon,100,{N},n/a,n/a,2,Heavy Impact,{R}{W}●,80,n/a,n/a
302,Salamence ex,JTG,114,Stage 2 Pokémon,Pokémon ex,n/a,Shelgon,320,{N},n/a,n/a,2,Wide Blast,{R}●●,n/a,This attack does 50 damage to each of your opponent’s Benched Pokémon. (Don’t apply Weakness and Resistance for Benched Pokémon.),n/a
302,Salamence ex,JTG,114,Stage 2 Pokémon,Pokémon ex,n/a,Shelgon,320,{N},n/a,n/a,2,Dragon Impact,{R}{W}●●,300,Discard 2 Energy from this Pokémon.,n/a
303,N’s Reshiram,JTG,116,Basic Pokémon,n/a,Trainer's Pokémon(N),n/a,130,{N},n/a,n/a,2,Powerful Rage,{R}{L},20×,This attack does 20 damage for each damage counter on this Pokémon.,n/a
303,N’s Reshiram,JTG,116,Basic Pokémon,n/a,Trainer's Pokémon(N),n/a,130,{N},n/a,n/a,2,Virtuous Flame,{R}{R}{L}●,170,n/a,n/a
304,Hop’s Snorlax,JTG,117,Basic Pokémon,n/a,Trainer's Pokémon(Hop),n/a,150,{C},{F},n/a,4,[Ability] Extra Helpings,n/a,n/a,Attacks used by your Hop’s Pokémon do 30 more damage to your opponent’s Active Pokémon (before applying Weakness and Resistance). The effect of Extra Helpings doesn’t stack.,n/a
304,Hop’s Snorlax,JTG,117,Basic Pokémon,n/a,Trainer's Pokémon(Hop),n/a,150,{C},{F},n/a,4,Dynamic Press,●●●,140,This Pokémon also does 80 damage to itself.,n/a
305,Dunsparce,JTG,120,Basic Pokémon,n/a,n/a,n/a,70,{C},{F},n/a,1,Trading Places,●,n/a,Switch this Pokémon with 1 of your Benched Pokémon.,n/a
305,Dunsparce,JTG,120,Basic Pokémon,n/a,n/a,n/a,70,{C},{F},n/a,1,Ram,●●,20,n/a,n/a
306,Dudunsparce ex,JTG,121,Stage 1 Pokémon,Pokémon ex,n/a,Dunsparce,270,{C},{F},n/a,3,Tenacious Tail,●,60×,This attack does 60 damage for each of your opponent’s Pokémon {ex} in play.,n/a
306,Dudunsparce ex,JTG,121,Stage 1 Pokémon,Pokémon ex,n/a,Dunsparce,270,{C},{F},n/a,3,Destructive Drill,●●●,150,This attack’s damage isn’t affected by any effects on your opponent’s Active Pokémon.,n/a
307,Hop’s Rookidee,JTG,133,Basic Pokémon,n/a,Trainer's Pokémon(Hop),n/a,60,{C},{L},{F},1,Intimidating Stare,●,n/a,"During your opponent’s next turn, attacks used by the Defending Pokémon do 20 less damage (before applying Weakness and Resistance).",n/a
307,Hop’s Rookidee,JTG,133,Basic Pokémon,n/a,Trainer's Pokémon(Hop),n/a,60,{C},{L},{F},1,Peck,●●,20,n/a,n/a
308,Hop’s Corvisquire,JTG,134,Stage 1 Pokémon,n/a,Trainer's Pokémon(Hop),Hop’s Rookidee,90,{C},{L},{F},1,Speed Dive,●,30,n/a,n/a
308,Hop’s Corvisquire,JTG,134,Stage 1 Pokémon,n/a,Trainer's Pokémon(Hop),Hop’s Rookidee,90,{C},{L},{F},1,Razor Wing,●●●,80,n/a,n/a
309,Hop’s Wooloo,JTG,135,Basic Pokémon,n/a,Trainer's Pokémon(Hop),n/a,70,{C},{F},n/a,1,Smash Kick,●●●,50,n/a,n/a
310,Hop’s Dubwool,JTG,136,Stage 1 Pokémon,n/a,Trainer's Pokémon(Hop),Hop’s Wooloo,120,{C},{F},n/a,2,[Ability] Defiant Horn,n/a,n/a,"When you play this Pokémon from your hand to evolve 1 of your Pokémon during your turn, you may switch in 1 of your opponent’s Benched Pokémon to the Active Spot.",n/a
310,Hop’s Dubwool,JTG,136,Stage 1 Pokémon,n/a,Trainer's Pokémon(Hop),Hop’s Wooloo,120,{C},{F},n/a,2,Headbutt,●●●,80,n/a,n/a
311,Hop’s Cramorant,JTG,138,Basic Pokémon,n/a,Trainer's Pokémon(Hop),n/a,110,{C},{L},{F},1,Fickle Spitting,●,120,"If your opponent doesn’t have exactly 3 or 4 Prize cards remaining, this attack does nothing.",n/a
312,Sandy Shocks,TEF,98,Basic Pokémon,n/a,Ancient,n/a,120,{F},{G},n/a,2,Magnetic Burst,{F},20,"If you have 3 or more Energy in play, this attack does 70 more damage. This attack’s damage isn’t affected by Weakness.",n/a
312,Sandy Shocks,TEF,98,Basic Pokémon,n/a,Ancient,n/a,120,{F},{G},n/a,2,Power Gem,{F}●,60,n/a,n/a
313,Miraidon ex,TEF,122,Basic Pokémon,Pokémon ex,Future,n/a,220,{N},n/a,n/a,1,Repulsion Bolt,{L}{P},60,"If your opponent’s Active Pokémon already has any damage counters on it, this attack does 100 more damage.",n/a
313,Miraidon ex,TEF,122,Basic Pokémon,Pokémon ex,Future,n/a,220,{N},n/a,n/a,1,Cyber Drive,{L}{P}●,220,"During your next turn, this Pokémon can’t use Cyber Drive.",n/a
314,Marill,SCR,33,Basic Pokémon,n/a,n/a,n/a,70,{W},{L},n/a,1,Rollout,●,10,n/a,n/a
315,Azumarill,SSP,74,Stage 1 Pokémon,n/a,n/a,Marill,120,{P},{M},n/a,2,[Ability] Glistening Bubbles,n/a,n/a,"If you have any Tera Pokémon in play, this Pokémon can use the Double-Edge attack for {P}.",n/a
315,Azumarill,SSP,74,Stage 1 Pokémon,n/a,n/a,Marill,120,{P},{M},n/a,2,Double-Edge,{P}{P}{P}{P},230,This Pokémon also does 50 damage to itself.,n/a
316,Sylveon ex,SSP,86,Stage 1 Pokémon,Pokémon ex,Tera(Stellar),Eevee,270,{P},{M},n/a,2,[Tera],n/a,n/a,"As long as this Pokémon is on your Bench, prevent all damage done to this Pokémon by attacks (both yours and your opponent’s).",n/a
316,Sylveon ex,SSP,86,Stage 1 Pokémon,Pokémon ex,Tera(Stellar),Eevee,270,{P},{M},n/a,2,Magical Charm,{P}●●,160,"During your opponent’s next turn, attacks used by the Defending Pokémon do 100 less damage (before applying Weakness and Resistance).",n/a
316,Sylveon ex,SSP,86,Stage 1 Pokémon,Pokémon ex,Tera(Stellar),Eevee,270,{P},{M},n/a,2,Angelite,{W}{L}{P},n/a,"Choose 2 of your opponent’s Benched Pokémon. Shuffle those Pokémon and all attached cards into your opponent’s deck. If 1 of your Pokémon used Angelite during your last turn, this attack can’t be used.",n/a
317,Eevee,SSP,143,Basic Pokémon,n/a,n/a,n/a,50,{C},{F},n/a,1,[Ability] Boosted Evolution,n/a,n/a,"As long as this Pokémon is in the Active Spot, it can evolve during your first turn or the turn you play it.",n/a
317,Eevee,SSP,143,Basic Pokémon,n/a,n/a,n/a,50,{C},{F},n/a,1,Reckless Charge,●●,30,This Pokémon also does 10 damage to itself.,n/a
318,Ho-Oh,SSP,19,Basic Pokémon,n/a,n/a,n/a,130,{R},{L},{F},2,Flap,{R}●,50,n/a,n/a
318,Ho-Oh,SSP,19,Basic Pokémon,n/a,n/a,n/a,130,{R},{L},{F},2,Shining Blaze,{R}{R}●,100,"If you have any Tera Pokémon on your Bench, this attack does 100 more damage.",n/a
319,Charcadet,SSP,32,Basic Pokémon,n/a,n/a,n/a,70,{R},{W},n/a,1,Will-O-Wisp,{R},20,n/a,n/a
320,Ceruledge ex,SSP,36,Stage 1 Pokémon,Pokémon ex,Tera(Stellar),Charcadet,270,{R},{W},n/a,2,[Tera],n/a,n/a,"As long as this Pokémon is on your Bench, prevent all damage done to this Pokémon by attacks (both yours and your opponent’s).",n/a
320,Ceruledge ex,SSP,36,Stage 1 Pokémon,Pokémon ex,Tera(Stellar),Charcadet,270,{R},{W},n/a,2,Abyssal Flames,{R},30,This attack does 20 more damage for each Energy card in your discard pile.,n/a
320,Ceruledge ex,SSP,36,Stage 1 Pokémon,Pokémon ex,Tera(Stellar),Charcadet,270,{R},{W},n/a,2,Raging Amethyst,{R}{P}{M},280,Discard all Energy from this Pokémon.,n/a
321,Petilil,JTG,6,Basic Pokémon,n/a,n/a,n/a,50,{G},{R},n/a,1,Leaf Step,{G}●,30,n/a,n/a
322,Lilligant,JTG,7,Stage 1 Pokémon,n/a,n/a,Petilil,110,{G},{R},n/a,2,[Ability] Sunny Day,n/a,n/a,Attacks used by your {G} Pokémon and {R} Pokémon do 20 more damage to your opponent’s Active Pokémon (before applying Weakness and Resistance).,n/a
322,Lilligant,JTG,7,Stage 1 Pokémon,n/a,n/a,Petilil,110,{G},{R},n/a,2,Spinning Attack,{G}●●,60,n/a,n/a
323,Nymble,JTG,19,Basic Pokémon,n/a,n/a,n/a,50,{G},{R},n/a,1,Rear Kick,●,20,n/a,n/a
324,Torchic,JTG,22,Basic Pokémon,n/a,n/a,n/a,60,{R},{W},n/a,1,Scratch,{R}●,30,n/a,n/a
325,Combusken,JTG,23,Stage 1 Pokémon,n/a,n/a,Torchic,90,{R},{W},n/a,2,Slash,{R}●,50,n/a,n/a
326,Blaziken ex,JTG,24,Stage 2 Pokémon,Pokémon ex,n/a,Combusken,320,{R},{W},n/a,2,[Ability] Seething Spirit,n/a,n/a,"Once during your turn, you may attach a Basic Energy card from your discard pile to 1 of your Pokémon.",n/a
326,Blaziken ex,JTG,24,Stage 2 Pokémon,Pokémon ex,n/a,Combusken,320,{R},{W},n/a,2,Smolder-sault,{R}●,200,"During your next turn, this Pokémon can’t use attacks.",n/a
327,Slowpoke,PRE,18,Basic Pokémon,n/a,n/a,n/a,70,{W},{L},n/a,2,Water Gun,{W},10,n/a,n/a
327,Slowpoke,PRE,18,Basic Pokémon,n/a,n/a,n/a,70,{W},{L},n/a,2,Tail Whap,{W}●,30,n/a,n/a
328,Pikachu ex,PRE,28,Basic Pokémon,Pokémon ex,n/a,n/a,190,{L},{F},n/a,1,Tail Whap,●,30,n/a,n/a
328,Pikachu ex,PRE,28,Basic Pokémon,Pokémon ex,n/a,n/a,190,{L},{F},n/a,1,Thunder,{L}{L}●,220,This Pokémon also does 30 damage to itself.,n/a
329,Tapu Koko ex,JTG,51,Basic Pokémon,Pokémon ex,n/a,n/a,200,{L},{F},n/a,n/a,Linked Lightning,{L}●,60,This attack does 20 more damage for each of your Benched Pokémon.,n/a
330,Sylveon,PRE,40,Stage 1 Pokémon,n/a,n/a,Eevee,120,{P},{M},n/a,1,[Ability] Safeguard,n/a,n/a,Prevent all damage done to this Pokémon by attacks from your opponent’s Pokémon {ex}.,n/a
330,Sylveon,PRE,40,Stage 1 Pokémon,n/a,n/a,Eevee,120,{P},{M},n/a,1,Magical Shot,{P}●●,100,n/a,n/a
331,Xerneas ex,PROMO,179,Basic Pokémon,Pokémon ex,n/a,n/a,210,{P},{M},n/a,1,Aurora Beam,{P}●,50,n/a,n/a
331,Xerneas ex,PROMO,179,Basic Pokémon,Pokémon ex,n/a,n/a,210,{P},{M},n/a,1,Rising Horns,{P}{P}●,120,"If your opponent’s Active Pokémon is a Pokémon {ex}, this attack does 100 more damage.",n/a
332,Dhelmise,JTG,70,Basic Pokémon,n/a,n/a,n/a,130,{P},{D},{F},3,Bind Down,{P}●●,60,"During your opponent’s next turn, the Defending Pokémon can’t retreat.",n/a
332,Dhelmise,JTG,70,Basic Pokémon,n/a,n/a,n/a,130,{P},{D},{F},3,Anchor Smash,{P}{P}●●,130,n/a,n/a
333,Riolu,PRE,50,Basic Pokémon,n/a,n/a,n/a,70,{F},{P},n/a,1,Quick Attack,{F},10,"Flip a coin. If heads, this attack does 20 more damage.",n/a
334,Sneasel,PRE,61,Basic Pokémon,n/a,n/a,n/a,60,{D},{G},n/a,n/a,Claw Slash,{D},20,n/a,n/a
335,Bronzor,PRE,66,Basic Pokémon,n/a,n/a,n/a,70,{M},{R},{G},1,Hammer In,{M}●,20,n/a,n/a
336,Zacian ex,SVP,198,Basic Pokémon,Pokémon ex,n/a,n/a,220,{M},{R},{G},2,Steel Armament,●,20,"Search your deck for a Basic {M} Energy card and attach it to this Pokémon. Then, shuffle your deck.",n/a
336,Zacian ex,SVP,198,Basic Pokémon,Pokémon ex,n/a,n/a,220,{M},{R},{G},2,Slashing Strike,{M}{M}●,210,"During your next turn, this Pokémon can’t use Slashing Strike.",n/a
337,Lugia ex,PRE,82,Basic Pokémon,Pokémon ex,n/a,n/a,220,{C},{L},{F},2,Hyper Whirlpool,●●●,140,"Flip a coin until you get tails. For each heads, discard an Energy from your opponent’s Active Pokémon.",n/a
338,Ethan's Pinsir,DRI,1,Basic Pokémon,n/a,Trainer's Pokémon(Ethan),n/a,120,{G},{R},n/a,2,Vise Grip,{G},20,n/a,n/a
338,Ethan's Pinsir,DRI,1,Basic Pokémon,n/a,Trainer's Pokémon(Ethan),n/a,120,{G},{R},n/a,2,Rallying Horn,●●●,70,"If any of your Ethan’s Pokémon were Knocked Out by damage from an attack during your opponent’s last turn, this attack does 100 more damage.",n/a
339,Yanma,DRI,2,Basic Pokémon,n/a,n/a,n/a,70,{G},{L},{F},1,Whirlwind,●,n/a,Switch out your opponent’s Active Pokémon to the Bench. (Your opponent chooses the new Active Pokémon.),n/a
339,Yanma,DRI,2,Basic Pokémon,n/a,n/a,n/a,70,{G},{L},{F},1,Razor Wing,{G}●,30,n/a,n/a
340,Yanmega ex,DRI,3,Stage 1 Pokémon,Pokémon ex,n/a,Yanma,280,{G},{L},{F},1,[Ability] Buzzing Boost,n/a,n/a,"Once during your turn, when this Pokémon moves from your Bench to the Active Spot, you may search your deck for up to 3 Basic {G} Energy cards and attach them to this Pokémon. Then, shuffle your deck.",n/a
340,Yanmega ex,DRI,3,Stage 1 Pokémon,Pokémon ex,n/a,Yanma,280,{G},{L},{F},1,Jet Cyclone,{G}{G}{G}●,210,Move 3 Energy from this Pokémon to 1 of your Benched Pokémon.,n/a
341,Cynthia's Roselia,DRI,7,Basic Pokémon,n/a,Trainer's Pokémon(Cynthia),n/a,70,{G},{R},n/a,1,Spike Sting,●,20,n/a,n/a
342,Cynthia's Roserade,DRI,8,Stage 1 Pokémon,n/a,Trainer's Pokémon(Cynthia),Cynthia's Roselia,130,{G},{R},n/a,1,[Ability] Cheer On to Glory,n/a,n/a,Attacks used by your Cynthia’s Pokémon do 30 more damage to your opponent’s Active Pokémon (before applying Weakness and Resistance).,n/a
342,Cynthia's Roserade,DRI,8,Stage 1 Pokémon,n/a,Trainer's Pokémon(Cynthia),Cynthia's Roselia,130,{G},{R},n/a,1,Leaf Step,{G}●●,80,n/a,n/a
343,Shaymin,DRI,10,Basic Pokémon,n/a,n/a,n/a,80,{G},{R},n/a,1,[Ability] Flower Curtain,n/a,n/a,"Prevent all damage done to your Benched Pokémon that don’t have a Rule Box by attacks from your opponent’s Pokémon. (Pokémon {ex}, Pokémon {V}, etc. have Rule Boxes.)",n/a
343,Shaymin,DRI,10,Basic Pokémon,n/a,n/a,n/a,80,{G},{R},n/a,1,Smash Kick,●●,30,n/a,n/a
344,Dwebble,DRI,11,Basic Pokémon,n/a,n/a,n/a,70,{G},{R},n/a,2,Ascension,●,n/a,"Search your deck for a card that evolves from this Pokémon and put it onto this Pokémon to evolve it. Then, shuffle your deck.",n/a
345,Crustle,DRI,12,Stage 1 Pokémon,n/a,n/a,Dwebble,150,{G},{R},n/a,3,[Ability] Mysterious Rock Inn,n/a,n/a,Prevent all damage done to this Pokémon by attacks from your opponent’s Pokémon {ex}.,n/a
345,Crustle,DRI,12,Stage 1 Pokémon,n/a,n/a,Dwebble,150,{G},{R},n/a,3,Superb Scissors,{G}●●,120,This attack’s damage isn’t affected by any effects on your opponent’s Active Pokémon.,n/a
346,Applin,DRI,16,Basic Pokémon,n/a,n/a,n/a,40,{G},{R},n/a,1,Mini Drain,{G},10,Heal 10 damage from this Pokémon.,n/a
347,Dipplin,DRI,17,Stage 1 Pokémon,n/a,n/a,Applin,90,{G},{R},n/a,3,Energy Loop,{G},50,Put an Energy attached to this Pokémon into your hand.,n/a
348,Hydrapple,DRI,18,Stage 2 Pokémon,n/a,n/a,Dipplin,170,{G},{R},n/a,3,Hydra Breath,{G},n/a,"Discard 6 Basic {G} Energy cards from your hand, and Knock Out your opponent’s Active Pokémon. If you can’t discard 6 cards in this way, this attack does nothing.",n/a
348,Hydrapple,DRI,18,Stage 2 Pokémon,n/a,n/a,Dipplin,170,{G},{R},n/a,3,Whip Smash,{G}●●,140,n/a,n/a
349,Teal Mask Ogerpon,DRI,26,Basic Pokémon,n/a,n/a,n/a,110,{G},{R},n/a,1,Grass Kagura,●,n/a,"Search your deck for a Basic {G} Energy card and attach it to 1 of your Pokémon. Then, shuffle your deck.",n/a
349,Teal Mask Ogerpon,DRI,26,Basic Pokémon,n/a,n/a,n/a,110,{G},{R},n/a,1,Ogre’s Hammer,{G}{G}●,120,"During your next turn, this Pokémon can’t use Ogre’s Hammer.",n/a
350,Ponyta,DRI,29,Basic Pokémon,n/a,n/a,n/a,70,{R},{W},n/a,1,Double Headbutt,●,10×,Flip 2 coins. This attack does 10 damage for each heads.,n/a
351,Rapidash,DRI,30,Stage 1 Pokémon,n/a,n/a,Ponyta,110,{R},{W},n/a,1,[Ability] Hurried Gait,n/a,n/a,"Once during your turn, you may draw a card.",n/a
351,Rapidash,DRI,30,Stage 1 Pokémon,n/a,n/a,Ponyta,110,{R},{W},n/a,1,Fire Mane,{R}●,60,n/a,n/a
352,Ethan's Cyndaquil,DRI,32,Basic Pokémon,n/a,Trainer's Pokémon(Ethan),n/a,70,{R},{W},n/a,1,Ember,{R},30,Discard an Energy from this Pokémon.,n/a
353,Ethan's Quilava,DRI,33,Stage 1 Pokémon,n/a,Trainer's Pokémon(Ethan),Ethan's Cyndaquil,100,{R},{W},n/a,1,[Ability] Bonded by the Journey,n/a,n/a,"Once during your turn, you may search your deck for an Ethan’s Adventure card, reveal it, and put it into your hand. Then, shuffle your deck.",n/a
353,Ethan's Quilava,DRI,33,Stage 1 Pokémon,n/a,Trainer's Pokémon(Ethan),Ethan's Cyndaquil,100,{R},{W},n/a,1,Combustion,{R},40,n/a,n/a
354,Ethan's Typhlosion,DRI,34,Stage 2 Pokémon,n/a,Trainer's Pokémon(Ethan),Ethan's Quilava,170,{R},{W},n/a,2,Buddy Blast,{R},40,This attack does 60 more damage for each Ethan’s Adventure card in your discard pile.,n/a
354,Ethan's Typhlosion,DRI,34,Stage 2 Pokémon,n/a,Trainer's Pokémon(Ethan),Ethan's Quilava,170,{R},{W},n/a,2,Steam Artillery,{R}{R}●,160,n/a,n/a
355,Ethan's Slugma,DRI,35,Basic Pokémon,n/a,Trainer's Pokémon(Ethan),n/a,80,{R},{W},n/a,2,Steady Firebreathing,{R},20,n/a,n/a
356,Ethan's Magcargo,DRI,36,Stage 1 Pokémon,n/a,Trainer's Pokémon(Ethan),Ethan's Slugma,130,{R},{W},n/a,3,[Ability] Melt Away,n/a,n/a,"If this Pokémon has no Energy attached, it has no Retreat Cost.",n/a
356,Ethan's Magcargo,DRI,36,Stage 1 Pokémon,n/a,Trainer's Pokémon(Ethan),Ethan's Slugma,130,{R},{W},n/a,3,Lava Burst,{R}{R}{R},70×,Discard up to 5 {R} Energy from this Pokémon. This attack does 70 damage for each card you discarded in this way.,n/a
357,Ethan's Ho-Oh ex,DRI,39,Basic Pokémon,Pokémon ex,Trainer's Pokémon(Ethan),n/a,230,{R},{W},n/a,2,[Ability] Golden Flame,n/a,n/a,"Once during your turn, you may attach up to 2 Basic {R} Energy cards from your hand to 1 of your Benched Ethan’s Pokémon.",n/a
357,Ethan's Ho-Oh ex,DRI,39,Basic Pokémon,Pokémon ex,Trainer's Pokémon(Ethan),n/a,230,{R},{W},n/a,2,Shining Feathers,{R}{R}{R}{R},160,Heal 50 damage from each of your Pokémon.,n/a
358,Hearthflame Mask Ogerpon,DRI,44,Basic Pokémon,n/a,n/a,n/a,110,{R},{W},n/a,1,Fire Kagura,●,n/a,"Search your deck for a Basic {R} Energy card and attach it to 1 of your Pokémon. Then, shuffle your deck.",n/a
358,Hearthflame Mask Ogerpon,DRI,44,Basic Pokémon,n/a,n/a,n/a,110,{R},{W},n/a,1,Searing Flame,{R}{R}●,80,Your opponent’s Active Pokémon is now Burned.,n/a
359,Misty's Psyduck,DRI,45,Basic Pokémon,n/a,Trainer's Pokémon(Misty),n/a,70,{W},{L},n/a,1,[Ability] Flustered Leap,n/a,n/a,"Once during your turn, if this Pokémon is on your Bench, you may discard the bottom card of your deck. If you do, discard all cards from this Pokémon and put this Pokémon on top of your deck.",n/a
359,Misty's Psyduck,DRI,45,Basic Pokémon,n/a,Trainer's Pokémon(Misty),n/a,70,{W},{L},n/a,1,Sprinkle Water,{W},30,n/a,n/a
360,Misty's Staryu,DRI,46,Basic Pokémon,n/a,Trainer's Pokémon(Misty),n/a,70,{W},{L},n/a,1,Bubble Beam,{W},20,"Flip a coin. If heads, your opponent’s Active Pokémon is now Paralyzed.",n/a
361,Misty's Starmie,DRI,47,Stage 1 Pokémon,n/a,Trainer's Pokémon(Misty),Misty's Staryu,100,{W},{L},n/a,1,Abrupt Flash,{W},60,"If this Pokémon evolved from Misty’s Staryu during this turn, this attack does 80 more damage.",n/a
362,Misty's Magikarp,DRI,48,Basic Pokémon,n/a,Trainer's Pokémon(Misty),n/a,30,{W},{L},n/a,1,[Ability] So Submerged,n/a,n/a,"As long as this Pokémon is on your Bench, prevent all damage from and effects of attacks from your opponent’s Pokémon done to this Pokémon.",n/a
362,Misty's Magikarp,DRI,48,Basic Pokémon,n/a,Trainer's Pokémon(Misty),n/a,30,{W},{L},n/a,1,Splash,{W},10,n/a,n/a
363,Misty's Gyarados,DRI,49,Stage 1 Pokémon,n/a,Trainer's Pokémon(Misty),Misty's Magikarp,180,{W},{L},n/a,4,Splashing Panic,{W},70×,"Discard the top 7 cards of your deck, and this attack does 70 damage for each Misty’s Pokémon that you discarded in this way.",n/a
363,Misty's Gyarados,DRI,49,Stage 1 Pokémon,n/a,Trainer's Pokémon(Misty),Misty's Magikarp,180,{W},{L},n/a,4,Waterfall,{W}{W}●,120,n/a,n/a
364,Misty's Lapras,DRI,50,Basic Pokémon,n/a,Trainer's Pokémon(Misty),n/a,110,{W},{L},n/a,1,Swim Together,{W},n/a,"Search your deck for up to 3 Misty’s Pokémon, reveal them, and put them into your hand. Then, shuffle your deck.",n/a
364,Misty's Lapras,DRI,50,Basic Pokémon,n/a,Trainer's Pokémon(Misty),n/a,110,{W},{L},n/a,1,Surf,{W}●,60,n/a,n/a
365,Cynthia's Feebas,DRI,52,Basic Pokémon,n/a,Trainer's Pokémon(Cynthia),n/a,30,{W},{L},n/a,1,Undulate,●,10,"Flip a coin. If heads, during your opponent’s next turn, prevent all damage from and effects of attacks done to this Pokémon.",n/a
366,Cynthia's Milotic,DRI,53,Stage 1 Pokémon,n/a,Trainer's Pokémon(Cynthia),Cynthia's Feebas,130,{W},{L},n/a,2,Aqua Split,{W}●,60,This attack also does 30 damage to 2 of your opponent’s Benched Pokémon. (Don’t apply Weakness and Resistance for Benched Pokémon.),n/a
367,Buizel,DRI,57,Basic Pokémon,n/a,n/a,n/a,70,{W},{L},n/a,1,Tail Whap,●,10,n/a,n/a
367,Buizel,DRI,57,Basic Pokémon,n/a,n/a,n/a,70,{W},{L},n/a,1,Wave Splash,{W}●●,30,n/a,n/a
368,Floatzel,DRI,58,Stage 1 Pokémon,n/a,n/a,Buizel,120,{W},{L},n/a,1,Whirlpool,●●,30,Discard an Energy from your opponent’s Active Pokémon.,n/a
368,Floatzel,DRI,58,Stage 1 Pokémon,n/a,n/a,Buizel,120,{W},{L},n/a,1,Aqua Slash,{W}●●,140,"During your next turn, this Pokémon can’t attack.",n/a
369,Dondozo ex,DRI,66,Basic Pokémon,Pokémon ex,n/a,n/a,260,{W},{L},n/a,4,Avenging Billow,{W}●,30,This attack does 10 more damage for each damage counter on this Pokémon.,n/a
369,Dondozo ex,DRI,66,Basic Pokémon,Pokémon ex,n/a,n/a,260,{W},{L},n/a,4,Dynamic Dive,{W}{W}●●,120,"You may do 120 more damage. If you do, this Pokémon also does 50 damage to itself.",n/a
370,Wellspring Mask Ogerpon,DRI,67,Basic Pokémon,n/a,n/a,n/a,110,{W},{L},n/a,1,Water Kagura,●,n/a,"Search your deck for a Basic {W} Energy card and attach it to 1 of your Pokémon. Then, shuffle your deck.",n/a
370,Wellspring Mask Ogerpon,DRI,67,Basic Pokémon,n/a,n/a,n/a,110,{W},{L},n/a,1,Bubble Drain,{W}{W}●,100,Heal 30 damage from this Pokémon.,n/a
371,Electabuzz,DRI,68,Basic Pokémon,n/a,n/a,n/a,90,{L},{F},n/a,2,Electroslug,{L}●,50,n/a,n/a
372,Electivire ex,DRI,69,Stage 1 Pokémon,Pokémon ex,n/a,Electabuzz,280,{L},{F},n/a,4,Dual Bolt,{L}●,n/a,This attack does 50 damage to 2 of your opponent’s Pokémon. (Don’t apply Weakness and Resistance for Benched Pokémon.),n/a
372,Electivire ex,DRI,69,Stage 1 Pokémon,Pokémon ex,n/a,Electabuzz,280,{L},{F},n/a,4,High-Voltage Press,{L}{L}●,180,"If this Pokémon has at least 2 extra Energy attached (in addition to this attack’s cost), this attack does 100 more damage.",n/a
373,Ethan's Pichu,DRI,71,Basic Pokémon,n/a,Trainer's Pokémon(Ethan),n/a,30,{L},{F},n/a,n/a,Zapping Draw,No cost,30,Draw a card.,n/a
374,Electrike,DRI,75,Basic Pokémon,n/a,n/a,n/a,60,{L},{F},n/a,1,Rear Kick,●,10,n/a,n/a
374,Electrike,DRI,75,Basic Pokémon,n/a,n/a,n/a,60,{L},{F},n/a,1,Tiny Bolt,{L}●,30,n/a,n/a
375,Manectric,DRI,76,Stage 1 Pokémon,n/a,n/a,Electrike,120,{L},{F},n/a,1,Zap Kick,●,30,n/a,n/a
375,Manectric,DRI,76,Stage 1 Pokémon,n/a,n/a,Electrike,120,{L},{F},n/a,1,Flash Impact,{L}●,120,This attack also does 40 damage to 1 of your Benched Pokémon. (Don’t apply Weakness and Resistance for Benched Pokémon.),n/a
376,Rotom,DRI,77,Basic Pokémon,n/a,n/a,n/a,60,{L},{F},n/a,1,Astonish,{L},20,Choose a random card from your opponent’s hand. Your opponent reveals that card and shuffles it into their deck.,n/a
376,Rotom,DRI,77,Basic Pokémon,n/a,n/a,n/a,60,{L},{F},n/a,1,Gadget Show,●●,30×,This attack does 30 damage for each Pokémon Tool attached to all of your Pokémon.,n/a
377,Zeraora,DRI,78,Basic Pokémon,n/a,n/a,n/a,100,{L},{F},n/a,1,Scratch,●,20,n/a,n/a
377,Zeraora,DRI,78,Basic Pokémon,n/a,n/a,n/a,100,{L},{F},n/a,1,Thunder Raid,{L}{L}{L},n/a,"Discard all Energy from this Pokémon, and this attack does 210 damage to 1 of your opponent’s Benched Pokémon {ex}. (Don’t apply Weakness and Resistance for Benched Pokémon.)",n/a
378,Ethan's Sudowoodo,DRI,93,Basic Pokémon,n/a,Trainer's Pokémon(Ethan),n/a,110,{F},{G},n/a,1,Impound,{F},20,"During your opponent’s next turn, the Defending Pokémon can’t retreat.",n/a
378,Ethan's Sudowoodo,DRI,93,Basic Pokémon,n/a,Trainer's Pokémon(Ethan),n/a,110,{F},{G},n/a,1,Try to Imitate,●●,n/a,"Flip a coin. If heads, choose 1 of your opponent’s Active Pokémon’s attacks and use it as this attack.",n/a
379,Cynthia's Gible,DRI,102,Basic Pokémon,n/a,Trainer's Pokémon(Cynthia),n/a,70,{F},{G},n/a,1,Rock Hurl,{F},20,This attack’s damage isn’t affected by Resistance.,n/a
380,Cynthia's Gabite,DRI,103,Stage 1 Pokémon,n/a,Trainer's Pokémon(Cynthia),Cynthia's Gible,100,{F},{G},n/a,1,[Ability] Champion’s Call,n/a,n/a,"Once during your turn, you may search your deck for a Cynthia’s Pokémon, reveal it, and put it into your hand. Then, shuffle your deck.",n/a
380,Cynthia's Gabite,DRI,103,Stage 1 Pokémon,n/a,Trainer's Pokémon(Cynthia),Cynthia's Gible,100,{F},{G},n/a,1,Dragonslice,{F},40,n/a,n/a
381,Cynthia's Garchomp ex,DRI,104,Stage 2 Pokémon,Pokémon ex,Trainer's Pokémon(Cynthia),Cynthia's Gabite,330,{F},{G},n/a,n/a,Corkscrew Dive,{F},100,You may draw cards until you have 6 cards in your hand.,n/a
381,Cynthia's Garchomp ex,DRI,104,Stage 2 Pokémon,Pokémon ex,Trainer's Pokémon(Cynthia),Cynthia's Gabite,330,{F},{G},n/a,n/a,Draconic Buster,{F}{F},260,Discard all Energy from this Pokémon.,n/a
382,Mudbray,DRI,107,Basic Pokémon,n/a,n/a,n/a,90,{F},{G},n/a,3,Running Charge,{F}●,40×,Flip a coin until you get tails. This attack does 40 damage for each heads.,n/a
383,Mudsdale,DRI,108,Stage 1 Pokémon,n/a,n/a,Mudbray,150,{F},{G},n/a,3,[Ability] Mud Coat,n/a,n/a,This Pokémon takes 30 less damage from attacks (after applying Weakness and Resistance).,n/a
383,Mudsdale,DRI,108,Stage 1 Pokémon,n/a,n/a,Mudbray,150,{F},{G},n/a,3,Heavy Impact,{F}{F}●,130,n/a,n/a
384,Arven's Toedscool,DRI,109,Basic Pokémon,n/a,Trainer's Pokémon(Arven),n/a,70,{F},{G},n/a,1,Slight Intrusion,●,30,This Pokémon also does 10 damage to itself.,n/a
385,Arven's Toedscruel,DRI,110,Stage 1 Pokémon,n/a,Trainer's Pokémon(Arven),Arven's Toedscool,140,{F},{G},n/a,2,Pull,●,n/a,Switch in 1 of your opponent’s Benched Pokémon to the Active Spot.,n/a
385,Arven's Toedscruel,DRI,110,Stage 1 Pokémon,n/a,Trainer's Pokémon(Arven),Arven's Toedscool,140,{F},{G},n/a,2,Reckless Charge,●●●,120,This Pokémon also does 30 damage to itself.,n/a
386,Cornerstone Mask Ogerpon,DRI,111,Basic Pokémon,n/a,n/a,n/a,110,{F},{G},n/a,1,Rock Kagura,●,n/a,"Search your deck for a Basic {F} Energy card and attach it to 1 of your Pokémon. Then, shuffle your deck.",n/a
386,Cornerstone Mask Ogerpon,DRI,111,Basic Pokémon,n/a,n/a,n/a,110,{F},{G},n/a,1,Mountain Ramming,{F}{F}●,100,Discard the top card of your opponent’s deck.,n/a
387,Cynthia's Spiritomb,DRI,129,Basic Pokémon,n/a,Trainer's Pokémon(Cynthia),n/a,70,{D},{G},n/a,1,Raging Curse,●,10×,This attack does 10 damage for each damage counter on all of your Benched Cynthia’s Pokémon. This attack’s damage isn’t affected by Weakness.,n/a
388,Arven's Maschiff,DRI,138,Basic Pokémon,n/a,Trainer's Pokémon(Arven),n/a,70,{D},{G},n/a,2,Stampede,●,10,n/a,n/a
388,Arven's Maschiff,DRI,138,Basic Pokémon,n/a,Trainer's Pokémon(Arven),n/a,70,{D},{G},n/a,2,Confront,●●●,50,n/a,n/a
389,Arven's Mabosstiff ex,DRI,139,Stage 1 Pokémon,Pokémon ex,Trainer's Pokémon(Arven),Arven's Maschiff,270,{D},{G},n/a,3,Vigorous Tackle,●,30,"If this Pokémon has no damage counters on it, this attack does 120 more damage.",n/a
389,Arven's Mabosstiff ex,DRI,139,Stage 1 Pokémon,Pokémon ex,Trainer's Pokémon(Arven),Arven's Maschiff,270,{D},{G},n/a,3,Boss Headbutt,●●●,210,"During your next turn, this Pokémon can’t use Boss Headbutt.",n/a
390,Tauros,DRI,152,Basic Pokémon,n/a,n/a,n/a,130,{C},{F},n/a,2,Horn Attack,●,30,n/a,n/a
390,Tauros,DRI,152,Basic Pokémon,n/a,n/a,n/a,130,{C},{F},n/a,2,Clean Hit,●●,50,"If your opponent’s Active Pokémon is an Evolution Pokémon, this attack does 50 more damage.",n/a
391,Arven's Skwovet,DRI,158,Basic Pokémon,n/a,Trainer's Pokémon(Arven),n/a,60,{C},{F},n/a,1,Gnaw Through,●,10,"Before doing damage, discard all Pokémon Tools from your opponent’s Active Pokémon.",n/a
392,Arven's Greedent,DRI,159,Stage 1 Pokémon,n/a,Trainer's Pokémon(Arven),Arven's Skwovet,120,{C},{F},n/a,2,[Ability] Greedy Order,n/a,n/a,"When you play this Pokémon from your hand to evolve 1 of your Pokémon during your turn, you may put up to 2 Arven’s Sandwich cards from your discard pile into your hand.",n/a
392,Arven's Greedent,DRI,159,Stage 1 Pokémon,n/a,Trainer's Pokémon(Arven),Arven's Skwovet,120,{C},{F},n/a,2,Rolling Tackle,●●,50,n/a,n/a
393,Pineco,DRI,4,Basic Pokémon,n/a,n/a,n/a,70,{G},{R},n/a,2,Hang Down,●,10,n/a,n/a
394,Shroomish,DRI,5,Basic Pokémon,n/a,n/a,n/a,60,{G},{R},n/a,1,Rolling Tackle,●●,30,n/a,n/a
395,Breloom,DRI,6,Stage 1 Pokémon,n/a,n/a,Shroomish,120,{G},{R},n/a,2,Damage Rush,●●,30,Flip a coin until you get tails. This attack does 50 more damage for each heads.,n/a
395,Breloom,DRI,6,Stage 1 Pokémon,n/a,n/a,Shroomish,120,{G},{R},n/a,2,Mega Drain,{G}●●,90,Heal 30 damage from this Pokémon.,n/a
396,Mow Rotom,DRI,9,Basic Pokémon,n/a,n/a,n/a,70,{G},{R},n/a,1,Trimming Mower,{G},20,Discard a Stadium in play.,n/a
396,Mow Rotom,DRI,9,Basic Pokémon,n/a,n/a,n/a,70,{G},{R},n/a,1,Gadget Show,●●,30×,This attack does 30 damage for each Pokémon Tool attached to all of your Pokémon.,n/a
397,Fomantis,DRI,13,Basic Pokémon,n/a,n/a,n/a,60,{G},{R},n/a,1,Cut Up,{G},20,n/a,n/a
398,Lurantis,DRI,14,Stage 1 Pokémon,n/a,n/a,Fomantis,120,{G},{R},n/a,1,Razor Leaf,●,30,n/a,n/a
398,Lurantis,DRI,14,Stage 1 Pokémon,n/a,n/a,Fomantis,120,{G},{R},n/a,1,Petal Blade Dance,{G},130,"Discard 2 Basic {G} Energy cards from your hand. If you can’t discard 2 cards in this way, this attack does nothing.",n/a
399,Team Rocket's Blipbug,DRI,15,Basic Pokémon,n/a,Trainer's Pokémon(Team Rocket),n/a,60,{G},{R},n/a,1,Searching Eyes,●,n/a,Look at 1 of your opponent’s face-down Prize cards.,n/a
400,Team Rocket's Tarountula,DRI,19,Basic Pokémon,n/a,Trainer's Pokémon(Team Rocket),n/a,50,{G},{R},n/a,1,Take Down,{G},30,This Pokémon also does 10 damage to itself.,n/a
401,Team Rocket's Spidops,DRI,20,Stage 1 Pokémon,n/a,Trainer's Pokémon(Team Rocket),Team Rocket's Tarountula,130,{G},{R},n/a,2,[Ability] Charging Up,n/a,n/a,"Once during your turn, you may attach a Basic Energy card from your discard pile to this Pokémon.",n/a
401,Team Rocket's Spidops,DRI,20,Stage 1 Pokémon,n/a,Trainer's Pokémon(Team Rocket),Team Rocket's Tarountula,130,{G},{R},n/a,2,Rocket Rush,{G}●,30×,This attack does 30 damage for each of your Team Rocket’s Pokémon in play.,n/a
402,Smoliv,DRI,21,Basic Pokémon,n/a,n/a,n/a,60,{G},{R},n/a,1,Ram,●,10,n/a,n/a
403,Dolliv,DRI,22,Stage 1 Pokémon,n/a,n/a,Smoliv,90,{G},{R},n/a,1,Nutrients,{G},n/a,Heal 40 damage from 1 of your Pokémon.,n/a
403,Dolliv,DRI,22,Stage 1 Pokémon,n/a,n/a,Smoliv,90,{G},{R},n/a,1,Tackle,●●,40,n/a,n/a
404,Arboliva ex,DRI,23,Stage 2 Pokémon,Pokémon ex,n/a,Dolliv,310,{G},{R},n/a,2,Oil Salvo,{G},n/a,"Choose 1 of your opponent’s Pokémon 6 times. (You can choose the same Pokémon more than once.) For each time you chose a Pokémon, do 20 damage to it. This damage isn’t affected by Weakness or Resistance.",n/a
404,Arboliva ex,DRI,23,Stage 2 Pokémon,Pokémon ex,n/a,Dolliv,310,{G},{R},n/a,2,Aroma Shot,●●●,160,This Pokémon recovers from all Special Conditions.,n/a
405,Growlithe,DRI,27,Basic Pokémon,n/a,n/a,n/a,80,{R},{W},n/a,2,Live Coal,{R},10,n/a,n/a
405,Growlithe,DRI,27,Basic Pokémon,n/a,n/a,n/a,80,{R},{W},n/a,2,Dig Claws,●●,20,n/a,n/a
406,Arcanine,DRI,28,Stage 1 Pokémon,n/a,n/a,Growlithe,140,{R},{W},n/a,3,Flare,●●,50,n/a,n/a
406,Arcanine,DRI,28,Stage 1 Pokémon,n/a,n/a,Growlithe,140,{R},{W},n/a,3,Punishing Fang,{R}●●,100,"If your opponent’s Active Pokémon is a {D} Pokémon, this attack does 100 more damage.",n/a
407,Team Rocket's Moltres ex,DRI,31,Basic Pokémon,Pokémon ex,Trainer's Pokémon(Team Rocket),n/a,220,{R},{L},{F},2,Flame Screen,{R}●●,110,"During your opponent’s next turn, this Pokémon takes 50 less damage from attacks (after applying Weakness and Resistance).",n/a
407,Team Rocket's Moltres ex,DRI,31,Basic Pokémon,Pokémon ex,Trainer's Pokémon(Team Rocket),n/a,220,{R},{L},{F},2,Evil Incineration,{R}●●●,n/a,"Discard a Team Rocket’s Energy from this Pokémon. If you do, discard your opponent’s Active Pokémon and all attached cards.",n/a
408,Team Rocket's Houndour,DRI,37,Basic Pokémon,n/a,Trainer's Pokémon(Team Rocket),n/a,70,{R},{W},n/a,1,Steady Firebreathing,{R},20,n/a,n/a
409,Team Rocket's Houndoom,DRI,38,Stage 1 Pokémon,n/a,Trainer's Pokémon(Team Rocket),Team Rocket's Houndour,130,{R},{W},n/a,2,Cruel Coal,{R},n/a,Your opponent’s Active Pokémon is now Burned and Confused.,n/a
409,Team Rocket's Houndoom,DRI,38,Stage 1 Pokémon,n/a,Trainer's Pokémon(Team Rocket),Team Rocket's Houndour,130,{R},{W},n/a,2,Scorching Fire,{R}●,120,Discard an Energy from this Pokémon.,n/a
410,Torchic,DRI,40,Basic Pokémon,n/a,n/a,n/a,70,{R},{W},n/a,1,Collect,●,n/a,Draw a card.,n/a
410,Torchic,DRI,40,Basic Pokémon,n/a,n/a,n/a,70,{R},{W},n/a,1,Combustion,{R},10,n/a,n/a
411,Combusken,DRI,41,Stage 1 Pokémon,n/a,n/a,Torchic,100,{R},{W},n/a,2,Combustion,●,20,n/a,n/a
411,Combusken,DRI,41,Stage 1 Pokémon,n/a,n/a,Torchic,100,{R},{W},n/a,2,Double Kick,{R}●,40×,Flip 2 coins. This attack does 40 damage for each heads.,n/a
412,Blaziken,DRI,42,Stage 2 Pokémon,n/a,n/a,Combusken,170,{R},{W},n/a,2,Heat Blast,●●,70,n/a,n/a
412,Blaziken,DRI,42,Stage 2 Pokémon,n/a,n/a,Combusken,170,{R},{W},n/a,2,Inferno Kick Flurry,{R}{R}●,120,Discard 2 Energy from this Pokémon. This attack also does 120 damage to 1 of your opponent’s Benched Pokémon. (Don’t apply Weakness and Resistance for Benched Pokémon.),n/a
413,Heat Rotom,DRI,43,Basic Pokémon,n/a,n/a,n/a,80,{R},{W},n/a,2,Singe,{R},n/a,Your opponent’s Active Pokémon is now Burned.,n/a
413,Heat Rotom,DRI,43,Basic Pokémon,n/a,n/a,n/a,80,{R},{W},n/a,2,Gadget Show,●●,30×,This attack does 30 damage for each Pokémon Tool attached to all of your Pokémon.,n/a
414,Team Rocket's Articuno,DRI,51,Basic Pokémon,n/a,Trainer's Pokémon(Team Rocket),n/a,120,{W},{L},{F},1,[Ability] Repelling Veil,n/a,n/a,Prevent all effects of attacks used by your opponent’s Pokémon done to your Basic Team Rocket’s Pokémon. (Existing effects are not removed. Damage is not an effect.),n/a
414,Team Rocket's Articuno,DRI,51,Basic Pokémon,n/a,Trainer's Pokémon(Team Rocket),n/a,120,{W},{L},{F},1,Dark Frost,{W}●●,60,"If this Pokémon has any Team Rocket’s Energy attached, this attack does 60 more damage.",n/a
415,Clamperl,DRI,54,Basic Pokémon,n/a,n/a,n/a,60,{W},{L},n/a,2,Shell Press,{W},10,"During your opponent’s next turn, this Pokémon takes 10 less damage from attacks (after applying Weakness and Resistance).",n/a
416,Huntail,DRI,55,Stage 1 Pokémon,n/a,n/a,Clamperl,110,{W},{L},n/a,1,[Ability] Diver’s Catch,n/a,n/a,"When 1 of your {W} Pokémon is Knocked Out by damage from an attack from your opponent’s Pokémon, you may put all Basic {W} Energy attached to that Pokémon into your hand instead of the discard pile.",n/a
416,Huntail,DRI,55,Stage 1 Pokémon,n/a,n/a,Clamperl,110,{W},{L},n/a,1,Wave Splash,{W}●●,80,n/a,n/a
417,Gorebyss,DRI,56,Stage 1 Pokémon,n/a,n/a,Clamperl,90,{W},{L},n/a,1,Crescendo Wave,{W},30×,"This attack does 30 damage for each {W} Energy attached to this Pokémon. Before doing damage, you may attach any number of Basic {W} Energy cards from your hand to this Pokémon.",n/a
418,Snover,DRI,59,Basic Pokémon,n/a,n/a,n/a,90,{W},{M},n/a,3,Light Punch,●●,20,n/a,n/a
418,Snover,DRI,59,Basic Pokémon,n/a,n/a,n/a,90,{W},{M},n/a,3,Icicle,{W}●●,50,n/a,n/a
419,Abomasnow,DRI,60,Stage 1 Pokémon,n/a,n/a,Snover,150,{W},{M},n/a,4,Lunge Out,●●●,90,n/a,n/a
419,Abomasnow,DRI,60,Stage 1 Pokémon,n/a,n/a,Snover,150,{W},{M},n/a,4,Frozen Wood,{W}{W}{W}●,120,"If this Pokémon has 2 or more {G} Energy attached, this attack does 120 more damage.",n/a
420,Wash Rotom,DRI,61,Basic Pokémon,n/a,n/a,n/a,80,{W},{L},n/a,2,Manual Wash,{W},20,Heal 10 damage from each of your Pokémon.,n/a
420,Wash Rotom,DRI,61,Basic Pokémon,n/a,n/a,n/a,80,{W},{L},n/a,2,Gadget Show,●●,30×,This attack does 30 damage for each Pokémon Tool attached to all of your Pokémon.,n/a
421,Arrokuda,DRI,62,Basic Pokémon,n/a,n/a,n/a,70,{W},{L},n/a,1,Reckless Charge,{W},30,This Pokémon also does 10 damage to itself.,n/a
422,Barraskewda,DRI,63,Stage 1 Pokémon,n/a,n/a,Arrokuda,130,{W},{L},n/a,1,Sharp Fin,{W},40,n/a,n/a
422,Barraskewda,DRI,63,Stage 1 Pokémon,n/a,n/a,Arrokuda,130,{W},{L},n/a,1,Dive,{W}{W},60,"Flip a coin. If heads, during your opponent’s next turn, prevent all damage from and effects of attacks done to this Pokémon.",n/a
423,Cetoddle,DRI,64,Basic Pokémon,n/a,n/a,n/a,100,{W},{M},n/a,3,Gentle Slap,{W}●,30,n/a,n/a
423,Cetoddle,DRI,64,Basic Pokémon,n/a,n/a,n/a,100,{W},{M},n/a,3,Frost Smash,{W}{W}{W}●,80,n/a,n/a
424,Cetitan ex,DRI,65,Stage 1 Pokémon,Pokémon ex,n/a,Cetoddle,300,{W},{M},n/a,4,[Ability] Snow Camouflage,n/a,n/a,"Whenever your opponent plays an Item or Supporter card from their hand, prevent all effects of that card done to this Pokémon.",n/a
424,Cetitan ex,DRI,65,Stage 1 Pokémon,Pokémon ex,n/a,Cetoddle,300,{W},{M},n/a,4,Crushing Press,{W}{W}{W}●,140,"You may discard a Stadium in play. If you do, this attack does 140 more damage.",n/a
425,Team Rocket's Zapdos,DRI,70,Basic Pokémon,n/a,Trainer's Pokémon(Team Rocket),n/a,120,{L},{L},{F},1,Jamming Wing,●●,30,You may move an Energy from your opponent’s Active Pokémon to 1 of their Benched Pokémon.,n/a
425,Team Rocket's Zapdos,DRI,70,Basic Pokémon,n/a,Trainer's Pokémon(Team Rocket),n/a,120,{L},{L},{F},1,Wicked Thunder,{L}●●,60,"If this Pokémon has any Team Rocket’s Energy attached, this attack does 60 more damage.",n/a
426,Team Rocket's Mareep,DRI,72,Basic Pokémon,n/a,Trainer's Pokémon(Team Rocket),n/a,60,{L},{F},n/a,1,Procurement,●,n/a,"Search your deck for an Item card, reveal it, and put it into your hand. Then, shuffle your deck.",n/a
426,Team Rocket's Mareep,DRI,72,Basic Pokémon,n/a,Trainer's Pokémon(Team Rocket),n/a,60,{L},{F},n/a,1,Tiny Bolt,{L},10,n/a,n/a
427,Team Rocket's Flaaffy,DRI,73,Stage 1 Pokémon,n/a,Trainer's Pokémon(Team Rocket),Team Rocket's Mareep,90,{L},{F},n/a,2,Thunder Shock,{L}●,50,"Flip a coin. If heads, your opponent’s Active Pokémon is now Paralyzed.",n/a
428,Team Rocket's Ampharos,DRI,74,Stage 2 Pokémon,n/a,Trainer's Pokémon(Team Rocket),Team Rocket's Flaaffy,140,{L},{F},n/a,2,[Ability] Darkest Impulse,n/a,n/a,"Whenever your opponent plays a Pokémon from their hand to evolve 1 of their Pokémon, put 4 damage counters on that Pokémon. The effect of Darkest Impulse doesn’t stack.",n/a
428,Team Rocket's Ampharos,DRI,74,Stage 2 Pokémon,n/a,Trainer's Pokémon(Team Rocket),Team Rocket's Flaaffy,140,{L},{F},n/a,2,Head Bolt,{L}●●,140,n/a,n/a
429,Team Rocket's Drowzee,DRI,79,Basic Pokémon,n/a,Trainer's Pokémon(Team Rocket),n/a,80,{P},{D},{F},2,Hypnotic Ray,{P},10,Your opponent’s Active Pokémon is now Asleep.,n/a
430,Team Rocket's Hypno,DRI,80,Stage 1 Pokémon,n/a,Trainer's Pokémon(Team Rocket),Team Rocket's Drowzee,130,{P},{D},{F},2,Psyshot,{P},40,n/a,n/a
430,Team Rocket's Hypno,DRI,80,Stage 1 Pokémon,n/a,Trainer's Pokémon(Team Rocket),Team Rocket's Drowzee,130,{P},{D},{F},2,Bench Manipulation,{P}{P}{P},80×,Your opponent flips a coin for each of their Benched Pokémon. This attack does 80 damage to your opponent’s Active Pokémon for each tails. This attack’s damage isn’t affected by Weakness or Resistance.,n/a
431,Team Rocket's Mewtwo ex,DRI,81,Basic Pokémon,Pokémon ex,Trainer's Pokémon(Team Rocket),n/a,280,{P},{D},{F},3,[Ability] Power Saver,n/a,n/a,This Pokémon can’t attack unless you have 4 or more Team Rocket’s Pokémon in play.,n/a
431,Team Rocket's Mewtwo ex,DRI,81,Basic Pokémon,Pokémon ex,Trainer's Pokémon(Team Rocket),n/a,280,{P},{D},{F},3,Erasure Ball,{P}{P}●,160,You may discard up to 2 Energy from your Benched Pokémon. This attack does 60 more damage for each card you discarded in this way.,n/a
432,Team Rocket's Wobbuffet,DRI,82,Basic Pokémon,n/a,Trainer's Pokémon(Team Rocket),n/a,110,{P},{D},{F},2,Rocket Mirror,{P}●,n/a,Move all damage counters from 1 of your Benched Team Rocket’s Pokémon to your opponent’s Active Pokémon.,n/a
432,Team Rocket's Wobbuffet,DRI,82,Basic Pokémon,n/a,Trainer's Pokémon(Team Rocket),n/a,110,{P},{D},{F},2,Headbutt Bounce,{P}●●,70,n/a,n/a
433,Team Rocket's Chingling,DRI,85,Basic Pokémon,n/a,Trainer's Pokémon(Team Rocket),n/a,30,{P},{D},{F},n/a,Chiming Commotion,No cost,n/a,Discard a random card from your opponent’s hand.,n/a
434,Team Rocket's Mimikyu,DRI,87,Basic Pokémon,n/a,Trainer's Pokémon(Team Rocket),n/a,60,{P},{D},{F},n/a,Gemstone Mimicry,{P}●,n/a,Choose 1 of your opponent’s Active Tera Pokémon’s attacks and use it as this attack.,n/a
435,Team Rocket's Dottler,DRI,88,Stage 1 Pokémon,n/a,Trainer's Pokémon(Team Rocket),Team Rocket's Blipbug,80,{P},{D},{F},2,Disruptive Radar,●,n/a,Look at the top 5 cards of your opponent’s deck and put them back in any order.,n/a
435,Team Rocket's Dottler,DRI,88,Stage 1 Pokémon,n/a,Trainer's Pokémon(Team Rocket),Team Rocket's Blipbug,80,{P},{D},{F},2,Super Psy Bolt,{P}●,30,n/a,n/a
436,Team Rocket's Orbeetle,DRI,89,Stage 2 Pokémon,n/a,Trainer's Pokémon(Team Rocket),Team Rocket's Dottler,130,{P},{D},{F},2,[Ability] Rocket Brain,n/a,n/a,"As often as you like during your turn, you may move 1 damage counter from 1 of your Team Rocket’s Pokémon to another of your Pokémon.",n/a
436,Team Rocket's Orbeetle,DRI,89,Stage 2 Pokémon,n/a,Trainer's Pokémon(Team Rocket),Team Rocket's Dottler,130,{P},{D},{F},2,Psychic,{P}●●,40,This attack does 40 more damage for each Energy attached to your opponent’s Active Pokémon.,n/a
437,Mankey,DRI,90,Basic Pokémon,n/a,n/a,n/a,70,{F},{P},n/a,1,Wild Kick,{F},30,"Flip a coin. If tails, this attack does nothing.",n/a
438,Primeape,DRI,91,Stage 1 Pokémon,n/a,n/a,Mankey,110,{F},{P},n/a,2,Drag Off,{F},n/a,Switch in 1 of your opponent’s Benched Pokémon to the Active Spot. This attack does 30 damage to the new Active Pokémon.,n/a
439,Annihilape,DRI,92,Stage 2 Pokémon,n/a,n/a,Primeape,150,{F},{P},n/a,2,[Ability] Lose Cool,n/a,n/a,"If this Pokémon has 2 or more damage counters on it, attacks used by this Pokémon do 120 more damage to your opponent’s Active Pokémon (before applying Weakness and Resistance).",n/a
439,Annihilape,DRI,92,Stage 2 Pokémon,n/a,n/a,Primeape,150,{F},{P},n/a,2,Impact Blow,{F}{F},160,"During your next turn, this Pokémon can’t use Impact Blow.",n/a
440,Team Rocket's Larvitar,DRI,94,Basic Pokémon,n/a,Trainer's Pokémon(Team Rocket),n/a,70,{F},{G},n/a,1,Mountain Munch,●,10,Discard the top card of your opponent’s deck.,n/a
441,Team Rocket's Pupitar,DRI,95,Stage 1 Pokémon,n/a,Trainer's Pokémon(Team Rocket),Team Rocket's Larvitar,100,{F},{G},n/a,2,Explosive Ascension,●,30,"Search your deck for a card that evolves from this Pokémon and put it onto this Pokémon to evolve it. Then, shuffle your deck.",n/a
442,Team Rocket's Tyranitar,DRI,96,Stage 2 Pokémon,n/a,Trainer's Pokémon(Team Rocket),Team Rocket's Pupitar,180,{F},{G},n/a,3,[Ability] Sand Stream,n/a,n/a,"During Pokémon Checkup, if this Pokémon is in the Active Spot, put 2 damage counters on each of your opponent’s Basic Pokémon.",n/a
442,Team Rocket's Tyranitar,DRI,96,Stage 2 Pokémon,n/a,Trainer's Pokémon(Team Rocket),Team Rocket's Pupitar,180,{F},{G},n/a,3,Demolition Tackle,{F}●●●,180,Discard an Energy from your opponent’s Active Pokémon.,n/a
443,Nosepass,DRI,97,Basic Pokémon,n/a,n/a,n/a,80,{F},{G},n/a,3,Headbutt,{F},20,n/a,n/a
443,Nosepass,DRI,97,Basic Pokémon,n/a,n/a,n/a,80,{F},{G},n/a,3,Rock Throw,●●●,40,n/a,n/a
444,Probopass,DRI,98,Stage 1 Pokémon,n/a,n/a,Nosepass,140,{F},{G},n/a,3,Power Gem,{F},40,n/a,n/a
444,Probopass,DRI,98,Stage 1 Pokémon,n/a,n/a,Nosepass,140,{F},{G},n/a,3,Mountain Drop,●●●,70,"If a Stadium is in play, this attack does 70 more damage.",n/a
445,Meditite,DRI,99,Basic Pokémon,n/a,n/a,n/a,70,{F},{P},n/a,1,Steady Punch,{F},10,"Flip a coin. If heads, this attack does 20 more damage.",n/a
446,Medicham,DRI,100,Stage 1 Pokémon,n/a,n/a,Meditite,120,{F},{P},n/a,1,Harmonious Spirit Palm,{F},50,"If this Pokémon and your opponent’s Active Pokémon have the same amount of Energy attached, this attack does 120 more damage.",n/a
447,Regirock ex,DRI,101,Basic Pokémon,Pokémon ex,n/a,n/a,230,{F},{G},n/a,3,Regi Charge,●,n/a,Attach up to 2 Basic {F} Energy cards from your discard pile to this Pokémon.,n/a
447,Regirock ex,DRI,101,Basic Pokémon,Pokémon ex,n/a,n/a,230,{F},{G},n/a,3,Giant Rock,{F}●●●,140,"If your opponent’s Active Pokémon is a Stage 2 Pokémon, this attack does 140 more damage.",n/a
448,Team Rocket's Ekans,DRI,112,Basic Pokémon,n/a,Trainer's Pokémon(Team Rocket),n/a,70,{D},{F},n/a,1,Drag Down,●,n/a,"Flip a coin. If heads, your opponent’s Active Pokémon is now Paralyzed.",n/a
448,Team Rocket's Ekans,DRI,112,Basic Pokémon,n/a,Trainer's Pokémon(Team Rocket),n/a,70,{D},{F},n/a,1,Gnaw,{D},10,n/a,n/a
449,Team Rocket's Arbok,DRI,113,Stage 1 Pokémon,n/a,Trainer's Pokémon(Team Rocket),Team Rocket's Ekans,130,{D},{F},n/a,2,[Ability] Potent Glare,n/a,n/a,"As long as this Pokémon is in the Active Spot, your opponent can’t play any Pokémon that has an Ability from their hand, except for Team Rocket’s Pokémon.",n/a
449,Team Rocket's Arbok,DRI,113,Stage 1 Pokémon,n/a,Trainer's Pokémon(Team Rocket),Team Rocket's Ekans,130,{D},{F},n/a,2,Spinning Tail,{D}{D}{D},n/a,This attack does 30 damage to each of your opponent’s Pokémon. (Don’t apply Weakness and Resistance for Benched Pokémon.),n/a
450,Team Rocket's Nidoran♀,DRI,114,Basic Pokémon,n/a,Trainer's Pokémon(Team Rocket),n/a,70,{D},{F},n/a,1,Surprise Attack,{D},30,"Flip a coin. If tails, this attack does nothing.",n/a
451,Team Rocket's Nidorina,DRI,115,Stage 1 Pokémon,n/a,Trainer's Pokémon(Team Rocket),Team Rocket's Nidoran♀,90,{D},{F},n/a,2,Dark Awakening,{D},n/a,"Choose up to 2 of your {D} Pokémon. For each of those Pokémon, search your deck for a card that evolves from that Pokémon and put it onto that Pokémon to evolve it. Then, shuffle your deck.",n/a
451,Team Rocket's Nidorina,DRI,115,Stage 1 Pokémon,n/a,Trainer's Pokémon(Team Rocket),Team Rocket's Nidoran♀,90,{D},{F},n/a,2,Scratch,{D}{D},50,n/a,n/a
452,Team Rocket's Nidoqueen,DRI,116,Stage 2 Pokémon,n/a,Trainer's Pokémon(Team Rocket),Team Rocket's Nidorina,170,{D},{F},n/a,3,Love Impact,{D},60,"If a Pokémon that has ""Nidoking"" in its name is on your Bench, this attack does 120 more damage.",n/a
452,Team Rocket's Nidoqueen,DRI,116,Stage 2 Pokémon,n/a,Trainer's Pokémon(Team Rocket),Team Rocket's Nidorina,170,{D},{F},n/a,3,Mega Kick,{D}{D},130,n/a,n/a
453,Team Rocket's Nidoran♂,DRI,117,Basic Pokémon,n/a,Trainer's Pokémon(Team Rocket),n/a,70,{D},{F},n/a,1,Pierce,{D},10,n/a,n/a
453,Team Rocket's Nidoran♂,DRI,117,Basic Pokémon,n/a,Trainer's Pokémon(Team Rocket),n/a,70,{D},{F},n/a,1,Hammer In,{D}●,30,n/a,n/a
454,Team Rocket's Nidorino,DRI,118,Stage 1 Pokémon,n/a,Trainer's Pokémon(Team Rocket),Team Rocket's Nidoran♂,100,{D},{F},n/a,2,Hammer In,{D}●,30,n/a,n/a
454,Team Rocket's Nidorino,DRI,118,Stage 1 Pokémon,n/a,Trainer's Pokémon(Team Rocket),Team Rocket's Nidoran♂,100,{D},{F},n/a,2,Horn Rend,{D}{D}●,60,"If your opponent’s Active Pokémon already has any damage counters on it, this attack does 60 more damage.",n/a
455,Team Rocket's Nidoking ex,DRI,119,Stage 2 Pokémon,Pokémon ex,Trainer's Pokémon(Team Rocket),Team Rocket's Nidorino,330,{D},{F},n/a,3,Tainted Horn,{D}{D}●,100,"Your opponent’s Active Pokémon is now Poisoned. During Pokémon Checkup, put 8 damage counters on that Pokémon instead of 1.",n/a
455,Team Rocket's Nidoking ex,DRI,119,Stage 2 Pokémon,Pokémon ex,Trainer's Pokémon(Team Rocket),Team Rocket's Nidorino,330,{D},{F},n/a,3,Kingly Impact,{D}{D}{D}●,240,n/a,n/a
456,Team Rocket's Zubat,DRI,120,Basic Pokémon,n/a,Trainer's Pokémon(Team Rocket),n/a,50,{D},{L},{F},1,Poison Spray,{D},n/a,Your opponent’s Active Pokémon is now Poisoned.,n/a
457,Team Rocket's Golbat,DRI,121,Stage 1 Pokémon,n/a,Trainer's Pokémon(Team Rocket),Team Rocket's Zubat,80,{D},{L},{F},1,[Ability] Sneaky Bite,n/a,n/a,"When you play this Pokémon from your hand to evolve 1 of your Pokémon during your turn, you may put 2 damage counters on 1 of your opponent’s Pokémon.",n/a
457,Team Rocket's Golbat,DRI,121,Stage 1 Pokémon,n/a,Trainer's Pokémon(Team Rocket),Team Rocket's Zubat,80,{D},{L},{F},1,Confuse Ray,{D},30,Your opponent’s Active Pokémon is now Confused.,n/a
458,Team Rocket's Crobat ex,DRI,122,Stage 2 Pokémon,Pokémon ex,Trainer's Pokémon(Team Rocket),Team Rocket's Golbat,310,{D},{L},{F},1,[Ability] Biting Spree,n/a,n/a,"When you play this Pokémon from your hand to evolve 1 of your Pokémon during your turn, you may choose 2 of your opponent’s Pokémon and put 2 damage counters on each of them.",n/a
458,Team Rocket's Crobat ex,DRI,122,Stage 2 Pokémon,Pokémon ex,Trainer's Pokémon(Team Rocket),Team Rocket's Golbat,310,{D},{L},{F},1,Assassin’s Return,{D}{D},120,You may put this Pokémon into your hand. (Discard all cards attached to this Pokémon.),n/a
459,Team Rocket's Grimer,DRI,123,Basic Pokémon,n/a,Trainer's Pokémon(Team Rocket),n/a,80,{D},{F},n/a,3,Corrosive Sludge,{D}●,n/a,"At the end of your opponent’s next turn, discard the Defending Pokémon and all attached cards.",n/a
460,Team Rocket's Muk,DRI,124,Stage 1 Pokémon,n/a,Trainer's Pokémon(Team Rocket),Team Rocket's Grimer,150,{D},{F},n/a,4,Gooped Up,{D}●,40,"Your opponent’s Active Pokémon is now Confused. During your opponent’s next turn, that Pokémon can’t retreat.",n/a
460,Team Rocket's Muk,DRI,124,Stage 1 Pokémon,n/a,Trainer's Pokémon(Team Rocket),Team Rocket's Grimer,150,{D},{F},n/a,4,Hazardous Venom,{D}{D}●,100×,This attack does 100 damage for each Special Condition affecting your opponent’s Active Pokémon.,n/a
461,Team Rocket's Koffing,DRI,125,Basic Pokémon,n/a,Trainer's Pokémon(Team Rocket),n/a,70,{D},{F},n/a,1,[Ability] Smog Signals,n/a,n/a,"If this Pokémon is in the Active Spot and is damaged by an attack from your opponent’s Pokémon (even if this Pokémon is Knocked Out), search your deck for up to 2 Pokémon that have “Koffing” in their name and put them onto your Bench. Then, shuffle your deck.",n/a
461,Team Rocket's Koffing,DRI,125,Basic Pokémon,n/a,Trainer's Pokémon(Team Rocket),n/a,70,{D},{F},n/a,1,Leaking Gas,{D}●,30,n/a,n/a
462,Team Rocket's Weezing,DRI,126,Stage 1 Pokémon,n/a,Trainer's Pokémon(Team Rocket),Team Rocket's Koffing,130,{D},{F},n/a,2,Explode Together Now,{D}●,40×,This attack does 40 damage for each Pokémon in play that has “Koffing” or “Weezing” in its name (both yours and your opponent’s).,n/a
463,Team Rocket's Murkrow,DRI,127,Basic Pokémon,n/a,Trainer's Pokémon(Team Rocket),n/a,80,{D},{L},{F},1,Deceit,●,n/a,"Search your deck for a Supporter card, reveal it, and put it into your hand. Then, shuffle your deck.",n/a
463,Team Rocket's Murkrow,DRI,127,Basic Pokémon,n/a,Trainer's Pokémon(Team Rocket),n/a,80,{D},{L},{F},1,Torment,{D}●,30,"Choose 1 of your opponent’s Active Pokémon’s attacks. During your opponent’s next turn, that Pokémon can’t use that attack.",n/a
464,Team Rocket's Sneasel,DRI,128,Basic Pokémon,n/a,Trainer's Pokémon(Team Rocket),n/a,80,{D},{G},n/a,1,Scratch,{D},20,n/a,n/a
464,Team Rocket's Sneasel,DRI,128,Basic Pokémon,n/a,Trainer's Pokémon(Team Rocket),n/a,80,{D},{G},n/a,1,Strike the Sleeper,{D}{D},n/a,This attack does 20 damage to 1 of your opponent’s Benched Pokémon for each damage counter on that Pokémon. (Don’t apply Weakness and Resistance for Benched Pokémon.),n/a
465,Forretress,DRI,140,Stage 1 Pokémon,n/a,n/a,Pineco,130,{M},{R},{G},2,Iron Shake-Up,●,20,You may move any amount of {M} Energy from your Pokémon to your other Pokémon in any way you like.,n/a
465,Forretress,DRI,140,Stage 1 Pokémon,n/a,n/a,Pineco,130,{M},{R},{G},2,Hurricane of Needles,{M}●●●,80×,Flip 4 coins. This attack does 80 damage for each heads.,n/a
466,Skarmory,DRI,141,Basic Pokémon,n/a,n/a,n/a,110,{M},{L},{F},1,Roost,●,n/a,"Heal 50 damage from this Pokémon. During your next turn, this Pokémon can’t retreat.",n/a
466,Skarmory,DRI,141,Basic Pokémon,n/a,n/a,n/a,110,{M},{L},{F},1,Metal Claw,{M}●,60,n/a,n/a
467,Zamazenta,DRI,146,Basic Pokémon,n/a,n/a,n/a,130,{M},{R},{G},2,Strong Bash,{M}{M}●,70,"During your opponent’s next turn, if this Pokémon is damaged by an attack (even if this Pokémon is Knocked Out), put damage counters on the Attacking Pokémon equal to the damage done to this Pokémon.",n/a
468,Team Rocket's Rattata,DRI,147,Basic Pokémon,n/a,Trainer's Pokémon(Team Rocket),n/a,50,{C},{F},n/a,1,Dangerous Incisors,●,10,Your opponent’s Active Pokémon is now Poisoned.,n/a
469,Team Rocket's Raticate,DRI,148,Stage 1 Pokémon,n/a,Trainer's Pokémon(Team Rocket),Team Rocket's Rattata,90,{C},{F},n/a,1,Reckless Abandon,●,90,"Flip 2 coins. If both of them are tails, this Pokémon also does 90 damage to itself.",n/a
470,Team Rocket's Meowth,DRI,149,Basic Pokémon,n/a,Trainer's Pokémon(Team Rocket),n/a,70,{C},{F},n/a,1,Paw-cket Pilfer,●,n/a,Choose a random card from your opponent’s hand. Your opponent reveals that card and shuffles it into their deck.,n/a
470,Team Rocket's Meowth,DRI,149,Basic Pokémon,n/a,Trainer's Pokémon(Team Rocket),n/a,70,{C},{F},n/a,1,Fury Swipes,●●,20×,Flip 3 coins. This attack does 20 damage for each heads.,n/a
471,Team Rocket's Persian ex,DRI,150,Stage 1 Pokémon,Pokémon ex,Trainer's Pokémon(Team Rocket),Team Rocket's Meowth,260,{C},{F},n/a,2,Haughty Order,●●,n/a,Reveal the top 10 cards of your opponent’s deck. You may choose an attack from a Pokémon you find there and use it as this attack. Shuffle the revealed cards into your opponent’s deck.,n/a
471,Team Rocket's Persian ex,DRI,150,Stage 1 Pokémon,Pokémon ex,Trainer's Pokémon(Team Rocket),Team Rocket's Meowth,260,{C},{F},n/a,2,Cruel Slash,●●●,140,Your opponent’s Active Pokémon is now Confused.,n/a
472,Kangaskhan,DRI,151,Basic Pokémon,n/a,n/a,n/a,120,{C},{F},n/a,2,Gentle Slap,●●,50,n/a,n/a
472,Kangaskhan,DRI,151,Basic Pokémon,n/a,n/a,n/a,120,{C},{F},n/a,2,Dizzy Punch,●●●,90×,Flip 2 coins. This attack does 90 damage for each heads.,n/a
473,Team Rocket's Porygon,DRI,153,Basic Pokémon,n/a,Trainer's Pokémon(Team Rocket),n/a,60,{C},{F},n/a,1,Hacking,●,n/a,"Discard a card from your hand. If you do, your opponent discards a card from their hand.",n/a
474,Team Rocket's Porygon2,DRI,154,Stage 1 Pokémon,n/a,Trainer's Pokémon(Team Rocket),Team Rocket's Porygon,90,{C},{F},n/a,1,R Command,●●●,20×,This attack does 20 damage for each Supporter card that has “Team Rocket” in its name in your discard pile.,n/a
475,Team Rocket's Porygon-Z,DRI,155,Stage 2 Pokémon,n/a,Trainer's Pokémon(Team Rocket),Team Rocket's Porygon2,140,{C},{F},n/a,1,[Ability] Reconstitute,n/a,n/a,"You must discard 2 cards from your hand in order to use this Ability. Once during your turn, you may draw a card.",n/a
475,Team Rocket's Porygon-Z,DRI,155,Stage 2 Pokémon,n/a,Trainer's Pokémon(Team Rocket),Team Rocket's Porygon2,140,{C},{F},n/a,1,R Command,●●,20×,This attack does 20 damage for each Supporter card that has “Team Rocket” in its name in your discard pile.,n/a
476,Taillow,DRI,156,Basic Pokémon,n/a,n/a,n/a,60,{C},{L},{F},1,Wing Attack,●,20,n/a,n/a
477,Swellow,DRI,157,Stage 1 Pokémon,n/a,n/a,Taillow,100,{C},{L},{F},n/a,Add On,●,n/a,Draw 3 cards.,n/a
477,Swellow,DRI,157,Stage 1 Pokémon,n/a,n/a,Taillow,100,{C},{L},{F},n/a,Speed Wing,●●,70,n/a,n/a
478,Squawkabilly,DRI,160,Basic Pokémon,n/a,n/a,n/a,70,{C},{L},{F},1,Push Down,●,20,You may switch out your opponent’s Active Pokémon to the Bench. (Your opponent chooses the new Active Pokémon.),n/a
479,Snivy,BLK,1,Basic Pokémon,n/a,n/a,n/a,70,{G},{R},n/a,1,Tackle,{G},10,n/a,n/a
479,Snivy,BLK,1,Basic Pokémon,n/a,n/a,n/a,70,{G},{R},n/a,1,Vine Whip,{G}{G},30,n/a,n/a
480,Servine,BLK,2,Stage 1 Pokémon,n/a,n/a,Snivy,100,{G},{R},n/a,1,Wrap,{G},20,"Flip a coin. If heads, your opponent’s Active Pokémon is now Paralyzed.",n/a
480,Servine,BLK,2,Stage 1 Pokémon,n/a,n/a,Snivy,100,{G},{R},n/a,1,Vine Whip,{G}●●,60,n/a,n/a
481,Serperior ex,BLK,3,Stage 2 Pokémon,Pokémon ex,n/a,Servine,320,{G},{R},n/a,2,[Ability] Regal Cheer,n/a,n/a,Attacks used by your Pokémon do 20 more damage to your opponent’s Active Pokémon (before applying Weakness and Resistance).,n/a
481,Serperior ex,BLK,3,Stage 2 Pokémon,Pokémon ex,n/a,Servine,320,{G},{R},n/a,2,Command the Grass,{G}●●●,150,"You may search your deck for up to 3 cards and put them into your hand. Then, shuffle your deck.",n/a
482,Pansage,BLK,4,Basic Pokémon,n/a,n/a,n/a,70,{G},{R},n/a,1,Collect,●,n/a,Draw a card.,n/a
482,Pansage,BLK,4,Basic Pokémon,n/a,n/a,n/a,70,{G},{R},n/a,1,Scratch,●●,30,n/a,n/a
483,Simisage,BLK,5,Stage 1 Pokémon,n/a,n/a,Pansage,100,{G},{R},n/a,1,Gentle Slap,●●,70,n/a,n/a
484,Petilil,BLK,6,Basic Pokémon,n/a,n/a,n/a,60,{G},{R},n/a,1,Hide,●,n/a,"Flip a coin. If heads, during your opponent’s next turn, prevent all damage from and effects of attacks done to this Pokémon.",n/a
484,Petilil,BLK,6,Basic Pokémon,n/a,n/a,n/a,60,{G},{R},n/a,1,Leafage,{G},10,n/a,n/a
485,Lilligant,BLK,7,Stage 1 Pokémon,n/a,n/a,Petilil,100,{G},{R},n/a,1,Bemusing Aroma,{G},30,"Flip a coin. If heads, your opponent’s Active Pokémon is now Paralyzed and Poisoned. If tails, your opponent’s Active Pokémon is now Confused.",n/a
485,Lilligant,BLK,7,Stage 1 Pokémon,n/a,n/a,Petilil,100,{G},{R},n/a,1,Cut,{G}●●,70,n/a,n/a
486,Maractus,BLK,8,Basic Pokémon,n/a,n/a,n/a,100,{G},{R},n/a,1,Lively Needles,{G},20,"If this Pokémon was healed during this turn, this attack does 100 more damage.",n/a
486,Maractus,BLK,8,Basic Pokémon,n/a,n/a,n/a,100,{G},{R},n/a,1,Pierce,{G}●,50,n/a,n/a
487,Karrablast,BLK,9,Basic Pokémon,n/a,n/a,n/a,60,{G},{R},n/a,1,[Ability] Stimulated Evolution,n/a,n/a,"If you have Shelmet in play, this Pokémon can evolve during your first turn or the turn you play it.",n/a
487,Karrablast,BLK,9,Basic Pokémon,n/a,n/a,n/a,60,{G},{R},n/a,1,Horn Attack,●,10,n/a,n/a
488,Foongus,BLK,10,Basic Pokémon,n/a,n/a,n/a,50,{G},{R},n/a,1,Toxic Spore,●,n/a,Your opponent’s Active Pokémon is now Poisoned.,n/a
489,Amoonguss,BLK,11,Stage 1 Pokémon,n/a,n/a,Foongus,120,{G},{R},n/a,2,Dangerous Reaction,●,30,"If your opponent’s Active Pokémon is affected by a Special Condition, this attack does 120 more damage.",n/a
489,Amoonguss,BLK,11,Stage 1 Pokémon,n/a,n/a,Foongus,120,{G},{R},n/a,2,Seed Bomb,{G}●,60,n/a,n/a
490,Victini,BLK,12,Basic Pokémon,n/a,n/a,n/a,80,{R},{W},n/a,1,V-Force,{R}{R},120,"If you have 4 or fewer Benched Pokémon, this attack does nothing.",n/a
491,Darumaka,BLK,13,Basic Pokémon,n/a,n/a,n/a,80,{R},{W},n/a,2,Will-O-Wisp,{R}●,30,n/a,n/a
492,Darmanitan,BLK,14,Stage 1 Pokémon,n/a,n/a,Darumaka,140,{R},{W},n/a,2,Searing Flame,{R}●,50,Your opponent’s Active Pokémon is now Burned.,n/a
492,Darmanitan,BLK,14,Stage 1 Pokémon,n/a,n/a,Darumaka,140,{R},{W},n/a,2,Smashing Headbutt,{R}●●●,180,Discard 2 Energy from this Pokémon.,n/a
493,Litwick,WHT,16,Basic Pokémon,n/a,n/a,n/a,60,{R},{W},n/a,1,Brighten and Burn,{R},n/a,Look at the top card of your deck. You may discard that card.,n/a
494,Lampent,WHT,17,Stage 1 Pokémon,n/a,n/a,Litwick,80,{R},{W},n/a,1,Fire Blast,{R},50,Discard an Energy from this Pokémon.,n/a
495,Chandelure,WHT,18,Stage 2 Pokémon,n/a,n/a,Lampent,150,{R},{W},n/a,2,Incendiary Pillar,{R},50,"If you have 10 or more Basic {R} Energy cards in your discard pile, this attack does 100 more damage.",n/a
495,Chandelure,WHT,18,Stage 2 Pokémon,n/a,n/a,Lampent,150,{R},{W},n/a,2,Burn It All Up,{R}{R},180,Discard all Energy from this Pokémon.,n/a
496,Larvesta,BLK,15,Basic Pokémon,n/a,n/a,n/a,60,{R},{W},n/a,1,Peck Off,●,10,"Before doing damage, discard all Pokémon Tools from your opponent’s Active Pokémon.",n/a
497,Volcarona,BLK,16,Stage 1 Pokémon,n/a,n/a,Larvesta,120,{R},{W},n/a,1,[Ability] Torrid Scales,n/a,n/a,"You must discard a Basic {R} Energy card from your hand in order to use this Ability. Once during your turn, you may make your opponent’s Active Pokémon Burned.",n/a
497,Volcarona,BLK,16,Stage 1 Pokémon,n/a,n/a,Larvesta,120,{R},{W},n/a,1,Fire Wing,{R}●●,70,n/a,n/a
498,Panpour,BLK,17,Basic Pokémon,n/a,n/a,n/a,70,{W},{L},n/a,1,Collect,●,n/a,Draw a card.,n/a
498,Panpour,BLK,17,Basic Pokémon,n/a,n/a,n/a,70,{W},{L},n/a,1,Scratch,●●,30,n/a,n/a
499,Simipour,BLK,18,Stage 1 Pokémon,n/a,n/a,Panpour,100,{W},{L},n/a,1,Gentle Slap,●●,70,n/a,n/a
500,Tympole,BLK,19,Basic Pokémon,n/a,n/a,n/a,60,{W},{L},n/a,1,Round,●●,20×,This attack does 20 damage for each of your Pokémon in play that has the Round attack.,n/a
501,Palpitoad,BLK,20,Stage 1 Pokémon,n/a,n/a,Tympole,90,{W},{L},n/a,2,Round,●●,40×,This attack does 40 damage for each of your Pokémon in play that has the Round attack.,n/a
501,Palpitoad,BLK,20,Stage 1 Pokémon,n/a,n/a,Tympole,90,{W},{L},n/a,2,Wave Splash,{W}●●,60,n/a,n/a
502,Seismitoad,BLK,21,Stage 2 Pokémon,n/a,n/a,Palpitoad,170,{W},{L},n/a,3,Round,●●●,70×,This attack does 70 damage for each of your Pokémon in play that has the Round attack.,n/a
502,Seismitoad,BLK,21,Stage 2 Pokémon,n/a,n/a,Palpitoad,170,{W},{L},n/a,3,Hyper Voice,{W}●●●,160,n/a,n/a
503,Tirtouga,BLK,22,Stage 1 Pokémon,n/a,n/a,Antique Cover Fossil,100,{W},{L},n/a,3,Ancient Seaweed,{W},30×,This attack does 30 damage for each Item card in your opponent’s discard pile.,n/a
503,Tirtouga,BLK,22,Stage 1 Pokémon,n/a,n/a,Antique Cover Fossil,100,{W},{L},n/a,3,Surf,{W}●●,80,n/a,n/a
504,Carracosta,BLK,23,Stage 2 Pokémon,n/a,n/a,Tirtouga,180,{W},{L},n/a,3,[Ability] Mighty Shell,n/a,n/a,Prevent all damage from and effects of attacks done to this Pokémon by your opponent’s Pokémon that have any Special Energy attached.,n/a
504,Carracosta,BLK,23,Stage 2 Pokémon,n/a,n/a,Tirtouga,180,{W},{L},n/a,3,Big Bite,{W}●●,150,"During your opponent’s next turn, the Defending Pokémon can’t retreat.",n/a
505,Alomomola,BLK,24,Basic Pokémon,n/a,n/a,n/a,110,{W},{L},n/a,1,[Ability] Gentle Fin,n/a,n/a,"Once during your turn, if this Pokémon is in the Active Spot, you may put a Basic Pokémon with 70 HP or less from your discard pile onto your Bench.",n/a
505,Alomomola,BLK,24,Basic Pokémon,n/a,n/a,n/a,110,{W},{L},n/a,1,Waterfall,{W}●●,70,n/a,n/a
506,Cubchoo,BLK,25,Basic Pokémon,n/a,n/a,n/a,70,{W},{M},n/a,2,Snotted Up,{W},10,"During your opponent’s next turn, the Defending Pokémon can’t use attacks.",n/a
507,Beartic,BLK,26,Stage 1 Pokémon,n/a,n/a,Cubchoo,150,{W},{M},n/a,3,Continuous Headbutt,●,50×,Flip a coin until you get tails. This attack does 50 damage for each heads.,n/a
507,Beartic,BLK,26,Stage 1 Pokémon,n/a,n/a,Cubchoo,150,{W},{M},n/a,3,Sheer Cold,{W}{W}{W}●,150,"During your opponent’s next turn, the Defending Pokémon can’t use attacks.",n/a
508,Cryogonal,BLK,27,Basic Pokémon,n/a,n/a,n/a,90,{W},{M},n/a,1,Drag Off,{W},n/a,Switch in 1 of your opponent’s Benched Pokémon to the Active Spot. This attack does 20 damage to the new Active Pokémon.,n/a
508,Cryogonal,BLK,27,Basic Pokémon,n/a,n/a,n/a,90,{W},{M},n/a,1,Icicle,{W},30,n/a,n/a
509,Kyurem ex,BLK,28,Basic Pokémon,Pokémon ex,n/a,n/a,230,{W},{M},n/a,2,Slash,●●,50,n/a,n/a
509,Kyurem ex,BLK,28,Basic Pokémon,Pokémon ex,n/a,n/a,230,{W},{M},n/a,2,Blizzard Burst,{W}{W}●,130,This attack also does 10 damage to each of your opponent’s Benched Pokémon for each Prize card your opponent has taken. (Don’t apply Weakness and Resistance for Benched Pokémon.),n/a
510,Emolga,BLK,29,Basic Pokémon,n/a,n/a,n/a,70,{L},{F},n/a,n/a,Call for Family,●,n/a,"Search your deck for up to 2 Basic Pokémon and put them onto your Bench. Then, shuffle your deck.",n/a
510,Emolga,BLK,29,Basic Pokémon,n/a,n/a,n/a,70,{L},{F},n/a,n/a,Static Shock,{L},20,n/a,n/a
511,Tynamo,BLK,30,Basic Pokémon,n/a,n/a,n/a,40,{L},{F},n/a,n/a,Hold Still,●,n/a,Heal 10 damage from this Pokémon.,n/a
512,Eelektrik,BLK,31,Stage 1 Pokémon,n/a,n/a,Tynamo,90,{L},{F},n/a,2,[Ability] Dynamotor,n/a,n/a,"Once during your turn, you may attach a Basic {L} Energy card from your discard pile to 1 of your Benched Pokémon.",n/a
512,Eelektrik,BLK,31,Stage 1 Pokémon,n/a,n/a,Tynamo,90,{L},{F},n/a,2,Electric Ball,{L}{L}●,50,n/a,n/a
513,Eelektross,BLK,32,Stage 2 Pokémon,n/a,n/a,Eelektrik,160,{L},{F},n/a,3,Thunder Fang,{L},60,"Flip a coin. If heads, your opponent’s Active Pokémon is now Paralyzed.",n/a
513,Eelektross,BLK,32,Stage 2 Pokémon,n/a,n/a,Eelektrik,160,{L},{F},n/a,3,Buzz Flip,{L}{L}{L}●,100×,Flip 4 coins. This attack does 100 damage for each heads.,n/a
514,Thundurus,BLK,33,Basic Pokémon,n/a,n/a,n/a,120,{L},{F},n/a,1,Charge,●,n/a,"Search your deck for a Basic {L} Energy card and attach it to this Pokémon. Then, shuffle your deck.",n/a
514,Thundurus,BLK,33,Basic Pokémon,n/a,n/a,n/a,120,{L},{F},n/a,1,Disaster Volt,{L}●●,110,Discard an Energy from this Pokémon.,n/a
515,Zekrom ex,BLK,34,Basic Pokémon,Pokémon ex,n/a,n/a,230,{L},{F},n/a,2,Slash,●●,50,n/a,n/a
515,Zekrom ex,BLK,34,Basic Pokémon,Pokémon ex,n/a,n/a,230,{L},{F},n/a,2,Voltage Burst,{L}{L}●,130,This attack does 50 more damage for each Prize card your opponent has taken. This Pokémon also does 30 damage to itself.,n/a
516,Munna,BLK,35,Basic Pokémon,n/a,n/a,n/a,70,{P},{D},{F},1,Rest,●,n/a,This Pokémon is now Asleep. Heal 30 damage from it.,n/a
516,Munna,BLK,35,Basic Pokémon,n/a,n/a,n/a,70,{P},{D},{F},1,Mumble,{P},10,n/a,n/a
517,Musharna,BLK,36,Stage 1 Pokémon,n/a,n/a,Munna,120,{P},{D},{F},2,Dream Calling,●,n/a,"You may search your deck for any number of Fennel cards, reveal them, and put them into your hand. Then, shuffle your deck.",n/a
517,Musharna,BLK,36,Stage 1 Pokémon,n/a,n/a,Munna,120,{P},{D},{F},2,Sleep Pulse,{P},50,Your opponent’s Active Pokémon is now Asleep.,n/a
518,Solosis,BLK,37,Basic Pokémon,n/a,n/a,n/a,40,{P},{D},{F},1,Rollout,●,10,n/a,n/a
519,Duosion,BLK,38,Stage 1 Pokémon,n/a,n/a,Solosis,70,{P},{D},{F},1,Cellular Evolution,●,n/a,"Search your deck for a card that evolves from 1 of your Pokémon and put it onto that Pokémon to evolve it. Then, shuffle your deck.",n/a
519,Duosion,BLK,38,Stage 1 Pokémon,n/a,n/a,Solosis,70,{P},{D},{F},1,Spray Fluid,●,30,n/a,n/a
520,Reuniclus,BLK,39,Stage 2 Pokémon,n/a,n/a,Duosion,140,{P},{D},{F},1,Cellular Ascension,●,n/a,"For each of your Benched Pokémon, search your deck for a card that evolves from that Pokémon and put it onto that Pokémon to evolve it. Then, shuffle your deck.",n/a
520,Reuniclus,BLK,39,Stage 2 Pokémon,n/a,n/a,Duosion,140,{P},{D},{F},1,Evo-Lariat,●,40,This attack does 40 more damage for each of your Evolution Pokémon in play.,n/a
521,Elgyem,BLK,40,Basic Pokémon,n/a,n/a,n/a,60,{P},{D},{F},1,Slight Shift,{P},n/a,Move an Energy from 1 of your opponent’s Pokémon to another of their Pokémon.,n/a
521,Elgyem,BLK,40,Basic Pokémon,n/a,n/a,n/a,60,{P},{D},{F},1,Beam,●●●,40,n/a,n/a
522,Beheeyem,BLK,41,Stage 1 Pokémon,n/a,n/a,Elgyem,90,{P},{D},{F},1,Calm Mind,{P},n/a,Heal 40 damage from this Pokémon.,n/a
522,Beheeyem,BLK,41,Stage 1 Pokémon,n/a,n/a,Elgyem,90,{P},{D},{F},1,Psychic,●●●,80,This attack does 30 more damage for each Energy attached to your opponent’s Active Pokémon.,n/a
523,Golett,BLK,42,Basic Pokémon,n/a,n/a,n/a,90,{P},{D},{F},3,Best Punch,●●,60,"Flip a coin. If tails, this attack does nothing.",n/a
524,Golurk,BLK,43,Stage 1 Pokémon,n/a,n/a,Golett,160,{P},{D},{F},4,Double Smash,●●●,80×,Flip 2 coins. This attack does 80 damage for each heads.,n/a
524,Golurk,BLK,43,Stage 1 Pokémon,n/a,n/a,Golett,160,{P},{D},{F},4,Golurk Hammer,{P}{P}●●●,200,n/a,n/a
525,Meloetta ex,BLK,44,Basic Pokémon,Pokémon ex,n/a,n/a,200,{P},{D},{F},1,[Ability] Debut Performance,n/a,n/a,"If you go first, this Pokémon can use attacks during your first turn.",n/a
525,Meloetta ex,BLK,44,Basic Pokémon,Pokémon ex,n/a,n/a,200,{P},{D},{F},1,Echoed Voice,{P},30,"During your next turn, this Pokémon’s Echoed Voice attack does 80 more damage (before applying Weakness and Resistance).",n/a
526,Drilbur,BLK,45,Basic Pokémon,n/a,n/a,n/a,70,{F},{G},n/a,1,Mud-Slap,{F},10,n/a,n/a
526,Drilbur,BLK,45,Basic Pokémon,n/a,n/a,n/a,70,{F},{G},n/a,1,Corkscrew Punch,{F}{F},30,n/a,n/a
527,Excadrill ex,BLK,46,Stage 1 Pokémon,Pokémon ex,n/a,Drilbur,270,{F},{G},n/a,3,Piercing Drill,{F}{F},60,This attack also does 60 damage to 1 of your opponent’s Benched Pokémon that has any damage counters on it. (Don’t apply Weakness and Resistance for Benched Pokémon.),n/a
527,Excadrill ex,BLK,46,Stage 1 Pokémon,Pokémon ex,n/a,Drilbur,270,{F},{G},n/a,3,Rock Tumble,{F}{F}{F},200,This attack’s damage isn’t affected by Resistance.,n/a
528,Timburr,BLK,47,Basic Pokémon,n/a,n/a,n/a,70,{F},{P},n/a,2,Low Kick,{F},10,n/a,n/a
528,Timburr,BLK,47,Basic Pokémon,n/a,n/a,n/a,70,{F},{P},n/a,2,Strength,{F}●●,50,n/a,n/a
529,Gurdurr,BLK,48,Stage 1 Pokémon,n/a,n/a,Timburr,100,{F},{P},n/a,3,Low Kick,{F},30,n/a,n/a
529,Gurdurr,BLK,48,Stage 1 Pokémon,n/a,n/a,Timburr,100,{F},{P},n/a,3,Hammer Arm,{F}●●,60,Discard the top card of your opponent’s deck.,n/a
530,Conkeldurr,BLK,49,Stage 2 Pokémon,n/a,n/a,Gurdurr,140,{F},{P},n/a,3,[Ability] Craftsmanship,n/a,n/a,This Pokémon gets +40 HP for each {F} Energy attached to it.,n/a
530,Conkeldurr,BLK,49,Stage 2 Pokémon,n/a,n/a,Gurdurr,140,{F},{P},n/a,3,Swing Around,{F}●●●,100,Flip 2 coins. This attack does 50 more damage for each heads.,n/a
531,Throh,BLK,50,Basic Pokémon,n/a,n/a,n/a,130,{F},{P},n/a,2,Shoulder Throw,{F}●,120-,This attack does 30 less damage for each {C} in your opponent’s Active Pokémon’s Retreat Cost.,n/a
532,Dwebble,BLK,51,Basic Pokémon,n/a,n/a,n/a,70,{F},{G},n/a,2,Flail,●,10×,This attack does 10 damage for each damage counter on this Pokémon.,n/a
532,Dwebble,BLK,51,Basic Pokémon,n/a,n/a,n/a,70,{F},{G},n/a,2,Dig Claws,●●,20,n/a,n/a
533,Crustle,BLK,52,Stage 1 Pokémon,n/a,n/a,Dwebble,150,{F},{G},n/a,3,[Ability] Sturdy,n/a,n/a,"If this Pokémon has full HP and would be Knocked Out by damage from an attack, it is not Knocked Out, and its remaining HP becomes 10.",n/a
533,Crustle,BLK,52,Stage 1 Pokémon,n/a,n/a,Dwebble,150,{F},{G},n/a,3,Stone Edge,{F}●●,80,"Flip a coin. If heads, this attack does 60 more damage.",n/a
534,Landorus,BLK,53,Basic Pokémon,n/a,n/a,n/a,130,{F},{G},n/a,2,Abundant Harvest,●,n/a,Attach a Basic {F} Energy card from your discard pile to this Pokémon.,n/a
534,Landorus,BLK,53,Basic Pokémon,n/a,n/a,n/a,130,{F},{G},n/a,2,Earthquake,{F}●●,110,This attack also does 10 damage to each of your Benched Pokémon. (Don’t apply Weakness and Resistance for Benched Pokémon.),n/a
535,Venipede,BLK,54,Basic Pokémon,n/a,n/a,n/a,80,{D},{F},n/a,3,Poison Spray,●,n/a,Your opponent’s Active Pokémon is now Poisoned.,n/a
536,Whirlipede,BLK,55,Stage 1 Pokémon,n/a,n/a,Venipede,100,{D},{F},n/a,3,Venoshock,●,30,"If your opponent’s Active Pokémon is Poisoned, this attack does 60 more damage.",n/a
537,Scolipede,BLK,56,Stage 2 Pokémon,n/a,n/a,Whirlipede,160,{D},{F},n/a,3,[Ability] Poison Point,n/a,n/a,"If this Pokémon is in the Active Spot and is damaged by an attack from your opponent’s Pokémon (even if this Pokémon is Knocked Out), the Attacking Pokémon is now Poisoned.",n/a
537,Scolipede,BLK,56,Stage 2 Pokémon,n/a,n/a,Whirlipede,160,{D},{F},n/a,3,Venoshock,{D}●,90,"If your opponent’s Active Pokémon is Poisoned, this attack does 90 more damage.",n/a
538,Sandile,BLK,57,Basic Pokémon,n/a,n/a,n/a,70,{D},{G},n/a,2,Tighten Up,{D},10,Your opponent discards a card from their hand.,n/a
539,Krokorok,BLK,58,Stage 1 Pokémon,n/a,n/a,Sandile,100,{D},{G},n/a,2,Tighten Up,{D}●,40,Your opponent discards 2 cards from their hand.,n/a
540,Krookodile,BLK,59,Stage 2 Pokémon,n/a,n/a,Krokorok,170,{D},{G},n/a,3,Tighten Up,{D}●,60,Your opponent discards 2 cards from their hand.,n/a
540,Krookodile,BLK,59,Stage 2 Pokémon,n/a,n/a,Krokorok,170,{D},{G},n/a,3,Cursed Slug,{D}{D}●,120,"If your opponent has 3 or fewer cards in their hand, this attack does 120 more damage.",n/a
541,Vullaby,WHT,63,Basic Pokémon,n/a,n/a,n/a,70,{D},{L},{F},1,Playful Kick,●,10,n/a,n/a
542,Mandibuzz,WHT,64,Stage 1 Pokémon,n/a,n/a,Vullaby,110,{D},{L},{F},1,[Ability] Look for Prey,n/a,n/a,"Once during your turn, you may use this Ability. Your opponent reveals their hand, and you put a Basic Pokémon with 70 HP or less that you find there onto your opponent’s Bench.",n/a
542,Mandibuzz,WHT,64,Stage 1 Pokémon,n/a,n/a,Vullaby,110,{D},{L},{F},1,Cutting Wind,●●●,90,n/a,n/a
543,Escavalier,BLK,60,Stage 1 Pokémon,n/a,n/a,Karrablast,130,{M},{R},{G},3,Wild Lances,{M},90,This Pokémon also does 30 damage to itself.,n/a
544,Pawniard,BLK,64,Basic Pokémon,n/a,n/a,n/a,60,{M},{R},{G},1,Corner,{M},10,"During your opponent’s next turn, the Defending Pokémon can’t retreat.",n/a
545,Bisharp,BLK,65,Stage 1 Pokémon,n/a,n/a,Pawniard,120,{M},{R},{G},2,Cut Up,{M},40,n/a,n/a
545,Bisharp,BLK,65,Stage 1 Pokémon,n/a,n/a,Pawniard,120,{M},{R},{G},2,Finishing Blow,{M}●,60,"If your opponent’s Active Pokémon already has any damage counters on it, this attack does 60 more damage.",n/a
546,Cobalion,BLK,66,Basic Pokémon,n/a,n/a,n/a,120,{M},{R},{G},2,Righteous Edge,{M},20,Discard a Special Energy from your opponent’s Active Pokémon.,n/a
546,Cobalion,BLK,66,Basic Pokémon,n/a,n/a,n/a,120,{M},{R},{G},2,Metal Arms,{M}{M}●,80,"If this Pokémon has a Pokémon Tool attached, this attack does 40 more damage.",n/a
547,Genesect ex,BLK,67,Basic Pokémon,Pokémon ex,n/a,n/a,220,{M},{R},{G},2,[Ability] Metallic Signal,n/a,n/a,"Once during your turn, you may search your deck for up to 2 Evolution {M} Pokémon, reveal them, and put them into your hand. Then, shuffle your deck.",n/a
547,Genesect ex,BLK,67,Basic Pokémon,Pokémon ex,n/a,n/a,220,{M},{R},{G},2,Protect Charge,{M}{M}●,150,"During your opponent’s next turn, this Pokémon takes 30 less damage from attacks (after applying Weakness and Resistance).",n/a
548,Axew,BLK,68,Basic Pokémon,n/a,n/a,n/a,70,{N},n/a,n/a,2,Gather Strength,●,n/a,"Search your deck for up to 2 Basic Energy cards, reveal them, and put them into your hand. Then, shuffle your deck.",n/a
549,Fraxure,BLK,69,Stage 1 Pokémon,n/a,n/a,Axew,100,{N},n/a,n/a,2,Bite,●,30,n/a,n/a
549,Fraxure,BLK,69,Stage 1 Pokémon,n/a,n/a,Axew,100,{N},n/a,n/a,2,Boundless Power,{F}{M},90,"During your next turn, this Pokémon can’t use attacks.",n/a
550,Haxorus,BLK,70,Stage 2 Pokémon,n/a,n/a,Fraxure,170,{N},n/a,n/a,3,Cross-Cut,●●,80,"If your opponent’s Active Pokémon is an Evolution Pokémon, this attack does 80 more damage.",n/a
550,Haxorus,BLK,70,Stage 2 Pokémon,n/a,n/a,Fraxure,170,{N},n/a,n/a,3,Axe Blast,{F}{M}●,n/a,"If your opponent’s Active Pokémon is a Basic Pokémon, it is Knocked Out.",n/a
551,Pidove,BLK,71,Basic Pokémon,n/a,n/a,n/a,60,{C},{L},{F},1,Scout,●,n/a,Your opponent reveals their hand.,n/a
551,Pidove,BLK,71,Basic Pokémon,n/a,n/a,n/a,60,{C},{L},{F},1,Stampede,●,10,n/a,n/a
552,Tranquill,BLK,72,Stage 1 Pokémon,n/a,n/a,Pidove,80,{C},{L},{F},n/a,Fly,●,40,"Flip a coin. If tails, this attack does nothing. If heads, during your opponent’s next turn, prevent all damage from and effects of attacks done to this Pokémon.",n/a
553,Unfezant,BLK,73,Stage 2 Pokémon,n/a,n/a,Tranquill,150,{C},{L},{F},n/a,Add On,●,n/a,Draw 4 cards.,n/a
553,Unfezant,BLK,73,Stage 2 Pokémon,n/a,n/a,Tranquill,150,{C},{L},{F},n/a,Swift Flight,●●,120,"Flip a coin. If heads, during your opponent’s next turn, prevent all damage from and effects of attacks done to this Pokémon.",n/a
554,Audino,BLK,74,Basic Pokémon,n/a,n/a,n/a,100,{C},{F},n/a,1,Return,●,30,You may draw cards until you have 6 cards in your hand.,n/a
555,Minccino,BLK,75,Basic Pokémon,n/a,n/a,n/a,60,{C},{F},n/a,1,Tail Slap,●,20×,Flip 2 coins. This attack does 20 damage for each heads.,n/a
556,Cinccino,BLK,76,Stage 1 Pokémon,n/a,n/a,Minccino,100,{C},{F},n/a,1,Do the Wave,●,20,This attack does 20 more damage for each of your Benched Pokémon.,n/a
557,Sewaddle,WHT,1,Basic Pokémon,n/a,n/a,n/a,50,{G},{R},n/a,1,Bug Bite,{G},20,n/a,n/a
558,Swadloon,WHT,2,Stage 1 Pokémon,n/a,n/a,Sewaddle,80,{G},{R},n/a,2,[Ability] Healing Leaves,n/a,n/a,"Once during your turn, you may heal 20 damage from your Active Pokémon.",n/a
558,Swadloon,WHT,2,Stage 1 Pokémon,n/a,n/a,Sewaddle,80,{G},{R},n/a,2,Bug Buzz,{G}●,40,n/a,n/a
559,Leavanny,WHT,3,Stage 2 Pokémon,n/a,n/a,Swadloon,130,{G},{R},n/a,1,Healing Wrapping,●,n/a,Heal 100 damage from each of your Basic Pokémon.,n/a
559,Leavanny,WHT,3,Stage 2 Pokémon,n/a,n/a,Swadloon,130,{G},{R},n/a,1,X-Scissor,{G}●,90,"Flip a coin. If heads, this attack does 40 more damage.",n/a
560,Cottonee,WHT,4,Basic Pokémon,n/a,n/a,n/a,60,{G},{R},n/a,1,Absorb,{G},10,Heal 10 damage from this Pokémon.,n/a
561,Whimsicott ex,WHT,5,Stage 1 Pokémon,Pokémon ex,n/a,Cottonee,230,{G},{R},n/a,n/a,Energy Gift,{G},n/a,"Search your deck for up to 3 Basic Energy cards and attach them to your Pokémon in any way you like. Then, shuffle your deck.",n/a
561,Whimsicott ex,WHT,5,Stage 1 Pokémon,Pokémon ex,n/a,Cottonee,230,{G},{R},n/a,n/a,Wondrous Cotton,{G},50×,Your opponent reveals their hand. This attack does 50 damage for each Trainer card you find there.,n/a
562,Deerling,WHT,6,Basic Pokémon,n/a,n/a,n/a,70,{G},{R},n/a,1,Rear Kick,●●,30,n/a,n/a
563,Sawsbuck,WHT,7,Stage 1 Pokémon,n/a,n/a,Deerling,130,{G},{R},n/a,2,Push Down,●●,50,Switch out your opponent’s Active Pokémon to the Bench. (Your opponent chooses the new Active Pokémon.),n/a
563,Sawsbuck,WHT,7,Stage 1 Pokémon,n/a,n/a,Deerling,130,{G},{R},n/a,2,Solar Beam,{G}●●,100,n/a,n/a
564,Shelmet,WHT,8,Basic Pokémon,n/a,n/a,n/a,60,{G},{R},n/a,3,[Ability] Stimulated Evolution,n/a,n/a,"If you have Karrablast in play, this Pokémon can evolve during your first turn or the turn you play it.",n/a
564,Shelmet,WHT,8,Basic Pokémon,n/a,n/a,n/a,60,{G},{R},n/a,3,Headbutt Bounce,●,10,n/a,n/a
565,Accelgor,WHT,9,Stage 1 Pokémon,n/a,n/a,Shelmet,100,{G},{R},n/a,1,Acid Spray,{G},50,"Flip a coin. If heads, discard an Energy from your opponent’s Active Pokémon.",n/a
566,Virizion,WHT,10,Basic Pokémon,n/a,n/a,n/a,120,{G},{R},n/a,1,Giga Drain,{G},30,Heal from this Pokémon the same amount of damage you did to your opponent’s Active Pokémon.,n/a
566,Virizion,WHT,10,Basic Pokémon,n/a,n/a,n/a,120,{G},{R},n/a,1,Emerald Blade,{G}{G}●,130,"During your next turn, this Pokémon can’t use attacks.",n/a
567,Tepig,WHT,11,Basic Pokémon,n/a,n/a,n/a,70,{R},{W},n/a,1,Tackle,{R},10,n/a,n/a
567,Tepig,WHT,11,Basic Pokémon,n/a,n/a,n/a,70,{R},{W},n/a,1,Rollout,{R}{R},30,n/a,n/a
568,Pignite,WHT,12,Stage 1 Pokémon,n/a,n/a,Tepig,110,{R},{W},n/a,3,Combustion,{R},30,n/a,n/a
568,Pignite,WHT,12,Stage 1 Pokémon,n/a,n/a,Tepig,110,{R},{W},n/a,3,Heat Crash,{R}{R}●,80,n/a,n/a
569,Emboar,WHT,13,Stage 2 Pokémon,n/a,n/a,Pignite,180,{R},{W},n/a,4,[Ability] Inferno Fandango,n/a,n/a,"As often as you like during your turn, you may attach a Basic {R} Energy card from your hand to 1 of your Pokémon.",n/a
569,Emboar,WHT,13,Stage 2 Pokémon,n/a,n/a,Pignite,180,{R},{W},n/a,4,Heat Crash,{R}{R}{R}●,120,n/a,n/a
570,Pansear,WHT,14,Basic Pokémon,n/a,n/a,n/a,70,{R},{W},n/a,1,Collect,●,n/a,Draw a card.,n/a
570,Pansear,WHT,14,Basic Pokémon,n/a,n/a,n/a,70,{R},{W},n/a,1,Scratch,●●,30,n/a,n/a
571,Simisear,WHT,15,Stage 1 Pokémon,n/a,n/a,Pansear,100,{R},{W},n/a,1,Gentle Slap,●●,70,n/a,n/a
572,Heatmor,WHT,19,Basic Pokémon,n/a,n/a,n/a,120,{R},{W},n/a,2,Licking Catch,{R},n/a,"Search your deck for up to 3 in any combination of {R} Pokémon and Basic {R} Energy cards, reveal them, and put them into your hand. Then, shuffle your deck.",n/a
572,Heatmor,WHT,19,Basic Pokémon,n/a,n/a,n/a,120,{R},{W},n/a,2,Fire Claws,{R}{R},60,n/a,n/a
573,Reshiram ex,WHT,20,Basic Pokémon,Pokémon ex,n/a,n/a,230,{R},{W},n/a,2,Slash,●●,50,n/a,n/a
573,Reshiram ex,WHT,20,Basic Pokémon,Pokémon ex,n/a,n/a,230,{R},{W},n/a,2,Blazing Burst,{R}{R}●,130,This attack does 50 more damage for each Prize card your opponent has taken. Discard an Energy from this Pokémon.,n/a
574,Oshawott,WHT,21,Basic Pokémon,n/a,n/a,n/a,70,{W},{L},n/a,1,Tackle,{W},10,n/a,n/a
574,Oshawott,WHT,21,Basic Pokémon,n/a,n/a,n/a,70,{W},{L},n/a,1,Water Gun,{W}{W},30,n/a,n/a
575,Dewott,WHT,22,Stage 1 Pokémon,n/a,n/a,Oshawott,100,{W},{L},n/a,1,Energized Shell,{W},30×,This attack does 30 damage for each Energy attached to this Pokémon.,n/a
576,Samurott,WHT,23,Stage 2 Pokémon,n/a,n/a,Dewott,160,{W},{L},n/a,2,[Ability] Torrential Whirlpool,n/a,n/a,"Once during your turn, you may switch your Active Pokémon with 1 of your Benched Pokémon. If you do, switch out your opponent’s Active Pokémon to the Bench. (Your opponent chooses the new Active Pokémon.)",n/a
576,Samurott,WHT,23,Stage 2 Pokémon,n/a,n/a,Dewott,160,{W},{L},n/a,2,Energized Slash,{W},30,This attack does 50 more damage for each Energy attached to this Pokémon.,n/a
577,Basculin,WHT,24,Basic Pokémon,n/a,n/a,n/a,90,{W},{L},n/a,1,Bite,●,10,n/a,n/a
577,Basculin,WHT,24,Basic Pokémon,n/a,n/a,n/a,90,{W},{L},n/a,1,Bared Fangs,{W},50,"If your opponent’s Active Pokémon has no damage counters on it before this attack does damage, this attack does nothing.",n/a
578,Ducklett,WHT,25,Basic Pokémon,n/a,n/a,n/a,70,{W},{L},{F},1,Firefighting,●,n/a,Discard a {R} Energy from your opponent’s Active Pokémon.,n/a
578,Ducklett,WHT,25,Basic Pokémon,n/a,n/a,n/a,70,{W},{L},{F},1,Wing Attack,●●,20,n/a,n/a
579,Swanna,WHT,26,Stage 1 Pokémon,n/a,n/a,Ducklett,120,{W},{L},{F},1,Flap,●,30,n/a,n/a
579,Swanna,WHT,26,Stage 1 Pokémon,n/a,n/a,Ducklett,120,{W},{L},{F},1,Air Slash,●●●,120,Discard an Energy from this Pokémon.,n/a
580,Vanillite,WHT,27,Basic Pokémon,n/a,n/a,n/a,60,{W},{M},n/a,1,Beat,●,10,n/a,n/a
580,Vanillite,WHT,27,Basic Pokémon,n/a,n/a,n/a,60,{W},{M},n/a,1,Ice Edge,{W}●,20,"Flip a coin. If heads, this attack does 20 more damage.",n/a
581,Vanillish,WHT,28,Stage 1 Pokémon,n/a,n/a,Vanillite,90,{W},{M},n/a,2,Ram,●●,30,n/a,n/a
581,Vanillish,WHT,28,Stage 1 Pokémon,n/a,n/a,Vanillite,90,{W},{M},n/a,2,Ice Beam,{W}●●,50,"Flip a coin. If heads, your opponent’s Active Pokémon is now Paralyzed.",n/a
582,Vanilluxe,WHT,29,Stage 2 Pokémon,n/a,n/a,Vanillish,150,{W},{M},n/a,2,Ram,●●,60,n/a,n/a
582,Vanilluxe,WHT,29,Stage 2 Pokémon,n/a,n/a,Vanillish,150,{W},{M},n/a,2,Double Freeze,{W}●●,90×,"Flip 2 coins. This attack does 90 damage for each heads. If either of them is heads, your opponent’s Active Pokémon is now Paralyzed.",n/a
583,Keldeo ex,WHT,30,Basic Pokémon,Pokémon ex,n/a,n/a,210,{W},{L},n/a,2,Gale Thrust,{W}●,30,"If this Pokémon moved from your Bench to the Active Spot this turn, this attack does 90 more damage.",n/a
583,Keldeo ex,WHT,30,Basic Pokémon,Pokémon ex,n/a,n/a,210,{W},{L},n/a,2,Sonic Edge,{W}●●,120,This attack’s damage isn’t affected by any effects on your opponent’s Active Pokémon.,n/a
584,Blitzle,WHT,31,Basic Pokémon,n/a,n/a,n/a,60,{L},{F},n/a,1,Smash Kick,●,10,n/a,n/a
584,Blitzle,WHT,31,Basic Pokémon,n/a,n/a,n/a,60,{L},{F},n/a,1,Zap Kick,{L}●,30,n/a,n/a
585,Zebstrika,WHT,32,Stage 1 Pokémon,n/a,n/a,Blitzle,120,{L},{F},n/a,1,Smash Kick,●,30,n/a,n/a
585,Zebstrika,WHT,32,Stage 1 Pokémon,n/a,n/a,Blitzle,120,{L},{F},n/a,1,Electrobullet,{L}{L}●,100,This attack also does 30 damage to 1 of your opponent’s Benched Pokémon. (Don’t apply Weakness and Resistance for Benched Pokémon.),n/a
586,Joltik,WHT,33,Basic Pokémon,n/a,n/a,n/a,40,{L},{F},n/a,1,Surprise Attack,{L},30,"Flip a coin. If tails, this attack does nothing.",n/a
587,Galvantula,WHT,34,Stage 1 Pokémon,n/a,n/a,Joltik,90,{L},{F},n/a,1,Discharge,{L},50×,Discard all {L} Energy from this Pokémon. This attack does 50 damage for each card you discarded in this way.,n/a
588,Stunfisk,WHT,35,Basic Pokémon,n/a,n/a,n/a,110,{L},{F},n/a,2,Muddy Bolt,●,20,"If this Pokémon has any {F} Energy attached, this attack does 20 more damage.",n/a
588,Stunfisk,WHT,35,Basic Pokémon,n/a,n/a,n/a,110,{L},{F},n/a,2,Flop,{L}●,50,n/a,n/a
589,Woobat,WHT,36,Basic Pokémon,n/a,n/a,n/a,60,{P},{L},{F},1,Heart Stamp,●,10,n/a,n/a
590,Swoobat,WHT,37,Stage 1 Pokémon,n/a,n/a,Woobat,90,{P},{L},{F},1,Happy Return,●,n/a,Put 1 of your Benched Pokémon and all attached cards into your hand.,n/a
590,Swoobat,WHT,37,Stage 1 Pokémon,n/a,n/a,Woobat,90,{P},{L},{F},1,Gust,●●,50,n/a,n/a
591,Sigilyph,WHT,38,Basic Pokémon,n/a,n/a,n/a,120,{P},{L},{F},1,Reflect,●,n/a,"During your opponent’s next turn, this Pokémon takes 40 less damage from attacks (after applying Weakness and Resistance).",n/a
591,Sigilyph,WHT,38,Basic Pokémon,n/a,n/a,n/a,120,{P},{L},{F},1,Telekinesis,{P}●●,n/a,This attack does 70 damage to 1 of your opponent’s Pokémon. This attack’s damage isn’t affected by Weakness or Resistance.,n/a
592,Yamask,WHT,39,Basic Pokémon,n/a,n/a,n/a,70,{P},{D},{F},2,Focused Wish,{P}●,20,"Flip a coin. If heads, this attack does 20 more damage.",n/a
593,Cofagrigus,WHT,40,Stage 1 Pokémon,n/a,n/a,Yamask,120,{P},{D},{F},2,Extended Damagriiigus,{P}●,n/a,Move all damage counters from 1 of your Benched Pokémon to 1 of your opponent’s Pokémon.,n/a
593,Cofagrigus,WHT,40,Stage 1 Pokémon,n/a,n/a,Yamask,120,{P},{D},{F},2,Perplex,{P}●●,60,Your opponent’s Active Pokémon is now Confused.,n/a
594,Gothita,WHT,41,Basic Pokémon,n/a,n/a,n/a,70,{P},{D},{F},1,Super Psy Bolt,{P},20,n/a,n/a
595,Gothorita,WHT,42,Stage 1 Pokémon,n/a,n/a,Gothita,90,{P},{D},{F},1,Fortunate Eye,{P},n/a,Look at the top 5 cards of your opponent’s deck and put them back in any order.,n/a
595,Gothorita,WHT,42,Stage 1 Pokémon,n/a,n/a,Gothita,90,{P},{D},{F},1,Psyshot,{P}●,40,n/a,n/a
596,Gothitelle,WHT,43,Stage 2 Pokémon,n/a,n/a,Gothorita,150,{P},{D},{F},2,[Ability] Distorted Future,n/a,n/a,"Once during your turn, if this Pokémon is in the Active Spot, you may have your opponent shuffle their hand into their deck and draw 3 cards.",n/a
596,Gothitelle,WHT,43,Stage 2 Pokémon,n/a,n/a,Gothorita,150,{P},{D},{F},2,Synchro Shot,{P}●,90,"If you have the same number of cards in your hand as your opponent, this attack does 90 more damage.",n/a
597,Frillish,WHT,44,Basic Pokémon,n/a,n/a,n/a,80,{P},{D},{F},3,Oceanic Gloom,{P},20,"During your opponent’s next turn, they can’t play any Item cards from their hand.",n/a
598,Jellicent ex,WHT,45,Stage 1 Pokémon,Pokémon ex,n/a,Frillish,270,{P},{D},{F},3,[Ability] Oceanic Curse,n/a,n/a,"As long as this Pokémon is in the Active Spot, your opponent can’t play any Item cards or Pokémon Tool cards from their hand.",n/a
598,Jellicent ex,WHT,45,Stage 1 Pokémon,Pokémon ex,n/a,Frillish,270,{P},{D},{F},3,Power Press,{P}●,80,"If this Pokémon has at least 2 extra Energy attached (in addition to this attack’s cost), this attack does 80 more damage.",n/a
599,Roggenrola,WHT,46,Basic Pokémon,n/a,n/a,n/a,80,{F},{G},n/a,2,Harden,{F},n/a,"During your opponent’s next turn, prevent all damage done to this Pokémon by attacks if that damage is 40 or less.",n/a
599,Roggenrola,WHT,46,Basic Pokémon,n/a,n/a,n/a,80,{F},{G},n/a,2,Rolling Rocks,{F}{F},30,n/a,n/a
600,Boldore,WHT,47,Stage 1 Pokémon,n/a,n/a,Roggenrola,110,{F},{G},n/a,3,Smack Down,{F},30,"If your opponent’s Active Pokémon has {F} Resistance, this attack does 50 more damage.",n/a
600,Boldore,WHT,47,Stage 1 Pokémon,n/a,n/a,Roggenrola,110,{F},{G},n/a,3,Power Gem,{F}{F}{F},90,n/a,n/a
601,Gigalith,WHT,48,Stage 2 Pokémon,n/a,n/a,Boldore,170,{F},{G},n/a,3,Vengeful Cannon,{F},20×,This attack does 20 damage for each damage counter on all of your Benched {F} Pokémon.,n/a
601,Gigalith,WHT,48,Stage 2 Pokémon,n/a,n/a,Boldore,170,{F},{G},n/a,3,Heavy Impact,{F}{F}{F},160,n/a,n/a
602,Sawk,WHT,49,Basic Pokémon,n/a,n/a,n/a,110,{F},{P},n/a,1,Elbow Strike,{F},30,n/a,n/a
602,Sawk,WHT,49,Basic Pokémon,n/a,n/a,n/a,110,{F},{P},n/a,1,Rising Chop,{F},90,"If your opponent’s Active Pokémon isn’t a Pokémon {ex}, this attack does nothing. This attack’s damage isn’t affected by Weakness or Resistance.",n/a
603,Archen,WHT,50,Stage 1 Pokémon,n/a,n/a,Antique Plume Fossil,80,{F},{G},n/a,1,Acrobatics,{F}●,30,Flip 2 coins. This attack does 30 more damage for each heads.,n/a
604,Archeops,WHT,51,Stage 2 Pokémon,n/a,n/a,Archen,140,{F},{G},n/a,1,[Ability] Ancient Wing,n/a,n/a,"Once during your turn, if this Pokémon is in the Active Spot, you may devolve 1 of your opponent’s evolved Pokémon by putting the highest Stage Evolution card on it into your opponent’s hand.",n/a
604,Archeops,WHT,51,Stage 2 Pokémon,n/a,n/a,Archen,140,{F},{G},n/a,1,Rock Throw,{F}●,100,n/a,n/a
605,Mienfoo,WHT,52,Basic Pokémon,n/a,n/a,n/a,60,{F},{P},n/a,1,Kick,{F},20,n/a,n/a
606,Mienshao,WHT,53,Stage 1 Pokémon,n/a,n/a,Mienfoo,100,{F},{P},n/a,1,Low Sweep,{F},40,n/a,n/a
606,Mienshao,WHT,53,Stage 1 Pokémon,n/a,n/a,Mienfoo,100,{F},{P},n/a,1,Smash Uppercut,{F}{F},80,This attack’s damage isn’t affected by Resistance.,n/a
607,Terrakion,WHT,54,Basic Pokémon,n/a,n/a,n/a,140,{F},{G},n/a,3,Retaliate,{F}●,50,"If any of your Pokémon were Knocked Out by damage from an attack during your opponent’s last turn, this attack does 80 more damage.",n/a
607,Terrakion,WHT,54,Basic Pokémon,n/a,n/a,n/a,140,{F},{G},n/a,3,Land Crush,{F}{F}●,100,n/a,n/a
608,Purrloin,WHT,55,Basic Pokémon,n/a,n/a,n/a,60,{D},{G},n/a,1,Invite Evil,{D},n/a,"Search your deck for up to 3 {D} Pokémon, reveal them, and put them into your hand. Then, shuffle your deck.",n/a
609,Liepard,WHT,56,Stage 1 Pokémon,n/a,n/a,Purrloin,110,{D},{G},n/a,1,Knock Off,{D},50,Discard a random card from your opponent’s hand.,n/a
610,Scraggy,WHT,57,Basic Pokémon,n/a,n/a,n/a,70,{D},{G},n/a,1,Headbutt,{D},10,n/a,n/a
610,Scraggy,WHT,57,Basic Pokémon,n/a,n/a,n/a,70,{D},{G},n/a,1,Invade,{D}{D},30,n/a,n/a
611,Scrafty,WHT,58,Stage 1 Pokémon,n/a,n/a,Scraggy,120,{D},{G},n/a,2,Ruffians Attack,{D}{D},60×,Flip a coin for each {D} Pokémon you have in play. This attack does 60 damage for each heads.,n/a
612,Trubbish,WHT,59,Basic Pokémon,n/a,n/a,n/a,70,{D},{F},n/a,2,Drool,{D},10,n/a,n/a
612,Trubbish,WHT,59,Basic Pokémon,n/a,n/a,n/a,70,{D},{F},n/a,2,Sludge Bomb,{D}●,20,n/a,n/a
613,Garbodor,WHT,60,Stage 1 Pokémon,n/a,n/a,Trubbish,140,{D},{F},n/a,3,Suffocating Gas,{D},40,n/a,n/a
613,Garbodor,WHT,60,Stage 1 Pokémon,n/a,n/a,Trubbish,140,{D},{F},n/a,3,Gunk Shot,{D}{D}●,120,Your opponent’s Active Pokémon is now Poisoned.,n/a
614,Zorua,WHT,61,Basic Pokémon,n/a,n/a,n/a,70,{D},{G},n/a,1,Take Down,{D},30,This Pokémon also does 10 damage to itself.,n/a
615,Zoroark,WHT,62,Stage 1 Pokémon,n/a,n/a,Zorua,120,{D},{G},n/a,1,Mind Jack,{D},30×,This attack does 30 damage for each of your opponent’s Benched Pokémon.,n/a
615,Zoroark,WHT,62,Stage 1 Pokémon,n/a,n/a,Zorua,120,{D},{G},n/a,1,Foul Play,●●●,n/a,Choose 1 of your opponent’s Active Pokémon’s attacks and use it as this attack.,n/a
616,Deino,WHT,65,Basic Pokémon,n/a,n/a,n/a,80,{D},{G},n/a,2,Body Slam,●●,20,"Flip a coin. If heads, your opponent’s Active Pokémon is now Paralyzed.",n/a
616,Deino,WHT,65,Basic Pokémon,n/a,n/a,n/a,80,{D},{G},n/a,2,Darkness Fang,{D}●●,50,n/a,n/a
617,Zweilous,WHT,66,Stage 1 Pokémon,n/a,n/a,Deino,110,{D},{G},n/a,3,Double Hit,●●,40×,Flip 2 coins. This attack does 40 damage for each heads.,n/a
617,Zweilous,WHT,66,Stage 1 Pokémon,n/a,n/a,Deino,110,{D},{G},n/a,3,Pitch-Black Fangs,{D}{D}●●,100,n/a,n/a
618,Hydreigon ex,WHT,67,Stage 2 Pokémon,Pokémon ex,n/a,Zweilous,330,{D},{G},n/a,3,[Ability] Greedy Eater,n/a,n/a,"If your opponent’s Basic Pokémon is Knocked Out by damage from an attack used by this Pokémon, take 1 more Prize card.",n/a
618,Hydreigon ex,WHT,67,Stage 2 Pokémon,Pokémon ex,n/a,Zweilous,330,{D},{G},n/a,3,Dark Bite,{D}{D}{D}●●,200,"During your opponent’s next turn, the Defending Pokémon can’t retreat.",n/a
619,Ferroseed,WHT,68,Basic Pokémon,n/a,n/a,n/a,70,{M},{R},{G},2,Zzzt,{M},10,n/a,n/a
619,Ferroseed,WHT,68,Basic Pokémon,n/a,n/a,n/a,70,{M},{R},{G},2,Metal Claw,{M}●●,40,n/a,n/a
620,Ferrothorn,WHT,69,Stage 1 Pokémon,n/a,n/a,Ferroseed,140,{M},{R},{G},3,Power Whip,{M},n/a,This attack does 20 damage to 1 of your opponent’s Pokémon for each Energy attached to this Pokémon. (Don’t apply Weakness and Resistance for Benched Pokémon.),n/a
620,Ferrothorn,WHT,69,Stage 1 Pokémon,n/a,n/a,Ferroseed,140,{M},{R},{G},3,Metal Claw,{M}●●●,130,n/a,n/a
621,Klink,BLK,61,Basic Pokémon,n/a,n/a,n/a,60,{M},{R},{G},1,Hard Gears,{M},10,"During your opponent’s next turn, this Pokémon takes 10 less damage from attacks (after applying Weakness and Resistance).",n/a
622,Klang,BLK,62,Stage 1 Pokémon,n/a,n/a,Klink,90,{M},{R},{G},2,Hard Gears,{M}●,50,"During your opponent’s next turn, this Pokémon takes 20 less damage from attacks (after applying Weakness and Resistance).",n/a
623,Klinklang,BLK,63,Stage 2 Pokémon,n/a,n/a,Klang,150,{M},{R},{G},3,[Ability] Gear Coating,n/a,n/a,All of your Pokémon that have any {M} Energy attached take 20 less damage from attacks from your opponent’s Pokémon (after applying Weakness and Resistance).,n/a
623,Klinklang,BLK,63,Stage 2 Pokémon,n/a,n/a,Klang,150,{M},{R},{G},3,Hammer In,{M}●●,120,n/a,n/a
624,Durant,WHT,70,Basic Pokémon,n/a,n/a,n/a,110,{M},{R},{G},1,Bite Together,●,20,"If Durant is on your Bench, this attack does 20 more damage.",n/a
624,Durant,WHT,70,Basic Pokémon,n/a,n/a,n/a,110,{M},{R},{G},1,Vise Grip,{M}●,50,n/a,n/a
625,Druddigon,WHT,71,Basic Pokémon,n/a,n/a,n/a,120,{N},n/a,n/a,2,Shred,●,40,This attack’s damage isn’t affected by any effects on your opponent’s Active Pokémon.,n/a
625,Druddigon,WHT,71,Basic Pokémon,n/a,n/a,n/a,120,{N},n/a,n/a,2,Ambush,{R}{W}●,90,"Flip a coin. If heads, this attack does 60 more damage.",n/a
626,Patrat,WHT,72,Basic Pokémon,n/a,n/a,n/a,60,{C},{F},n/a,1,Procurement,●,n/a,"Search your deck for an Item card, reveal it, and put it into your hand. Then, shuffle your deck.",n/a
626,Patrat,WHT,72,Basic Pokémon,n/a,n/a,n/a,60,{C},{F},n/a,1,Gnaw,●,10,n/a,n/a
627,Watchog,WHT,73,Stage 1 Pokémon,n/a,n/a,Patrat,90,{C},{F},n/a,1,Focus Energy,●,n/a,"During your next turn, this Pokémon’s Hyper Fang attack’s base damage is 240.",n/a
627,Watchog,WHT,73,Stage 1 Pokémon,n/a,n/a,Patrat,90,{C},{F},n/a,1,Hyper Fang,●,80,"Flip a coin. If tails, this attack does nothing.",n/a
628,Lillipup,WHT,74,Basic Pokémon,n/a,n/a,n/a,60,{C},{F},n/a,1,Play Rough,●,10,"Flip a coin. If heads, this attack does 20 more damage.",n/a
629,Herdier,WHT,75,Stage 1 Pokémon,n/a,n/a,Lillipup,90,{C},{F},n/a,1,Roar,●,n/a,Switch out your opponent’s Active Pokémon to the Bench. (Your opponent chooses the new Active Pokémon.),n/a
629,Herdier,WHT,75,Stage 1 Pokémon,n/a,n/a,Lillipup,90,{C},{F},n/a,1,Lunge Out,●●●,70,n/a,n/a
630,Stoutland,WHT,76,Stage 2 Pokémon,n/a,n/a,Herdier,160,{C},{F},n/a,3,Odor Sleuth,●●,n/a,Flip 3 coins. Put a number of cards up to the number of heads from your discard pile into your hand.,n/a
630,Stoutland,WHT,76,Stage 2 Pokémon,n/a,n/a,Herdier,160,{C},{F},n/a,3,Special Fang,●●●●,100,"If this Pokémon has any Special Energy attached, this attack does 100 more damage.",n/a
631,Bouffalant ex,WHT,77,Basic Pokémon,Pokémon ex,n/a,n/a,220,{C},{F},n/a,2,[Ability] Bouffer,n/a,n/a,This Pokémon takes 30 less damage from attacks (after applying Weakness and Resistance).,n/a
631,Bouffalant ex,WHT,77,Basic Pokémon,Pokémon ex,n/a,n/a,220,{C},{F},n/a,2,Gold Breaker,●●●,100,"If your opponent’s Active Pokémon is a Pokémon {ex}, this attack does 100 more damage.",n/a
632,Rufflet,BLK,77,Basic Pokémon,n/a,n/a,n/a,70,{C},{L},{F},1,Peck,●,10,n/a,n/a
632,Rufflet,BLK,77,Basic Pokémon,n/a,n/a,n/a,70,{C},{L},{F},1,Glide,●●,20,n/a,n/a
633,Braviary,BLK,78,Stage 1 Pokémon,n/a,n/a,Rufflet,140,{C},{L},{F},1,Aerial Ace,●,40,"Flip a coin. If heads, this attack does 40 more damage.",n/a
633,Braviary,BLK,78,Stage 1 Pokémon,n/a,n/a,Rufflet,140,{C},{L},{F},1,Speed Wing,●●●●,130,n/a,n/a
634,Tornadus,WHT,78,Basic Pokémon,n/a,n/a,n/a,120,{C},{L},{F},1,Wrapped in Wind,●,n/a,Attach a Basic Energy card from your hand to this Pokémon.,n/a
634,Tornadus,WHT,78,Basic Pokémon,n/a,n/a,n/a,120,{C},{L},{F},1,Hurricane,●●●,100,Move a Basic Energy from this Pokémon to 1 of your Benched Pokémon.,n/a
635,Steven's Baltoy,DRI,83,Basic Pokémon,n/a,Trainer's Pokémon(Steven),n/a,60,{P},{D},{F},1,Summoning Sign,●,n/a,"Search your deck for up to 2 Basic Steven’s Pokémon and put them onto your Bench. Then, shuffle your deck.",n/a
635,Steven's Baltoy,DRI,83,Basic Pokémon,n/a,Trainer's Pokémon(Steven),n/a,60,{P},{D},{F},1,Psychic Sphere,{P},20,n/a,n/a
636,Steven's Claydol,DRI,84,Stage 1 Pokémon,n/a,Trainer's Pokémon(Steven),Steven's Baltoy,120,{P},{D},{F},2,Eerie Light,{P},20,Your opponent’s Active Pokémon is now Confused.,n/a
636,Steven's Claydol,DRI,84,Stage 1 Pokémon,n/a,Trainer's Pokémon(Steven),Steven's Baltoy,120,{P},{D},{F},2,Clay Blast,{P}{P}●,220,Discard all Energy from this Pokémon.,n/a
637,Steven's Carbink,DRI,86,Basic Pokémon,n/a,Trainer's Pokémon(Steven),n/a,80,{P},{M},n/a,2,[Ability] Stone Palace,n/a,n/a,"As long as this Pokémon is on your Bench, all of your Steven’s Pokémon take 30 less damage from attacks from your opponent’s Pokémon (after applying Weakness and Resistance). The effect of Stone Palace doesn’t stack.",n/a
637,Steven's Carbink,DRI,86,Basic Pokémon,n/a,Trainer's Pokémon(Steven),n/a,80,{P},{M},n/a,2,Magical Shot,{P}●●,80,n/a,n/a
638,Steven's Skarmory,DRI,142,Basic Pokémon,n/a,Trainer's Pokémon(Steven),n/a,120,{M},{L},{F},1,Razor Wing,●●,30,n/a,n/a
638,Steven's Skarmory,DRI,142,Basic Pokémon,n/a,Trainer's Pokémon(Steven),n/a,120,{M},{L},{F},1,Sonic Double,{M}{M}●,n/a,This attack does 50 damage to 2 of your opponent’s Pokémon. (Don’t apply Weakness and Resistance for Benched Pokémon.),n/a
639,Steven's Beldum,DRI,143,Basic Pokémon,n/a,Trainer's Pokémon(Steven),n/a,70,{M},{R},{G},1,Ram,{M}●,30,n/a,n/a
640,Steven's Metang,DRI,144,Stage 1 Pokémon,n/a,Trainer's Pokémon(Steven),Steven's Beldum,100,{M},{R},{G},2,Metal Slash,{M}●,70,"During your next turn, this Pokémon can’t attack.",n/a
641,Steven's Metagross ex,DRI,145,Stage 2 Pokémon,Pokémon ex,Trainer's Pokémon(Steven),Steven's Metang,340,{M},{R},{G},3,[Ability] X-Boot,n/a,n/a,"Once during your turn, you may search your deck for a Basic {P} Energy card, a Basic {M} Energy card, or 1 of each and attach them to your {P} Pokémon and {M} Pokémon in any way you like. Then, shuffle your deck.",n/a
641,Steven's Metagross ex,DRI,145,Stage 2 Pokémon,Pokémon ex,Trainer's Pokémon(Steven),Steven's Metang,340,{M},{R},{G},3,Metal Stomp,{M}●●,200,n/a,n/a
642,Marnie's Purrloin,DRI,130,Basic Pokémon,n/a,Trainer's Pokémon(Marnie),n/a,60,{D},{G},n/a,1,Pointy Nails,{D},20,"If your opponent’s Active Pokémon is a Pokémon {ex}, this attack does 40 more damage.",n/a
643,Marnie's Liepard,DRI,131,Stage 1 Pokémon,n/a,Trainer's Pokémon(Marnie),Marnie's Purrloin,100,{D},{G},n/a,1,Pointy Claws,{D}{D},70,"If your opponent’s Active Pokémon is a Pokémon {ex}, this attack does 70 more damage.",n/a
644,Marnie's Scraggy,DRI,132,Basic Pokémon,n/a,Trainer's Pokémon(Marnie),n/a,70,{D},{G},n/a,1,Crunch,{D}{D}●,50,Discard an Energy from your opponent’s Active Pokémon.,n/a
645,Marnie's Scrafty,DRI,133,Stage 1 Pokémon,n/a,Trainer's Pokémon(Marnie),Marnie's Scraggy,120,{D},{G},n/a,2,Rear Kick,{D},40,n/a,n/a
645,Marnie's Scrafty,DRI,133,Stage 1 Pokémon,n/a,Trainer's Pokémon(Marnie),Marnie's Scraggy,120,{D},{G},n/a,2,Wild Tackle,{D}{D}●,160,This Pokémon also does 30 damage to itself.,n/a
646,Marnie's Impidimp,DRI,134,Basic Pokémon,n/a,Trainer's Pokémon(Marnie),n/a,70,{D},{G},n/a,1,Filch,●,n/a,Draw a card.,n/a
646,Marnie's Impidimp,DRI,134,Basic Pokémon,n/a,Trainer's Pokémon(Marnie),n/a,70,{D},{G},n/a,1,Corkscrew Punch,{D},10,n/a,n/a
647,Marnie's Morgrem,DRI,135,Stage 1 Pokémon,n/a,Trainer's Pokémon(Marnie),Marnie's Impidimp,100,{D},{G},n/a,1,Corkscrew Punch,{D}{D},60,n/a,n/a
648,Marnie's Grimmsnarl ex,DRI,136,Stage 2 Pokémon,Pokémon ex,Trainer's Pokémon(Marnie),Marnie's Morgrem,320,{D},{G},n/a,2,[Ability] Punk Up,n/a,n/a,"When you play this Pokémon from your hand to evolve 1 of your Pokémon during your turn, you may search your deck for up to 5 Basic {D} Energy cards and attach them to your Marnie’s Pokémon in any way you like. Then, shuffle your deck.",n/a
648,Marnie's Grimmsnarl ex,DRI,136,Stage 2 Pokémon,Pokémon ex,Trainer's Pokémon(Marnie),Marnie's Morgrem,320,{D},{G},n/a,2,Shadow Bullet,{D}{D},180,This attack also does 30 damage to 1 of your opponent’s Benched Pokémon. (Don’t apply Weakness and Resistance for Benched Pokémon.),n/a
649,Marnie's Morpeko,DRI,137,Basic Pokémon,n/a,Trainer's Pokémon(Marnie),n/a,70,{D},{G},n/a,n/a,Spiky Wheel,●●●,20,This attack does 40 more damage for each {D} Energy attached to this Pokémon.,n/a
650,Bulbasaur,MEG,1,Basic Pokémon,n/a,n/a,n/a,80,{G},{R},n/a,2,Bind Down,{G},10,"During your opponent’s next turn, the Defending Pokémon can’t retreat.",n/a
651,Ivysaur,MEG,2,Stage 1 Pokémon,n/a,n/a,Bulbasaur,110,{G},{R},n/a,3,Razor Leaf,{G}{G},60,n/a,n/a
652,Mega Venusaur ex,MEG,3,Stage 2 Pokémon,Mega Pokémon ex,n/a,Ivysaur,380,{G},{R},n/a,4,[Ability] Solar Transfer,n/a,n/a,"As often as you like during your turn, you may use this Ability. Move a Basic {G} Energy from 1 of your Pokémon to another of your Pokémon.",n/a
652,Mega Venusaur ex,MEG,3,Stage 2 Pokémon,Mega Pokémon ex,n/a,Ivysaur,380,{G},{R},n/a,4,Jungle Dump,{G}{G}{G}{G},240,Heal 30 damage from this Pokémon.,n/a
653,Exeggcute,MEG,4,Basic Pokémon,n/a,n/a,n/a,60,{G},{R},n/a,1,Jam-Packed,●,n/a,"Search your deck for a Basic {G} Energy card and attach it to this Pokémon. Then, shuffle your deck.",n/a
654,Exeggutor,MEG,5,Stage 1 Pokémon,n/a,n/a,Exeggcute,140,{G},{R},n/a,2,Guard Press,{G},30,"During your opponent’s next turn, this Pokémon takes 30 less damage from attacks (after applying Weakness and Resistance).",n/a
654,Exeggutor,MEG,5,Stage 1 Pokémon,n/a,n/a,Exeggcute,140,{G},{R},n/a,2,Stomping Wood,●●●,60,This attack does 30 more damage for each {G} Energy attached to this Pokémon.,n/a
655,Celebi,MEG,12,Basic Pokémon,n/a,n/a,n/a,80,{G},{R},n/a,1,Traverse Time,{G},n/a,"Search your deck for up to 3 in any combination of {G} Pokémon and Stadium cards, reveal them, and put them into your hand. Then, shuffle your deck.",n/a
655,Celebi,MEG,12,Basic Pokémon,n/a,n/a,n/a,80,{G},{R},n/a,1,Solar Cutter,{G},30,n/a,n/a
656,Seedot,MEG,13,Basic Pokémon,n/a,n/a,n/a,60,{G},{R},n/a,1,Nap,●,n/a,Heal 20 damage from this Pokémon.,n/a
656,Seedot,MEG,13,Basic Pokémon,n/a,n/a,n/a,60,{G},{R},n/a,1,Seed Bomb,{G}●,20,n/a,n/a
657,Nuzleaf,MEG,14,Stage 1 Pokémon,n/a,n/a,Seedot,100,{G},{R},n/a,2,Pound,{G},30,n/a,n/a
657,Nuzleaf,MEG,14,Stage 1 Pokémon,n/a,n/a,Seedot,100,{G},{R},n/a,2,Low Kick,{G}●,50,n/a,n/a
658,Shiftry,MEG,15,Stage 2 Pokémon,n/a,n/a,Nuzleaf,160,{G},{R},n/a,2,Reversing Gust,{G},n/a,"Flip a coin. If heads, choose 1 of your opponent’s Pokémon. Shuffle that Pokémon and all attached cards into their deck.",n/a
658,Shiftry,MEG,15,Stage 2 Pokémon,n/a,n/a,Nuzleaf,160,{G},{R},n/a,2,Perplex,{G}●,100,Your opponent’s Active Pokémon is now Confused.,n/a
659,Vulpix,MEG,19,Basic Pokémon,n/a,n/a,n/a,70,{R},{W},n/a,1,Stampede,●,10,n/a,n/a
659,Vulpix,MEG,19,Basic Pokémon,n/a,n/a,n/a,70,{R},{W},n/a,1,Combustion,{R}●,20,n/a,n/a
660,Ninetales,MEG,20,Stage 1 Pokémon,n/a,n/a,Vulpix,120,{R},{W},n/a,1,Supernatural Shapeshifter,●,n/a,"Discard the top card of your deck, and if that card is a Supporter card, use the effect of that card as the effect of this attack.",n/a
660,Ninetales,MEG,20,Stage 1 Pokémon,n/a,n/a,Vulpix,120,{R},{W},n/a,1,Combustion,{R}●,60,n/a,n/a
661,Numel,MEG,21,Basic Pokémon,n/a,n/a,n/a,80,{R},{W},n/a,2,Call for Family,{R},n/a,"Search your deck for up to 2 Basic Pokémon and put them onto your Bench. Then, shuffle your deck.",n/a
661,Numel,MEG,21,Basic Pokémon,n/a,n/a,n/a,80,{R},{W},n/a,2,Flare,{R}●●,30,n/a,n/a
662,Mega Camerupt ex,MEG,22,Stage 1 Pokémon,Mega Pokémon ex,n/a,Numel,340,{R},{W},n/a,4,Roasting Heat,{R},80,"If your opponent’s Active Pokémon is Burned, this attack does 160 more damage.",n/a
662,Mega Camerupt ex,MEG,22,Stage 1 Pokémon,Mega Pokémon ex,n/a,Numel,340,{R},{W},n/a,4,Volcanic Meteor,{R}●●●,280,Discard 2 Energy from this Pokémon.,n/a
663,Volcanion,MEG,25,Basic Pokémon,n/a,n/a,n/a,130,{R},{W},n/a,2,Singe,{R},n/a,Your opponent’s Active Pokémon is now Burned.,n/a
663,Volcanion,MEG,25,Basic Pokémon,n/a,n/a,n/a,130,{R},{W},n/a,2,Backfire,{R}{R}●,130,Put 2 {R} Energy attached to this Pokémon into your hand.,n/a
664,Scorbunny,MEG,26,Basic Pokémon,n/a,n/a,n/a,70,{R},{W},n/a,1,Wild Kick,●,30,"Flip a coin. If tails, this attack does nothing.",n/a
665,Raboot,MEG,27,Stage 1 Pokémon,n/a,n/a,Scorbunny,100,{R},{W},n/a,1,Jumping Kick,●,n/a,This attack does 40 damage to 1 of your opponent’s Pokémon. (Don’t apply Weakness and Resistance for Benched Pokémon.),n/a
666,Cinderace,MEG,28,Stage 2 Pokémon,n/a,n/a,Raboot,160,{R},{W},n/a,n/a,[Ability] Explosiveness,n/a,n/a,"If this Pokémon is in your hand when you are setting up to play, you may put it face down in the Active Spot.",n/a
666,Cinderace,MEG,28,Stage 2 Pokémon,n/a,n/a,Raboot,160,{R},{W},n/a,n/a,Turbo Flare,●,50,"Search your deck for up to 3 Basic Energy cards and attach them to your Benched Pokémon in any way you like. Then, shuffle your deck.",n/a
667,Corphish,MEG,33,Basic Pokémon,n/a,n/a,n/a,80,{W},{L},n/a,2,Vise Grip,●,10,n/a,n/a
667,Corphish,MEG,33,Basic Pokémon,n/a,n/a,n/a,80,{W},{L},n/a,2,Take Down,●●,30,This Pokémon also does 10 damage to itself.,n/a
668,Gimmighoul,MEG,67,Basic Pokémon,n/a,n/a,n/a,70,{P},{D},{F},2,Slap,●,10,n/a,n/a
669,Sandshrew,MEG,68,Basic Pokémon,n/a,n/a,n/a,70,{F},{G},n/a,1,Dig Claws,●,10,n/a,n/a
669,Sandshrew,MEG,68,Basic Pokémon,n/a,n/a,n/a,70,{F},{G},n/a,1,Mud-Slap,{F}●,20,n/a,n/a
670,Sandslash,MEG,69,Stage 1 Pokémon,n/a,n/a,Sandshrew,120,{F},{G},n/a,1,Sand Attack,●●,50,"During your opponent’s next turn, if the Defending Pokémon tries to use an attack, your opponent flips a coin. If tails, that attack doesn’t happen.",n/a
670,Sandslash,MEG,69,Stage 1 Pokémon,n/a,n/a,Sandshrew,120,{F},{G},n/a,1,Mud Shot,{F}●●,100,n/a,n/a
671,Onix,MEG,70,Basic Pokémon,n/a,n/a,n/a,120,{F},{G},n/a,4,Bind,●●,30,"Flip a coin. If heads, your opponent’s Active Pokémon is now Paralyzed.",n/a
671,Onix,MEG,70,Basic Pokémon,n/a,n/a,n/a,120,{F},{G},n/a,4,Strength,●●●●,100,n/a,n/a
672,Tyrogue,MEG,71,Basic Pokémon,n/a,n/a,n/a,30,{F},{P},n/a,n/a,Pow-Pow Punching,No cost,10,Flip a coin until you get tails. This attack does 30 more damage for each heads.,n/a
673,Makuhita,MEG,72,Basic Pokémon,n/a,n/a,n/a,80,{F},{P},n/a,2,Corkscrew Punch,{F},10,n/a,n/a
673,Makuhita,MEG,72,Basic Pokémon,n/a,n/a,n/a,80,{F},{P},n/a,2,Confront,{F}{F},30,n/a,n/a
674,Hariyama,MEG,73,Stage 1 Pokémon,n/a,n/a,Makuhita,150,{F},{P},n/a,3,[Ability] Heave-Ho Catcher,n/a,n/a,"Once during your turn, when you play this Pokémon from your hand to evolve 1 of your Pokémon, you may use this Ability. Switch in 1 of your opponent’s Benched Pokémon to the Active Spot.",n/a
674,Hariyama,MEG,73,Stage 1 Pokémon,n/a,n/a,Makuhita,150,{F},{P},n/a,3,Wild Press,{F}{F}{F},210,This Pokémon also does 70 damage to itself.,n/a
675,Lunatone,MEG,74,Basic Pokémon,n/a,n/a,n/a,110,{F},{G},n/a,1,[Ability] Lunar Cycle,n/a,n/a,"Once during your turn, if you have Solrock in play, you may discard a Basic {F} Energy card from your hand in order to use this Ability. Draw 3 cards. You can’t use more than 1 Lunar Cycle Ability each turn.",n/a
675,Lunatone,MEG,74,Basic Pokémon,n/a,n/a,n/a,110,{F},{G},n/a,1,Power Gem,{F}{F},50,n/a,n/a
676,Solrock,MEG,75,Basic Pokémon,n/a,n/a,n/a,110,{F},{G},n/a,1,Cosmic Beam,{F},70,"If you don’t have Lunatone on your Bench, this attack does nothing. This attack’s damage isn’t affected by Weakness or Resistance.",n/a
677,Riolu,MEG,76,Basic Pokémon,n/a,n/a,n/a,80,{F},{P},n/a,2,Accelerating Stab,{F},30,"During your next turn, this Pokémon can’t use Accelerating Stab.",n/a
678,Mega Lucario ex,MEG,77,Stage 1 Pokémon,Mega Pokémon ex,n/a,Riolu,340,{F},{P},n/a,2,Aura Jab,{F},130,Attach up to 3 Basic {F} Energy cards from your discard pile to your Benched Pokémon in any way you like.,n/a
678,Mega Lucario ex,MEG,77,Stage 1 Pokémon,Mega Pokémon ex,n/a,Riolu,340,{F},{P},n/a,2,Mega Brave,{F}{F},270,"During your next turn, this Pokémon can’t use Mega Brave.",n/a
679,Croagunk,MEG,78,Basic Pokémon,n/a,n/a,n/a,70,{F},{P},n/a,1,Smack,{F},20,n/a,n/a
680,Toxicroak,MEG,79,Stage 1 Pokémon,n/a,n/a,Croagunk,130,{F},{P},n/a,1,Reckless Charge,{F},70,This Pokémon also does 20 damage to itself.,n/a
681,Marshadow,MEG,80,Basic Pokémon,n/a,n/a,n/a,90,{F},{P},n/a,1,Shadowy Side Kick,{F}{F},60,"If your opponent’s Pokémon is Knocked Out by damage from this attack, during your opponent’s next turn, prevent all damage from and effects of attacks done to this Pokémon.",n/a
682,Stonjourner,MEG,81,Basic Pokémon,n/a,n/a,n/a,130,{F},{G},n/a,2,Stony Kick,{F},20,This attack also does 20 damage to 1 of your opponent’s Benched Pokémon. (Don’t apply Weakness and Resistance for Benched Pokémon.),n/a
682,Stonjourner,MEG,81,Basic Pokémon,n/a,n/a,n/a,130,{F},{G},n/a,2,Boundless Power,{F}{F}●,140,"During your next turn, this Pokémon can’t use attacks.",n/a
683,Nacli,MEG,82,Basic Pokémon,n/a,n/a,n/a,70,{F},{G},n/a,2,Ram,●,10,n/a,n/a
684,Naclstack,MEG,83,Stage 1 Pokémon,n/a,n/a,Nacli,110,{F},{G},n/a,3,Rock Hurl,{F}●,50,This attack’s damage isn’t affected by Resistance.,n/a
685,Garganacl,MEG,84,Stage 2 Pokémon,n/a,n/a,Naclstack,180,{F},{G},n/a,4,[Ability] Powerful a-Salt,n/a,n/a,Attacks used by your {F} Pokémon do 30 more damage to your opponent’s Active Pokémon (before applying Weakness and Resistance).,n/a
685,Garganacl,MEG,84,Stage 2 Pokémon,n/a,n/a,Naclstack,180,{F},{G},n/a,4,Hammer In,{F}{F}●,130,n/a,n/a
686,Crawdaunt,MEG,85,Stage 1 Pokémon,n/a,n/a,Corphish,130,{D},{G},n/a,3,Vise Grip,●,30,n/a,n/a
686,Crawdaunt,MEG,85,Stage 1 Pokémon,n/a,n/a,Corphish,130,{D},{G},n/a,3,Cutting Riposte,{D}{D}●,130,"If this Pokémon has any damage counters on it, this attack can be used for {D}.",n/a
687,Mega Absol ex,MEG,86,Basic Pokémon,Mega Pokémon ex,n/a,n/a,280,{D},{G},n/a,2,Terminal Period,{D}●,n/a,"If your opponent’s Active Pokémon has exactly 6 damage counters on it, that Pokémon is Knocked Out.",n/a
687,Mega Absol ex,MEG,86,Basic Pokémon,Mega Pokémon ex,n/a,n/a,280,{D},{G},n/a,2,Claw of Darkness,{D}{D}●,200,"Your opponent reveals their hand, and you discard a card you find there.",n/a
688,Spiritomb,MEG,87,Basic Pokémon,n/a,n/a,n/a,80,{D},{G},n/a,1,[Ability] Spiteful Swirl,n/a,n/a,"If your Active {D} Pokémon is damaged by an attack from your opponent’s Pokémon (even if your Active {D} Pokémon is Knocked Out), place 1 damage counter on the Attacking Pokémon.",n/a
688,Spiritomb,MEG,87,Basic Pokémon,n/a,n/a,n/a,80,{D},{G},n/a,1,Mountain Breaker,{D},10,Discard the top card of your opponent’s deck.,n/a
689,Yveltal,MEG,88,Basic Pokémon,n/a,n/a,n/a,110,{D},{L},{F},n/a,Clutch,{D},20,"During your opponent’s next turn, the Defending Pokémon can’t retreat.",n/a
689,Yveltal,MEG,88,Basic Pokémon,n/a,n/a,n/a,110,{D},{L},{F},n/a,Dark Feather,{D}{D}●,110,n/a,n/a
690,Nickit,MEG,89,Basic Pokémon,n/a,n/a,n/a,70,{D},{G},n/a,1,Darkness Fang,{D},20,n/a,n/a
691,Thievul,MEG,90,Stage 1 Pokémon,n/a,n/a,Nickit,120,{D},{G},n/a,1,Greedy Hunt,●,20,You may draw cards until you have 6 cards in your hand.,n/a
691,Thievul,MEG,90,Stage 1 Pokémon,n/a,n/a,Nickit,120,{D},{G},n/a,1,Pitch-Black Fangs,{D}●,60,n/a,n/a
692,Shroodle,MEG,91,Basic Pokémon,n/a,n/a,n/a,60,{D},{F},n/a,1,Poison Jab,{D}●,20,Your opponent’s Active Pokémon is now Poisoned.,n/a
693,Grafaiai,MEG,92,Stage 1 Pokémon,n/a,n/a,Shroodle,100,{D},{F},n/a,1,Miraculous Paint,{D}●,90,"Flip a coin. If heads, choose a Special Condition. Your opponent’s Active Pokémon is now affected by that Special Condition.",n/a
694,Steelix,MEG,93,Stage 1 Pokémon,n/a,n/a,Onix,200,{M},{R},{G},4,Welcoming Tail,●●,40,"If you have exactly 6 Prize cards remaining, this attack does 200 more damage.",n/a
694,Steelix,MEG,93,Stage 1 Pokémon,n/a,n/a,Onix,200,{M},{R},{G},4,Skull Bash,{M}{M}●●,140,n/a,n/a
695,Mega Mawile ex,MEG,94,Basic Pokémon,Mega Pokémon ex,n/a,n/a,270,{M},{R},{G},2,Gobble Down,{M}{M},80×,This attack does 80 damage for each Prize card you have taken.,n/a
695,Mega Mawile ex,MEG,94,Basic Pokémon,Mega Pokémon ex,n/a,n/a,270,{M},{R},{G},2,Huge Bite,{M}{M}●,260,"If your opponent’s Active Pokémon already has any damage counters on it, this attack’s base damage is 30.",n/a
696,Dialga,MEG,95,Basic Pokémon,n/a,n/a,n/a,140,{M},{R},{G},2,Beam,{M},30,n/a,n/a
696,Dialga,MEG,95,Basic Pokémon,n/a,n/a,n/a,140,{M},{R},{G},2,Chrono Burst,{M}{M}●,80,You may shuffle all Energy attached to this Pokémon into your deck and have this attack do 80 more damage.,n/a
697,Tinkatink,MEG,96,Basic Pokémon,n/a,n/a,n/a,70,{M},{R},{G},1,Beat,{M},20,n/a,n/a
698,Tinkatuff,MEG,97,Stage 1 Pokémon,n/a,n/a,Tinkatink,90,{M},{R},{G},2,[Ability] Haphazard Hammer,n/a,n/a,"Once during your turn, when you play this Pokémon from your hand to evolve 1 of your Pokémon, you may use this Ability. Flip a coin. If heads, discard an Energy from your opponent’s Active Pokémon.",n/a
698,Tinkatuff,MEG,97,Stage 1 Pokémon,n/a,n/a,Tinkatink,90,{M},{R},{G},2,Light Punch,{M},30,n/a,n/a
699,Tinkaton,MEG,98,Stage 2 Pokémon,n/a,n/a,Tinkatuff,160,{M},{R},{G},2,Windup Swing,{M},240-,This attack does 60 less damage for each Energy attached to your opponent’s Active Pokémon.,n/a
700,Gholdengo,MEG,99,Stage 1 Pokémon,n/a,n/a,Gimmighoul,130,{M},{R},{G},2,All-You-Can-Grab,●,n/a,"Flip a coin until you get tails. Search your deck for a number of cards up to the number of heads and put them into your hand. Then, shuffle your deck.",n/a
700,Gholdengo,MEG,99,Stage 1 Pokémon,n/a,n/a,Gimmighoul,130,{M},{R},{G},2,Speed Attack,{M}●●,100,n/a,n/a
701,Spearow,MEG,102,Basic Pokémon,n/a,n/a,n/a,60,{C},{L},{F},1,Pluck,●,10,"Before doing damage, discard all Pokémon Tools from your opponent’s Active Pokémon.",n/a
702,Fearow,MEG,103,Stage 1 Pokémon,n/a,n/a,Spearow,100,{C},{L},{F},1,Repeating Drill,●,30×,Flip 5 coins. This attack does 30 damage for each heads.,n/a
703,Miltank,MEG,106,Basic Pokémon,n/a,n/a,n/a,120,{C},{F},n/a,2,Bellyful of Milk,●●,n/a,"Flip 2 coins. If both of them are heads, heal all damage from 1 of your Pokémon.",n/a
703,Miltank,MEG,106,Basic Pokémon,n/a,n/a,n/a,120,{C},{F},n/a,2,Tackle,●●●,60,n/a,n/a
704,Yungoos,MEG,109,Basic Pokémon,n/a,n/a,n/a,70,{C},{F},n/a,1,Collect,●,n/a,Draw a card.,n/a
704,Yungoos,MEG,109,Basic Pokémon,n/a,n/a,n/a,70,{C},{F},n/a,1,Gnaw,●●,20,n/a,n/a
705,Gumshoos,MEG,110,Stage 1 Pokémon,n/a,n/a,Yungoos,100,{C},{F},n/a,1,[Ability] Evidence Gathering,n/a,n/a,"Once during your turn, you may use this Ability. Switch a card from your hand with the top card of your deck.",n/a
705,Gumshoos,MEG,110,Stage 1 Pokémon,n/a,n/a,Yungoos,100,{C},{F},n/a,1,Bite,●●,50,n/a,n/a
706,Tangela,MEG,6,Basic Pokémon,n/a,n/a,n/a,80,{G},{R},n/a,2,Poison Powder,{G},n/a,Your opponent’s Active Pokémon is now Poisoned.,n/a
706,Tangela,MEG,6,Basic Pokémon,n/a,n/a,n/a,80,{G},{R},n/a,2,Hook,{G}●●,30,n/a,n/a
707,Tangrowth,MEG,7,Stage 1 Pokémon,n/a,n/a,Tangela,150,{G},{R},n/a,4,Absorb,{G}●,30,Heal 30 damage from this Pokémon.,n/a
707,Tangrowth,MEG,7,Stage 1 Pokémon,n/a,n/a,Tangela,150,{G},{R},n/a,4,Pumped-Up Whip,{G}{G}●●,120,"If this Pokémon has at least 2 extra Energy attached (in addition to this attack’s cost), this attack does 140 more damage.",n/a
708,Chikorita,MEG,8,Basic Pokémon,n/a,n/a,n/a,70,{G},{R},n/a,1,Razor Leaf,{G},20,n/a,n/a
709,Bayleef,MEG,9,Stage 1 Pokémon,n/a,n/a,Chikorita,110,{G},{R},n/a,2,Push Down,{G}●,50,Switch out your opponent’s Active Pokémon to the Bench. (Your opponent chooses the new Active Pokémon.),n/a
710,Meganium,MEG,10,Stage 2 Pokémon,n/a,n/a,Bayleef,160,{G},{R},n/a,2,[Ability] Wild Growth,n/a,n/a,Each Basic {G} Energy attached to all of your Pokémon provides {G}{G} Energy. The effect of Wild Growth doesn’t stack.,n/a
710,Meganium,MEG,10,Stage 2 Pokémon,n/a,n/a,Bayleef,160,{G},{R},n/a,2,Solar Beam,{G}{G}●●,140,n/a,n/a
711,Shuckle,MEG,11,Basic Pokémon,n/a,n/a,n/a,80,{G},{R},n/a,1,[Ability] Fermented Juice,n/a,n/a,"Once during your turn, if this Pokémon has any {G} Energy attached, you may use this Ability. Heal 30 damage from 1 of your Pokémon.",n/a
711,Shuckle,MEG,11,Basic Pokémon,n/a,n/a,n/a,80,{G},{R},n/a,1,Rollout,{G}●,30,n/a,n/a
712,Nincada,MEG,16,Basic Pokémon,n/a,n/a,n/a,50,{G},{R},n/a,1,Scratch,●,20,n/a,n/a
713,Ninjask,MEG,17,Stage 1 Pokémon,n/a,n/a,Nincada,80,{G},{R},n/a,n/a,[Ability] Cast-Off Shell,n/a,n/a,"Once during your turn, when you play this Pokémon from your hand to evolve 1 of your Pokémon, you may use this Ability. Search your deck for a Shedinja and put it onto your Bench. Then, shuffle your deck.",n/a
713,Ninjask,MEG,17,Stage 1 Pokémon,n/a,n/a,Nincada,80,{G},{R},n/a,n/a,U-turn,{G}●,90,Switch this Pokémon with 1 of your Benched Pokémon.,n/a
714,Dhelmise,MEG,18,Basic Pokémon,n/a,n/a,n/a,120,{G},{R},n/a,2,Earthen Power,{G}●,30,"If you have a Stadium in play, this attack does 50 more damage.",n/a
715,Litleo,MEG,23,Basic Pokémon,n/a,n/a,n/a,70,{R},{W},n/a,2,Flare,{R}●,30,n/a,n/a
716,Pyroar,MEG,24,Stage 1 Pokémon,n/a,n/a,Litleo,130,{R},{W},n/a,2,[Ability] Intimidating Fang,n/a,n/a,"As long as this Pokémon is in the Active Spot, attacks used by your opponent’s Active Pokémon do 30 less damage (before applying Weakness and Resistance).",n/a
716,Pyroar,MEG,24,Stage 1 Pokémon,n/a,n/a,Litleo,130,{R},{W},n/a,2,Searing Flame,{R}●●,70,Your opponent’s Active Pokémon is now Burned.,n/a
717,Sizzlipede,MEG,29,Basic Pokémon,n/a,n/a,n/a,80,{R},{W},n/a,2,Ram,{R},10,n/a,n/a
717,Sizzlipede,MEG,29,Basic Pokémon,n/a,n/a,n/a,80,{R},{W},n/a,2,Combustion,{R}{R}●,50,n/a,n/a
718,Centiskorch,MEG,30,Stage 1 Pokémon,n/a,n/a,Sizzlipede,140,{R},{W},n/a,3,Coiling Crush,●●,50,"Flip 2 coins. For each heads, discard an Energy from your opponent’s Active Pokémon.",n/a
718,Centiskorch,MEG,30,Stage 1 Pokémon,n/a,n/a,Sizzlipede,140,{R},{W},n/a,3,Heat Crawler,{R}{R}●●,140,n/a,n/a
719,Chi-Yu,MEG,31,Basic Pokémon,n/a,n/a,n/a,110,{R},{W},n/a,1,Scorching Earth,{R},40,"If your opponent has a Stadium in play, discard it. If you do, your opponent can’t play any Stadium cards from their hand during their next turn.",n/a
720,Mantine,MEG,32,Basic Pokémon,n/a,n/a,n/a,110,{W},{L},n/a,1,Call for Family,●,n/a,"Search your deck for up to 2 Basic Pokémon and put them onto your Bench. Then, shuffle your deck.",n/a
720,Mantine,MEG,32,Basic Pokémon,n/a,n/a,n/a,110,{W},{L},n/a,1,Waterfall,{W}●,50,n/a,n/a
721,Kyogre,MEG,34,Basic Pokémon,n/a,n/a,n/a,150,{W},{L},n/a,3,Riptide,{W},20×,"This attack does 20 damage for each Basic {W} Energy card in your discard pile. Then, shuffle those cards into your deck.",n/a
721,Kyogre,MEG,34,Basic Pokémon,n/a,n/a,n/a,150,{W},{L},n/a,3,Swirling Waves,{W}{W}●,130,Discard 2 Energy from this Pokémon.,n/a
722,Snover,MEG,35,Basic Pokémon,n/a,n/a,n/a,90,{W},{M},n/a,3,Beat,{W},10,n/a,n/a
722,Snover,MEG,35,Basic Pokémon,n/a,n/a,n/a,90,{W},{M},n/a,3,Icy Snow,{W}{W},30,n/a,n/a
723,Mega Abomasnow ex,MEG,36,Stage 1 Pokémon,Mega Pokémon ex,n/a,Snover,350,{W},{M},n/a,4,Hammer-lanche,{W}{W},100×,"Discard the top 6 cards of your deck, and this attack does 100 damage for each Basic {W} Energy card that you discarded in this way.",n/a
723,Mega Abomasnow ex,MEG,36,Stage 1 Pokémon,Mega Pokémon ex,n/a,Snover,350,{W},{M},n/a,4,Frost Barrier,{W}{W}{W},200,"During your opponent’s next turn, this Pokémon takes 30 less damage from attacks (after applying Weakness and Resistance).",n/a
724,Clauncher,MEG,37,Basic Pokémon,n/a,n/a,n/a,80,{W},{L},n/a,2,Wave Splash,{W}{W},50,n/a,n/a
725,Clawitzer,MEG,38,Stage 1 Pokémon,n/a,n/a,Clauncher,130,{W},{L},n/a,2,[Ability] Fall Back to Reload,n/a,n/a,"Once during your turn, when this Pokémon moves from the Active Spot to your Bench, you may use this Ability. Attach up to 2 Basic {W} Energy cards from your hand to this Pokémon.",n/a
725,Clawitzer,MEG,38,Stage 1 Pokémon,n/a,n/a,Clauncher,130,{W},{L},n/a,2,Aqua Launcher,{W}{W}{W},210,Discard all Energy from this Pokémon.,n/a
726,Sobble,MEG,39,Basic Pokémon,n/a,n/a,n/a,70,{W},{L},n/a,1,Surprise Attack,{W},30,"Flip a coin. If tails, this attack does nothing.",n/a
727,Drizzile,MEG,40,Stage 1 Pokémon,n/a,n/a,Sobble,100,{W},{L},n/a,1,Double Stab,{W},30×,Flip 2 coins. This attack does 30 damage for each heads.,n/a
728,Inteleon,MEG,41,Stage 2 Pokémon,n/a,n/a,Drizzile,150,{W},{L},n/a,1,Bring Down,{W},n/a,"Choose a Pokémon in play (yours or your opponent’s) that has the least HP remaining, except for this Pokémon, and it is Knocked Out.",n/a
728,Inteleon,MEG,41,Stage 2 Pokémon,n/a,n/a,Drizzile,150,{W},{L},n/a,1,Water Shot,{W},110,Discard an Energy from this Pokémon.,n/a
729,Snom,MEG,42,Basic Pokémon,n/a,n/a,n/a,50,{W},{M},n/a,1,Hide,{W},n/a,"Flip a coin. If heads, during your opponent’s next turn, prevent all damage from and effects of attacks done to this Pokémon.",n/a
730,Frosmoth,MEG,43,Stage 1 Pokémon,n/a,n/a,Snom,110,{W},{M},n/a,2,Chilling Wings,{W},n/a,This attack does 20 damage to each of your opponent’s Pokémon. (Don’t apply Weakness and Resistance for Benched Pokémon.) Your opponent’s Active Pokémon is now Asleep.,n/a
731,Eiscue,MEG,44,Basic Pokémon,n/a,n/a,n/a,110,{W},{M},n/a,1,Freezing Headbutt,●,20,"Flip a coin. If heads, your opponent’s Active Pokémon is now Paralyzed.",n/a
731,Eiscue,MEG,44,Basic Pokémon,n/a,n/a,n/a,110,{W},{M},n/a,1,Tackle,{W}●●,90,n/a,n/a
732,Magnemite,MEG,45,Basic Pokémon,n/a,n/a,n/a,70,{L},{F},n/a,1,Beam,{L},10,n/a,n/a
733,Magneton,MEG,46,Stage 1 Pokémon,n/a,n/a,Magnemite,90,{L},{F},n/a,2,Thunder Shock,{L},30,"Flip a coin. If heads, your opponent’s Active Pokémon is now Paralyzed.",n/a
734,Magnezone,MEG,47,Stage 2 Pokémon,n/a,n/a,Magneton,160,{L},{F},n/a,3,Upper Spark,{L},50,"If this Pokémon evolved from Magneton during this turn, this attack does 120 more damage.",n/a
734,Magnezone,MEG,47,Stage 2 Pokémon,n/a,n/a,Magneton,160,{L},{F},n/a,3,Flashing Bolt,{L}{L},160,"During your next turn, this Pokémon can’t use Flashing Bolt.",n/a
735,Raikou,MEG,48,Basic Pokémon,n/a,n/a,n/a,120,{L},{F},n/a,1,Electro Fall,{L}{L},30,"If you have at least 4 {L} Energy in play, this attack does 90 more damage.",n/a
736,Electrike,MEG,49,Basic Pokémon,n/a,n/a,n/a,70,{L},{F},n/a,1,Thunder Jolt,{L},30,This Pokémon also does 10 damage to itself.,n/a
737,Mega Manectric ex,MEG,50,Stage 1 Pokémon,Mega Pokémon ex,n/a,Electrike,330,{L},{F},n/a,n/a,Flash Ray,{L}{L},120,"During your opponent’s next turn, prevent all damage done to this Pokémon by attacks from Basic Pokémon.",n/a
737,Mega Manectric ex,MEG,50,Stage 1 Pokémon,Mega Pokémon ex,n/a,Electrike,330,{L},{F},n/a,n/a,Riotous Blasting,{L}{L}{L},200,You may discard all Energy from this Pokémon and have this attack do 130 more damage.,n/a
738,Pachirisu,MEG,51,Basic Pokémon,n/a,n/a,n/a,70,{L},{F},n/a,1,Electrified Incisors,{L},10,"During your opponent’s next turn, whenever they attach an Energy card from their hand to the Defending Pokémon, place 8 damage counters on that Pokémon.",n/a
739,Helioptile,MEG,52,Basic Pokémon,n/a,n/a,n/a,70,{L},{F},n/a,1,Double Scratch,●,10×,Flip 2 coins. This attack does 10 damage for each heads.,n/a
740,Heliolisk,MEG,53,Stage 1 Pokémon,n/a,n/a,Helioptile,120,{L},{F},n/a,1,Dazzle Blast,●,20,Your opponent’s Active Pokémon is now Confused.,n/a
740,Heliolisk,MEG,53,Stage 1 Pokémon,n/a,n/a,Helioptile,120,{L},{F},n/a,1,Head Bolt,{L}●,70,n/a,n/a
741,Abra,MEG,54,Basic Pokémon,n/a,n/a,n/a,50,{P},{D},{F},1,Teleportation Attack,{P},10,Switch this Pokémon with 1 of your Benched Pokémon.,n/a
742,Kadabra,MEG,55,Stage 1 Pokémon,n/a,n/a,Abra,80,{P},{D},{F},1,[Ability] Psychic Draw,n/a,n/a,"Once during your turn, when you play this Pokémon from your hand to evolve 1 of your Pokémon, you may use this Ability. Draw 2 cards.",n/a
742,Kadabra,MEG,55,Stage 1 Pokémon,n/a,n/a,Abra,80,{P},{D},{F},1,Super Psy Bolt,{P},30,n/a,n/a
743,Alakazam,MEG,56,Stage 2 Pokémon,n/a,n/a,Kadabra,140,{P},{D},{F},1,[Ability] Psychic Draw,n/a,n/a,"Once during your turn, when you play this Pokémon from your hand to evolve 1 of your Pokémon, you may use this Ability. Draw 3 cards.",n/a
743,Alakazam,MEG,56,Stage 2 Pokémon,n/a,n/a,Kadabra,140,{P},{D},{F},1,Powerful Hand,{P},n/a,Place 2 damage counters on your opponent’s Active Pokémon for each card in your hand.,n/a
744,Jynx,MEG,57,Basic Pokémon,n/a,n/a,n/a,110,{P},{D},{F},1,Psychic,{P}{P},30,This attack does 30 more damage for each Energy attached to your opponent’s Active Pokémon.,n/a
745,Ralts,MEG,58,Basic Pokémon,n/a,n/a,n/a,70,{P},{D},{F},1,Collect,●,n/a,Draw a card.,n/a
745,Ralts,MEG,58,Basic Pokémon,n/a,n/a,n/a,70,{P},{D},{F},1,Headbutt,{P},10,n/a,n/a
746,Kirlia,MEG,59,Stage 1 Pokémon,n/a,n/a,Ralts,100,{P},{D},{F},1,Call Sign,{P},n/a,"Search your deck for up to 3 Pokémon, reveal them, and put them into your hand. Then, shuffle your deck.",n/a
746,Kirlia,MEG,59,Stage 1 Pokémon,n/a,n/a,Ralts,100,{P},{D},{F},1,Psyshot,{P},30,n/a,n/a
747,Mega Gardevoir ex,MEG,60,Stage 2 Pokémon,Mega Pokémon ex,n/a,Kirlia,360,{P},{D},{F},2,Overflowing Wishes,{P},n/a,"For each of your Benched Pokémon, search your deck for a Basic {P} Energy card and attach it to that Pokémon. Then, shuffle your deck.",n/a
747,Mega Gardevoir ex,MEG,60,Stage 2 Pokémon,Mega Pokémon ex,n/a,Kirlia,360,{P},{D},{F},2,Mega Symphonia,{P},50×,This attack does 50 damage for each {P} Energy attached to all of your Pokémon.,n/a
748,Shedinja,MEG,61,Stage 1 Pokémon,n/a,n/a,Nincada,60,{P},{D},{F},n/a,[Ability] Fragile Husk,n/a,n/a,"If this Pokémon is Knocked Out by damage from an attack from your opponent’s Pokémon {ex}, your opponent can’t take any Prize cards for it.",n/a
748,Shedinja,MEG,61,Stage 1 Pokémon,n/a,n/a,Nincada,60,{P},{D},{F},n/a,Damage Beat,{P},20×,This attack does 20 damage for each damage counter on your opponent’s Active Pokémon.,n/a
749,Spoink,MEG,62,Basic Pokémon,n/a,n/a,n/a,70,{P},{D},{F},1,Triple Spin,{P},10×,Flip 3 coins. This attack does 10 damage for each heads.,n/a
750,Grumpig,MEG,63,Stage 1 Pokémon,n/a,n/a,Spoink,120,{P},{D},{F},2,[Ability] Energized Steps,n/a,n/a,"Once during your turn, when you play this Pokémon from your hand to evolve 1 of your Pokémon, you may use this Ability. Look at the top 4 cards of your deck and attach any number of Basic Energy cards you find there to your Pokémon in any way you like. Shuffle the other cards back into your deck.",n/a
750,Grumpig,MEG,63,Stage 1 Pokémon,n/a,n/a,Spoink,120,{P},{D},{F},2,Psychic Sphere,{P}●●,60,n/a,n/a
751,Xerneas,MEG,64,Basic Pokémon,n/a,n/a,n/a,120,{P},{M},n/a,1,Geo Gate,{P},n/a,"Search your deck for up to 3 Basic {P} Pokémon and put them onto your Bench. Then, shuffle your deck.",n/a
751,Xerneas,MEG,64,Basic Pokémon,n/a,n/a,n/a,120,{P},{M},n/a,1,Bright Horns,{P}{P}●,120,"During your next turn, this Pokémon can’t use Bright Horns.",n/a
752,Greavard,MEG,65,Basic Pokémon,n/a,n/a,n/a,80,{P},{D},{F},3,Stampede,{P},10,n/a,n/a
752,Greavard,MEG,65,Basic Pokémon,n/a,n/a,n/a,80,{P},{D},{F},3,Take Down,{P}●,40,This Pokémon also does 10 damage to itself.,n/a
753,Houndstone,MEG,66,Stage 1 Pokémon,n/a,n/a,Greavard,140,{P},{D},{F},3,Horrifying Bite,{P},30,"Flip a coin until you get tails. For each heads, choose a random card from your opponent’s hand. Your opponent reveals those cards and shuffles them into their deck.",n/a
753,Houndstone,MEG,66,Stage 1 Pokémon,n/a,n/a,Greavard,140,{P},{D},{F},3,Hammer In,{P}{P}●,130,n/a,n/a
754,Mega Latias ex,MEG,100,Basic Pokémon,Mega Pokémon ex,n/a,n/a,280,{N},n/a,n/a,1,Strafe,●,40,You may switch this Pokémon with 1 of your Benched Pokémon.,n/a
754,Mega Latias ex,MEG,100,Basic Pokémon,Mega Pokémon ex,n/a,n/a,280,{N},n/a,n/a,1,Illusory Impulse,{R}{P}●,300,Discard all Energy from this Pokémon.,n/a
755,Latios,MEG,101,Basic Pokémon,n/a,n/a,n/a,130,{N},n/a,n/a,1,[Ability] Lustrous Assist,n/a,n/a,"Once during your turn, when your Mega Latias {ex} moves from your Bench to the Active Spot, you may use this Ability. Move any amount of Energy from your Benched Pokémon to your Active Pokémon.",n/a
755,Latios,MEG,101,Basic Pokémon,n/a,n/a,n/a,130,{N},n/a,n/a,1,Dragon Claw,{W}{P}●,130,n/a,n/a
756,Mega Kangaskhan ex,MEG,104,Basic Pokémon,Mega Pokémon ex,n/a,n/a,300,{C},{F},n/a,3,[Ability] Run Errand,n/a,n/a,"Once during your turn, if this Pokémon is in the Active Spot, you may use this Ability. Draw 2 cards. You can’t use more than 1 Run Errand Ability each turn.",n/a
756,Mega Kangaskhan ex,MEG,104,Basic Pokémon,Mega Pokémon ex,n/a,n/a,300,{C},{F},n/a,3,Rapid-Fire Combo,●●●,200,Flip a coin until you get tails. This attack does 50 more damage for each heads.,n/a
757,Delibird,MEG,105,Basic Pokémon,n/a,n/a,n/a,90,{C},{L},{F},1,Quick Gift,●,n/a,"If you go first, you can use this attack during your first turn. Search your deck for a card and put it into your hand. Then, shuffle your deck.",n/a
757,Delibird,MEG,105,Basic Pokémon,n/a,n/a,n/a,90,{C},{L},{F},1,Gentle Slap,●●,30,n/a,n/a
758,Buneary,MEG,107,Basic Pokémon,n/a,n/a,n/a,70,{C},{F},n/a,1,Charm,●,n/a,"During your opponent’s next turn, attacks used by the Defending Pokémon do 20 less damage (before applying Weakness and Resistance).",n/a
758,Buneary,MEG,107,Basic Pokémon,n/a,n/a,n/a,70,{C},{F},n/a,1,Skip,●,10,n/a,n/a
759,Lopunny,MEG,108,Stage 1 Pokémon,n/a,n/a,Buneary,110,{C},{F},n/a,1,Dashing Kick,●,n/a,This attack does 50 damage to 1 of your opponent’s Benched Pokémon. (Don’t apply Weakness and Resistance for Benched Pokémon.),n/a
759,Lopunny,MEG,108,Stage 1 Pokémon,n/a,n/a,Buneary,110,{C},{F},n/a,1,Spiral Kick,●●,60,n/a,n/a
760,Stufful,MEG,111,Basic Pokémon,n/a,n/a,n/a,70,{C},{F},n/a,2,Light Punch,●,10,n/a,n/a
760,Stufful,MEG,111,Basic Pokémon,n/a,n/a,n/a,70,{C},{F},n/a,2,Flop,●●,20,n/a,n/a
761,Bewear,MEG,112,Stage 1 Pokémon,n/a,n/a,Stufful,130,{C},{F},n/a,3,Knuckle Punch,●●,50,n/a,n/a
761,Bewear,MEG,112,Stage 1 Pokémon,n/a,n/a,Stufful,130,{C},{F},n/a,3,Hyper Lariat,●●●,100,"Flip 2 coins. If both of them are heads, this attack does 100 more damage.",n/a
762,Snubbull,PFL,37,Basic Pokémon,n/a,n/a,n/a,70,{P},{M},n/a,1,Tackle,{P}●,20,n/a,n/a
763,Granbull,PFL,38,Stage 1 Pokémon,n/a,n/a,Snubbull,130,{P},{M},n/a,2,Bite,{P}●,50,n/a,n/a
763,Granbull,PFL,38,Stage 1 Pokémon,n/a,n/a,Snubbull,130,{P},{M},n/a,2,Finishing Blow,{P}{P}●,90,"If your opponent’s Active Pokémon already has any damage counters on it, this attack does 90 more damage.",n/a
764,Cresselia,PFL,39,Basic Pokémon,n/a,n/a,n/a,120,{P},{D},{F},1,Swelling Light,{P},n/a,"Search your deck for up to 2 Basic {P} Energy cards and attach them to this Pokémon. Then, shuffle your deck.",n/a
764,Cresselia,PFL,39,Basic Pokémon,n/a,n/a,n/a,120,{P},{D},{F},1,Aurora Beam,{P}{P}●,90,n/a,n/a
765,Meloetta,PFL,40,Basic Pokémon,n/a,n/a,n/a,90,{P},{D},{F},1,Soothing Melody,{P},n/a,Heal 120 damage from 1 of your Benched {P} Pokémon.,n/a
765,Meloetta,PFL,40,Basic Pokémon,n/a,n/a,n/a,90,{P},{D},{F},1,Magical Shot,{P}●,50,n/a,n/a
766,Mega Diancie ex,PFL,41,Basic Pokémon,Mega Pokémon ex,n/a,n/a,270,{P},{M},n/a,1,[Ability] Diamond Coat,n/a,n/a,This Pokémon takes 30 less damage from attacks (after applying Weakness and Resistance).,n/a
766,Mega Diancie ex,PFL,41,Basic Pokémon,Mega Pokémon ex,n/a,n/a,270,{P},{M},n/a,1,Garland Ray,{P}{P},120×,"Discard up to 2 Energy cards from this Pokémon, and this attack does 120 damage for each card you discarded in this way.",n/a
767,Mimikyu,PFL,42,Basic Pokémon,n/a,n/a,n/a,70,{P},{M},n/a,1,Call for Family,●,n/a,"Search your deck for a Basic Pokémon and put it onto your Bench. Then, shuffle your deck.",n/a
767,Mimikyu,PFL,42,Basic Pokémon,n/a,n/a,n/a,70,{P},{M},n/a,1,Scratch,{P},20,n/a,n/a
768,Milcery,PFL,43,Basic Pokémon,n/a,n/a,n/a,50,{P},{M},n/a,1,Draining Kiss,{P},10,Heal 10 damage from this Pokémon.,n/a
769,Alcremie,PFL,44,Stage 1 Pokémon,n/a,n/a,Milcery,90,{P},{M},n/a,1,Sweet Circle,{P},20×,This attack does 20 damage for each of your Pokémon in play.,n/a
770,Gastly,PFL,54,Basic Pokémon,n/a,n/a,n/a,70,{D},{F},n/a,1,Petty Grudge,{D},10,n/a,n/a
771,Haunter,PFL,55,Stage 1 Pokémon,n/a,n/a,Gastly,100,{D},{F},n/a,1,Spooky Shot,{D},40,n/a,n/a
772,Mega Gengar ex,PFL,56,Stage 2 Pokémon,Mega Pokémon ex,n/a,Haunter,350,{D},{F},n/a,2,[Ability] Shadowy Concealment,n/a,n/a,"If 1 of your {D} Pokémon is Knocked Out by damage from an attack from your opponent’s Pokémon {ex}, that player takes 1 fewer Prize card. The effect of Shadowy Concealment doesn’t stack.",n/a
772,Mega Gengar ex,PFL,56,Stage 2 Pokémon,Mega Pokémon ex,n/a,Haunter,350,{D},{F},n/a,2,Void Gale,{D}{D},230,Move an Energy from this Pokémon to 1 of your Benched Pokémon.,n/a
773,Murkrow,PFL,57,Basic Pokémon,n/a,n/a,n/a,60,{D},{L},{F},1,Ambush,{D},10,"Flip a coin. If heads, this attack does 20 more damage.",n/a
774,Honchkrow,PFL,58,Stage 1 Pokémon,n/a,n/a,Murkrow,130,{D},{L},{F},1,Wind of Darkness,{D},30,n/a,n/a
774,Honchkrow,PFL,58,Stage 1 Pokémon,n/a,n/a,Murkrow,130,{D},{L},{F},1,Sniping Feathers,{D}{D}●,n/a,"Discard 2 Energy from this Pokémon, and this attack does 120 damage to 1 of your opponent’s Pokémon. (Don’t apply Weakness and Resistance for Benched Pokémon.)",n/a
775,Sableye,PFL,59,Basic Pokémon,n/a,n/a,n/a,80,{D},{G},n/a,1,Cocky Claw,{D},20,"If you have any Stage 2 {D} Pokémon on your Bench, this attack does 70 more damage.",n/a
776,Absol,PFL,63,Basic Pokémon,n/a,n/a,n/a,110,{D},{G},n/a,1,Allure,●,n/a,Draw 2 cards.,n/a
776,Absol,PFL,63,Basic Pokémon,n/a,n/a,n/a,110,{D},{G},n/a,1,Dark Cutter,{D}●,60,n/a,n/a
777,Eternatus,PFL,69,Basic Pokémon,n/a,n/a,n/a,150,{D},{F},n/a,2,Shatter,{D}{D},50,Discard a Stadium in play.,n/a
777,Eternatus,PFL,69,Basic Pokémon,n/a,n/a,n/a,150,{D},{F},n/a,2,Power Rush,{D}{D}{D},130,"Flip a coin. If tails, during your next turn, this Pokémon can’t use attacks.",n/a
778,Oddish,PFL,1,Basic Pokémon,n/a,n/a,n/a,50,{G},{R},n/a,1,Seed Bomb,{G},20,n/a,n/a
779,Gloom,PFL,2,Stage 1 Pokémon,n/a,n/a,Oddish,70,{G},{R},n/a,1,Disperse Drool,{G},20,This attack also does 20 damage to each Benched Pokémon (both yours and your opponent’s). (Don’t apply Weakness and Resistance for Benched Pokémon.),n/a
780,Vileplume,PFL,3,Stage 2 Pokémon,n/a,n/a,Gloom,150,{G},{R},n/a,2,Pollen Bomb,{G},30,Your opponent’s Active Pokémon is now Asleep and Poisoned.,n/a
780,Vileplume,PFL,3,Stage 2 Pokémon,n/a,n/a,Gloom,150,{G},{R},n/a,2,Lively Flower,{G},60,"If this Pokémon was healed during this turn, this attack does 120 more damage.",n/a
781,Mega Heracross ex,PFL,4,Basic Pokémon,Mega Pokémon ex,n/a,n/a,280,{G},{R},n/a,2,Juggernaut Horn,{G}{G},100,"If this Pokémon was damaged by an attack during your opponent’s last turn, this attack does that much more damage.",n/a
781,Mega Heracross ex,PFL,4,Basic Pokémon,Mega Pokémon ex,n/a,n/a,280,{G},{R},n/a,2,Mountain Ramming,{G}{G}{G},170,Discard the top 2 cards of your opponent’s deck.,n/a
782,Lotad,PFL,5,Basic Pokémon,n/a,n/a,n/a,70,{G},{R},n/a,1,Headbutt,{G}●,30,n/a,n/a
783,Lombre,PFL,6,Stage 1 Pokémon,n/a,n/a,Lotad,90,{G},{R},n/a,1,Mega Drain,{G}●,30,Heal 30 damage from this Pokémon.,n/a
784,Ludicolo,PFL,7,Stage 2 Pokémon,n/a,n/a,Lombre,160,{G},{R},n/a,2,[Ability] Excited Heal,n/a,n/a,"Once during your turn, if you have any {G} Mega Evolution Pokémon {ex} in play, you may use this Ability. Heal 60 damage from 1 of your Pokémon.",n/a
784,Ludicolo,PFL,7,Stage 2 Pokémon,n/a,n/a,Lombre,160,{G},{R},n/a,2,Lunge Out,{G}●,120,n/a,n/a
785,Genesect,PFL,8,Basic Pokémon,n/a,n/a,n/a,120,{G},{R},n/a,2,Bug’s Cannon,{G},n/a,This attack does 20 damage to 1 of your opponent’s Pokémon for each {G} Energy attached to this Pokémon. (Don’t apply Weakness and Resistance for Benched Pokémon.),n/a
785,Genesect,PFL,8,Basic Pokémon,n/a,n/a,n/a,120,{G},{R},n/a,2,Speed Attack,{G}{G}●,110,n/a,n/a
786,Nymble,PFL,9,Basic Pokémon,n/a,n/a,n/a,50,{G},{R},n/a,1,Flail Around,{G},10×,Flip 3 coins. This attack does 10 damage for each heads.,n/a
787,Lokix,PFL,10,Stage 1 Pokémon,n/a,n/a,Nymble,120,{G},{R},n/a,1,Low Kick,{G},30,n/a,n/a
787,Lokix,PFL,10,Stage 1 Pokémon,n/a,n/a,Nymble,120,{G},{R},n/a,1,Jumping Shot,●●●,150,Shuffle this Pokémon and all attached cards into your deck.,n/a
788,Charmander,PFL,11,Basic Pokémon,n/a,n/a,n/a,80,{R},{W},n/a,2,[Ability] Agile,n/a,n/a,"If this Pokémon has no Energy attached, it has no Retreat Cost.",n/a
788,Charmander,PFL,11,Basic Pokémon,n/a,n/a,n/a,80,{R},{W},n/a,2,Live Coal,{R},20,n/a,n/a
789,Charmeleon,PFL,12,Stage 1 Pokémon,n/a,n/a,Charmander,110,{R},{W},n/a,2,Steady Firebreathing,{R},40,n/a,n/a
790,Mega Charizard X ex,PFL,13,Stage 2 Pokémon,Mega Pokémon ex,n/a,Charmeleon,360,{R},{W},n/a,2,Inferno X,{R}{R},90×,"Discard any amount of {R} Energy from among your Pokémon, and this attack does 90 damage for each card you discarded in this way.",n/a
791,Moltres,PFL,14,Basic Pokémon,n/a,n/a,n/a,120,{R},{W},n/a,1,Fighting Wings,{R},20,"If your opponent’s Active Pokémon is a Pokémon {ex}, this attack does 90 more damage.",n/a
792,Darumaka,PFL,15,Basic Pokémon,n/a,n/a,n/a,80,{R},{W},n/a,2,Blaze Ball,●●●,10,This attack does 20 more damage for each {R} Energy attached to this Pokémon.,n/a
793,Darmanitan,PFL,16,Stage 1 Pokémon,n/a,n/a,Darumaka,150,{R},{W},n/a,3,Blaze Ball,●●●●,40,This attack does 40 more damage for each {R} Energy attached to this Pokémon.,n/a
794,Reshiram,PFL,17,Basic Pokémon,n/a,n/a,n/a,130,{R},{W},n/a,2,Combustion,{R},30,n/a,n/a
794,Reshiram,PFL,17,Basic Pokémon,n/a,n/a,n/a,130,{R},{W},n/a,2,Burning Flare,{R}{R}{R}{R},240,This Pokémon also does 60 damage to itself.,n/a
795,Oricorio ex,PFL,18,Basic Pokémon,Pokémon ex,n/a,n/a,190,{R},{W},n/a,1,[Ability] Excited Turbo,n/a,n/a,"As often as you like during your turn, if you have any {R} Mega Evolution Pokémon {ex} in play, you may use this Ability. Attach a Basic {R} Energy card from your hand to 1 of your Benched {R} Pokémon.",n/a
795,Oricorio ex,PFL,18,Basic Pokémon,Pokémon ex,n/a,n/a,190,{R},{W},n/a,1,Fire Wing,{R}{R}●,110,n/a,n/a
796,Charcadet,PFL,19,Basic Pokémon,n/a,n/a,n/a,70,{R},{W},n/a,2,Gather Strength,{R},n/a,"Search your deck for up to 2 Basic Energy cards, reveal them, and put them into your hand. Then, shuffle your deck.",n/a
796,Charcadet,PFL,19,Basic Pokémon,n/a,n/a,n/a,70,{R},{W},n/a,2,Chop,{R},10,n/a,n/a
797,Ceruledge,PFL,20,Stage 1 Pokémon,n/a,n/a,Charcadet,140,{R},{W},n/a,2,Infernal Slash,{R},220,"Discard 4 Basic {R} Energy cards from your hand. If you can’t discard 4 cards in this way, this attack does nothing.",n/a
798,Seel,PFL,21,Basic Pokémon,n/a,n/a,n/a,80,{W},{L},n/a,2,Bubble Drain,{W}●,20,Heal 20 damage from this Pokémon.,n/a
799,Dewgong,PFL,22,Stage 1 Pokémon,n/a,n/a,Seel,130,{W},{L},n/a,2,[Ability] Thick Fat,n/a,n/a,This Pokémon takes 30 less damage from attacks from your opponent’s {R} or {W} Pokémon (after applying Weakness and Resistance).,n/a
799,Dewgong,PFL,22,Stage 1 Pokémon,n/a,n/a,Seel,130,{W},{L},n/a,2,Slam,{W}●,70×,Flip 2 coins. This attack does 70 damage for each heads.,n/a
800,Swinub,PFL,23,Basic Pokémon,n/a,n/a,n/a,70,{W},{M},n/a,2,Stampede,●,10,n/a,n/a
800,Swinub,PFL,23,Basic Pokémon,n/a,n/a,n/a,70,{W},{M},n/a,2,Icy Snow,{W}●,20,n/a,n/a
801,Piloswine,PFL,24,Stage 1 Pokémon,n/a,n/a,Swinub,100,{W},{M},n/a,3,Rising Lunge,●●,30,"Flip a coin. If heads, this attack does 30 more damage.",n/a
801,Piloswine,PFL,24,Stage 1 Pokémon,n/a,n/a,Swinub,100,{W},{M},n/a,3,Frost Smash,{W}●●,70,n/a,n/a
802,Mamoswine,PFL,25,Stage 2 Pokémon,n/a,n/a,Piloswine,180,{W},{M},n/a,4,Wreck,●●●,120,"If a Stadium is in play, this attack does 120 more damage. Then, discard that Stadium.",n/a
802,Mamoswine,PFL,25,Stage 2 Pokémon,n/a,n/a,Piloswine,180,{W},{M},n/a,4,Blizzard Edge,{W}●●●,200,Discard 2 Energy from this Pokémon.,n/a
803,Suicune,PFL,26,Basic Pokémon,n/a,n/a,n/a,130,{W},{L},n/a,2,Crystal Fall,{W}{W},30,"If you have at least 4 {W} Energy in play, this attack does 90 more damage.",n/a
804,Piplup,PFL,27,Basic Pokémon,n/a,n/a,n/a,70,{W},{L},n/a,1,Call for Support,●,n/a,"Search your deck for a Supporter card, reveal it, and put it into your hand. Then, shuffle your deck.",n/a
804,Piplup,PFL,27,Basic Pokémon,n/a,n/a,n/a,70,{W},{L},n/a,1,Tackle,●●,20,n/a,n/a
805,Prinplup,PFL,28,Stage 1 Pokémon,n/a,n/a,Piplup,100,{W},{L},n/a,2,Peck,●,20,n/a,n/a
805,Prinplup,PFL,28,Stage 1 Pokémon,n/a,n/a,Piplup,100,{W},{L},n/a,2,Targeted Dive,●●●,n/a,This attack does 70 damage to 1 of your opponent’s Benched Pokémon. (Don’t apply Weakness and Resistance for Benched Pokémon.),n/a
806,Rotom ex,PFL,29,Basic Pokémon,Pokémon ex,n/a,n/a,190,{L},{F},n/a,1,[Ability] Multi Adapter,n/a,n/a,"Each of your Pokémon that has ""Rotom"" in its name may have up to 2 Pokémon Tool cards attached. If this Ability goes away, discard Pokémon Tools from those Pokémon until only 1 remains on each.",n/a
806,Rotom ex,PFL,29,Basic Pokémon,Pokémon ex,n/a,n/a,190,{L},{F},n/a,1,Thunderbolt,{L}●,130,Discard all Energy from this Pokémon.,n/a
807,Yamper,PFL,30,Basic Pokémon,n/a,n/a,n/a,70,{L},{F},n/a,1,Play Rough,{L}●,20,"Flip a coin. If heads, this attack does 20 more damage.",n/a
808,Boltund,PFL,31,Stage 1 Pokémon,n/a,n/a,Yamper,130,{L},{F},n/a,1,Electric Run,{L}●,70,"Flip a coin. If heads, this attack does 70 more damage.",n/a
809,Pawmi,PFL,32,Basic Pokémon,n/a,n/a,n/a,60,{L},{F},n/a,1,Growl,{L},n/a,"During your opponent’s next turn, attacks used by the Defending Pokémon do 30 less damage (before applying Weakness and Resistance).",n/a
809,Pawmi,PFL,32,Basic Pokémon,n/a,n/a,n/a,60,{L},{F},n/a,1,Tiny Charge,{L},10,n/a,n/a
810,Pawmo,PFL,33,Stage 1 Pokémon,n/a,n/a,Pawmi,90,{L},{F},n/a,1,Electric Punch,{L}{L},60,n/a,n/a
811,Pawmot,PFL,34,Stage 2 Pokémon,n/a,n/a,Pawmo,140,{L},{F},n/a,1,Voltaic Fist,{L}{L},130,You may have this Pokémon also do 60 damage to itself and make your opponent’s Active Pokémon Paralyzed.,n/a
812,Misdreavus,PFL,35,Basic Pokémon,n/a,n/a,n/a,70,{P},{D},{F},1,Petty Grudge,{P},20,n/a,n/a
813,Mismagius ex,PFL,36,Stage 1 Pokémon,Pokémon ex,n/a,Misdreavus,260,{P},{D},{F},1,[Ability] Swirling Prose,n/a,n/a,"As long as this Pokémon is in the Active Spot, whenever your opponent’s Active Pokémon moves to the Bench during their turn, their new Active Pokémon is now Confused.",n/a
813,Mismagius ex,PFL,36,Stage 1 Pokémon,Pokémon ex,n/a,Misdreavus,260,{P},{D},{F},1,Hexa-Magic,{P}{P},150,You may draw cards until you have 6 cards in your hand.,n/a
814,Cottonee,PROMO,18,Basic Pokémon,n/a,n/a,n/a,60,{P},{M},n/a,1,Collect,●,n/a,Draw a card.,n/a
815,Whimsicott,PROMO,19,Stage 1 Pokémon,n/a,n/a,Cottonee,90,{P},{M},n/a,1,Healing Fluff,●,n/a,Heal all damage from 1 of your Benched Pokémon.,n/a
815,Whimsicott,PROMO,19,Stage 1 Pokémon,n/a,n/a,Cottonee,90,{P},{M},n/a,1,U-turn,{P},50,Switch this Pokémon with 1 of your Benched Pokémon.,n/a
816,Zacian,PFL,45,Basic Pokémon,n/a,n/a,n/a,130,{P},{M},n/a,2,Limit Break,{P}●,50,"If your opponent has 3 or fewer Prize cards remaining, this attack does 90 more damage.",n/a
817,Bramblin,PFL,46,Basic Pokémon,n/a,n/a,n/a,50,{P},{D},{F},1,Sneaky Placement,{P},n/a,Place 1 damage counter on 1 of your opponent’s Pokémon.,n/a
818,Brambleghast,PFL,47,Stage 1 Pokémon,n/a,n/a,Bramblin,100,{P},{D},{F},2,[Ability] Prison Panic,n/a,n/a,"Once during your turn, when you play this Pokémon from your hand to evolve 1 of your Pokémon, you may use this Ability. Make your opponent’s Active Pokémon Confused.",n/a
818,Brambleghast,PFL,47,Stage 1 Pokémon,n/a,n/a,Bramblin,100,{P},{D},{F},2,Psychic Sphere,{P}●●,80,n/a,n/a
819,Paldean Tauros,PFL,48,Basic Pokémon,n/a,n/a,n/a,130,{F},{P},n/a,2,Raging Charge,{F},40×,This attack does 40 damage for each of your Pokémon that has “Tauros” in its name that has any damage counters on it.,n/a
819,Paldean Tauros,PFL,48,Basic Pokémon,n/a,n/a,n/a,130,{F},{P},n/a,2,Double-Edge,{F}{F},70,This Pokémon also does 20 damage to itself.,n/a
820,Gligar,PFL,49,Basic Pokémon,n/a,n/a,n/a,70,{F},{G},n/a,1,Poison Jab,{F},10,Your opponent’s Active Pokémon is now Poisoned.,n/a
821,Gliscor,PFL,50,Stage 1 Pokémon,n/a,n/a,Gligar,120,{F},{G},n/a,1,Poison Ring,{F},50,"Your opponent’s Active Pokémon is now Poisoned. During your opponent’s next turn, that Pokémon can’t retreat.",n/a
822,Trapinch,PFL,51,Basic Pokémon,n/a,n/a,n/a,70,{F},{G},n/a,1,Double Headbutt,{F},10×,Flip 2 coins. This attack does 10 damage for each heads.,n/a
823,Vibrava,PFL,52,Stage 1 Pokémon,n/a,n/a,Trapinch,90,{F},{G},n/a,1,Super Vibration,{F}{F},60,n/a,n/a
824,Flygon,PFL,53,Stage 2 Pokémon,n/a,n/a,Vibrava,150,{F},{G},n/a,1,[Ability] Sandy Flapping,n/a,n/a,"Once during your turn, when you play this Pokémon from your hand to evolve 1 of your Pokémon, you may use this Ability. You may also use this Ability if this Pokémon is in the Active Spot and is Knocked Out by damage from an attack from your opponent’s Pokémon. Discard the top 2 cards of your opponent’s deck.",n/a
824,Flygon,PFL,53,Stage 2 Pokémon,n/a,n/a,Vibrava,150,{F},{G},n/a,1,Cutting Wind,{F}{F},130,n/a,n/a
825,Sneasel,PROMO,20,Basic Pokémon,n/a,n/a,n/a,70,{D},{G},n/a,1,Dig Claws,{D},10,n/a,n/a
825,Sneasel,PROMO,20,Basic Pokémon,n/a,n/a,n/a,70,{D},{G},n/a,1,Scratch,{D}{D},30,n/a,n/a
826,Weavile,PROMO,21,Stage 1 Pokémon,n/a,n/a,Sneasel,90,{D},{G},n/a,1,Retaliatory Claw,{D}{D},20,"If this Pokémon’s remaining HP is 50 or less, this attack does 170 more damage.",n/a
826,Weavile,PROMO,21,Stage 1 Pokémon,n/a,n/a,Sneasel,90,{D},{G},n/a,1,Cut,{D}{D},60,n/a,n/a
827,Carvanha,PFL,60,Basic Pokémon,n/a,n/a,n/a,70,{D},{G},n/a,1,Reckless Charge,{D},30,This Pokémon also does 10 damage to itself.,n/a
828,Mega Sharpedo ex,PFL,61,Stage 1 Pokémon,Mega Pokémon ex,n/a,Carvanha,330,{D},{G},n/a,n/a,Greedy Fang,{D},70,Draw 2 cards.,n/a
828,Mega Sharpedo ex,PFL,61,Stage 1 Pokémon,Mega Pokémon ex,n/a,Carvanha,330,{D},{G},n/a,n/a,Hungry Jaws,{D}{D},120,"If this Pokémon has any damage counters on it, this attack does 150 more damage.",n/a
829,Seviper,PFL,62,Basic Pokémon,n/a,n/a,n/a,120,{D},{F},n/a,1,[Ability] Excited Power,n/a,n/a,"If you have any {D} Mega Evolution Pokémon {ex} in play, attacks used by this Pokémon do 120 more damage to your opponent’s Active Pokémon (before applying Weakness and Resistance).",n/a
829,Seviper,PFL,62,Basic Pokémon,n/a,n/a,n/a,120,{D},{F},n/a,1,Pitch-Black Fangs,{D}{D}{D},120,n/a,n/a
830,Sandile,PFL,64,Basic Pokémon,n/a,n/a,n/a,70,{D},{G},n/a,2,Ram,{D},10,n/a,n/a
830,Sandile,PFL,64,Basic Pokémon,n/a,n/a,n/a,70,{D},{G},n/a,2,Rear Kick,{D}●,20,n/a,n/a
831,Krokorok,PFL,65,Stage 1 Pokémon,n/a,n/a,Sandile,100,{D},{G},n/a,2,Bite,{D},30,n/a,n/a
831,Krokorok,PFL,65,Stage 1 Pokémon,n/a,n/a,Sandile,100,{D},{G},n/a,2,Confront,{D}●●,60,n/a,n/a
832,Krookodile,PFL,66,Stage 2 Pokémon,n/a,n/a,Krokorok,170,{D},{G},n/a,3,Vengeful Fang,{D},60,"If any of your Pokémon were Knocked Out by damage from an attack during your opponent’s last turn, this attack does 160 more damage.",n/a
832,Krookodile,PFL,66,Stage 2 Pokémon,n/a,n/a,Krokorok,170,{D},{G},n/a,3,Hammer In,{D}●●●,160,n/a,n/a
833,Toxel,PFL,67,Basic Pokémon,n/a,n/a,n/a,70,{D},{F},n/a,1,Call for Family,{D},n/a,"Search your deck for up to 2 Basic Pokémon and put them onto your Bench. Then, shuffle your deck.",n/a
833,Toxel,PFL,67,Basic Pokémon,n/a,n/a,n/a,70,{D},{F},n/a,1,Playful Kick,{D}●,20,n/a,n/a
834,Toxtricity,PFL,68,Stage 1 Pokémon,n/a,n/a,Toxel,140,{D},{F},n/a,2,[Ability] Sinister Surge,n/a,n/a,"Once during your turn, you may use this Ability. Search your deck for a Basic {D} Energy card and attach it to 1 of your Benched {D} Pokémon. Then, shuffle your deck. If you attached Energy to a Pokémon in this way, place 2 damage counters on that Pokémon.",n/a
834,Toxtricity,PFL,68,Stage 1 Pokémon,n/a,n/a,Toxel,140,{D},{F},n/a,2,Gentle Slap,{D}{D}●,100,n/a,n/a
835,Empoleon ex,PFL,70,Stage 2 Pokémon,Pokémon ex,n/a,Prinplup,320,{M},{R},{G},2,[Ability] Emperor’s Stance,n/a,n/a,Prevent all effects of attacks used by your opponent’s Pokémon done to this Pokémon. (Damage is not an effect.),n/a
835,Empoleon ex,PFL,70,Stage 2 Pokémon,Pokémon ex,n/a,Prinplup,320,{M},{R},{G},2,Iron Feathers,{M}{M}●,210,"During your opponent’s next turn, this Pokémon takes 60 less damage from attacks (after applying Weakness and Resistance).",n/a
836,Bronzor,PFL,71,Basic Pokémon,n/a,n/a,n/a,80,{M},{R},{G},2,Iron Defense,●,n/a,"Flip a coin. If heads, during your opponent’s next turn, prevent all damage done to this Pokémon by attacks.",n/a
836,Bronzor,PFL,71,Basic Pokémon,n/a,n/a,n/a,80,{M},{R},{G},2,Rollout,●●●,30,n/a,n/a
837,Bronzong,PFL,72,Stage 1 Pokémon,n/a,n/a,Bronzor,140,{M},{R},{G},3,Triple Draw,●,n/a,Draw 3 cards.,n/a
837,Bronzong,PFL,72,Stage 1 Pokémon,n/a,n/a,Bronzor,140,{M},{R},{G},3,Tool Drop,●●●,40×,This attack does 40 damage for each Pokémon Tool attached to all Pokémon.,n/a
838,Togedemaru,PFL,73,Basic Pokémon,n/a,n/a,n/a,80,{M},{R},{G},1,Find a Friend,●,n/a,"Search your deck for a Pokémon, reveal it, and put it into your hand. Then, shuffle your deck.",n/a
838,Togedemaru,PFL,73,Basic Pokémon,n/a,n/a,n/a,80,{M},{R},{G},1,Gnaw,{M},30,n/a,n/a
839,Duraludon,PFL,74,Basic Pokémon,n/a,n/a,n/a,130,{M},{R},{G},2,Hyper Beam,{M}{M}{M},70,Discard an Energy from your opponent’s Active Pokémon.,n/a
840,Archaludon,PFL,75,Stage 1 Pokémon,n/a,n/a,Duraludon,180,{M},{R},{G},2,Coated Attack,{M}{M}{M},120,"During your opponent’s next turn, prevent all damage done to this Pokémon by attacks from Basic Pokémon.",n/a
841,Jigglypuff,PFL,76,Basic Pokémon,n/a,n/a,n/a,70,{C},{F},n/a,1,Ball Roll,●,20×,Flip a coin until you get tails. This attack does 20 damage for each heads.,n/a
842,Wigglytuff,PFL,77,Stage 1 Pokémon,n/a,n/a,Jigglypuff,120,{C},{F},n/a,2,Round,●●,40×,This attack does 40 damage for each of your Pokémon in play that has the Round attack.,n/a
842,Wigglytuff,PFL,77,Stage 1 Pokémon,n/a,n/a,Jigglypuff,120,{C},{F},n/a,2,Seismic Toss,●●●,100,n/a,n/a
843,Aipom,PFL,78,Basic Pokémon,n/a,n/a,n/a,70,{C},{F},n/a,1,Astonish,●●,20,"Choose a random card from your opponent’s hand, and your opponent reveals that card and shuffles it into their deck.",n/a
844,Ambipom,PFL,79,Stage 1 Pokémon,n/a,n/a,Aipom,110,{C},{F},n/a,1,Slap,●●,50,n/a,n/a
844,Ambipom,PFL,79,Stage 1 Pokémon,n/a,n/a,Aipom,110,{C},{F},n/a,1,Dual Tail,●●●,n/a,"Discard 2 Energy from this Pokémon, and this attack does 60 damage to each of 2 of your opponent’s Pokémon. (Don’t apply Weakness and Resistance for Benched Pokémon.)",n/a
845,Smeargle,PFL,80,Basic Pokémon,n/a,n/a,n/a,80,{C},{F},n/a,1,Energizing Sketch,●,n/a,Flip 3 coins. Attach an amount of Basic Energy up to the number of heads from your discard pile to your Benched Pokémon in any way you like.,n/a
845,Smeargle,PFL,80,Basic Pokémon,n/a,n/a,n/a,80,{C},{F},n/a,1,Hook,●●,40,n/a,n/a
846,Zigzagoon,PFL,81,Basic Pokémon,n/a,n/a,n/a,70,{C},{F},n/a,1,Surprise Attack,●,30,"Flip a coin. If tails, this attack does nothing.",n/a
847,Linoone,PFL,82,Stage 1 Pokémon,n/a,n/a,Zigzagoon,100,{C},{F},n/a,1,[Ability] Excited Dash,n/a,n/a,"Once during your turn, if this Pokémon is on your Bench, and if you have any Mega Evolution Pokémon {ex} in play, you may use this Ability. Switch this Pokémon with your Active Pokémon.",n/a
847,Linoone,PFL,82,Stage 1 Pokémon,n/a,n/a,Zigzagoon,100,{C},{F},n/a,1,Slash,●,70,n/a,n/a
848,Buneary,PFL,83,Basic Pokémon,n/a,n/a,n/a,70,{C},{F},n/a,1,Run Around,●,n/a,Switch this Pokémon with 1 of your Benched Pokémon.,n/a
848,Buneary,PFL,83,Basic Pokémon,n/a,n/a,n/a,70,{C},{F},n/a,1,Kick,●●,20,n/a,n/a
849,Mega Lopunny ex,PFL,84,Stage 1 Pokémon,Mega Pokémon ex,n/a,Buneary,330,{C},{F},n/a,1,Gale Thrust,●,60,"If this Pokémon moved from your Bench to the Active Spot this turn, this attack does 170 more damage.",n/a
849,Mega Lopunny ex,PFL,84,Stage 1 Pokémon,Mega Pokémon ex,n/a,Buneary,330,{C},{F},n/a,1,Spiky Hopper,●●,160,This attack’s damage isn’t affected by any effects on your opponent’s Active Pokémon.,n/a
850,Wurmple,ASC,11,Basic Pokémon,n/a,n/a,n/a,60,{G},{R},n/a,1,Bug Bite,{G},20,n/a,n/a
851,Silcoon,ASC,12,Stage 1 Pokémon,n/a,n/a,Wurmple,90,{G},{R},n/a,3,[Ability] Multiplying Cocoon,n/a,n/a,"Once during your turn, when you play this Pokémon from your hand to evolve 1 of your Pokémon, you may use this Ability. Search your deck for a Silcoon or a Cascoon and put it onto your Bench. Then, shuffle your deck.",n/a
851,Silcoon,ASC,12,Stage 1 Pokémon,n/a,n/a,Wurmple,90,{G},{R},n/a,3,Tackle,{G},30,n/a,n/a
852,Beautifly,ASC,13,Stage 2 Pokémon,n/a,n/a,Silcoon,130,{G},{R},n/a,1,Stun Spore,{G},40,"Flip a coin. If heads, your opponent’s Active Pokémon is now Paralyzed.",n/a
852,Beautifly,ASC,13,Stage 2 Pokémon,n/a,n/a,Silcoon,130,{G},{R},n/a,1,Energy Straw,{G},80×,"Your opponent reveals their hand, and this attack does 80 damage for each Energy card you find there.",n/a
853,Cascoon,ASC,14,Stage 1 Pokémon,n/a,n/a,Wurmple,90,{G},{R},n/a,3,Trading Places,{G},n/a,Switch this Pokémon with 1 of your Benched Pokémon.,n/a
854,Dustox,ASC,15,Stage 2 Pokémon,n/a,n/a,Cascoon,140,{G},{R},n/a,1,[Ability] Boisterous Wind,n/a,n/a,"Once during your turn, you may use this Ability. Flip a coin. If heads, put an Energy attached to your opponent’s Active Pokémon into their hand.",n/a
854,Dustox,ASC,15,Stage 2 Pokémon,n/a,n/a,Cascoon,140,{G},{R},n/a,1,Twilight Poison,{G}{G},100,Your opponent’s Active Pokémon is now Asleep and Poisoned.,n/a
855,Entei,ASC,25,Basic Pokémon,n/a,n/a,n/a,140,{R},{W},n/a,3,Flare Fall,{R}{R},30,"If you have at least 4 {R} Energy in play, this attack does 90 more damage.",n/a
856,Numel,ASC,27,Basic Pokémon,n/a,n/a,n/a,80,{R},{W},n/a,3,[Ability] Incandescent Body,n/a,n/a,"If this Pokémon is in the Active Spot and is damaged by an attack from your opponent’s Pokémon (even if this Pokémon is Knocked Out), the Attacking Pokémon is now Burned.",n/a
856,Numel,ASC,27,Basic Pokémon,n/a,n/a,n/a,80,{R},{W},n/a,3,Combustion,{R}●,20,n/a,n/a
857,Camerupt,ASC,28,Stage 1 Pokémon,n/a,n/a,Numel,140,{R},{W},n/a,3,Roasting Burn,{R},110,"If your opponent’s Active Pokémon isn’t Burned, this attack does nothing.",n/a
857,Camerupt,ASC,28,Stage 1 Pokémon,n/a,n/a,Numel,140,{R},{W},n/a,3,Power Stomp,{R}●●●,170,Discard 2 Energy from this Pokémon.,n/a
858,Psyduck,ASC,39,Basic Pokémon,n/a,n/a,n/a,70,{W},{L},n/a,1,[Ability] Damp,n/a,n/a,Pokémon in play (both yours and your opponent’s) lose any Ability that requires the Pokémon using it to Knock Out itself.,n/a
858,Psyduck,ASC,39,Basic Pokémon,n/a,n/a,n/a,70,{W},{L},n/a,1,Ram,●●,20,n/a,n/a
859,Golduck,ASC,40,Stage 1 Pokémon,n/a,n/a,Psyduck,120,{W},{L},n/a,1,[Ability] Damp,n/a,n/a,Pokémon in play (both yours and your opponent’s) lose any Ability that requires the Pokémon using it to Knock Out itself.,n/a
859,Golduck,ASC,40,Stage 1 Pokémon,n/a,n/a,Psyduck,120,{W},{L},n/a,1,Hydro Pump,●●●,60,This attack does 20 more damage for each {W} Energy attached to this Pokémon.,n/a
860,Snorunt,ASC,46,Basic Pokémon,n/a,n/a,n/a,70,{W},{M},n/a,1,Chilly,{W},10,n/a,n/a
861,Mega Froslass ex,ASC,47,Stage 1 Pokémon,Mega Pokémon ex,n/a,Snorunt,310,{W},{M},n/a,1,Resentful Refrain,{W},50×,This attack does 50 damage for each card in your opponent’s hand.,n/a
861,Mega Froslass ex,ASC,47,Stage 1 Pokémon,Mega Pokémon ex,n/a,Snorunt,310,{W},{M},n/a,1,Absolute Snow,{W}●●,150,Your opponent’s Active Pokémon is now Asleep.,n/a
862,N's Vanillite,ASC,49,Basic Pokémon,n/a,Trainer's Pokémon(N),n/a,60,{W},{M},n/a,1,Call for Family,●,n/a,"Search your deck for up to 2 Basic Pokémon and put them onto your Bench. Then, shuffle your deck.",n/a
862,N's Vanillite,ASC,49,Basic Pokémon,n/a,Trainer's Pokémon(N),n/a,60,{W},{M},n/a,1,Icy Snow,{W}●,20,n/a,n/a
863,N's Vanillish,ASC,50,Stage 1 Pokémon,n/a,Trainer's Pokémon(N),N's Vanillite,100,{W},{M},n/a,1,Flop,●,20,n/a,n/a
863,N's Vanillish,ASC,50,Stage 1 Pokémon,n/a,Trainer's Pokémon(N),N's Vanillite,100,{W},{M},n/a,1,Sheer Cold,{W}●●,60,"During your opponent’s next turn, the Defending Pokémon can’t use attacks.",n/a
864,N's Vanilluxe,ASC,51,Stage 2 Pokémon,n/a,Trainer's Pokémon(N),N's Vanillish,150,{W},{M},n/a,2,Snow Coating,●●,n/a,Double the number of damage counters on each of your opponent’s Pokémon.,n/a
864,N's Vanilluxe,ASC,51,Stage 2 Pokémon,n/a,Trainer's Pokémon(N),N's Vanillish,150,{W},{M},n/a,2,Blizzard,{W}●●,120,This attack also does 10 damage to each of your opponent’s Benched Pokémon. (Don’t apply Weakness and Resistance for Benched Pokémon.),n/a
865,Snom,ASC,52,Basic Pokémon,n/a,n/a,n/a,50,{W},{M},n/a,1,Icicle,{W},20,n/a,n/a
866,Frosmoth,ASC,53,Stage 1 Pokémon,n/a,n/a,Snom,110,{W},{M},n/a,2,[Ability] Alluring Wings,n/a,n/a,"Once during your turn, if this Pokémon is in the Active Spot, you may use this Ability. Each player draws a card.",n/a
866,Frosmoth,ASC,53,Stage 1 Pokémon,n/a,n/a,Snom,110,{W},{M},n/a,2,Cold Cyclone,{W}{W},90,Move a {W} Energy from this Pokémon to 1 of your Benched Pokémon.,n/a
867,Glastrier,ASC,54,Basic Pokémon,n/a,n/a,n/a,130,{W},{M},n/a,2,Ice Shot,{W},20,This attack also does 20 damage to 1 of your opponent’s Benched Pokémon. (Don’t apply Weakness and Resistance for Benched Pokémon.),n/a
867,Glastrier,ASC,54,Basic Pokémon,n/a,n/a,n/a,130,{W},{M},n/a,2,Frosty Typhoon,{W}{W}{W},130,"During your next turn, this Pokémon can’t use Frosty Typhoon.",n/a
868,Mega Eelektross ex,ASC,61,Stage 2 Pokémon,Mega Pokémon ex,n/a,Eelektrik,350,{L},{F},n/a,2,Split Bomb,{L}{L},n/a,This attack does 60 damage to each of 2 of your opponent’s Pokémon. (Don’t apply Weakness and Resistance for Benched Pokémon.),n/a
868,Mega Eelektross ex,ASC,61,Stage 2 Pokémon,Mega Pokémon ex,n/a,Eelektrik,350,{L},{F},n/a,2,Disaster Shock,{L}{L}{L},190,You may discard 2 {L} Energy from this Pokémon and make your opponent’s Active Pokémon Paralyzed.,n/a
869,Stunfisk,ASC,62,Basic Pokémon,n/a,n/a,n/a,110,{L},{F},n/a,2,Pouncing Trap,{L},30,"During your opponent’s next turn, the Defending Pokémon can’t retreat. During your next turn, the Defending Pokémon takes 100 more damage from attacks (after applying Weakness and Resistance).",n/a
870,Helioptile,ASC,63,Basic Pokémon,n/a,n/a,n/a,70,{L},{F},n/a,1,Zap Kick,{L}●,30,n/a,n/a
871,Heliolisk,ASC,64,Stage 1 Pokémon,n/a,n/a,Helioptile,120,{L},{F},n/a,1,[Ability] Frilled Generator,n/a,n/a,"Once during your turn, if you played Canari from your hand this turn, you may use this Ability. Search your deck for up to 2 Basic {L} Energy cards and attach them to this Pokémon. Then, shuffle your deck.",n/a
871,Heliolisk,ASC,64,Stage 1 Pokémon,n/a,n/a,Helioptile,120,{L},{F},n/a,1,Powerful Bolt,{L}●●,70×,Flip a coin for each Energy attached to this Pokémon. This attack does 70 damage for each heads.,n/a
872,Tapu Koko,ASC,67,Basic Pokémon,n/a,n/a,n/a,120,{L},{F},n/a,1,Fast Flight,{L},n/a,"If you go first, you can use this attack during your first turn. Discard your hand and draw 5 cards.",n/a
872,Tapu Koko,ASC,67,Basic Pokémon,n/a,n/a,n/a,120,{L},{F},n/a,1,Thunder Blast,{L}{L}●,130,Discard 2 Energy from this Pokémon.,n/a
873,Team Rocket's Exeggcute,ASC,77,Basic Pokémon,n/a,Trainer's Pokémon(Team Rocket),n/a,60,{P},{D},{F},1,Focused Wish,{P},10,"Flip a coin. If heads, this attack does 20 more damage.",n/a
874,Team Rocket's Exeggutor,ASC,78,Stage 1 Pokémon,n/a,Trainer's Pokémon(Team Rocket),Team Rocket's Exeggcute,140,{P},{D},{F},3,Tri Kinesis,●●,n/a,"Flip 3 coins. If all of them are heads, Knock Out 1 of your opponent’s Pokémon.",n/a
874,Team Rocket's Exeggutor,ASC,78,Stage 1 Pokémon,n/a,Trainer's Pokémon(Team Rocket),Team Rocket's Exeggcute,140,{P},{D},{F},3,Double-Edge,{P}●●,150,This Pokémon also does 30 damage to itself.,n/a
875,Misdreavus,ASC,85,Basic Pokémon,n/a,n/a,n/a,60,{P},{D},{F},1,Ascension,{P},n/a,"Search your deck for a card that evolves from this Pokémon and put it onto this Pokémon to evolve it. Then, shuffle your deck.",n/a
876,Mismagius,ASC,86,Stage 1 Pokémon,n/a,n/a,Misdreavus,110,{P},{D},{F},1,Assassin’s Magic,{P}●,60,"If your opponent’s Active Pokémon is affected by a Special Condition, place 6 damage counters on 1 of your opponent’s Benched Pokémon.",n/a
877,Rotom,ASC,92,Basic Pokémon,n/a,n/a,n/a,60,{P},{D},{F},1,Roto Call,●,n/a,"You may search your deck for any number of Pokémon that have “Rotom” in their name and put them onto your Bench. Then, shuffle your deck.",n/a
877,Rotom,ASC,92,Basic Pokémon,n/a,n/a,n/a,60,{P},{D},{F},1,Gadget Show,●●,30×,This attack does 30 damage for each Pokémon Tool attached to all of your Pokémon.,n/a
878,Hop's Phantump,ASC,95,Basic Pokémon,n/a,Trainer's Pokémon(Hop),n/a,70,{P},{D},{F},2,Splashing Dodge,●,10,"Flip a coin. If heads, during your opponent’s next turn, prevent all damage from and effects of attacks done to this Pokémon.",n/a
879,Hop's Trevenant,ASC,96,Stage 1 Pokémon,n/a,Trainer's Pokémon(Hop),Hop's Phantump,140,{P},{D},{F},2,Horrifying Revenge,●,30,"If any of your Hop’s Pokémon were Knocked Out by damage from an attack during your opponent’s last turn, this attack does 100 more damage.",n/a
879,Hop's Trevenant,ASC,96,Stage 1 Pokémon,n/a,Trainer's Pokémon(Hop),Hop's Phantump,140,{P},{D},{F},2,Corner,{P}●●,90,"During your opponent’s next turn, the Defending Pokémon can’t retreat.",n/a
880,Spectrier,ASC,98,Basic Pokémon,n/a,n/a,n/a,120,{P},{D},{F},1,Spooky Shot,{P},30,n/a,n/a
880,Spectrier,ASC,98,Basic Pokémon,n/a,n/a,n/a,120,{P},{D},{F},1,Phantasmal Barrage,{P}{P}●,n/a,Discard all Energy from this Pokémon and place 12 damage counters on 1 of your opponent’s Pokémon.,n/a
881,Team Rocket's Diglett,ASC,100,Basic Pokémon,n/a,Trainer's Pokémon(Team Rocket),n/a,60,{F},{G},n/a,1,Relentless Burrowing,{F},n/a,"Flip a coin until you get tails. For each heads, discard the top card of your opponent’s deck.",n/a
882,Team Rocket's Dugtrio,ASC,101,Stage 1 Pokémon,n/a,Trainer's Pokémon(Team Rocket),Team Rocket's Diglett,100,{F},{G},n/a,1,[Ability] Holes,n/a,n/a,"Whenever your opponent’s Active Pokémon moves to the Bench during their turn, place 2 damage counters on that Pokémon.",n/a
882,Team Rocket's Dugtrio,ASC,101,Stage 1 Pokémon,n/a,Trainer's Pokémon(Team Rocket),Team Rocket's Diglett,100,{F},{G},n/a,1,Mud Shot,{F}●,50,n/a,n/a
883,Meditite,ASC,103,Basic Pokémon,n/a,n/a,n/a,70,{F},{P},n/a,1,Collect,●,n/a,Draw a card.,n/a
883,Meditite,ASC,103,Basic Pokémon,n/a,n/a,n/a,70,{F},{P},n/a,1,Gentle Slap,{F},10,n/a,n/a
884,Medicham,ASC,104,Stage 1 Pokémon,n/a,n/a,Meditite,120,{F},{P},n/a,1,Seventh Kick,{F},150,"If you don’t have exactly 7 cards in your hand, this attack does nothing.",n/a
885,Pancham,ASC,115,Basic Pokémon,n/a,n/a,n/a,70,{F},{P},n/a,2,Reckless Charge,●,20,This Pokémon also does 10 damage to itself.,n/a
886,Mega Hawlucha ex,ASC,116,Basic Pokémon,Mega Pokémon ex,n/a,n/a,250,{F},{P},n/a,1,[Ability] Tenacious Body,n/a,n/a,"If this Pokémon would be Knocked Out by damage from an attack, flip a coin. If heads, this Pokémon is not Knocked Out, and its remaining HP becomes 10.",n/a
886,Mega Hawlucha ex,ASC,116,Basic Pokémon,Mega Pokémon ex,n/a,n/a,250,{F},{P},n/a,1,Somersault Dive,{F}{F}●,120,"If a Stadium is in play, this attack does 140 more damage. Then, discard that Stadium.",n/a
887,Rolycoly,ASC,118,Basic Pokémon,n/a,n/a,n/a,80,{F},{G},n/a,3,Mud-Slap,{F},20,n/a,n/a
888,Carkol,ASC,119,Stage 1 Pokémon,n/a,n/a,Rolycoly,110,{F},{G},n/a,3,Guard Press,{F},20,"During your opponent’s next turn, this Pokémon takes 20 less damage from attacks (after applying Weakness and Resistance).",n/a
888,Carkol,ASC,119,Stage 1 Pokémon,n/a,n/a,Rolycoly,110,{F},{G},n/a,3,Power Gem,{F}●●,60,n/a,n/a
889,Coalossal,ASC,120,Stage 2 Pokémon,n/a,n/a,Carkol,180,{F},{G},n/a,4,Tar Cannon,{F},n/a,"This attack does 140 damage to 1 of your opponent’s Pokémon. If you don’t have 10 or more Basic {F} Energy cards in your discard pile, this attack does nothing. (Don’t apply Weakness and Resistance for Benched Pokémon.)",n/a
889,Coalossal,ASC,120,Stage 2 Pokémon,n/a,n/a,Carkol,180,{F},{G},n/a,4,Bulky Bump,{F}●●●,220,Discard 3 Energy from this Pokémon.,n/a
890,Okidogi,ASC,122,Basic Pokémon,n/a,n/a,n/a,140,{F},{P},n/a,3,Light Punch,{F},20,n/a,n/a
890,Okidogi,ASC,122,Basic Pokémon,n/a,n/a,n/a,140,{F},{P},n/a,3,Settle the Score,{F}{F}●,80,This attack does 60 more damage for each Prize card your opponent took during their last turn.,n/a
891,Team Rocket's Honchkrow,ASC,127,Stage 1 Pokémon,n/a,Trainer's Pokémon(Team Rocket),Team Rocket's Murkrow,130,{D},{L},{F},1,Rocket Feathers,●●,60×,"You may discard any number of Supporter cards that have “Team Rocket” in their name from your hand, and this attack does 60 damage for each card you discarded in this way.",n/a
891,Team Rocket's Honchkrow,ASC,127,Stage 1 Pokémon,n/a,Trainer's Pokémon(Team Rocket),Team Rocket's Murkrow,130,{D},{L},{F},1,Hammer In,{D}●●,100,n/a,n/a
892,Galarian Zigzagoon,ASC,130,Basic Pokémon,n/a,n/a,n/a,70,{D},{G},n/a,1,Gnaw,{D},10,n/a,n/a
893,Galarian Linoone,ASC,131,Stage 1 Pokémon,n/a,n/a,Galarian Zigzagoon,90,{D},{G},n/a,2,Gnaw,{D},20,n/a,n/a
893,Galarian Linoone,ASC,131,Stage 1 Pokémon,n/a,n/a,Galarian Zigzagoon,90,{D},{G},n/a,2,Claw Slash,{D}●,50,n/a,n/a
894,Galarian Obstagoon,ASC,132,Stage 2 Pokémon,n/a,n/a,Galarian Linoone,170,{D},{G},n/a,2,Scarring Shout,{D}●,70×,This attack does 70 damage for each damage counter on your opponent’s Active Pokémon.,n/a
894,Galarian Obstagoon,ASC,132,Stage 2 Pokémon,n/a,n/a,Galarian Linoone,170,{D},{G},n/a,2,Punk Smash,{D}●●,160,Discard an Energy from this Pokémon.,n/a
895,Scraggy,ASC,134,Basic Pokémon,n/a,n/a,n/a,80,{D},{G},n/a,2,Knock Off,{D}●,20,Discard a random card from your opponent’s hand.,n/a
896,Mega Scrafty ex,ASC,135,Stage 1 Pokémon,Mega Pokémon ex,n/a,Scraggy,330,{D},{G},n/a,2,[Ability] Counterattacking Crest,n/a,n/a,"If this Pokémon is in the Active Spot and is damaged by an attack from your opponent’s Pokémon (even if this Pokémon is Knocked Out), place 5 damage counters on the Attacking Pokémon.",n/a
896,Mega Scrafty ex,ASC,135,Stage 1 Pokémon,Mega Pokémon ex,n/a,Scraggy,330,{D},{G},n/a,2,Outlaw Leg,{D}{D}●,160,Discard a random card from your opponent’s hand. Discard the top card of your opponent’s deck.,n/a
897,Pangoro,ASC,140,Stage 1 Pokémon,n/a,n/a,Pancham,140,{D},{G},n/a,3,Corkscrew Punch,{D},40,n/a,n/a
897,Pangoro,ASC,140,Stage 1 Pokémon,n/a,n/a,Pancham,140,{D},{G},n/a,3,Master’s Punch,{D}{D}●,80,"If any of your Benched Pancham have any damage counters on them, this attack does 120 more damage.",n/a
898,Pecharunt,ASC,143,Basic Pokémon,n/a,n/a,n/a,80,{D},{F},n/a,1,[Ability] Final Chain,n/a,n/a,"If this Pokémon is Knocked Out by damage from an attack from your opponent’s Pokémon, search your deck for a card and put it into your hand. Then, shuffle your deck.
",n/a
898,Pecharunt,ASC,143,Basic Pokémon,n/a,n/a,n/a,80,{D},{F},n/a,1,Mochi Rush,{D},20,"During your next turn, this Pokémon’s Mochi Rush attack does 50 more damage (before applying Weakness and Resistance).",n/a
899,Pawniard,ASC,146,Basic Pokémon,n/a,n/a,n/a,70,{M},{R},{G},1,Push Down,{M},10,Switch out your opponent’s Active Pokémon to the Bench. (Your opponent chooses the new Active Pokémon.),n/a
900,Bisharp,ASC,147,Stage 1 Pokémon,n/a,n/a,Pawniard,120,{M},{R},{G},1,Rapid Draw,{M},50,Draw 2 cards.,n/a
901,Kingambit,ASC,148,Stage 2 Pokémon,n/a,n/a,Bisharp,170,{M},{R},{G},3,[Ability] Supreme Overlord,n/a,n/a,Attacks used by this Pokémon do 30 more damage to your opponent’s Active Pokémon for each Prize card your opponent has taken (before applying Weakness and Resistance).,n/a
901,Kingambit,ASC,148,Stage 2 Pokémon,n/a,n/a,Bisharp,170,{M},{R},{G},3,Double-Edged Slash,{M}{M},180,This Pokémon also does 50 damage to itself.,n/a
902,Dratini,ASC,150,Basic Pokémon,n/a,n/a,n/a,80,{N},n/a,n/a,2,Headbutt,{W}{L},30,n/a,n/a
903,Dragonair,ASC,151,Stage 1 Pokémon,n/a,n/a,Dratini,100,{N},n/a,n/a,2,[Ability] Evolutionary Guidance,n/a,n/a,"Once during your turn, if this Pokémon has any Energy attached, you may use this Ability. Search your deck for an Evolution Pokémon, reveal it, and put it into your hand. Then, shuffle your deck.",n/a
903,Dragonair,ASC,151,Stage 1 Pokémon,n/a,n/a,Dratini,100,{N},n/a,n/a,2,Tail Snap,{W}{L},60,n/a,n/a
904,Mega Dragonite ex,ASC,152,Stage 2 Pokémon,Mega Pokémon ex,n/a,Dragonair,370,{N},n/a,n/a,2,[Ability] Sky Transport,n/a,n/a,"Once during your turn, you may use this Ability. Switch your Active Pokémon with 1 of your Benched Pokémon.",n/a
904,Mega Dragonite ex,ASC,152,Stage 2 Pokémon,Mega Pokémon ex,n/a,Dragonair,370,{N},n/a,n/a,2,Ryuno Glide,{W}{L}{L},330,Discard 2 Energy from this Pokémon.,n/a
905,Rayquaza,ASC,153,Basic Pokémon,n/a,n/a,n/a,120,{N},n/a,n/a,1,Breakthrough Assault,{L}●,20,"If this Pokémon moved from your Bench to the Active Spot this turn, this attack does 90 more damage.",n/a
905,Rayquaza,ASC,153,Basic Pokémon,n/a,n/a,n/a,120,{N},n/a,n/a,1,Dragon Claw,{R}{L}●,130,n/a,n/a
906,N's Zekrom,ASC,155,Basic Pokémon,n/a,Trainer's Pokémon(N),n/a,130,{N},n/a,n/a,2,Shred,●●●,70,This attack’s damage isn’t affected by any effects on your opponent’s Active Pokémon.,n/a
906,N's Zekrom,ASC,155,Basic Pokémon,n/a,Trainer's Pokémon(N),n/a,130,{N},n/a,n/a,2,Rampaging Thunder,{R}{L}{L}●,250,"During your next turn, this Pokémon can’t use attacks.",n/a
907,Noibat,ASC,156,Basic Pokémon,n/a,n/a,n/a,70,{N},n/a,n/a,1,Knickknack Carrying,●,n/a,"Search your deck for a Pokémon Tool card, reveal it, and put it into your hand. Then, shuffle your deck.",n/a
907,Noibat,ASC,156,Basic Pokémon,n/a,n/a,n/a,70,{N},n/a,n/a,1,Bite,{P}{D},30,n/a,n/a
908,Noivern,ASC,157,Stage 1 Pokémon,n/a,n/a,Noibat,120,{N},n/a,n/a,n/a,Agility,●●,40,"Flip a coin. If heads, during your opponent’s next turn, prevent all damage from and effects of attacks done to this Pokémon.",n/a
908,Noivern,ASC,157,Stage 1 Pokémon,n/a,n/a,Noibat,120,{N},n/a,n/a,n/a,Enhanced Blade,{P}{D},70,"If this Pokémon has a Pokémon Tool attached, this attack does 70 more damage.",n/a
909,Erika's Oddish,ASC,1,Basic Pokémon,n/a,Trainer's Pokémon(Erika),n/a,60,{G},{R},n/a,1,Reckless Charge,{G},30,This Pokémon also does 10 damage to itself.,n/a
910,Erika's Gloom,ASC,2,Stage 1 Pokémon,n/a,Trainer's Pokémon(Erika),Erika's Oddish,90,{G},{R},n/a,1,Poison Spray,{G}●,50,Your opponent’s Active Pokémon is now Poisoned.,n/a
911,Erika's Vileplume ex,ASC,3,Stage 2 Pokémon,Pokémon ex,Trainer's Pokémon(Erika),Erika's Gloom,310,{G},{R},n/a,2,[Ability] Lovely Fragrance,n/a,n/a,"Once during your turn, you may use this Ability. Heal 30 damage from each of your Pokémon.",n/a
911,Erika's Vileplume ex,ASC,3,Stage 2 Pokémon,Pokémon ex,Trainer's Pokémon(Erika),Erika's Gloom,310,{G},{R},n/a,2,Bloom Powder,{G}{G}●,160,Your opponent’s Active Pokémon is now Asleep and Poisoned.,n/a
912,Erika's Bellsprout,ASC,4,Basic Pokémon,n/a,Trainer's Pokémon(Erika),n/a,60,{G},{R},n/a,1,Vine Slap,{G},20,n/a,n/a
913,Erika's Weepinbell,ASC,5,Stage 1 Pokémon,n/a,Trainer's Pokémon(Erika),Erika's Bellsprout,90,{G},{R},n/a,2,Melt,{G},30,n/a,n/a
913,Erika's Weepinbell,ASC,5,Stage 1 Pokémon,n/a,Trainer's Pokémon(Erika),Erika's Bellsprout,90,{G},{R},n/a,2,Leafy Cyclone,{G}●,70,"During your next turn, this Pokémon can’t use attacks.",n/a
914,Erika's Victreebel,ASC,6,Stage 2 Pokémon,n/a,Trainer's Pokémon(Erika),Erika's Weepinbell,150,{G},{R},n/a,3,Flower Garden Rondo,{G}●,40×,This attack does 40 damage for each of your Erika’s Pokémon in play.,n/a
914,Erika's Victreebel,ASC,6,Stage 2 Pokémon,n/a,Trainer's Pokémon(Erika),Erika's Weepinbell,150,{G},{R},n/a,3,Solar Beam,{G}{G}●,130,n/a,n/a
915,Erika's Tangela,ASC,7,Basic Pokémon,n/a,Trainer's Pokémon(Erika),n/a,80,{G},{R},n/a,2,[Ability] Gathering of Blossoms,n/a,n/a,"Once during your turn, you may use this Ability. Search your deck for an Erika’s Pokémon, reveal it, and put it into your hand. Then, shuffle your deck.",n/a
915,Erika's Tangela,ASC,7,Basic Pokémon,n/a,Trainer's Pokémon(Erika),n/a,80,{G},{R},n/a,2,Bind,{G}●,50,"Flip a coin. If heads, your opponent’s Active Pokémon is now Paralyzed.",n/a
916,Scyther,,1,Basic Pokémon,n/a,n/a,n/a,90,{G},{R},n/a,1,Cut Up,●,10,n/a,n/a
916,Scyther,,1,Basic Pokémon,n/a,n/a,n/a,90,{G},{R},n/a,1,Slashing Strike,●●,60,"During your next turn, this Pokémon can’t use Slashing Strike.",n/a
917,Chikorita,ASC,8,Basic Pokémon,n/a,n/a,n/a,70,{G},{R},n/a,1,Growl,●,n/a,"During your opponent’s next turn, attacks used by the Defending Pokémon do 20 less damage (before applying Weakness and Resistance).",n/a
917,Chikorita,ASC,8,Basic Pokémon,n/a,n/a,n/a,70,{G},{R},n/a,1,Seed Bomb,{G}{G},30,n/a,n/a
918,Bayleef,ASC,9,Stage 1 Pokémon,n/a,n/a,Chikorita,100,{G},{R},n/a,2,Leaf Step,{G}{G},60,n/a,n/a
919,Mega Meganium ex,ASC,10,Stage 2 Pokémon,Mega Pokémon ex,n/a,Bayleef,360,{G},{R},n/a,2,Giant Bouquet,●●●,70,This attack does 50 more damage for each {G} Energy attached to this Pokémon.,n/a
920,Tapu Bulu,SFA,6,Basic Pokémon,n/a,n/a,n/a,140,{G},{R},n/a,3,Wood Hammer,{G}{G}●●,220,This Pokémon also does 30 damage to itself.,n/a
921,Dipplin,SCR,13,Stage 1 Pokémon,n/a,n/a,Applin,90,{G},{R},n/a,3,Coated Attack,{G},20,"During your opponent’s next turn, prevent all damage done to this Pokémon by attacks from Basic Pokémon.",n/a
922,Sprigatito,JTG,16,Basic Pokémon,n/a,n/a,n/a,60,{G},{R},n/a,1,Tons of Treading,●,10×,Flip 3 coins. This attack does 10 damage for each heads.,n/a
923,Floragato,JTG,17,Stage 1 Pokémon,n/a,n/a,Sprigatito,90,{G},{R},n/a,1,Magical Leaf,●●,30,"Flip a coin. If heads, this attack does 30 more damage, and heal 30 damage from this Pokémon.",n/a
924,Meowscarada,JTG,18,Stage 2 Pokémon,n/a,n/a,Floragato,160,{G},{R},n/a,1,[Ability] Showtime,n/a,n/a,"Once during your turn, if this Pokémon is on your Bench, you may switch it with your Active Pokémon.",n/a
924,Meowscarada,JTG,18,Stage 2 Pokémon,n/a,n/a,Floragato,160,{G},{R},n/a,1,Rising Bloom,●●,90,"If your opponent’s Active Pokémon is a Pokémon {ex}, this attack does 90 more damage.",n/a
925,Capsakid,,12,Basic Pokémon,n/a,n/a,n/a,70,{G},{R},n/a,1,Headbutt Bounce,●●,20,n/a,n/a
926,Charmander,ASC,20,Basic Pokémon,n/a,n/a,n/a,80,{R},{W},n/a,1,Fire Claws,{R}●,30,n/a,n/a
927,Charmeleon,ASC,21,Stage 1 Pokémon,n/a,n/a,Charmander,100,{R},{W},n/a,1,Heat Blast,{R}●,50,n/a,n/a
928,Mega Charizard Y ex,ASC,22,Stage 2 Pokémon,Mega Pokémon ex,n/a,Charmeleon,360,{R},{W},n/a,1,Explosion Y,{R}{R}●,n/a,"Discard 3 Energy from this Pokémon, and this attack does 280 damage to 1 of your opponent’s Pokémon. (Don’t apply Weakness and Resistance for Benched Pokémon.)",n/a
929,Magmar,,20,Basic Pokémon,n/a,n/a,n/a,80,{R},{W},n/a,2,Searing Flame,{R}●,30,"Flip a coin. If heads, your opponent’s Active Pokémon is now Burned.",n/a
930,Tepig,ASC,29,Basic Pokémon,n/a,n/a,n/a,80,{R},{W},n/a,2,Steady Firebreathing,{R},20,n/a,n/a
931,Pignite,ASC,30,Stage 1 Pokémon,n/a,n/a,Tepig,110,{R},{W},n/a,3,Super Singe,{R}{R}●,70,Your opponent’s Active Pokémon is now Burned.,n/a
932,Mega Emboar ex,ASC,31,Stage 2 Pokémon,Mega Pokémon ex,n/a,Pignite,380,{R},{W},n/a,4,Crimson Blast,{R}{R}●,320,This Pokémon also does 60 damage to itself.,n/a
933,Larvesta,SSP,24,Basic Pokémon,n/a,n/a,n/a,70,{R},{W},n/a,2,Ram,●,10,n/a,n/a
933,Larvesta,SSP,24,Basic Pokémon,n/a,n/a,n/a,70,{R},{W},n/a,2,Steady Firebreathing,{R}●,20,n/a,n/a
934,Centiskorch,SSP,28,Stage 1 Pokémon,n/a,n/a,Sizzlipede,130,{R},{W},n/a,2,Billowing Heat Wave,{R},130,This attack also does 30 damage to each of your Benched Pokémon. (Don’t apply Weakness and Resistance for Benched Pokémon.),n/a
934,Centiskorch,SSP,28,Stage 1 Pokémon,n/a,n/a,Sizzlipede,130,{R},{W},n/a,2,Heat Blast,●●●,80,n/a,n/a
935,Fuecoco,SSP,29,Basic Pokémon,n/a,n/a,n/a,80,{R},{W},n/a,2,Heat Burn,{R}●,20,Your opponent’s Active Pokémon is now Burned.,n/a
936,Crocalor,SSP,30,Stage 1 Pokémon,n/a,n/a,Fuecoco,110,{R},{W},n/a,3,Heat Breath,{R}●,30,"Flip a coin. If heads, this attack does 50 more damage.",n/a
937,Totodile,ASC,41,Basic Pokémon,n/a,n/a,n/a,80,{W},{L},n/a,1,Slight Intrusion,{W}{W},40,This Pokémon also does 10 damage to itself.,n/a
938,Croconaw,ASC,42,Stage 1 Pokémon,n/a,n/a,Totodile,100,{W},{L},n/a,2,Crunch,{W}{W},50,"Flip a coin. If heads, discard an Energy from your opponent’s Active Pokémon.",n/a
939,Mega Feraligatr ex,ASC,43,Stage 2 Pokémon,Mega Pokémon ex,n/a,Croconaw,370,{W},{L},n/a,3,Mortal Crunch,{W}{W}●,200,"If your opponent’s Active Pokémon already has any damage counters on it, this attack does 200 more damage.",n/a
940,Glalie,TWM,52,Stage 1 Pokémon,n/a,n/a,Snorunt,120,{W},{M},n/a,2,Damage Beat,{W},20×,This attack does 20 damage for each damage counter on your opponent’s Active Pokémon.,n/a
940,Glalie,TWM,52,Stage 1 Pokémon,n/a,n/a,Snorunt,120,{W},{M},n/a,2,Crazy Headbutt,{W}●●,140,Discard an Energy from this Pokémon.,n/a
941,Spheal,SSP,43,Basic Pokémon,n/a,n/a,n/a,70,{W},{M},n/a,2,Powder Snow,{W},10,Your opponent’s Active Pokémon is now Asleep.,n/a
942,Sealeo,SSP,44,Stage 1 Pokémon,n/a,n/a,Spheal,100,{W},{M},n/a,3,Lunge Out,{W},30,n/a,n/a
942,Sealeo,SSP,44,Stage 1 Pokémon,n/a,n/a,Spheal,100,{W},{M},n/a,3,Ice Ball,{W}{W},60,n/a,n/a
943,Walrein,SSP,45,Stage 2 Pokémon,n/a,n/a,Sealeo,170,{W},{M},n/a,3,Frigid Fangs,{W},60,"During your opponent’s next turn, Pokémon that have 2 or less Energy attached can’t use attacks. (This includes new Pokémon that come into play.)",n/a
943,Walrein,SSP,45,Stage 2 Pokémon,n/a,n/a,Sealeo,170,{W},{M},n/a,3,Megaton Fall,{W}{W},170,This Pokémon also does 50 damage to itself.,n/a
944,Regice ex,ASC,48,Basic Pokémon,Pokémon ex,n/a,n/a,230,{W},{M},n/a,3,Regi Charge,●,n/a,Attach up to 2 Basic {W} Energy cards from your discard pile to this Pokémon.,n/a
944,Regice ex,ASC,48,Basic Pokémon,Pokémon ex,n/a,n/a,230,{W},{M},n/a,3,Ice Prison,{W}●●●,140,"Discard 2 Energy from this Pokémon, and your opponent’s Active Pokémon is now Paralyzed.",n/a
945,Froakie,SCR,39,Basic Pokémon,n/a,n/a,n/a,60,{W},{L},n/a,1,Rain Splash,{W}●,20,n/a,n/a
946,Cramorant,TWM,58,Basic Pokémon,n/a,n/a,n/a,110,{W},{L},n/a,1,Water Gun,{W},20,n/a,n/a
946,Cramorant,TWM,58,Basic Pokémon,n/a,n/a,n/a,110,{W},{L},n/a,1,Spit Shot,●●●,n/a,"Discard all Energy from this Pokémon, and this attack does 120 damage to 1 of your opponent’s Pokémon. (Don’t apply Weakness and Resistance for Benched Pokémon.)",n/a
947,Quaxly,,50,Basic Pokémon,n/a,n/a,n/a,60,{W},{L},n/a,1,Aerial Ace,{W},10,"Flip a coin. If heads, this attack does 20 more damage.",n/a
948,Pikachu,ASC,55,Basic Pokémon,n/a,n/a,n/a,70,{L},{F},n/a,1,Tail Smack,{L},10,n/a,n/a
948,Pikachu,ASC,55,Basic Pokémon,n/a,n/a,n/a,70,{L},{F},n/a,1,Tiny Bolt,{L}●,30,n/a,n/a
949,Raichu,ASC,56,Stage 1 Pokémon,n/a,n/a,Pikachu,130,{L},{F},n/a,1,Quick Blow,{L},20,"Flip a coin. If heads, this attack does 50 more damage.",n/a
949,Raichu,ASC,56,Stage 1 Pokémon,n/a,n/a,Pikachu,130,{L},{F},n/a,1,Strong Volt,{L}{L}●,150,Discard a {L} Energy from this Pokémon.,n/a
950,Magnemite,SSP,58,Basic Pokémon,n/a,n/a,n/a,60,{L},{F},n/a,1,Lightning Ball,{L},20,n/a,n/a
951,Voltorb ex,ASC,58,Basic Pokémon,Pokémon ex,n/a,n/a,170,{L},{F},n/a,1,Hundred-Hitting Ball,●●●,100,Flip a coin until you get tails. This attack does 100 more damage for each heads.,n/a
952,Zapdos,PROMO,157,Basic Pokémon,n/a,n/a,n/a,110,{L},{L},{F},1,Follow-Up Bolt,{L}●,20,This attack does 10 more damage for each damage counter on your opponent’s Active Pokémon.,n/a
952,Zapdos,PROMO,157,Basic Pokémon,n/a,n/a,n/a,110,{L},{L},{F},1,Drill Peck,{L}●●,80,n/a,n/a
953,Zapdos,TWM,65,Basic Pokémon,n/a,n/a,n/a,120,{L},{L},{F},2,Thunder Wave,{L},n/a,"Flip a coin. If heads, your opponent’s Active Pokémon is now Paralyzed.",n/a
953,Zapdos,TWM,65,Basic Pokémon,n/a,n/a,n/a,120,{L},{L},{F},2,Thunderbolt,{L}{L}●,190,Discard all Energy from this Pokémon.,n/a
954,Luxray ex,TWM,68,Stage 2 Pokémon,Pokémon ex,n/a,Luxio,310,{L},{F},n/a,1,Piercing Gaze,●●,120,"Your opponent reveals their hand, and you discard a card you find there.",n/a
954,Luxray ex,TWM,68,Stage 2 Pokémon,Pokémon ex,n/a,Luxio,310,{L},{F},n/a,1,Volt Strike,{L}{L},250,Discard all Energy from this Pokémon.,n/a
955,Helioptile,TWM,70,Basic Pokémon,n/a,n/a,n/a,60,{L},{F},n/a,1,Collect,●,n/a,Draw a card.,n/a
955,Helioptile,TWM,70,Basic Pokémon,n/a,n/a,n/a,60,{L},{F},n/a,1,Static Shock,{L},10,n/a,n/a
956,Zeraora,SCR,55,Basic Pokémon,n/a,n/a,n/a,120,{L},{F},n/a,1,Combat Thunder,{L}●,20,This attack does 20 more damage for each of your opponent’s Benched Pokémon.,n/a
957,Miraidon ex,ASC,73,Basic Pokémon,Pokémon ex,Tera(Lightning),n/a,220,{L},{F},n/a,1,[Tera],n/a,n/a,"As long as this Pokémon is on your Bench, prevent all damage done to this Pokémon by attacks (both yours and your opponent’s).",n/a
957,Miraidon ex,ASC,73,Basic Pokémon,Pokémon ex,Tera(Lightning),n/a,220,{L},{F},n/a,1,Slashing Claw,{L},40,n/a,n/a
957,Miraidon ex,ASC,73,Basic Pokémon,Pokémon ex,Tera(Lightning),n/a,220,{L},{F},n/a,1,Hadron Spark,{L}{L}●,120,"If your opponent’s Active Pokémon is a Pokémon {ex}, this attack does 120 more damage.",n/a
958,Clefable,ASC,75,Stage 1 Pokémon,n/a,n/a,Clefairy,120,{P},{M},n/a,2,Metronome,●●,n/a,Choose 1 of your opponent’s Active Pokémon’s attacks and use it as this attack.,n/a
958,Clefable,ASC,75,Stage 1 Pokémon,n/a,n/a,Clefairy,120,{P},{M},n/a,2,Magical Shot,{P}●●,100,n/a,n/a
959,Togepi,ASC,80,Basic Pokémon,n/a,n/a,n/a,50,{P},{M},n/a,1,Pound,●●,30,n/a,n/a
960,Togetic,ASC,81,Stage 1 Pokémon,n/a,n/a,Togepi,90,{P},{M},n/a,1,Draining Kiss,●●,30,Heal 30 damage from this Pokémon.,n/a
961,Marill,ASC,83,Basic Pokémon,n/a,n/a,n/a,70,{P},{M},n/a,1,Hide,●,n/a,"Flip a coin. If heads, during your opponent’s next turn, prevent all damage from and effects of attacks done to this Pokémon.",n/a
961,Marill,ASC,83,Basic Pokémon,n/a,n/a,n/a,70,{P},{M},n/a,1,Flop,{P}●,20,n/a,n/a
962,Azumarill ex,ASC,84,Stage 1 Pokémon,Pokémon ex,n/a,Marill,270,{P},{M},n/a,2,[Ability] Bubble Gathering,n/a,n/a,"As often as you like during your turn, you may use this Ability. Move an Energy from 1 of your other Pokémon to this Pokémon.",n/a
962,Azumarill ex,ASC,84,Stage 1 Pokémon,Pokémon ex,n/a,Marill,270,{P},{M},n/a,2,Energized Balloon,●●●,60,This attack does 40 more damage for each {P} Energy attached to this Pokémon.,n/a
963,Shuppet,ASC,90,Basic Pokémon,n/a,n/a,n/a,60,{P},{D},{F},1,Spooky Shot,{P},20,n/a,n/a
964,Beheeyem,TEF,74,Stage 1 Pokémon,n/a,n/a,Elgyem,100,{P},{D},{F},1,Cosmic Beatdown,{P},20×,This attack does 20 damage for each of your Pokémon in play.,n/a
965,Swirlix,ASC,93,Basic Pokémon,n/a,n/a,n/a,60,{P},{M},n/a,1,Ram,{P},20,n/a,n/a
966,Slurpuff,ASC,94,Stage 1 Pokémon,n/a,n/a,Swirlix,120,{P},{M},n/a,2,Tackle,{P},40,n/a,n/a
966,Slurpuff,ASC,94,Stage 1 Pokémon,n/a,n/a,Swirlix,120,{P},{M},n/a,2,Magical Shot,{P}●,70,n/a,n/a
967,Fidough,SCR,66,Basic Pokémon,n/a,n/a,n/a,60,{P},{M},n/a,2,Pleasant Aroma,●,n/a,"Search your deck for a Basic Pokémon and put it onto your Bench. Then, shuffle your deck.",n/a
967,Fidough,SCR,66,Basic Pokémon,n/a,n/a,n/a,60,{P},{M},n/a,2,Stampede,●,10,n/a,n/a
968,Dachsbun ex,SCR,67,Stage 1 Pokémon,Pokémon ex,n/a,Fidough,250,{P},{M},n/a,2,[Ability] Time to Chow Down,n/a,n/a,"Once during your turn, when you play this Pokémon from your hand to evolve 1 of your Pokémon, you may use this Ability. Heal all damage from each of your Evolution Pokémon. If you healed any damage in this way, discard all Energy from those Pokémon.",n/a
968,Dachsbun ex,SCR,67,Stage 1 Pokémon,Pokémon ex,n/a,Fidough,250,{P},{M},n/a,2,Wonder Shine,●●,130,Your opponent’s Active Pokémon is now Confused.,n/a
969,Scream Tail ex,TWM,94,Basic Pokémon,Pokémon ex,Ancient,n/a,190,{P},{D},{F},1,Scream,●,n/a,"You can use this attack only if you go second, and only during your first turn. Your opponent can’t play any Supporter cards from their hand during their next turn.",n/a
969,Scream Tail ex,TWM,94,Basic Pokémon,Pokémon ex,Ancient,n/a,190,{P},{D},{F},1,Crunch,{P}●●,120,Discard an Energy from your opponent’s Active Pokémon.,n/a
970,Fezandipiti,TWM,96,Basic Pokémon,n/a,n/a,n/a,120,{P},{M},n/a,1,[Ability] Adrena-Pheromone,n/a,n/a,"If this Pokémon has any {D} Energy attached and is damaged by an attack, flip a coin. If heads, prevent that damage.",n/a
970,Fezandipiti,TWM,96,Basic Pokémon,n/a,n/a,n/a,120,{P},{M},n/a,1,Energy Feather,{P},30×,This attack does 30 damage for each Energy attached to this Pokémon.,n/a
971,Iron Boulder,SCR,71,Basic Pokémon,n/a,Future,n/a,140,{P},{D},{F},3,Adjusted Horn,{P}●,170,"If you don’t have the same number of cards in your hand as your opponent, this attack does nothing.",n/a
972,Hitmontop,ASC,102,Basic Pokémon,n/a,n/a,n/a,100,{F},{P},n/a,1,Spin and Draw,●,n/a,"Shuffle your hand into your deck. Then, draw 6 cards.",n/a
972,Hitmontop,ASC,102,Basic Pokémon,n/a,n/a,n/a,100,{F},{P},n/a,1,Low Kick,{F}●,50,n/a,n/a
973,Groudon,ASC,108,Basic Pokémon,n/a,n/a,n/a,140,{F},{G},n/a,3,Hammer In,{F}{F}●,80,n/a,n/a
973,Groudon,ASC,108,Basic Pokémon,n/a,n/a,n/a,140,{F},{G},n/a,3,Megaton Fall,{F}{F}●●,150,This Pokémon also does 30 damage to itself.,n/a
974,Riolu,SCR,81,Basic Pokémon,n/a,n/a,n/a,70,{F},{P},n/a,1,Punch,{F}●,30,n/a,n/a
975,Stunfisk ex,ASC,114,Basic Pokémon,Pokémon ex,n/a,n/a,210,{F},{G},n/a,2,Big Bite,{F},30,"During your opponent’s next turn, the Defending Pokémon can’t retreat.",n/a
975,Stunfisk ex,ASC,114,Basic Pokémon,Pokémon ex,n/a,n/a,210,{F},{G},n/a,2,Flopping Trap,{F}●●,100,"If this Pokémon has any damage counters on it, this attack does 100 more damage.",n/a
976,Carbink,ASC,117,Basic Pokémon,n/a,n/a,n/a,90,{F},{G},n/a,1,[Ability] Double Type,n/a,n/a,"As long as this Pokémon is in play, it is {F} and {P} type.",n/a
976,Carbink,ASC,117,Basic Pokémon,n/a,n/a,n/a,90,{F},{G},n/a,1,Counter Jewel,{F}{F}●,70,"If your opponent has 2 or fewer Prize cards remaining, this attack does 100 more damage.",n/a
977,Crabrawler,SCR,87,Basic Pokémon,n/a,n/a,n/a,90,{F},{P},n/a,3,Vise Grip,●●,20,n/a,n/a
977,Crabrawler,SCR,87,Basic Pokémon,n/a,n/a,n/a,90,{F},{P},n/a,3,Crabhammer,●●●,50,n/a,n/a
978,Passimian,SSP,111,Basic Pokémon,n/a,n/a,n/a,110,{F},{P},n/a,1,Coordinated Throwing,{F}●,20×,This attack does 20 damage for each of your Basic Pokémon in play.,n/a
979,Koraidon ex,ASC,121,Basic Pokémon,Pokémon ex,Tera(Fighting),n/a,230,{F},{P},n/a,2,[Tera],n/a,n/a,"As long as this Pokémon is on your Bench, prevent all damage done to this Pokémon by attacks (both yours and your opponent’s).",n/a
979,Koraidon ex,ASC,121,Basic Pokémon,Pokémon ex,Tera(Fighting),n/a,230,{F},{P},n/a,2,Orichalcum Fang,{F}●,50,"If any of your Pokémon were Knocked Out by damage from an attack during your opponent’s last turn, this attack does 120 more damage.",n/a
979,Koraidon ex,ASC,121,Basic Pokémon,Pokémon ex,Tera(Fighting),n/a,230,{F},{P},n/a,2,Impact Blow,{F}{F}●,200,"During your next turn, this Pokémon can’t use Impact Blow.",n/a
980,Venipede,TWM,115,Basic Pokémon,n/a,n/a,n/a,80,{D},{F},n/a,3,Spit Poison,{D},n/a,Your opponent’s Active Pokémon is now Poisoned.,n/a
980,Venipede,TWM,115,Basic Pokémon,n/a,n/a,n/a,80,{D},{F},n/a,3,Spinning Attack,{D}●●,40,n/a,n/a
981,Whirlipede,TWM,116,Stage 1 Pokémon,n/a,n/a,Venipede,100,{D},{F},n/a,3,Poison Ring,{D},n/a,"Your opponent’s Active Pokémon is now Poisoned. During your opponent’s next turn, that Pokémon can’t retreat.",n/a
981,Whirlipede,TWM,116,Stage 1 Pokémon,n/a,n/a,Venipede,100,{D},{F},n/a,3,Spinning Attack,{D}●●,60,n/a,n/a
982,Scolipede,TWM,117,Stage 2 Pokémon,n/a,n/a,Whirlipede,170,{D},{F},n/a,3,Dastardly Jab,{D}●,n/a,Place damage counters on your opponent’s Active Pokémon until its remaining HP is 10.,n/a
982,Scolipede,TWM,117,Stage 2 Pokémon,n/a,n/a,Whirlipede,170,{D},{F},n/a,3,Sludge Bomb,{D}●●,160,n/a,n/a
983,Vullaby,ASC,138,Basic Pokémon,n/a,n/a,n/a,70,{D},{L},{F},1,Flap,●●,20,n/a,n/a
984,Mandibuzz ex,ASC,139,Stage 1 Pokémon,Pokémon ex,n/a,Vullaby,260,{D},{L},{F},1,Bone Shot,●●,n/a,This attack does 50 damage to 1 of your opponent’s Pokémon. (Don’t apply Weakness and Resistance for Benched Pokémon.),n/a
984,Mandibuzz ex,ASC,139,Stage 1 Pokémon,Pokémon ex,n/a,Vullaby,260,{D},{L},{F},1,Vulture Claw,{D}●●,160,Discard a random card from your opponent’s hand.,n/a
985,Hoopa,ASC,141,Basic Pokémon,n/a,n/a,n/a,120,{D},{G},n/a,2,Filch,●,n/a,Draw 2 cards.,n/a
985,Hoopa,ASC,141,Basic Pokémon,n/a,n/a,n/a,120,{D},{G},n/a,2,Knuckle Impact,{D}{D}●,130,"During your next turn, this Pokémon can’t use attacks.",n/a
986,Brute Bonnet,TWM,118,Basic Pokémon,n/a,Ancient,n/a,120,{D},{G},n/a,3,Poison Spray,{D},n/a,Your opponent’s Active Pokémon is now Poisoned.,n/a
986,Brute Bonnet,TWM,118,Basic Pokémon,n/a,Ancient,n/a,120,{D},{G},n/a,3,Relentless Punches,{D}{D}{D},50,This attack does 50 more damage for each damage counter on your opponent’s Active Pokémon.,n/a
987,Mawile,ASC,144,Basic Pokémon,n/a,n/a,n/a,90,{M},{R},{G},1,Call for Family,●,n/a,"Search your deck for up to 2 Basic Pokémon and put them onto your Bench. Then, shuffle your deck.",n/a
987,Mawile,ASC,144,Basic Pokémon,n/a,n/a,n/a,90,{M},{R},{G},1,Bite,{M}●●,90,n/a,n/a
988,Registeel ex,ASC,145,Basic Pokémon,Pokémon ex,n/a,n/a,230,{M},{R},{G},3,Regi Charge,●,n/a,Attach up to 2 Basic {M} Energy cards from your discard pile to this Pokémon.,n/a
988,Registeel ex,ASC,145,Basic Pokémon,Pokémon ex,n/a,n/a,230,{M},{R},{G},3,Protecting Steel,{M}●●●,140,"During your opponent’s next turn, this Pokémon takes 50 less damage from attacks (after applying Weakness and Resistance).",n/a
989,Bronzor,SSP,126,Basic Pokémon,n/a,n/a,n/a,60,{M},{R},{G},1,Shield Attack,{M}●,20,"Flip a coin. If heads, this attack does 20 more damage.",n/a
990,Togedemaru ex,ASC,149,Basic Pokémon,Pokémon ex,n/a,n/a,190,{M},{R},{G},1,Stun Needle,{M},20,"Flip a coin. If heads, your opponent’s Active Pokémon is now Paralyzed.",n/a
990,Togedemaru ex,ASC,149,Basic Pokémon,Pokémon ex,n/a,n/a,190,{M},{R},{G},1,Spiky Rolling,{M}●,80,"If this Pokémon used Spiky Rolling during your last turn, this attack does 80 more damage.",n/a
991,Melmetal,TEF,117,Stage 1 Pokémon,n/a,n/a,Meltan,160,{M},{R},{G},4,Hammer In,{M}{M}●,120,n/a,n/a
991,Melmetal,TEF,117,Stage 1 Pokémon,n/a,n/a,Meltan,160,{M},{R},{G},4,Iron Bash,{M}{M}{M}{M}●,230,n/a,n/a
992,Duraludon,,129,Basic Pokémon,n/a,n/a,n/a,130,{M},{R},{G},2,Confront,{M}{M},50,n/a,n/a
992,Duraludon,,129,Basic Pokémon,n/a,n/a,n/a,130,{M},{R},{G},2,Duralubeam,{M}{M}{M},130,Discard 2 Energy from this Pokémon.,n/a
993,Orthworm ex,SCR,110,Basic Pokémon,Pokémon ex,n/a,n/a,220,{M},{R},{G},4,[Ability] Pummeling Payback,n/a,n/a,"If this Pokémon is damaged by an attack from your opponent’s Pokémon (even if this Pokémon is Knocked Out), place 2 damage counters on the Attacking Pokémon for each {M} Energy attached to this Pokémon.",n/a
993,Orthworm ex,SCR,110,Basic Pokémon,Pokémon ex,n/a,n/a,220,{M},{R},{G},4,Rock Tomb,●●●●,150,"During your opponent’s next turn, the Defending Pokémon can’t retreat.",n/a
994,Fraxure,SFA,45,Stage 1 Pokémon,n/a,n/a,Axew,100,{N},n/a,n/a,2,[Ability] Unnerve,n/a,n/a,"Whenever your opponent plays an Item or Supporter card from their hand, prevent all effects of that card done to this Pokémon.",n/a
994,Fraxure,SFA,45,Stage 1 Pokémon,n/a,n/a,Axew,100,{N},n/a,n/a,2,Dragon Pulse,{F}{M},80,Discard the top card of your deck.,n/a
995,Haxorus,SFA,46,Stage 2 Pokémon,n/a,n/a,Fraxure,170,{N},n/a,n/a,2,Bring Down the Axe,{F},n/a,"If your opponent’s Active Pokémon has any Special Energy attached, it is Knocked Out.",n/a
995,Haxorus,SFA,46,Stage 2 Pokémon,n/a,n/a,Fraxure,170,{N},n/a,n/a,2,Dragon Pulse,{F}{M},230,Discard the top 3 cards of your deck.,n/a
996,Larry's Dunsparce,ASC,163,Basic Pokémon,n/a,Trainer's Pokémon(Larry),n/a,70,{C},{F},n/a,n/a,Rising Lunge,●,10,"Flip a coin. If heads, this attack does 20 more damage.",n/a
997,Larry's Dudunsparce ex,ASC,164,Stage 1 Pokémon,Pokémon ex,Trainer's Pokémon(Larry),Larry's Dunsparce,270,{C},{F},n/a,3,Work Rush,●●●,80×,Flip a coin for each Energy attached to this Pokémon. This attack does 80 damage for each heads.,n/a
998,Slakoth,,145,Basic Pokémon,n/a,n/a,n/a,60,{C},{F},n/a,2,Take It Easy,●,n/a,"Heal 60 damage from this Pokémon. During your next turn, this Pokémon can’t retreat.",n/a
999,Vigoroth,,146,Stage 1 Pokémon,n/a,n/a,Slakoth,90,{C},{F},n/a,2,Slashing Claw,●●,50,n/a,n/a
1000,Skitty,ASC,165,Basic Pokémon,n/a,n/a,n/a,60,{C},{F},n/a,1,Cat Kick,●,20,n/a,n/a
1001,Delcatty,ASC,166,Stage 1 Pokémon,n/a,n/a,Skitty,100,{C},{F},n/a,1,Cat Kick,●,40,n/a,n/a
1001,Delcatty,ASC,166,Stage 1 Pokémon,n/a,n/a,Skitty,100,{C},{F},n/a,1,Energy Crush,●●,40×,This attack does 40 damage for each Energy attached to all of your opponent’s Pokémon.,n/a
1002,Zangoose ex,ASC,167,Basic Pokémon,Pokémon ex,n/a,n/a,200,{C},{F},n/a,1,Spike Draw,●,20,Draw 2 cards.,n/a
1002,Zangoose ex,ASC,167,Basic Pokémon,Pokémon ex,n/a,n/a,200,{C},{F},n/a,1,Wild Scissors,●●●,180,This Pokémon also does 30 damage to itself.,n/a
1003,Larry's Starly,ASC,168,Basic Pokémon,n/a,Trainer's Pokémon(Larry),n/a,60,{C},{L},{F},1,Minor Errand-Running,●,n/a,"Search your deck for up to 2 Basic Energy cards, reveal them, and put them into your hand. Then, shuffle your deck.",n/a
1003,Larry's Starly,ASC,168,Basic Pokémon,n/a,Trainer's Pokémon(Larry),n/a,60,{C},{L},{F},1,Glide,●,10,n/a,n/a
1004,Larry's Staravia,ASC,169,Stage 1 Pokémon,n/a,Trainer's Pokémon(Larry),Larry's Starly,90,{C},{L},{F},1,Flap,●,20,n/a,n/a
1004,Larry's Staravia,ASC,169,Stage 1 Pokémon,n/a,Trainer's Pokémon(Larry),Larry's Starly,90,{C},{L},{F},1,Razor Wing,●●,50,n/a,n/a
1005,Larry's Staraptor,ASC,170,Stage 2 Pokémon,n/a,Trainer's Pokémon(Larry),Larry's Staravia,150,{C},{L},{F},1,Facade,●,60,"If this Pokémon is Burned or Poisoned, this attack does 100 more damage.",n/a
1005,Larry's Staraptor,ASC,170,Stage 2 Pokémon,n/a,Trainer's Pokémon(Larry),Larry's Staravia,150,{C},{L},{F},1,Feathery Strike,●●●,150,"Discard 2 Energy from this Pokémon, and this attack also does 50 damage to 1 of your opponent’s Benched Pokémon. (Don’t apply Weakness and Resistance for Benched Pokémon.)",n/a
1006,Mega Audino ex,ASC,172,Basic Pokémon,Mega Pokémon ex,n/a,n/a,270,{C},{F},n/a,1,Kaleidowaltz,●,n/a,"Flip 3 coins. For each heads, search your deck for up to 2 Basic Energy cards and attach them to your Pokémon in any way you like. Then, shuffle your deck.",n/a
1006,Mega Audino ex,ASC,172,Basic Pokémon,Mega Pokémon ex,n/a,n/a,270,{C},{F},n/a,1,Ear Force,●●●,20,This attack does 80 more damage for each Energy attached to your opponent’s Active Pokémon.,n/a
1007,Larry's Rufflet,ASC,173,Basic Pokémon,n/a,Trainer's Pokémon(Larry),n/a,70,{C},{L},{F},1,Peck the Wound,●●,20,"If your opponent’s Active Pokémon already has any damage counters on it, this attack does 80 more damage.",n/a
1008,Larry's Braviary,ASC,174,Stage 1 Pokémon,n/a,Trainer's Pokémon(Larry),Larry's Rufflet,130,{C},{L},{F},1,Clutch,●●,50,"During your opponent’s next turn, the Defending Pokémon can’t retreat.",n/a
1008,Larry's Braviary,ASC,174,Stage 1 Pokémon,n/a,Trainer's Pokémon(Larry),Larry's Rufflet,130,{C},{L},{F},1,Brave Bird,●●●,120,This Pokémon also does 30 damage to itself.,n/a
1009,Larry's Komala,ASC,175,Basic Pokémon,n/a,Trainer's Pokémon(Larry),n/a,90,{C},{F},n/a,2,[Ability] Lethargic Charge,n/a,n/a,"Once during your turn, if this Pokémon is on your Bench, you may use this Ability. Attach an Energy card from your hand to your Active Larry’s Pokémon.",n/a
1009,Larry's Komala,ASC,175,Basic Pokémon,n/a,Trainer's Pokémon(Larry),n/a,90,{C},{F},n/a,2,Dozing Draw,●,n/a,This Pokémon is now Asleep. Draw 2 cards.,n/a
1010,Drampa,ASC,176,Basic Pokémon,n/a,n/a,n/a,130,{C},{F},n/a,2,Gentle Slap,●●,50,n/a,n/a
1010,Drampa,ASC,176,Basic Pokémon,n/a,n/a,n/a,130,{C},{F},n/a,2,Dragon Strike,●●●,120,"During your next turn, this Pokémon can’t use Dragon Strike.",n/a
1011,Spinarak,POR,1,Basic Pokémon,n/a,n/a,n/a,60,{G},{R},n/a,1,Gooey Thread,{G},10,"During your opponent’s next turn, the Defending Pokémon can’t retreat.",n/a
1012,Ariados,POR,2,Stage 1 Pokémon,n/a,n/a,Spinarak,110,{G},{R},n/a,1,Poison Ring,{G},50,"Your opponent’s Active Pokémon is now Poisoned. During your opponent’s next turn, that Pokémon can’t retreat.",n/a
1013,Shaymin,POR,3,Basic Pokémon,n/a,n/a,n/a,70,{G},{R},n/a,n/a,Send Flowers,{G},n/a,"Search your deck for an Energy card and attach it to 1 of your Benched {G} Pokémon. Then, shuffle your deck.",n/a
1013,Shaymin,POR,3,Basic Pokémon,n/a,n/a,n/a,70,{G},{R},n/a,n/a,Leaf Step,{G},30,n/a,n/a
1014,Snivy,POR,4,Basic Pokémon,n/a,n/a,n/a,70,{G},{R},n/a,1,Reckless Charge,{G},30,This Pokémon also does 10 damage to itself.,n/a
1015,Servine,POR,5,Stage 1 Pokémon,n/a,n/a,Snivy,100,{G},{R},n/a,1,Solar Cutter,{G},40,n/a,n/a
1016,Serperior,POR,6,Stage 2 Pokémon,n/a,n/a,Servine,160,{G},{R},n/a,2,Regal Command,{G},20×,This attack does 20 damage for each of your Pokémon in play.,n/a
1016,Serperior,POR,6,Stage 2 Pokémon,n/a,n/a,Servine,160,{G},{R},n/a,2,Solar Coiling,{G}{G}{G},100,"If Rosa’s Encouragement is in your discard pile, this attack does 150 more damage.",n/a
1017,Scatterbug,POR,7,Basic Pokémon,n/a,n/a,n/a,40,{G},{R},n/a,1,Gnaw,{G},20,n/a,n/a
1018,Spewpa,POR,8,Stage 1 Pokémon,n/a,n/a,Scatterbug,80,{G},{R},n/a,3,Hide,{G},n/a,"Flip a coin. If heads, during your opponent’s next turn, prevent all damage from and effects of attacks done to this Pokémon.",n/a
1019,Vivillon,POR,9,Stage 2 Pokémon,n/a,n/a,Spewpa,120,{G},{R},n/a,1,[Ability] Grand Wing,n/a,n/a,"Once during your turn, you may use this Ability. Your opponent shuffles their hand and puts it on the bottom of their deck. If they put any cards on the bottom of their deck in this way, they draw 4 cards.",n/a
1019,Vivillon,POR,9,Stage 2 Pokémon,n/a,n/a,Spewpa,120,{G},{R},n/a,1,Blow Through,{G},60,"If a Stadium is in play, this attack does 60 more damage.",n/a
1020,Rowlet,POR,10,Basic Pokémon,n/a,n/a,n/a,80,{G},{R},n/a,2,Find a Friend,{G},n/a,"Search your deck for a Pokémon, reveal it, and put it into your hand. Then, shuffle your deck.",n/a
1020,Rowlet,POR,10,Basic Pokémon,n/a,n/a,n/a,80,{G},{R},n/a,2,Tackle,●●●,30,n/a,n/a
1021,Dartrix,POR,11,Stage 1 Pokémon,n/a,n/a,Rowlet,100,{G},{R},n/a,2,Leafage,{G},20,n/a,n/a
1021,Dartrix,POR,11,Stage 1 Pokémon,n/a,n/a,Rowlet,100,{G},{R},n/a,2,Feather Shot,●●●,n/a,"Discard all Energy from this Pokémon, and this attack does 90 damage to 1 of your opponent’s Pokémon. (Don’t apply Weakness and Resistance for Benched Pokémon.)",n/a
1022,Decidueye ex,POR,12,Stage 2 Pokémon,Pokémon ex,n/a,Dartrix,320,{G},{R},n/a,2,[Ability] Sniper’s Eye,n/a,n/a,"If your opponent has exactly 4 cards in their hand, ignore all {C} Energy in the costs of attacks used by this Pokémon.",n/a
1022,Decidueye ex,POR,12,Stage 2 Pokémon,Pokémon ex,n/a,Dartrix,320,{G},{R},n/a,2,Crushing Arrow,{G}●●●,240,Discard an Energy from your opponent’s Active Pokémon.,n/a
1023,Fletchinder,POR,13,Stage 1 Pokémon,n/a,n/a,Fletchling,90,{R},{L},{F},1,Flare,{R}{R},60,n/a,n/a
1024,Talonflame,POR,14,Stage 2 Pokémon,n/a,n/a,Fletchinder,150,{R},{L},{F},1,[Ability] Sky Hunt,n/a,n/a,"Once during your turn, you may use this Ability. Flip a coin. If heads, discard a random card from your opponent’s hand.",n/a
1024,Talonflame,POR,14,Stage 2 Pokémon,n/a,n/a,Fletchinder,150,{R},{L},{F},1,Fire Wing,{R}{R},110,n/a,n/a
1025,Salandit,POR,15,Basic Pokémon,n/a,n/a,n/a,70,{R},{W},n/a,1,Fire Claws,{R},20,n/a,n/a
1026,Salazzle ex,POR,16,Stage 1 Pokémon,Pokémon ex,n/a,Salandit,260,{R},{W},n/a,1,Nasty Plot,{R},n/a,"Search your deck for up to 2 cards and put them into your hand. Then, shuffle your deck.",n/a
1026,Salazzle ex,POR,16,Stage 1 Pokémon,Pokémon ex,n/a,Salandit,260,{R},{W},n/a,1,Dire Nails,{R}{R},100,Your opponent’s Active Pokémon is now Burned and Poisoned. Switch this Pokémon with 1 of your Benched Pokémon.,n/a
1027,Turtonator,POR,17,Basic Pokémon,n/a,n/a,n/a,120,{R},{W},n/a,2,[Ability] Shell Spikes,n/a,n/a,"If this Pokémon is in the Active Spot and is damaged by an attack from your opponent’s Pokémon (even if this Pokémon is Knocked Out), discard an Energy from the Attacking Pokémon.",n/a
1027,Turtonator,POR,17,Basic Pokémon,n/a,n/a,n/a,120,{R},{W},n/a,2,Heat Breath,{R}{R}●,80,"Flip a coin. If heads, this attack does 80 more damage.",n/a
1028,Seel,POR,18,Basic Pokémon,n/a,n/a,n/a,80,{W},{L},n/a,2,Rain Splash,{W},10,n/a,n/a
1028,Seel,POR,18,Basic Pokémon,n/a,n/a,n/a,80,{W},{L},n/a,2,Wave Splash,{W}{W},30,n/a,n/a
1029,Dewgong,POR,19,Stage 1 Pokémon,n/a,n/a,Seel,130,{W},{L},n/a,2,[Ability] Wash Out,n/a,n/a,"As often as you like during your turn, you may use this Ability. Move a {W} Energy from 1 of your Benched Pokémon to your Active Pokémon.",n/a
1029,Dewgong,POR,19,Stage 1 Pokémon,n/a,n/a,Seel,130,{W},{L},n/a,2,Wave Splash,{W}{W},60,n/a,n/a
1030,Staryu,POR,20,Basic Pokémon,n/a,n/a,n/a,70,{W},{L},n/a,1,Water Gun,{W},20,n/a,n/a
1031,Mega Starmie ex,POR,21,Stage 1 Pokémon,Mega Pokémon ex,n/a,Staryu,330,{W},{L},n/a,2,Jetting Blow,{W},120,This attack also does 50 damage to 1 of your opponent’s Benched Pokémon. (Don’t apply Weakness and Resistance for Benched Pokémon.),n/a
1031,Mega Starmie ex,POR,21,Stage 1 Pokémon,Mega Pokémon ex,n/a,Staryu,330,{W},{L},n/a,2,Nebula Beam,●●●,210,"This attack’s damage isn’t affected by Weakness or Resistance, or by any effects on your opponent’s Active Pokémon.",n/a
1032,Amaura,POR,23,Stage 1 Pokémon,n/a,n/a,Antique Sail Fossil,100,{W},{M},n/a,3,Icy Wind,{W}●,50,Your opponent’s Active Pokémon is now Asleep.,n/a
1033,Aurorus,POR,24,Stage 2 Pokémon,n/a,n/a,Amaura,170,{W},{M},n/a,3,[Ability] Tundra Wall,n/a,n/a,All of your Pokémon that have any {W} Energy attached take 50 less damage from attacks from your opponent’s Pokémon (after applying Weakness and Resistance). The effect of Tundra Wall doesn’t stack.,n/a
1033,Aurorus,POR,24,Stage 2 Pokémon,n/a,n/a,Amaura,170,{W},{M},n/a,3,Freezing Chill,{W}{W}●,150,"During your opponent’s next turn, the Defending Pokémon can’t use attacks.",n/a
1034,Volcanion,POR,25,Basic Pokémon,n/a,n/a,n/a,130,{W},{L},n/a,3,Strength,{W}●,50,n/a,n/a
1034,Volcanion,POR,25,Basic Pokémon,n/a,n/a,n/a,130,{W},{L},n/a,3,Powerful Steam,{W}{W}●,90×,Flip a coin for each {W} Energy attached to this Pokémon. This attack does 90 damage for each heads.,n/a
1035,Shinx,POR,26,Basic Pokémon,n/a,n/a,n/a,70,{L},{F},n/a,1,Double Scratch,{L},10×,Flip 2 coins. This attack does 10 damage for each heads.,n/a
1036,Luxio,POR,27,Stage 1 Pokémon,n/a,n/a,Shinx,90,{L},{F},n/a,1,[Ability] Fighting Roar,n/a,n/a,"If your opponent’s Active Pokémon is a Pokémon {ex}, this Pokémon can evolve during your first turn or the turn you play it.",n/a
1036,Luxio,POR,27,Stage 1 Pokémon,n/a,n/a,Shinx,90,{L},{F},n/a,1,Static Shock,{L}●,40,n/a,n/a
1037,Luxray,POR,28,Stage 2 Pokémon,n/a,n/a,Luxio,150,{L},{F},n/a,n/a,Incessant Onslaught,{L}●,70×,This attack does 70 damage for each Prize card you have taken.,n/a
1037,Luxray,POR,28,Stage 2 Pokémon,n/a,n/a,Luxio,150,{L},{F},n/a,n/a,Strong Volt,{L}●●,200,Discard 2 Energy from this Pokémon.,n/a
1038,Dedenne,POR,29,Basic Pokémon,n/a,n/a,n/a,70,{L},{F},n/a,1,Tail Generator,{L},n/a,Choose Basic {L} Energy cards from your discard pile up to the amount of Energy attached to all of your opponent’s Pokémon and attach them to your {L} Pokémon in any way you like.,n/a
1038,Dedenne,POR,29,Basic Pokémon,n/a,n/a,n/a,70,{L},{F},n/a,1,Thunder Shock,{L}●,30,"Flip a coin. If heads, your opponent’s Active Pokémon is now Paralyzed.",n/a
1039,Clefairy,POR,30,Basic Pokémon,n/a,n/a,n/a,70,{P},{M},n/a,1,Follow Me,{P},n/a,Switch in 1 of your opponent’s Benched Pokémon to the Active Spot.,n/a
1039,Clefairy,POR,30,Basic Pokémon,n/a,n/a,n/a,70,{P},{M},n/a,1,Flop,{P}{P},30,n/a,n/a
1040,Mega Clefable ex,POR,31,Stage 1 Pokémon,Mega Pokémon ex,n/a,Clefairy,320,{P},{M},n/a,1,[Ability] Luminous Wing,n/a,n/a,Prevent all effects of your opponent’s Pokémon’s Abilities done to this Pokémon.,n/a
1040,Mega Clefable ex,POR,31,Stage 1 Pokémon,Mega Pokémon ex,n/a,Clefairy,320,{P},{M},n/a,1,Shooting Moons,{P}{P},120,"You may discard up to 4 Energy cards from your hand, and this attack does 40 more damage for each card you discarded in this way.",n/a
1041,Mawile,POR,32,Basic Pokémon,n/a,n/a,n/a,110,{P},{M},n/a,2,Double Eater,{P}●,60×,"Discard up to 2 Energy cards from your hand, and this attack does 60 damage for each card you discarded in this way.",n/a
1042,Espurr,POR,33,Basic Pokémon,n/a,n/a,n/a,60,{P},{D},{F},1,Nap,●,n/a,Heal 20 damage from this Pokémon.,n/a
1042,Espurr,POR,33,Basic Pokémon,n/a,n/a,n/a,60,{P},{D},{F},1,Stampede,{P},10,n/a,n/a
1043,Meowstic,POR,34,Stage 1 Pokémon,n/a,n/a,Espurr,100,{P},{D},{F},1,Perplex,{P},n/a,Your opponent’s Active Pokémon is now Confused.,n/a
1043,Meowstic,POR,34,Stage 1 Pokémon,n/a,n/a,Espurr,100,{P},{D},{F},1,Psychic,{P},30,This attack does 30 more damage for each Energy attached to your opponent’s Active Pokémon.,n/a
1044,Spritzee,POR,35,Basic Pokémon,n/a,n/a,n/a,70,{P},{M},n/a,1,Sweet Scent,●,n/a,Heal 30 damage from 1 of your Pokémon.,n/a
1044,Spritzee,POR,35,Basic Pokémon,n/a,n/a,n/a,70,{P},{M},n/a,1,Ram,{P},10,n/a,n/a
1045,Aromatisse,POR,36,Stage 1 Pokémon,n/a,n/a,Spritzee,120,{P},{M},n/a,1,[Ability] Scent Collection,n/a,n/a,"Once during your turn, you may use this Ability. Search your deck for up to 2 Basic {P} Energy cards, reveal them, and put them into your hand. Then, shuffle your deck.",n/a
1045,Aromatisse,POR,36,Stage 1 Pokémon,n/a,n/a,Spritzee,120,{P},{M},n/a,1,Draining Kiss,{P}●,50,Heal 30 damage from this Pokémon.,n/a
1046,Nosepass,POR,37,Basic Pokémon,n/a,n/a,n/a,90,{F},{G},n/a,3,Rolling Rocks,{F}{F},40,n/a,n/a
1047,Probopass,POR,38,Stage 1 Pokémon,n/a,n/a,Nosepass,140,{F},{G},n/a,3,Rolling Rocks,{F}{F},60,n/a,n/a
1047,Probopass,POR,38,Stage 1 Pokémon,n/a,n/a,Nosepass,140,{F},{G},n/a,3,Obliterating Nose,{F}{F}{F}●,260,Discard 3 Energy from this Pokémon.,n/a
1048,Hippopotas,POR,39,Basic Pokémon,n/a,n/a,n/a,100,{F},{G},n/a,4,Sand Attack,{F},10,"During your opponent’s next turn, if the Defending Pokémon tries to use an attack, your opponent flips a coin. If tails, that attack doesn’t happen.",n/a
1048,Hippopotas,POR,39,Basic Pokémon,n/a,n/a,n/a,100,{F},{G},n/a,4,Bite,{F}●●,60,n/a,n/a
1049,Hippowdon,POR,40,Stage 1 Pokémon,n/a,n/a,Hippopotas,150,{F},{G},n/a,4,Twister Spewing,{F}{F}●,80,"If you played Tarragon from your hand during this turn, discard the top 3 cards of your opponent’s deck.",n/a
1049,Hippowdon,POR,40,Stage 1 Pokémon,n/a,n/a,Hippopotas,150,{F},{G},n/a,4,Heavy Impact,{F}{F}●●,130,n/a,n/a
1050,Landorus,POR,41,Basic Pokémon,n/a,n/a,n/a,120,{F},{G},n/a,1,Rock Tumble,{F}{F},50,This attack’s damage isn’t affected by Resistance.,n/a
1050,Landorus,POR,41,Basic Pokémon,n/a,n/a,n/a,120,{F},{G},n/a,1,Screw Knuckle,{F}{F}●,120,Put an Energy attached to this Pokémon into your hand.,n/a
1051,Binacle,POR,42,Basic Pokémon,n/a,n/a,n/a,80,{F},{G},n/a,2,Double Draw,{F},n/a,Draw 2 cards.,n/a
1051,Binacle,POR,42,Basic Pokémon,n/a,n/a,n/a,80,{F},{G},n/a,2,Scratch,{F}{F},30,n/a,n/a
1052,Barbaracle,POR,43,Stage 1 Pokémon,n/a,n/a,Binacle,130,{F},{G},n/a,2,[Ability] Stone Arms,n/a,n/a,"Once during your turn, you may use this Ability. Attach a Basic {F} Energy card from your hand to 1 of your {F} Pokémon.",n/a
1052,Barbaracle,POR,43,Stage 1 Pokémon,n/a,n/a,Binacle,130,{F},{G},n/a,2,Hammer In,{F}{F}●,80,n/a,n/a
1053,Tyrunt,POR,44,Stage 1 Pokémon,n/a,n/a,Antique Jaw Fossil,100,{F},{G},n/a,3,Get Angry,{F}●,20×,This attack does 20 damage for each damage counter on this Pokémon.,n/a
1054,Tyrantrum,POR,45,Stage 2 Pokémon,n/a,n/a,Tyrunt,180,{F},{G},n/a,3,[Ability] Tyrannically Gutsy,n/a,n/a,"If this Pokémon has any Special Energy attached, it gets +150 HP.",n/a
1054,Tyrantrum,POR,45,Stage 2 Pokémon,n/a,n/a,Tyrunt,180,{F},{G},n/a,3,Wreak Havoc,{F}●,160,"Flip a coin until you get tails. For each heads, discard the top card of your opponent’s deck.",n/a
1055,Hawlucha,POR,46,Basic Pokémon,n/a,n/a,n/a,70,{F},{P},n/a,n/a,Vengeful Kick,{F},30,"If your Benched Pokémon have any damage counters on them, this attack does 60 more damage.",n/a
1056,Mega Zygarde ex,POR,47,Basic Pokémon,Mega Pokémon ex,n/a,n/a,310,{F},{G},n/a,2,Gaia Wave,{F}{F}{F},200,"During your opponent’s next turn, this Pokémon takes 30 less damage from attacks (after applying Weakness and Resistance).",n/a
1056,Mega Zygarde ex,POR,47,Basic Pokémon,Mega Pokémon ex,n/a,n/a,310,{F},{G},n/a,2,Nullifying Zero,{F}{F}{F}{F}{F},n/a,"For each of your opponent’s Pokémon, flip a coin. If heads, this attack does 150 damage to that Pokémon. (Don’t apply Weakness and Resistance for Benched Pokémon.)",n/a
1057,Gastly,POR,48,Basic Pokémon,n/a,n/a,n/a,70,{D},{F},n/a,1,Surprise Attack,{D},30,"Flip a coin. If tails, this attack does nothing.",n/a
1058,Haunter,POR,49,Stage 1 Pokémon,n/a,n/a,Gastly,100,{D},{F},n/a,1,Haunt,{D},n/a,Place 3 damage counters on your opponent’s Active Pokémon.,n/a
1059,Gengar,POR,50,Stage 2 Pokémon,n/a,n/a,Haunter,130,{D},{F},n/a,1,[Ability] Infinite Shadow,n/a,n/a,"If this Pokémon is Knocked Out by damage from an attack from your opponent’s Pokémon, put it into your hand instead of the discard pile. (Discard all attached cards.)",n/a
1059,Gengar,POR,50,Stage 2 Pokémon,n/a,n/a,Haunter,130,{D},{F},n/a,1,Mind Jack,{D},10,This attack does 30 more damage for each of your opponent’s Benched Pokémon.,n/a
1060,Skorupi,POR,51,Basic Pokémon,n/a,n/a,n/a,80,{D},{F},n/a,2,Poison Jab,{D}{D},20,Your opponent’s Active Pokémon is now Poisoned.,n/a
1061,Drapion,POR,52,Stage 1 Pokémon,n/a,n/a,Skorupi,140,{D},{F},n/a,3,Wrack Down,{D}{D},60,n/a,n/a
1061,Drapion,POR,52,Stage 1 Pokémon,n/a,n/a,Skorupi,140,{D},{F},n/a,3,Hazardous Tail,{D}{D}{D},100,This Pokémon also does 70 damage to itself. Your opponent’s Active Pokémon is now Paralyzed and Poisoned.,n/a
1062,Yveltal ex,POR,53,Basic Pokémon,Pokémon ex,n/a,n/a,210,{D},{L},{F},1,Soul Destroyer,{D}{D}●,n/a,Knock Out each of your opponent’s Pokémon that has 50 HP or less remaining.,n/a
1062,Yveltal ex,POR,53,Basic Pokémon,Pokémon ex,n/a,n/a,210,{D},{L},{F},1,Dark Strike,{D}{D}●,210,"During your next turn, this Pokémon can’t use Dark Strike.",n/a
1063,Chien-Pao,POR,54,Basic Pokémon,n/a,n/a,n/a,120,{D},{G},n/a,1,Strafe,{D},20,You may switch this Pokémon with 1 of your Benched Pokémon.,n/a
1063,Chien-Pao,POR,54,Basic Pokémon,n/a,n/a,n/a,120,{D},{G},n/a,1,Rising Blade,{D}{D}●,80,"If your opponent’s Active Pokémon is a Pokémon {ex}, this attack does 80 more damage.",n/a
1064,Mega Skarmory ex,POR,55,Basic Pokémon,Mega Pokémon ex,n/a,n/a,260,{M},{L},{F},n/a,Sonic Ripper,{M}{M}●,n/a,"Shuffle all Energy attached to this Pokémon into your deck, and this attack does 220 damage to 1 of your opponent’s Pokémon. (Don’t apply Weakness and Resistance for Benched Pokémon.)",n/a
1065,Honedge,POR,56,Basic Pokémon,n/a,n/a,n/a,70,{M},{R},{G},2,Cut,●,10,n/a,n/a
1066,Doublade,POR,57,Stage 1 Pokémon,n/a,n/a,Honedge,100,{M},{R},{G},2,Weaponized Swords,●●,60×,"Reveal any number of Honedge, Doublade, and Aegislash from your hand, and this attack does 60 damage for each card you revealed in this way.",n/a
1067,Aegislash,POR,58,Stage 2 Pokémon,n/a,n/a,Doublade,150,{M},{R},{G},3,Slash,●●●,80,n/a,n/a
1067,Aegislash,POR,58,Stage 2 Pokémon,n/a,n/a,Doublade,150,{M},{R},{G},3,Metal Slash,{M}●●●,230,"During your next turn, this Pokémon can’t use attacks.",n/a
1068,Klefki,POR,59,Basic Pokémon,n/a,n/a,n/a,70,{M},{R},{G},1,Memory Lock,{M},30,"Choose 1 of your opponent’s Active Pokémon’s attacks. During your opponent’s next turn, that Pokémon can’t use that attack.",n/a
1069,Rattata,POR,60,Basic Pokémon,n/a,n/a,n/a,40,{C},{F},n/a,1,Take Down,●,30,This Pokémon also does 10 damage to itself.,n/a
1070,Raticate,POR,61,Stage 1 Pokémon,n/a,n/a,Rattata,90,{C},{F},n/a,1,Scrape Off,●,20,"Before doing damage, discard all Pokémon Tools from your opponent’s Active Pokémon.",n/a
1070,Raticate,POR,61,Stage 1 Pokémon,n/a,n/a,Rattata,90,{C},{F},n/a,1,Retaliatory Incisors,●,40×,This attack does 40 damage for each damage counter on all of your Benched Rattata.,n/a
1071,Meowth ex,POR,62,Basic Pokémon,Pokémon ex,n/a,n/a,170,{C},{F},n/a,1,[Ability] Last-Ditch Catch,n/a,n/a,"Once during your turn, when you play this Pokémon from your hand onto your Bench, you may use this Ability. Search your deck for a Supporter card, reveal it, and put it into your hand. Then, shuffle your deck. You can’t use more than 1 Ability that has “Last-Ditch” in its name each turn.",n/a
1071,Meowth ex,POR,62,Basic Pokémon,Pokémon ex,n/a,n/a,170,{C},{F},n/a,1,Tuck Tail,●●●,60,Put this Pokémon and all attached cards into your hand.,n/a
1072,Snorlax,POR,63,Basic Pokémon,n/a,n/a,n/a,160,{C},{F},n/a,4,Gormandizer,●,n/a,"Flip a coin until you get tails. Search your deck for an amount of Basic Energy up to the number of heads and attach it to this Pokémon. Then, shuffle your deck.",n/a
1072,Snorlax,POR,63,Basic Pokémon,n/a,n/a,n/a,160,{C},{F},n/a,4,Collapse,●●●●,160,This Pokémon is now Asleep.,n/a
1073,Bunnelby,POR,64,Basic Pokémon,n/a,n/a,n/a,70,{C},{F},n/a,1,Smash Kick,●,10,n/a,n/a
1074,Diggersby,POR,65,Stage 1 Pokémon,n/a,n/a,Bunnelby,150,{C},{F},n/a,4,Earthquake,●,140,This attack also does 30 damage to each of your Benched Pokémon. (Don’t apply Weakness and Resistance for Benched Pokémon.),n/a
1074,Diggersby,POR,65,Stage 1 Pokémon,n/a,n/a,Bunnelby,150,{C},{F},n/a,4,Whap Down,●●●,100,n/a,n/a
1075,Fletchling,POR,66,Basic Pokémon,n/a,n/a,n/a,60,{C},{L},{F},1,Chirp,●,n/a,"Search your deck for up to 2 Pokémon with {F} Resistance, reveal them, and put them into your hand. Then, shuffle your deck.",n/a
1075,Fletchling,POR,66,Basic Pokémon,n/a,n/a,n/a,60,{C},{L},{F},1,Peck,●●,20,n/a,n/a
1076,Furfrou,POR,67,Basic Pokémon,n/a,n/a,n/a,90,{C},{F},n/a,1,Hand Trim,●,n/a,Discard random cards from your opponent’s hand until they have 5 cards in their hand.,n/a
1076,Furfrou,POR,67,Basic Pokémon,n/a,n/a,n/a,90,{C},{F},n/a,1,Headbutt,●,30,n/a,n/a
1077,Roto-Stick,PRE,127,Item,n/a,n/a,n/a,n/a,n/a,,,n/a,,n/a,n/a,Look at the top 4 cards of your deck. You may reveal any number of Supporter cards you find there and put them into your hand. Shuffle the other cards back into your deck.,n/a
1078,Hole-Digging Shovel,POR,74,Item,n/a,n/a,n/a,n/a,n/a,,,n/a,,n/a,n/a,Discard the top 2 cards of your deck.,n/a
1079,Rare Candy,SVI,191,Item,n/a,n/a,n/a,n/a,n/a,,,n/a,n/a,n/a,n/a,"Choose 1 of your Basic Pokémon in play. If you have a Stage 2 card in your hand that evolves from that Pokémon, put that card onto the Basic Pokémon to evolve it, skipping the Stage 1. You can’t use this card during your first turn or on a Basic Pokémon that was put into play this turn.",n/a
1080,Unfair Stamp,TWM,165,Item,ACE SPEC,n/a,n/a,n/a,n/a,,,n/a,n/a,n/a,n/a,"You can use this card only if any of your Pokémon were Knocked Out during your opponent’s last turn.

Each player shuffles their hand into their deck. Then, you draw 5 cards, and your opponent draws 2 cards.",n/a
1081,Enhanced Hammer,TWM,148,Item,n/a,n/a,n/a,n/a,n/a,,,n/a,n/a,n/a,n/a,Discard a Special Energy from 1 of your opponent’s Pokémon.,n/a
1082,Hyper Aroma,TWM,152,Item,ACE SPEC,n/a,n/a,n/a,n/a,,,n/a,n/a,n/a,n/a,"Search your deck for up to 3 Stage 1 Pokémon, reveal them, and put them into your hand. Then, shuffle your deck.",n/a
1083,Love Ball,,156,Item,n/a,n/a,n/a,n/a,n/a,,,n/a,,n/a,n/a,"Search your deck for a Pokémon with the same name as 1 of your opponent’s Pokémon in play, reveal it, and put it into your hand. Then, shuffle your deck.",n/a
1084,Boxed Order,TEF,143,Item,n/a,n/a,n/a,n/a,n/a,,,n/a,n/a,n/a,n/a,"Search your deck for up to 2 Item cards, reveal them, and put them into your hand. Then, shuffle your deck. Your turn ends.",n/a
1085,Awakening Drum,TEF,141,Item,ACE SPEC,Ancient,n/a,n/a,n/a,,,n/a,n/a,n/a,n/a,Draw a card for each of your Ancient Pokémon in play.,n/a
1086,Buddy-Buddy Poffin,TEF,144,Item,n/a,n/a,n/a,n/a,n/a,,,n/a,n/a,n/a,n/a,"Search your deck for up to 2 Basic Pokémon with 70 HP or less and put them onto your Bench. Then, shuffle your deck.",n/a
1087,Hand Trimmer,TEF,150,Item,n/a,n/a,n/a,n/a,n/a,,,n/a,n/a,n/a,n/a,"Each player discards cards from their hand until they have 5 cards in their hand. Your opponent discards first. (If a player has 5 or fewer cards in their hand, they do not discard.)",n/a
1088,Prime Catcher,TEF,157,Item,ACE SPEC,n/a,n/a,n/a,n/a,,,n/a,n/a,n/a,n/a,"Switch in 1 of your opponent’s Benched Pokémon to the Active Spot. If you do, switch your Active Pokémon with 1 of your Benched Pokémon.",n/a
1089,Reboot Pod,TEF,158,Item,ACE SPEC,Future,n/a,n/a,n/a,,,n/a,n/a,n/a,n/a,Attach a Basic Energy card from your discard pile to each of your Future Pokémon.,n/a
1090,Ogre’s Mask,TWM,159,Item,n/a,n/a,n/a,n/a,n/a,,,n/a,n/a,n/a,n/a,"Choose a Pokémon {ex} in your discard pile that has “Ogerpon” in its name, and switch it with 1 of your Pokémon {ex} in play that has “Ogerpon” in its name. Any attached cards, damage counters, Special Conditions, turns in play, and any other effects remain on the new Pokémon.",n/a
1091,Accompanying Flute,TWM,142,Item,n/a,n/a,n/a,n/a,n/a,,,n/a,n/a,n/a,n/a,Reveal the top 5 cards of your opponent’s deck. You may choose any number of Basic Pokémon you find there and put those Pokémon onto their Bench. Your opponent shuffles the other cards back into their deck.,n/a
1092,Secret Box,TWM,163,Item,ACE SPEC,n/a,n/a,n/a,n/a,,,n/a,n/a,n/a,n/a,"You can use this card only if you discard 3 other cards from your hand.

Search your deck for an Item card, a Pokémon Tool card, a Supporter card, and a Stadium card, reveal them, and put them into your hand. Then, shuffle your deck.",n/a
1093,Scoop Up Cyclone,TWM,162,Item,ACE SPEC,n/a,n/a,n/a,n/a,n/a,n/a,n/a,n/a,n/a,n/a,Put 1 of your Pokémon and all attached cards into your hand.,n/a
1094,Bug Catching Set,TWM,143,Item,n/a,n/a,n/a,n/a,n/a,,,n/a,n/a,n/a,n/a,Look at the top 7 cards of your deck. You may reveal up to 2 in any combination of {G} Pokémon and Basic {G} Energy cards you find there and put them into your hand. Shuffle the other cards back into your deck.,n/a
1095,Dangerous Laser,SFA,58,Item,ACE SPEC,n/a,n/a,n/a,n/a,,,n/a,n/a,n/a,n/a,Your opponent’s Active Pokémon is now Burned and Confused.,n/a
1096,Poké Vital A,SFA,62,Item,ACE SPEC,n/a,n/a,n/a,n/a,,,n/a,n/a,n/a,n/a,"Heal 150 damage from 1 of your Pokémon.

This card can’t be put into your hand or deck from the discard pile.",n/a
1097,Night Stretcher,SFA,61,Item,n/a,n/a,n/a,n/a,n/a,,,n/a,n/a,n/a,n/a,Put a Pokémon or a Basic Energy card from your discard pile into your hand.,n/a
1098,Glass Trumpet,SCR,135,Item,n/a,n/a,n/a,n/a,n/a,,,n/a,n/a,n/a,n/a,"You can use this card only if you have any Tera Pokémon in play.

Choose up to 2 of your Benched {C} Pokémon and attach a Basic Energy card from your discard pile to each of them.",n/a
1099,Antique Root Fossil,SCR,130,Item,n/a,Fossil,Evolve to Lileep,60,n/a,,,n/a,n/a,n/a,n/a,"Play this card as if it were a 60-HP Basic {C} Pokémon. This card can’t be affected by any Special Conditions and can’t retreat.

At any time during your turn, you may discard this card from play.",n/a
1099,Antique Root Fossil,SCR,130,Item,n/a,Fossil,Evolve to Lileep,60,n/a,,,n/a,[Ability] Primal Root,n/a,n/a,"As long as this Pokémon is in the Active Spot, attacks used by your opponent’s Basic Pokémon cost {C} more.",n/a
1100,Energy Search Pro,SSP,176,Item,ACE SPEC,n/a,n/a,n/a,n/a,,,n/a,n/a,n/a,n/a,"Search your deck for any number of Basic Energy cards of different types, reveal them, and put them into your hand. Then, shuffle your deck.",n/a
1101,Call Bell,SSP,165,Item,n/a,n/a,n/a,n/a,n/a,,,n/a,n/a,n/a,n/a,"You can use this card only if you go second, and only during your first turn.

Search your deck for a Supporter card, reveal it, and put it into your hand. Then, shuffle your deck.",n/a
1102,Dusk Ball,SSP,175,Item,n/a,n/a,n/a,n/a,n/a,,,n/a,n/a,n/a,n/a,Look at the bottom 7 cards of your deck. You may reveal a Pokémon you find there and put it into your hand. Shuffle the other cards back into your deck.,n/a
1103,Meddling Memo,SSP,181,Item,n/a,n/a,n/a,n/a,n/a,,,n/a,n/a,n/a,n/a,"Your opponent counts the cards in their hand, shuffles those cards, and puts them on the bottom of their deck. If they do, they draw that many cards.",n/a
1104,Megaton Blower,SSP,182,Item,ACE SPEC,n/a,n/a,n/a,n/a,,,n/a,n/a,n/a,n/a,"Discard all Pokémon Tools and Special Energy from all of your opponent’s Pokémon, and discard a Stadium in play.",n/a
1105,Dragon Elixir,SSP,172,Item,n/a,n/a,n/a,n/a,n/a,,,n/a,n/a,n/a,n/a,Heal 60 damage from your Active {N} Pokémon.,n/a
1106,Deduction Kit,SSP,171,Item,n/a,n/a,n/a,n/a,n/a,,,n/a,n/a,n/a,n/a,"Look at the top 3 cards of your deck and put them back in any order, or shuffle them and put them on the bottom of your deck.",n/a
1107,Scramble Switch,SSP,186,Item,ACE SPEC,n/a,n/a,n/a,n/a,,,n/a,n/a,n/a,n/a,"Switch your Active Pokémon with 1 of your Benched Pokémon. If you do, you may move any amount of Energy from the Pokémon you moved to your Bench to the new Active Pokémon.",n/a
1108,Chill Teaser Toy,SSP,166,Item,n/a,n/a,n/a,n/a,n/a,,,n/a,n/a,n/a,n/a,"You can use this card only if you go second, and only during your first turn.
Put an Energy attached to 1 of your opponent’s Pokémon into their hand.",n/a
1109,Miracle Headset,SSP,183,Item,ACE SPEC,n/a,n/a,n/a,n/a,,,n/a,n/a,n/a,n/a,Put up to 2 Supporter cards from your discard pile into your hand.,n/a
1110,Max Rod,PRE,116,Item,ACE SPEC,n/a,n/a,n/a,n/a,,,n/a,n/a,n/a,n/a,Put up to 5 in any combination of Pokémon and Basic Energy cards from your discard pile into your hand.,n/a
1111,Treasure Tracker,PRE,131,Item,ACE SPEC,n/a,n/a,n/a,n/a,,,n/a,n/a,n/a,n/a,"Search your deck for up to 5 Pokémon Tool cards, reveal them, and put them into your hand. Then, shuffle your deck.",n/a
1112,Super Potion,JTG,158,Item,n/a,n/a,n/a,n/a,n/a,,,n/a,n/a,n/a,n/a,"Heal 60 damage from 1 of your Pokémon. If you healed any damage in this way, discard an Energy from that Pokémon.",n/a
1113,N’s PP Up,JTG,153,Item,n/a,n/a,n/a,n/a,n/a,,,n/a,n/a,n/a,n/a,Attach a Basic Energy card from your discard pile to 1 of your Benched N’s Pokémon.,n/a
1114,Redeemable Ticket,JTG,156,Item,n/a,n/a,n/a,n/a,n/a,,,n/a,n/a,n/a,n/a,"Count your Prize cards, shuffle them, and put them on the bottom of your deck. Then, take that many cards from the top of your deck and put them face down as your Prize cards.",n/a
1115,Hop’s Bag,JTG,147,Item,n/a,n/a,n/a,n/a,n/a,,,n/a,n/a,n/a,n/a,"Search your deck for up to 2 Basic Hop’s Pokémon and put them onto your Bench. Then, shuffle your deck.",n/a
1116,Energy Switch,SVI,173,Item,n/a,n/a,n/a,n/a,n/a,,,n/a,n/a,n/a,n/a,Move a Basic Energy from 1 of your Pokémon to another of your Pokémon.,n/a
1117,Potion,SVI,188,Item,n/a,n/a,n/a,n/a,n/a,,,n/a,n/a,n/a,n/a,Heal 30 damage from 1 of your Pokémon.,n/a
1118,Energy Retrieval,SVI,171,Item,n/a,n/a,n/a,n/a,n/a,,,n/a,n/a,n/a,n/a,Put up to 2 Basic Energy cards from your discard pile into your hand.,n/a
1119,Energy Search,SVI,172,Item,n/a,n/a,n/a,n/a,n/a,,,n/a,n/a,n/a,n/a,"Search your deck for a Basic Energy card, reveal it, and put it into your hand. Then, shuffle your deck.",n/a
1120,Crushing Hammer,SVI,168,Item,n/a,n/a,n/a,n/a,n/a,,,n/a,n/a,n/a,n/a,"Flip a coin. If heads, discard an Energy from 1 of your opponent’s Pokémon.",n/a
1121,Ultra Ball,SVI,196,Item,n/a,n/a,n/a,n/a,n/a,,,n/a,n/a,n/a,n/a,"You can use this card only if you discard 2 other cards from your hand.

Search your deck for a Pokémon, reveal it, and put it into your hand. Then, shuffle your deck.",n/a
1122,Pokégear 3.0,SVI,186,Item,n/a,n/a,n/a,n/a,n/a,,,n/a,n/a,n/a,n/a,Look at the top 7 cards of your deck. You may reveal a Supporter card you find there and put it into your hand. Shuffle the other cards back into your deck.,n/a
1123,Switch,SVI,194,Item,n/a,n/a,n/a,n/a,n/a,,,n/a,n/a,n/a,n/a,Switch your Active Pokémon with 1 of your Benched Pokémon.,n/a
1124,Pokémon Catcher,SVI,187,Item,n/a,n/a,n/a,n/a,n/a,,,n/a,n/a,n/a,n/a,"Flip a coin. If heads, switch in 1 of your opponent’s Benched Pokémon to the Active Spot.",n/a
1125,Master Ball,TEF,153,Item,ACE SPEC,n/a,n/a,n/a,n/a,,,n/a,n/a,n/a,n/a,"Search your deck for a Pokémon, reveal it, and put it into your hand. Then, shuffle your deck.",n/a
1126,Precious Trolley,SSP,185,Item,ACE SPEC,n/a,n/a,n/a,n/a,,,n/a,n/a,n/a,n/a,"Search your deck for any number of Basic Pokémon and put them onto your Bench. Then, shuffle your deck.",n/a
1127,Tera Orb,SSP,189,Item,n/a,n/a,n/a,n/a,n/a,,,n/a,n/a,n/a,n/a,"Search your deck for a Tera Pokémon, reveal it, and put it into your hand. Then, shuffle your deck.",n/a
1128,Brilliant Blender,SSP,164,Item,ACE SPEC,n/a,n/a,n/a,n/a,,,n/a,n/a,n/a,n/a,"Search your deck for up to 5 cards and discard them. Then, shuffle your deck.",n/a
1129,Sacred Ash,DRI,168,Item,n/a,n/a,n/a,n/a,n/a,,,n/a,n/a,n/a,n/a,Shuffle up to 5 Pokémon from your discard pile into your deck.,n/a
1130,Arven's Sandwich,DRI,161,Item,n/a,n/a,n/a,n/a,n/a,,,n/a,n/a,n/a,n/a,"Heal 30 damage from your Active Pokémon. If that Pokémon is an Arven’s Pokémon, heal 100 damage from it instead.",n/a
1131,Team Rocket's Bother-Bot,DRI,172,Item,n/a,n/a,n/a,n/a,n/a,,,n/a,n/a,n/a,n/a,Turn 1 of your opponent’s face-down Prize cards face up and choose a random card from your opponent’s hand. Your opponent reveals that card. You may have your opponent switch those cards. (That Prize card remains face up for the rest of the game.),n/a
1132,Team Rocket's Great Ball,DRI,175,Item,n/a,n/a,n/a,n/a,n/a,,,n/a,n/a,n/a,n/a,"Flip a coin. If heads, search your deck for an Evolution Team Rocket’s Pokémon, reveal it, and put it into your hand. If tails, search your deck for a Basic Team Rocket’s Pokémon, reveal it, and put it into your hand. Then, shuffle your deck.",n/a
1133,Team Rocket's Venture Bomb,DRI,179,Item,n/a,n/a,n/a,n/a,n/a,,,n/a,n/a,n/a,n/a,"Flip a coin. If heads, put 2 damage counters on 1 of your opponent’s Pokémon. If tails, put 2 damage counters on your Active Pokémon.",n/a
1134,Team Rocket's Transceiver,DRI,178,Item,n/a,n/a,n/a,n/a,n/a,,,n/a,n/a,n/a,n/a,"Search your deck for a Supporter card that has “Team Rocket” in its name, reveal it, and put it into your hand. Then, shuffle your deck.",n/a
1135,Energy Coin,BLK,81,Item,n/a,n/a,n/a,n/a,n/a,,,n/a,n/a,n/a,n/a,"Flip 2 coins. If both of them are heads, search your deck for a Basic Energy card and attach it to 1 of your Pokémon. Then, shuffle your deck.",n/a
1136,Antique Cover Fossil,BLK,80,Item,n/a,Fossil,Evolve to Tirtouga,60,n/a,,,n/a,n/a,n/a,n/a,"Play this card as if it were a 60-HP Basic {C} Pokémon. This card can’t be affected by any Special Conditions and can’t retreat.

At any time during your turn, you may discard this card from play.",n/a
1136,Antique Cover Fossil,BLK,80,Item,n/a,Fossil,Evolve to Tirtouga,60,n/a,,,n/a,[Ability] Protective Cover,n/a,n/a,Prevent all effects of attacks used by your opponent’s Pokémon done to this Pokémon. (Damage is not an effect.),n/a
1137,Tool Scrapper,WHT,85,Item,n/a,n/a,n/a,n/a,n/a,n/a,n/a,n/a,n/a,n/a,n/a,Choose up to 2 Pokémon Tools attached to Pokémon (yours or your opponent’s) and discard them.,n/a
1138,Antique Plume Fossil,WHT,79,Item,n/a,Fossil,Evolve to Archen,60,n/a,,,n/a,n/a,n/a,n/a,"Play this card as if it were a 60-HP Basic {C} Pokémon. This card can’t be affected by any Special Conditions and can’t retreat.

At any time during your turn, you may discard this card from play.",n/a
1138,Antique Plume Fossil,WHT,79,Item,n/a,Fossil,Evolve to Archen,60,n/a,,,n/a,[Ability] Plume Protection,n/a,n/a,"As long as this Pokémon is on your Bench, prevent all damage done to this Pokémon by attacks from your opponent’s Pokémon.",n/a
1139,Energy Recycler,DRI,164,Item,n/a,n/a,n/a,n/a,n/a,,,n/a,n/a,n/a,n/a,Shuffle up to 5 Basic Energy cards from your discard pile into your deck.,n/a
1140,Iron Defender,MEG,118,Item,n/a,n/a,n/a,n/a,n/a,,,n/a,n/a,n/a,n/a,"During your opponent’s next turn, all of your {M} Pokémon take 30 less damage from attacks from your opponent’s Pokémon (after applying Weakness and Resistance). (This includes new Pokémon that come into play.)",n/a
1141,Premium Power Pro,MEG,124,Item,n/a,n/a,n/a,n/a,n/a,,,n/a,n/a,n/a,n/a,"During this turn, attacks used by your {F} Pokémon do 30 more damage to your opponent’s Active Pokémon (before applying Weakness and Resistance).",n/a
1142,Fighting Gong,MEG,116,Item,n/a,n/a,n/a,n/a,n/a,,,n/a,n/a,n/a,n/a,"Search your deck for a Basic {F} Energy card or a Basic {F} Pokémon, reveal it, and put it into your hand. Then, shuffle your deck.",n/a
1143,Repel,MEG,126,Item,n/a,n/a,n/a,n/a,n/a,,,n/a,n/a,n/a,n/a,Switch out your opponent’s Active Pokémon to the Bench. (Your opponent chooses the new Active Pokémon.),n/a
1144,Strange Timepiece,MEG,128,Item,n/a,n/a,n/a,n/a,n/a,,,n/a,n/a,n/a,n/a,Devolve 1 of your evolved {P} Pokémon by putting any number of Evolution cards on it into your hand. (That Pokémon can’t evolve this turn.),n/a
1145,Mega Signal,MEG,121,Item,n/a,n/a,n/a,n/a,n/a,,,n/a,n/a,n/a,n/a,"Search your deck for a Mega Evolution Pokémon {ex}, reveal it, and put it into your hand. Then, shuffle your deck.",n/a
1146,Wondrous Patch,PFL,94,Item,n/a,n/a,n/a,n/a,n/a,,,n/a,n/a,n/a,n/a,Attach a Basic {P} Energy card from your discard pile to 1 of your Benched {P} Pokémon.,n/a
1147,Jumbo Ice Cream,PFL,91,Item,n/a,n/a,n/a,n/a,n/a,,,n/a,n/a,n/a,n/a,Heal 80 damage from your Active Pokémon that has 3 or more Energy attached.,n/a
1148,Blowtorch,PFL,86,Item,n/a,n/a,n/a,n/a,n/a,,,n/a,n/a,n/a,n/a,"You can use this card only if you discard a Basic {R} Energy card from your hand.

Discard a Pokémon Tool or Special Energy card from 1 of your opponent’s Pokémon, or discard a Stadium in play.",n/a
1149,Energy Swatter,POR,73,Item,n/a,n/a,n/a,n/a,n/a,,,n/a,n/a,n/a,n/a,"Your opponent reveals their hand, and you choose an Energy card you find there and put it on the bottom of their deck.",n/a
1150,Antique Jaw Fossil,POR,68,Item,n/a,Fossil,Evolve to Tyrunt,60,n/a,,,n/a,n/a,n/a,n/a,"Play this card as if it were a 60-HP Basic {C} Pokémon. This card can’t be affected by any Special Conditions and can’t retreat.

At any time during your turn, you may discard this card from play.",n/a
1150,Antique Jaw Fossil,POR,68,Item,n/a,Fossil,Evolve to Tyrunt,60,n/a,,,n/a,[Ability] Intimidating Jaw,n/a,n/a,"As long as this Pokémon is in the Active Spot, attacks used by your opponent’s Active Pokémon do 30 less damage (before applying Weakness and Resistance).",n/a
1151,Antique Sail Fossil,POR,69,Item,n/a,Fossil,Evolve to Amaura,60,n/a,,,n/a,n/a,n/a,n/a,"Play this card as if it were a 60-HP Basic {C} Pokémon. This card can’t be affected by any Special Conditions and can’t retreat.

At any time during your turn, you may discard this card from play.",n/a
1151,Antique Sail Fossil,POR,69,Item,n/a,Fossil,Evolve to Amaura,60,n/a,,,n/a,[Ability] Protective Sail,n/a,n/a,"Whenever your opponent plays a Supporter card from their hand, prevent all effects of that card done to this Pokémon.",n/a
1152,Poké Pad,POR,81,Item,n/a,n/a,n/a,n/a,n/a,,,n/a,n/a,n/a,n/a,"Search your deck for a Pokémon that doesn’t have a Rule Box, reveal it, and put it into your hand. Then, shuffle your deck. (Pokémon {ex}, Pokémon {V}, etc. have Rule Boxes.)",n/a
1153,Lumiose Galette,POR,78,Item,n/a,n/a,n/a,n/a,n/a,,,n/a,n/a,n/a,n/a,Heal 20 damage and remove a Special Condition from your Active Pokémon.,n/a
1154,Team Rocket’s Hypnotizer,ASC,206,Pokémon Tool,n/a,n/a,n/a,n/a,n/a,,,n/a,n/a,n/a,n/a,"If the Team Rocket’s Pokémon this card is attached to is in the Active Spot and is damaged by an attack from your opponent’s Pokémon (even if this Team Rocket’s Pokémon is Knocked Out), the Attacking Pokémon is now Asleep.",n/a
1155,Survival Brace,TWM,164,Pokémon Tool,ACE SPEC,n/a,n/a,n/a,n/a,,,n/a,n/a,n/a,n/a,"If the Pokémon this card is attached to has full HP and would be Knocked Out by damage from an attack from your opponent’s Pokémon, it is not Knocked Out, and its remaining HP becomes 10. Then, discard this card.",n/a
1156,Lucky Helmet,TWM,158,Pokémon Tool,n/a,n/a,n/a,n/a,n/a,,,n/a,n/a,n/a,n/a,"If the Pokémon this card is attached to is in the Active Spot and is damaged by an attack from your opponent’s Pokémon (even if this Pokémon is Knocked Out), draw 2 cards.",n/a
1157,Rescue Board,TEF,159,Pokémon Tool,n/a,n/a,n/a,n/a,n/a,,,n/a,n/a,n/a,n/a,"The Retreat Cost of the Pokémon this card is attached to is {C} less. If that Pokémon’s remaining HP is 30 or less, it has no Retreat Cost.",n/a
1158,Maximum Belt,TEF,154,Pokémon Tool,ACE SPEC,n/a,n/a,n/a,n/a,,,n/a,n/a,n/a,n/a,Attacks used by the Pokémon this card is attached to do 50 more damage to your opponent’s Active Pokémon {ex} (before applying Weakness and Resistance).,n/a
1159,Hero’s Cape,TEF,152,Pokémon Tool,ACE SPEC,n/a,n/a,n/a,n/a,,,n/a,n/a,n/a,n/a,The Pokémon this card is attached to gets +100 HP.,n/a
1160,Heavy Baton,TEF,151,Pokémon Tool,n/a,n/a,n/a,n/a,n/a,,,n/a,n/a,n/a,n/a,"If the Pokémon this card is attached to has a Retreat Cost of exactly 4, is in the Active Spot, and is Knocked Out by damage from an attack from your opponent’s Pokémon, move up to 3 Basic Energy cards from that Pokémon to your Benched Pokémon in any way you like.",n/a
1161,Handheld Fan,TWM,150,Pokémon Tool,n/a,n/a,n/a,n/a,n/a,,,n/a,n/a,n/a,n/a,"If the Pokémon this card is attached to is in the Active Spot and is damaged by an attack from your opponent’s Pokémon (even if this Pokémon is Knocked Out), move an Energy from the Attacking Pokémon to 1 of your opponent’s Benched Pokémon.",n/a
1162,Binding Mochi,SFA,55,Pokémon Tool,n/a,n/a,n/a,n/a,n/a,,,n/a,n/a,n/a,n/a,Attacks used by the Poisoned Pokémon this card is attached to do 40 more damage to your opponent’s Active Pokémon (before applying Weakness and Resistance).,n/a
1163,Powerglass,SFA,63,Pokémon Tool,n/a,n/a,n/a,n/a,n/a,,,n/a,n/a,n/a,n/a,"At the end of your turn (after your attack), if the Pokémon this card is attached to is in the Active Spot, you may attach a Basic Energy card from your discard pile to it.",n/a
1164,Payapa Berry,SCR,141,Pokémon Tool,n/a,n/a,n/a,n/a,n/a,,,n/a,n/a,n/a,n/a,"If the Pokémon this card is attached to is damaged by an attack from your opponent’s {P} Pokémon, it takes 60 less damage (after applying Weakness and Resistance), and discard this card.",n/a
1165,Sparkling Crystal,SCR,142,Pokémon Tool,ACE SPEC,n/a,n/a,n/a,n/a,,,n/a,n/a,n/a,n/a,"When the Tera Pokémon this card is attached to uses an attack, that attack costs 1 Energy less. (The Energy can be of any type.)",n/a
1166,Gravity Gemstone,SCR,137,Pokémon Tool,n/a,n/a,n/a,n/a,n/a,,,n/a,n/a,n/a,n/a,"As long as the Pokémon this card is attached to is in the Active Spot, the Retreat Cost of both Active Pokémon is {C} more.",n/a
1167,Deluxe Bomb,SCR,134,Pokémon Tool,ACE SPEC,n/a,n/a,n/a,n/a,,,n/a,n/a,n/a,n/a,"If the Pokémon this card is attached to is in the Active Spot and is damaged by an attack from your opponent’s Pokémon (even if this Pokémon is Knocked Out), put 12 damage counters on the Attacking Pokémon. If you placed any damage counters in this way, discard this card.",n/a
1168,Counter Gain,SSP,169,Pokémon Tool,n/a,n/a,n/a,n/a,n/a,,,n/a,n/a,n/a,n/a,"If you have more Prize cards remaining than your opponent, attacks used by the Pokémon this card is attached to cost {C} less.",n/a
1169,Amulet of Hope,SSP,162,Pokémon Tool,ACE SPEC,n/a,n/a,n/a,n/a,,,n/a,n/a,n/a,n/a,"If the Pokémon this card is attached to is Knocked Out by damage from an attack from your opponent’s Pokémon, search your deck for up to 3 cards and put them into your hand. Then, shuffle your deck.",n/a
1170,Haban Berry,PRE,111,Pokémon Tool,n/a,n/a,n/a,n/a,n/a,,,n/a,n/a,n/a,n/a,"If the Pokémon this card is attached to is damaged by an attack from your opponent’s {N} Pokémon, it takes 60 less damage (after applying Weakness and Resistance), and discard this card.",n/a
1171,Hop’s Choice Band,JTG,148,Pokémon Tool,n/a,n/a,n/a,n/a,n/a,,,n/a,n/a,n/a,n/a,Attacks used by the Hop’s Pokémon this card is attached to cost {C} less and do 30 more damage to your opponent’s Active Pokémon (before applying Weakness and Resistance).,n/a
1172,Lillie’s Pearl,JTG,151,Pokémon Tool,n/a,n/a,n/a,n/a,n/a,,,n/a,n/a,n/a,n/a,"If the Lillie’s Pokémon this card is attached to is Knocked Out by damage from an attack from your opponent’s Pokémon, that player takes 1 fewer Prize card.",n/a
1173,Cynthia's Power Weight,DRI,162,Pokémon Tool,n/a,n/a,n/a,n/a,n/a,,,n/a,n/a,n/a,n/a,The Cynthia’s Pokémon this card is attached to gets +70 HP.,n/a
1174,Air Balloon,BLK,79,Pokémon Tool,n/a,n/a,n/a,n/a,n/a,,,n/a,n/a,n/a,n/a,The Retreat Cost of the Pokémon this card is attached to is {C}{C} less.,n/a
1175,Brave Bangle,WHT,80,Pokémon Tool,n/a,n/a,n/a,n/a,n/a,,,n/a,n/a,n/a,n/a,"If the Pokémon this card is attached to doesn’t have a Rule Box, the attacks it uses do 30 more damage to your opponent’s Active Pokémon {ex} (before applying Weakness and Resistance). (Pokémon {ex}, Pokémon {V}, etc. have Rule Boxes.)",n/a
1176,Punk Helmet,PFL,92,Pokémon Tool,n/a,n/a,n/a,n/a,n/a,,,n/a,n/a,n/a,n/a,"If the {D} Pokémon this card is attached to is in the Active Spot and is damaged by an attack from your opponent’s Pokémon (even if this Pokémon is Knocked Out), place 4 damage counters on the Attacking Pokémon.",n/a
1177,Sacred Charm,PFL,93,Pokémon Tool,n/a,n/a,n/a,n/a,n/a,,,n/a,n/a,n/a,n/a,The Pokémon this card is attached to takes 30 less damage from attacks from your opponent’s Pokémon that have an Ability (after applying Weakness and Resistance).,n/a
1178,Light Ball,ASC,191,Pokémon Tool,n/a,n/a,n/a,n/a,n/a,,,n/a,n/a,n/a,n/a,Attacks used by the Pikachu {ex} this card is attached to do 50 more damage to your opponent’s Active Pokémon {ex} (before applying Weakness and Resistance).,n/a
1179,Thick Scale,ASC,211,Pokémon Tool,n/a,n/a,n/a,n/a,n/a,,,n/a,n/a,n/a,n/a,"The {N} Pokémon this card is attached to takes 50 less damage from attacks from your opponent’s {G}, {R}, {W}, or {L} Pokémon (after applying Weakness and Resistance).",n/a
1180,Core Memory,POR,70,Pokémon Tool,n/a,Technical Machine,n/a,n/a,n/a,,,n/a,n/a,n/a,n/a,The Mega Zygarde {ex} this card is attached to can use the attack on this card. (You still need the necessary Energy to use this attack.),n/a
1180,Core Memory,POR,70,Pokémon Tool,n/a,Technical Machine,n/a,n/a,n/a,,,n/a,Geobuster,{F}{F}{F}{F},350,Discard all Energy from this Pokémon.,n/a
1181,Billy & O'Nare,JTG,142,Supporter,n/a,n/a,n/a,n/a,n/a,,,n/a,n/a,n/a,n/a,"Draw 2 cards. Then, if you have 10 or more cards in your hand, draw 2 more cards.",n/a
1182,Boss’s Orders,PAL,172,Supporter,n/a,n/a,n/a,n/a,n/a,,,n/a,n/a,n/a,n/a,Switch in 1 of your opponent’s Benched Pokémon to the Active Spot.,n/a
1183,Perrin,TWM,160,Supporter,n/a,n/a,n/a,n/a,n/a,,,n/a,n/a,n/a,n/a,"Reveal up to 2 Pokémon in your hand and put them into your deck. If you do, search your deck for up to that many Pokémon, reveal them, and put them into your hand. Then, shuffle your deck.",n/a
1184,Lana’s Aid,TWM,155,Supporter,n/a,n/a,n/a,n/a,n/a,,,n/a,n/a,n/a,n/a,"Put up to 3 in any combination of Pokémon that don’t have a Rule Box and Basic Energy cards from your discard pile into your hand. (Pokémon {ex}, Pokémon {V}, etc. have Rule Boxes.)",n/a
1185,Explorer’s Guidance,TEF,147,Supporter,n/a,Ancient,n/a,n/a,n/a,,,n/a,n/a,n/a,n/a,Look at the top 6 cards of your deck and put 2 of them into your hand. Discard the other cards.,n/a
1186,Eri,TEF,146,Supporter,n/a,n/a,n/a,n/a,n/a,,,n/a,n/a,n/a,n/a,"Your opponent reveals their hand, and you discard up to 2 Item cards you find there.",n/a
1187,Morty’s Conviction,TEF,155,Supporter,n/a,n/a,n/a,n/a,n/a,,,n/a,n/a,n/a,n/a,"You can use this card only if you discard another card from your hand.

Draw a card for each of your opponent’s Benched Pokémon.",n/a
1188,Ciphermaniac’s Codebreaking,TEF,145,Supporter,n/a,Future,n/a,n/a,n/a,,,n/a,n/a,n/a,n/a,"Search your deck for 2 cards, shuffle your deck, then put those cards on top of it in any order.",n/a
1189,Salvatore,TEF,160,Supporter,n/a,n/a,n/a,n/a,n/a,,,n/a,n/a,n/a,n/a,"Search your deck for a card that has no Abilities and evolves from 1 of your Pokémon, and put it onto that Pokémon to evolve it. Then, shuffle your deck. You can use this card on a Pokémon you put down when you were setting up to play or on a Pokémon that was put into play this turn.",n/a
1190,Bianca’s Devotion,TEF,142,Supporter,n/a,n/a,n/a,n/a,n/a,,,n/a,n/a,n/a,n/a,Heal all damage from 1 of your Pokémon that has 30 HP or less remaining.,n/a
1191,Kieran,TWM,154,Supporter,n/a,n/a,n/a,n/a,n/a,,,n/a,n/a,n/a,n/a,"Choose 1:

• Switch your Active Pokémon with 1 of your Benched Pokémon.
• During this turn, attacks used by your Pokémon do 30 more damage to your opponent’s Active Pokémon {ex} and Active Pokémon {V} (before applying Weakness and Resistance).",n/a
1192,Carmine,TWM,145,Supporter,n/a,n/a,n/a,n/a,n/a,,,n/a,n/a,n/a,n/a,"If you go first, you may use this card during your first turn.

Discard your hand and draw 5 cards.",n/a
1193,Hassel,TWM,151,Supporter,n/a,n/a,n/a,n/a,n/a,,,n/a,n/a,n/a,n/a,"You can use this card only if any of your Pokémon were Knocked Out during your opponent’s last turn.

Look at the top 8 cards of your deck and put up to 3 of them into your hand. Shuffle the other cards back into your deck.",n/a
1194,Colress’s Tenacity,SFA,57,Supporter,n/a,n/a,n/a,n/a,n/a,,,n/a,n/a,n/a,n/a,"Search your deck for a Stadium card and an Energy card, reveal them, and put them into your hand. Then, shuffle your deck.",n/a
1195,Janine’s Secret Art,SFA,59,Supporter,n/a,n/a,n/a,n/a,n/a,,,n/a,n/a,n/a,n/a,"Choose up to 2 of your {D} Pokémon. For each of those Pokémon, search your deck for a Basic {D} Energy card and attach it to that Pokémon. Then, shuffle your deck. If you attached Energy to your Active Pokémon in this way, it is now Poisoned.",n/a
1196,Cassiopeia,SFA,56,Supporter,n/a,n/a,n/a,n/a,n/a,,,n/a,n/a,n/a,n/a,"You can use this card only when it is the last card in your hand.

Search your deck for up to 2 cards and put them into your hand. Then, shuffle your deck.",n/a
1197,Xerosic’s Machinations,SFA,64,Supporter,n/a,n/a,n/a,n/a,n/a,,,n/a,n/a,n/a,n/a,Your opponent discards cards from their hand until they have 3 cards in their hand.,n/a
1198,Crispin,SCR,133,Supporter,n/a,n/a,n/a,n/a,n/a,,,n/a,n/a,n/a,n/a,"Search your deck for up to 2 Basic Energy cards of different types, reveal them, and put 1 of them into your hand. Attach the other to 1 of your Pokémon. Then, shuffle your deck.",n/a
1199,Lacey,SCR,139,Supporter,n/a,n/a,n/a,n/a,n/a,,,n/a,n/a,n/a,n/a,"Shuffle your hand into your deck. Then, draw 4 cards. If your opponent has 3 or fewer Prize cards remaining, draw 8 cards instead.",n/a
1200,Kofu,SCR,138,Supporter,n/a,n/a,n/a,n/a,n/a,,,n/a,n/a,n/a,n/a,"Put 2 cards from your hand on the bottom of your deck in any order. If you put 2 cards on the bottom of your deck in this way, draw 4 cards. (If you can’t put 2 cards from your hand on the bottom of your deck, you can’t use this card.)",n/a
1201,Briar,SCR,132,Supporter,n/a,n/a,n/a,n/a,n/a,,,n/a,n/a,n/a,n/a,"You can use this card only if your opponent has exactly 2 Prize cards remaining.

During this turn, if your opponent’s Active Pokémon is Knocked Out by damage from an attack used by your Tera Pokémon, take 1 more Prize card.",n/a
1202,Drayton,SSP,174,Supporter,n/a,n/a,n/a,n/a,n/a,,,n/a,n/a,n/a,n/a,Look at the top 7 cards of your deck. You may reveal a Pokémon and a Trainer card you find there and put them into your hand. Shuffle the other cards back into your deck.,n/a
1203,Surfer,SSP,187,Supporter,n/a,n/a,n/a,n/a,n/a,,,n/a,n/a,n/a,n/a,"Switch your Active Pokémon with 1 of your Benched Pokémon. If you do, draw cards until you have 5 cards in your hand.",n/a
1204,Lisia’s Appeal,SSP,179,Supporter,n/a,n/a,n/a,n/a,n/a,,,n/a,n/a,n/a,n/a,"Switch in 1 of your opponent’s Benched Basic Pokémon to the Active Spot. If you do, the new Active Pokémon is now Confused.",n/a
1205,Cyrano,SSP,170,Supporter,n/a,n/a,n/a,n/a,n/a,,,n/a,n/a,n/a,n/a,"Search your deck for up to 3 Pokémon {ex}, reveal them, and put them into your hand. Then, shuffle your deck.",n/a
1206,Larry’s Skill,PRE,115,Supporter,n/a,n/a,n/a,n/a,n/a,,,n/a,n/a,n/a,n/a,"Discard your hand and search your deck for a Pokémon, a Supporter card, and a Basic Energy card, reveal them, and put them into your hand. Then, shuffle your deck.",n/a
1207,Amarys,PRE,93,Supporter,n/a,n/a,n/a,n/a,n/a,,,n/a,n/a,n/a,n/a,"Draw 4 cards. At the end of this turn, if you have 5 or more cards in your hand, discard your hand.",n/a
1208,Iris’s Fighting Spirit,JTG,149,Supporter,n/a,n/a,n/a,n/a,n/a,,,n/a,n/a,n/a,n/a,"You can use this card only if you discard another card from your hand.

Draw cards until you have 6 cards in your hand.",n/a
1209,Ruffian,JTG,157,Supporter,n/a,n/a,n/a,n/a,n/a,,,n/a,n/a,n/a,n/a,Discard a Pokémon Tool and a Special Energy from 1 of your opponent’s Pokémon.,n/a
1210,Brock’s Scouting,JTG,146,Supporter,n/a,n/a,n/a,n/a,n/a,,,n/a,n/a,n/a,n/a,"Search your deck for up to 2 Basic Pokémon or 1 Evolution Pokémon, reveal them, and put them into your hand. Then, shuffle your deck.",n/a
1211,Black Belt’s Training,PRE,96,Supporter,n/a,n/a,n/a,n/a,n/a,,,n/a,n/a,n/a,n/a,"During this turn, attacks used by your Pokémon do 40 more damage to your opponent’s Active Pokémon {ex} (before applying Weakness and Resistance).",n/a
1212,Cook,TWM,147,Supporter,n/a,n/a,n/a,n/a,n/a,n/a,n/a,n/a,n/a,n/a,n/a,Heal 70 damage from your Active Pokémon.,n/a
1213,Judge,SVI,176,Supporter,n/a,n/a,n/a,n/a,n/a,,,n/a,n/a,n/a,n/a,Each player shuffles their hand into their deck and draws 4 cards.,n/a
1214,Emcee's Hype,DRI,163,Supporter,n/a,n/a,n/a,n/a,n/a,,,n/a,n/a,n/a,n/a,"Draw 2 cards. If your opponent has 3 or fewer Prize cards remaining, draw 2 more cards.",n/a
1215,Ethan's Adventure,DRI,165,Supporter,n/a,n/a,n/a,n/a,n/a,,,n/a,n/a,n/a,n/a,"Search your deck for up to 3 in any combination of Ethan’s Pokémon and Basic {R} Energy cards, reveal them, and put them into your hand. Then, shuffle your deck.",n/a
1216,Team Rocket's Ariana,DRI,171,Supporter,n/a,n/a,n/a,n/a,n/a,,,n/a,n/a,n/a,n/a,"Draw cards until you have 5 cards in your hand. If all of your Pokémon in play are Team Rocket’s Pokémon, draw cards until you have 8 cards in your hand instead.",n/a
1217,Team Rocket's Archer,DRI,170,Supporter,n/a,n/a,n/a,n/a,n/a,,,n/a,n/a,n/a,n/a,"You can use this card only if any of your Team Rocket’s Pokémon were Knocked Out during your opponent’s last turn.

Each player shuffles their hand into their deck. Then, you draw 5 cards, and your opponent draws 3 cards.",n/a
1218,Team Rocket's Giovanni,DRI,174,Supporter,n/a,n/a,n/a,n/a,n/a,,,n/a,n/a,n/a,n/a,"Switch your Active Team Rocket’s Pokémon with 1 of your Benched Team Rocket’s Pokémon. If you do, switch in 1 of your opponent’s Benched Pokémon to the Active Spot.",n/a
1219,Team Rocket's Petrel,DRI,176,Supporter,n/a,n/a,n/a,n/a,n/a,,,n/a,n/a,n/a,n/a,"Search your deck for a Trainer card, reveal it, and put it into your hand. Then, shuffle your deck.",n/a
1220,Team Rocket's Proton,DRI,177,Supporter,n/a,n/a,n/a,n/a,n/a,,,n/a,n/a,n/a,n/a,"If you go first, you may use this card during your first turn.

Search your deck for up to 3 Basic Team Rocket’s Pokémon, reveal them, and put them into your hand. Then, shuffle your deck.",n/a
1221,N's Plan,BLK,83,Supporter,n/a,n/a,n/a,n/a,n/a,,,n/a,n/a,n/a,n/a,Move up to 2 Energy from your Benched Pokémon to your Active Pokémon.,n/a
1222,Fennel,BLK,82,Supporter,n/a,n/a,n/a,n/a,n/a,,,n/a,n/a,n/a,n/a,Heal 40 damage from each of your Pokémon.,n/a
1223,Harlequin,WHT,83,Supporter,n/a,n/a,n/a,n/a,n/a,,,n/a,n/a,n/a,n/a,"Each player shuffles their hand into their deck. Then, flip a coin. If heads, you draw 5 cards, and your opponent draws 3 cards. If tails, you draw 3 cards, and your opponent draws 5 cards.",n/a
1224,Cheren,WHT,81,Supporter,n/a,n/a,n/a,n/a,n/a,,,n/a,n/a,n/a,n/a,Draw 3 cards.,n/a
1225,Hilda,WHT,84,Supporter,n/a,n/a,n/a,n/a,n/a,,,n/a,n/a,n/a,n/a,"Search your deck for an Evolution Pokémon and an Energy card, reveal them, and put them into your hand. Then, shuffle your deck.",n/a
1226,Lt. Surge's Bargain,MEG,120,Supporter,n/a,n/a,n/a,n/a,n/a,,,n/a,n/a,n/a,n/a,"Ask your opponent if each player may take a Prize card. If yes, each player takes a Prize card. If no, you draw 4 cards.",n/a
1227,Lillie's Determination,MEG,119,Supporter,n/a,n/a,n/a,n/a,n/a,,,n/a,n/a,n/a,n/a,"Shuffle your hand into your deck. Then, draw 6 cards. If you have exactly 6 Prize cards remaining, draw 8 cards instead.",n/a
1228,Acerola's Mischief,MEG,113,Supporter,n/a,n/a,n/a,n/a,n/a,,,n/a,n/a,n/a,n/a,"You can use this card only if your opponent has 2 or fewer Prize cards remaining.

Choose 1 of your Pokémon in play. During your opponent’s next turn, prevent all damage from and effects of attacks done to that Pokémon by your opponent’s Pokémon {ex}.",n/a
1229,Wally's Compassion,MEG,132,Supporter,n/a,n/a,n/a,n/a,n/a,,,n/a,n/a,n/a,n/a,"Heal all damage from 1 of your Mega Evolution Pokémon {ex}. If you healed any damage in this way, put all Energy attached to that Pokémon into your hand.",n/a
1230,Grimsley's Move,PFL,90,Supporter,n/a,n/a,n/a,n/a,n/a,,,n/a,n/a,n/a,n/a,Look at the top 7 cards of your deck and put a {D} Pokémon you find there onto your Bench. Shuffle the other cards and put them on the bottom of your deck. You can’t use this card during your first turn.,n/a
1231,Dawn,PFL,87,Supporter,n/a,n/a,n/a,n/a,n/a,,,n/a,n/a,n/a,n/a,"Search your deck for a Basic Pokémon, a Stage 1 Pokémon, and a Stage 2 Pokémon, reveal them, and put them into your hand. Then, shuffle your deck.",n/a
1232,Firebreather,PFL,89,Supporter,n/a,n/a,n/a,n/a,n/a,,,n/a,n/a,n/a,n/a,"Search your deck for up to 7 Basic {R} Energy cards, reveal them, and put them into your hand. Then, shuffle your deck.",n/a
1233,Canari,ASC,185,Supporter,n/a,n/a,n/a,n/a,n/a,,,n/a,n/a,n/a,n/a,"You can use this card only if you discard another card from your hand.

Search your deck for up to 4 {L} Pokémon, reveal them, and put them into your hand. Then, shuffle your deck.",n/a
1234,Anthea & Concordia,ASC,182,Supporter,n/a,n/a,n/a,n/a,n/a,,,n/a,n/a,n/a,n/a,"You can use this card only if you have N’s Darmanitan, N’s Zoroark {ex}, N’s Vanilluxe, N’s Klinklang, N’s Reshiram, and N’s Zekrom in play.

During this turn, if your opponent’s Active Pokémon is Knocked Out by damage from an attack used by your N’s Pokémon, take 3 more Prize cards.",n/a
1235,Waitress,ASC,215,Supporter,n/a,n/a,n/a,n/a,n/a,,,n/a,n/a,n/a,n/a,Look at the top 6 cards of your deck and attach a Basic Energy card you find there to 1 of your Pokémon. Shuffle the other cards back into your deck.,n/a
1236,Urbain,ASC,214,Supporter,n/a,n/a,n/a,n/a,n/a,,,n/a,n/a,n/a,n/a,Draw 3 cards.,n/a
1237,Lucian,TWM,157,Supporter,n/a,n/a,n/a,n/a,n/a,,,n/a,,n/a,n/a,"Each player shuffles their hand and puts it on the bottom of their deck. If either player put any cards on the bottom of their deck in this way, each player flips a coin. If heads, that player draws 6 cards. If tails, they draw 3 cards.",n/a
1238,Tarragon,POR,85,Supporter,n/a,n/a,n/a,n/a,n/a,,,n/a,n/a,n/a,n/a,Put up to 4 in any combination of {F} Pokémon and Basic {F} Energy cards from your discard pile into your hand.,n/a
1239,Naveen,POR,79,Supporter,n/a,n/a,n/a,n/a,n/a,,,n/a,n/a,n/a,n/a,"Draw cards until you have 5 cards in your hand. Before drawing cards, you may discard any number of cards from your hand. (If you can’t draw any cards in this way, you can’t use this card.)",n/a
1240,Rosa's Encouragement,POR,84,Supporter,n/a,n/a,n/a,n/a,n/a,,,n/a,n/a,n/a,n/a,"You can use this card only if you have more Prize cards remaining than your opponent.

Attach up to 2 Basic Energy cards from your discard pile to 1 of your Stage 2 Pokémon.",n/a
1241,Jacinthe,POR,75,Supporter,n/a,n/a,n/a,n/a,n/a,,,n/a,n/a,n/a,n/a,Heal 150 damage from 1 of your {P} Pokémon.,n/a
1242,Community Center,TWM,146,Stadium,n/a,n/a,n/a,n/a,n/a,,,n/a,n/a,n/a,n/a,"Once during each player’s turn, if they played a Supporter card from their hand this turn, they may heal 10 damage from each of their Pokémon.",n/a
1243,Perilous Jungle,TEF,156,Stadium,n/a,n/a,n/a,n/a,n/a,,,n/a,n/a,n/a,n/a,"During Pokémon Checkup, put 2 more damage counters on each Poisoned non-{D} Pokémon (both yours and your opponent’s).",n/a
1244,Full Metal Lab,TEF,148,Stadium,n/a,n/a,n/a,n/a,n/a,,,n/a,n/a,n/a,n/a,{M} Pokémon (both yours and your opponent’s) take 30 less damage from attacks from the opponent’s Pokémon (after applying Weakness and Resistance).,n/a
1245,Festival Grounds,TWM,149,Stadium,n/a,n/a,n/a,n/a,n/a,,,n/a,n/a,n/a,n/a,Each Pokémon that has any Energy attached (both yours and your opponent’s) recovers from all Special Conditions and can’t be affected by any Special Conditions.,n/a
1246,Jamming Tower,TWM,153,Stadium,n/a,n/a,n/a,n/a,n/a,,,n/a,n/a,n/a,n/a,Pokémon Tools attached to each Pokémon (both yours and your opponent’s) have no effect.,n/a
1247,Neutralization Zone,SFA,60,Stadium,ACE SPEC,n/a,n/a,n/a,n/a,,,n/a,n/a,n/a,n/a,"Prevent all damage done to Pokémon that don’t have a Rule Box (both yours and your opponent’s) by attacks from the opponent’s Pokémon {ex} and Pokémon {V}. (Pokémon {ex}, Pokémon {V}, etc. have Rule Boxes.)

This card can’t be put into your hand or deck from the discard pile.",n/a
1248,Academy at Night,SFA,54,Stadium,n/a,n/a,n/a,n/a,n/a,,,n/a,n/a,n/a,n/a,"Once during each player’s turn, that player may put a card from their hand on top of their deck.",n/a
1249,Grand Tree,SCR,136,Stadium,ACE SPEC,n/a,n/a,n/a,n/a,,,n/a,n/a,n/a,n/a,"Once during each player’s turn, that player may search their deck for a Stage 1 Pokémon that evolves from 1 of their Basic Pokémon and put it onto that Pokémon to evolve it. If that Pokémon was evolved in this way, that player may search their deck for a Stage 2 Pokémon that evolves from that Pokémon and put it onto that Pokémon to evolve it. Then, that player shuffles their deck. (Players can’t evolve a Basic Pokémon during their first turn or a Basic Pokémon that was put into play this turn.)",n/a
1250,Area Zero Underdepths,SCR,131,Stadium,n/a,n/a,n/a,n/a,n/a,,,n/a,n/a,n/a,n/a,"Each player who has any Tera Pokémon in play can have up to 8 Pokémon on their Bench.

If a player no longer has any Tera Pokémon in play, that player discards Pokémon from their Bench until they have 5. When this card leaves play, both players discard Pokémon from their Bench until they have 5, and the player who played this card discards first.",n/a
1251,Lively Stadium,SSP,180,Stadium,n/a,n/a,n/a,n/a,n/a,,,n/a,n/a,n/a,n/a,Each Basic Pokémon in play (both yours and your opponent’s) gets +30 HP.,n/a
1252,Gravity Mountain,SSP,177,Stadium,n/a,n/a,n/a,n/a,n/a,,,n/a,n/a,n/a,n/a,Each Stage 2 Pokémon in play (both yours and your opponent’s) gets -30 HP.,n/a
1253,N’s Castle,JTG,152,Stadium,n/a,n/a,n/a,n/a,n/a,,,n/a,n/a,n/a,n/a,N’s Pokémon in play (both yours and your opponent’s) have no Retreat Cost.,n/a
1254,Levincia,JTG,150,Stadium,n/a,n/a,n/a,n/a,n/a,,,n/a,n/a,n/a,n/a,"Once during each player’s turn, that player may put up to 2 Basic {L} Energy cards from their discard pile into their hand.",n/a
1255,Postwick,JTG,154,Stadium,n/a,n/a,n/a,n/a,n/a,,,n/a,n/a,n/a,n/a,Attacks used by Hop’s Pokémon (both yours and your opponent’s) do 30 more damage to the opponent’s Active Pokémon (before applying Weakness and Resistance).,n/a
1256,Team Rocket's Watchtower,DRI,180,Stadium,n/a,n/a,n/a,n/a,n/a,,,n/a,n/a,n/a,n/a,{C} Pokémon in play (both yours and your opponent’s) have no Abilities.,n/a
1257,Team Rocket's Factory,DRI,173,Stadium,n/a,n/a,n/a,n/a,n/a,,,n/a,n/a,n/a,n/a,"Once during each player’s turn, if they played a Supporter card that has ""Team Rocket"" in its name from their hand this turn, they may draw 2 cards.",n/a
1258,Granite Cave,DRI,166,Stadium,n/a,n/a,n/a,n/a,n/a,,,n/a,n/a,n/a,n/a,Steven’s Pokémon (both yours and your opponent’s) take 30 less damage from attacks from the opponent’s Pokémon (after applying Weakness and Resistance).,n/a
1259,Spikemuth Gym,DRI,169,Stadium,n/a,n/a,n/a,n/a,n/a,,,n/a,n/a,n/a,n/a,"Once during each player’s turn, that player may search their deck for a Marnie’s Pokémon, reveal it, and put it into their hand. Then, that player shuffles their deck.",n/a
1260,Risky Ruins,MEG,127,Stadium,n/a,n/a,n/a,n/a,n/a,,,n/a,n/a,n/a,n/a,"Whenever any player puts a Basic non-{D} Pokémon onto their Bench during their turn, place 2 damage counters on that Pokémon.",n/a
1261,Forest of Vitality,MEG,117,Stadium,n/a,n/a,n/a,n/a,n/a,,,n/a,n/a,n/a,n/a,"Each player’s {G} Pokémon can evolve into {G} Pokémon during the turn they play those Pokémon, except during their first turn.",n/a
1262,Surfing Beach,MEG,129,Stadium,n/a,n/a,n/a,n/a,n/a,,,n/a,n/a,n/a,n/a,"Once during each player’s turn, that player may switch their Active {W} Pokémon with 1 of their Benched {W} Pokémon.",n/a
1263,Mystery Garden,MEG,122,Stadium,n/a,n/a,n/a,n/a,n/a,,,n/a,n/a,n/a,n/a,"Once during each player’s turn, that player may discard an Energy card from their hand in order to draw cards until they have as many cards in their hand as they have {P} Pokémon in play.",n/a
1264,Battle Cage,PFL,85,Stadium,n/a,n/a,n/a,n/a,n/a,,,n/a,n/a,n/a,n/a,Prevent all damage counters from being placed on Benched Pokémon (both yours and your opponent’s) by effects of attacks and Abilities from the opponent’s Pokémon. (Damage from attacks is still taken.),n/a
1265,Dizzying Valley,PFL,88,Stadium,n/a,n/a,n/a,n/a,n/a,,,n/a,n/a,n/a,n/a,Confused Pokémon (both yours and your opponent’s) don’t recover from that Special Condition when they evolve or devolve.,n/a
1266,Nighttime Mine,ASC,197,Stadium,n/a,n/a,n/a,n/a,n/a,,,n/a,n/a,n/a,n/a,Attacks used by each Tera Pokémon in play (both yours and your opponent’s) cost {C} more.,n/a
1267,Lumiose City,POR,77,Stadium,n/a,n/a,n/a,n/a,n/a,,,n/a,n/a,n/a,n/a,"Once during each player’s turn, that player may search their deck for a Basic Pokémon and put it onto their Bench. Then, that player shuffles their deck. If a player searches their deck in this way, their turn ends.",n/a
1268,Nitro {R} Energy,CRI,86,Special Energy,n/a,n/a,n/a,n/a,{R},,,n/a,n/a,n/a,n/a,"As long as this card is attached to a Pokémon, it provides {R} Energy.

If this card is discarded by an effect of an attack used by the {R} Pokémon this card is attached to, put this card into your hand after attack damage and effects.",n/a
1269,Bubbly {W} Energy,CRI,84,Special Energy,n/a,n/a,n/a,n/a,{W},,,n/a,n/a,n/a,n/a,"As long as this card is attached to a Pokémon, it provides {W} Energy.

The {W} Pokémon this card is attached to recovers from all Special Conditions and can’t be affected by any Special Conditions.",n/a
1270,Magnetic {M} Energy,CRI,85,Special Energy,n/a,n/a,n/a,n/a,{M},,,n/a,n/a,n/a,n/a,"As long as this card is attached to a Pokémon, it provides {M} Energy.

The {M} Pokémon this card is attached to has no Retreat Cost.",n/a
1271,Voltaic {L} Energy,PBL,84,Special Energy,n/a,n/a,n/a,n/a,{L},,,n/a,n/a,n/a,n/a,"As long as this card is attached to a Pokémon, it provides {L} Energy.

Attacks used by the {L} Pokémon this card is attached to do 20 more damage to your opponent’s Active Pokémon (before applying Weakness and Resistance).",n/a
1272,Shadowy {D} Energy,PBL,83,Special Energy,n/a,n/a,n/a,n/a,{D},,,n/a,n/a,n/a,n/a,"As long as this card is attached to a Pokémon, it provides {D} Energy.

As long as the {D} Pokémon this card is attached to is on your Bench, prevent all damage done to it by attacks from your opponent’s Pokémon.",n/a
1273,Weedle,CRI,1,Basic Pokémon,n/a,n/a,n/a,50,{G},{R},n/a,1,Surprise Attack,{G},30,"Flip a coin. If tails, this attack does nothing.",Hairy Bug
1274,Kakuna,CRI,2,Stage 1 Pokémon,n/a,n/a,Weedle,80,{G},{R},n/a,3,[Ability] Exoskeleton,n/a,n/a,This Pokémon takes 20 less damage from attacks (after applying Weakness and Resistance).,Cocoon
1274,Kakuna,CRI,2,Stage 1 Pokémon,n/a,n/a,Weedle,80,{G},{R},n/a,3,Hang Down,{G},20,n/a,Cocoon
1275,Beedrill ex,CRI,3,Stage 2 Pokémon,Pokémon ex,n/a,Kakuna,310,{G},{R},n/a,1,Rumbling Bees,{G},110×,This attack does 110 damage for each of your Beedrill and Beedrill {ex} in play.,Poison Bee
1276,Carnivine,CRI,4,Basic Pokémon,n/a,n/a,n/a,110,{G},{R},n/a,2,Chomp Whole,●●●,80,"If your opponent’s Active Pokémon has no Retreat Cost, this attack does 80 more damage.",Bug Catcher
1277,Chespin,CRI,5,Basic Pokémon,n/a,n/a,n/a,70,{G},{R},n/a,2,Beat,{G},10,n/a,Spiny Nut
1277,Chespin,CRI,5,Basic Pokémon,n/a,n/a,n/a,70,{G},{R},n/a,2,Spike Sting,{G}{G},30,n/a,Spiny Nut
1278,Quilladin,CRI,6,Stage 1 Pokémon,n/a,n/a,Chespin,100,{G},{R},n/a,3,Leafy Charge,{G},20,"Search your deck for a Basic {G} Energy card and attach it to this Pokémon. Then, shuffle your deck.",Spiny Armor
1278,Quilladin,CRI,6,Stage 1 Pokémon,n/a,n/a,Chespin,100,{G},{R},n/a,3,Vine Whip,{G}{G}●,80,n/a,Spiny Armor
1279,Chesnaught,CRI,7,Stage 2 Pokémon,n/a,n/a,Quilladin,180,{G},{R},n/a,4,[Ability] Needly Armor,n/a,n/a,"If this Pokémon is in the Active Spot and is damaged by an attack from your opponent’s Pokémon (even if this Pokémon is Knocked Out), place 3 damage counters on the Attacking Pokémon for each {G} Energy attached to this Pokémon.",Spiny Armor
1279,Chesnaught,CRI,7,Stage 2 Pokémon,n/a,n/a,Quilladin,180,{G},{R},n/a,4,Impound,{G}{G}●,160,"During your opponent’s next turn, the Defending Pokémon can’t retreat.",Spiny Armor
1280,Vulpix,CRI,8,Basic Pokémon,n/a,n/a,n/a,70,{R},{W},n/a,1,Singe,{R},n/a,Your opponent’s Active Pokémon is now Burned.,Fox
1281,Ninetales,CRI,9,Stage 1 Pokémon,n/a,n/a,Vulpix,120,{R},{W},n/a,1,Nine-Tailed Transfer,{R},n/a,Move all damage counters from 1 of your Benched Pokémon to your opponent’s Active Pokémon.,Fox
1281,Ninetales,CRI,9,Stage 1 Pokémon,n/a,n/a,Vulpix,120,{R},{W},n/a,1,Will-O-Wisp,{R}{R},70,n/a,Fox
1282,Ho-Oh,CRI,10,Basic Pokémon,n/a,n/a,n/a,130,{R},{W},n/a,2,Flames of Revival,{R},n/a,Put up to 3 Basic Pokémon from your discard pile onto your Bench.,Rainbow
1282,Ho-Oh,CRI,10,Basic Pokémon,n/a,n/a,n/a,130,{R},{W},n/a,2,Bright Wing,{R}{R}{R},130,Discard a {R} Energy from this Pokémon.,Rainbow
1283,Fennekin,CRI,11,Basic Pokémon,n/a,n/a,n/a,70,{R},{W},n/a,1,Call for Family,●,n/a,"Search your deck for up to 2 Basic Pokémon and put them onto your Bench. Then, shuffle your deck.",Fox
1283,Fennekin,CRI,11,Basic Pokémon,n/a,n/a,n/a,70,{R},{W},n/a,1,Steady Firebreathing,{R},10,n/a,Fox
1284,Braixen,CRI,12,Stage 1 Pokémon,n/a,n/a,Fennekin,100,{R},{W},n/a,1,Flamethrower,{R}{R},80,Discard an Energy from this Pokémon.,Fox
1285,Delphox,CRI,13,Stage 2 Pokémon,n/a,n/a,Braixen,160,{R},{W},n/a,2,[Ability] Flaring Magic,n/a,n/a,"Once during your turn, you may discard a Basic {R} Energy card from your hand in order to use this Ability. Draw cards until you have 7 cards in your hand.",Fox
1285,Delphox,CRI,13,Stage 2 Pokémon,n/a,n/a,Braixen,160,{R},{W},n/a,2,Energized Storm,{R}{R},30×,This attack does 30 damage for each Energy attached to all Pokémon.,Fox
1286,Litleo,CRI,14,Basic Pokémon,n/a,n/a,n/a,70,{R},{W},n/a,1,Tackle,●,10,n/a,Lion Cub
1287,Mega Pyroar ex,CRI,15,Stage 1 Pokémon,Mega Pokémon ex,n/a,Litleo,340,{R},{W},n/a,2,Ferocious Bellow,{R}●,80,"During your opponent’s next turn, attacks used by the Defending Pokémon do 50 less damage (before applying Weakness and Resistance).",n/a
1287,Mega Pyroar ex,CRI,15,Stage 1 Pokémon,Mega Pokémon ex,n/a,Litleo,340,{R},{W},n/a,2,Fiery Big Bang,{R}{R}●,290-,This attack does 10 less damage for each damage counter on this Pokémon.,n/a
1288,Remoraid,CRI,16,Basic Pokémon,n/a,n/a,n/a,70,{W},{L},n/a,1,Sharp Fin,{W},20,n/a,Jet
1289,Octillery,CRI,17,Stage 1 Pokémon,n/a,n/a,Remoraid,110,{W},{L},n/a,2,Jet of Ink,{W},30,"During your opponent’s next turn, if the Defending Pokémon tries to use an attack, your opponent flips 2 coins. If either of them is tails, that attack doesn’t happen.",Jet
1289,Octillery,CRI,17,Stage 1 Pokémon,n/a,n/a,Remoraid,110,{W},{L},n/a,2,Tantrum,{W}●,120,This Pokémon is now Confused.,Jet
1290,Delibird,CRI,18,Basic Pokémon,n/a,n/a,n/a,90,{W},{M},n/a,1,Pleasing Present,●,n/a,Each player may attach up to 3 Basic Energy cards from their hand to their Pokémon in any way they like. Your opponent does this first.,Delivery
1290,Delibird,CRI,18,Basic Pokémon,n/a,n/a,n/a,90,{W},{M},n/a,1,Flap,●●,40,n/a,Delivery
1291,Keldeo,CRI,19,Basic Pokémon,n/a,n/a,n/a,110,{W},{L},n/a,1,Shoot Through,{W},20,This attack also does 20 damage to 1 of your opponent’s Benched Pokémon. (Don’t apply Weakness and Resistance for Benched Pokémon.),Colt
1291,Keldeo,CRI,19,Basic Pokémon,n/a,n/a,n/a,110,{W},{L},n/a,1,Reflect Energy,{W}{W},70,Move an Energy from this Pokémon to 1 of your Benched Pokémon.,Colt
1292,Froakie,CRI,20,Basic Pokémon,n/a,n/a,n/a,70,{W},{L},n/a,1,Collect,●,n/a,Draw a card.,Bubble Frog
1292,Froakie,CRI,20,Basic Pokémon,n/a,n/a,n/a,70,{W},{L},n/a,1,Water Gun,{W},10,n/a,Bubble Frog
1293,Frogadier,CRI,21,Stage 1 Pokémon,n/a,n/a,Froakie,100,{W},{L},n/a,1,Summoning Jutsu,{W},n/a,"Search your deck for up to 3 Pokémon, reveal them, and put them into your hand. Then, shuffle your deck.",Bubble Frog
1293,Frogadier,CRI,21,Stage 1 Pokémon,n/a,n/a,Froakie,100,{W},{L},n/a,1,Aqua Edge,{W}{W},50,n/a,Bubble Frog
1294,Mega Greninja ex,CRI,22,Stage 2 Pokémon,Mega Pokémon ex,n/a,Frogadier,350,{W},{L},n/a,1,[Ability] Mortal Shuriken,n/a,n/a,"Once during your turn, if this Pokémon is in the Active Spot, you may discard a Basic {W} Energy card from your hand in order to use this Ability. Place 6 damage counters on 1 of your opponent’s Pokémon.",n/a
1294,Mega Greninja ex,CRI,22,Stage 2 Pokémon,Mega Pokémon ex,n/a,Frogadier,350,{W},{L},n/a,1,Ninja Spinner,{W}{W},120,You may put a {W} Energy attached to this Pokémon into your hand and have this attack do 80 more damage.,n/a
1295,Bergmite,CRI,23,Basic Pokémon,n/a,n/a,n/a,80,{W},{M},n/a,2,Chilly,{W},10,n/a,Ice Chunk
1295,Bergmite,CRI,23,Basic Pokémon,n/a,n/a,n/a,80,{W},{M},n/a,2,Frost Breath,{W}●●,50,n/a,Ice Chunk
1296,Avalugg,CRI,24,Stage 1 Pokémon,n/a,n/a,Bergmite,160,{W},{M},n/a,4,Iceberg Breaker,{W},60×,"Discard the top 6 cards of your deck, and this attack does 60 damage for each Basic {W} Energy card you discarded in this way.",Iceberg
1296,Avalugg,CRI,24,Stage 1 Pokémon,n/a,n/a,Bergmite,160,{W},{M},n/a,4,Frost Stamp,{W}{W}●●,160,n/a,Iceberg
1297,Wimpod,CRI,25,Basic Pokémon,n/a,n/a,n/a,70,{W},{L},n/a,2,Gnaw,{W},10,n/a,Turn Tail
1297,Wimpod,CRI,25,Basic Pokémon,n/a,n/a,n/a,70,{W},{L},n/a,2,Corkscrew Punch,●●,20,n/a,Turn Tail
1298,Golisopod,CRI,26,Stage 1 Pokémon,n/a,n/a,Wimpod,140,{W},{L},n/a,2,Critical Slash,{W},30,"If your opponent’s Pokémon is Knocked Out by damage from this attack, during your opponent’s next turn, prevent all damage from and effects of attacks done to this Pokémon.",Hard Scale
1298,Golisopod,CRI,26,Stage 1 Pokémon,n/a,n/a,Wimpod,140,{W},{L},n/a,2,Boundless Power,●●●,150,"During your next turn, this Pokémon can’t use attacks.",Hard Scale
1299,Mareep,CRI,27,Basic Pokémon,n/a,n/a,n/a,70,{L},{F},n/a,2,Thunder Wave,{L}●,20,"Flip a coin. If heads, your opponent’s Active Pokémon is now Paralyzed.",Wool
1300,Flaaffy,CRI,28,Stage 1 Pokémon,n/a,n/a,Mareep,90,{L},{F},n/a,2,Disconnect,{L}●,40,"During your opponent’s next turn, they can’t play any Item cards from their hand.",Wool
1301,Ampharos,CRI,29,Stage 2 Pokémon,n/a,n/a,Flaaffy,160,{L},{F},n/a,2,[Ability] Synchro Pulse,n/a,n/a,"If you have the same number of cards in your hand as your opponent, attacks used by this Pokémon do 80 more damage to your opponent’s Active Pokémon (before applying Weakness and Resistance).",Light
1301,Ampharos,CRI,29,Stage 2 Pokémon,n/a,n/a,Flaaffy,160,{L},{F},n/a,2,Flashing Bolt,{L}●,140,"During your next turn, this Pokémon can’t use Flashing Bolt.",Light
1302,Emolga,CRI,30,Basic Pokémon,n/a,n/a,n/a,70,{L},{F},n/a,1,Minor Errand-Running,●,n/a,"Search your deck for up to 2 Basic Energy cards, reveal them, and put them into your hand. Then, shuffle your deck.",Sky Squirrel
1302,Emolga,CRI,30,Basic Pokémon,n/a,n/a,n/a,70,{L},{F},n/a,1,Sky Return,{L},30,Put this Pokémon and all attached cards into your hand.,Sky Squirrel
1303,Deoxys,CRI,31,Basic Pokémon,n/a,n/a,n/a,110,{P},{D},{F},1,Genome Charge,●,n/a,"Search your deck for up to 2 Basic {P} Energy cards and attach them to this Pokémon. Then, shuffle your deck.",DNA
1303,Deoxys,CRI,31,Basic Pokémon,n/a,n/a,n/a,110,{P},{D},{F},1,Psychic,{P}{P}●,80,This attack does 20 more damage for each Energy attached to your opponent’s Active Pokémon.,DNA
1304,Deoxys,CRI,32,Basic Pokémon,n/a,n/a,n/a,120,{P},{D},{F},2,Psyspear,{P}{P}{P},120,"If this Pokémon has at least 2 extra Energy attached (in addition to this attack’s cost), this attack also does 120 damage to 1 of your opponent’s Benched Pokémon. (Don’t apply Weakness and Resistance for Benched Pokémon.)",DNA
1305,Deoxys,CRI,33,Basic Pokémon,n/a,n/a,n/a,130,{P},{D},{F},3,Psy Protection,{P}{P}●,80,"During your opponent’s next turn, prevent all damage done to this Pokémon by attacks from Pokémon that have an Ability.",DNA
1306,Deoxys,CRI,34,Basic Pokémon,n/a,n/a,n/a,100,{P},{D},{F},n/a,Psyspeed,{P},30,You may draw cards until you have 5 cards in your hand.,DNA
1307,Mega Floette ex,CRI,35,Basic Pokémon,Mega Pokémon ex,n/a,n/a,250,{P},{M},n/a,1,Gentle Light,{P},n/a,Heal 30 damage from each Pokémon (both yours and your opponent’s).,n/a
1307,Mega Floette ex,CRI,35,Basic Pokémon,Mega Pokémon ex,n/a,n/a,250,{P},{M},n/a,1,Eternity Bloom,{P}{P}{P},200,"Search your deck for up to 4 Basic {P} Energy cards and attach them to your Benched Pokémon in any way you like. Then, shuffle your deck.",n/a
1308,Espurr,CRI,36,Basic Pokémon,n/a,n/a,n/a,60,{P},{D},{F},1,Buddy Attack,{P},10,"If you played Emma from your hand during this turn, this attack does 60 more damage.",Restraint
1309,Meowstic,CRI,37,Stage 1 Pokémon,n/a,n/a,Espurr,100,{P},{D},{F},1,Tricky Steps,{P}●,80,You may move an Energy from your opponent’s Active Pokémon to 1 of their Benched Pokémon.,Constraint
1310,Phantump,CRI,38,Basic Pokémon,n/a,n/a,n/a,70,{P},{D},{F},2,[Ability] Spiteful Evolution,n/a,n/a,"Once during your turn, you may use this Ability. Choose a card in your hand that evolves from this Pokémon and put it onto this Pokémon to evolve it. If you do, place 2 damage counters on the Pokémon you evolved in this way. You can’t use this Ability during your first turn.",Stump
1310,Phantump,CRI,38,Basic Pokémon,n/a,n/a,n/a,70,{P},{D},{F},2,Mumble,{P},10,n/a,Stump
1311,Trevenant,CRI,39,Stage 1 Pokémon,n/a,n/a,Phantump,130,{P},{D},{F},3,Cursed Roots,{P},30,"During your opponent’s next turn, Energy can’t be attached from your opponent’s hand to the Defending Pokémon.",Elder Tree
1311,Trevenant,CRI,39,Stage 1 Pokémon,n/a,n/a,Phantump,130,{P},{D},{F},3,Overwhelming Pain,{P}{P},60,This attack does 10 more damage for each damage counter on all of your opponent’s Pokémon.,Elder Tree
1312,Pumpkaboo,CRI,40,Basic Pokémon,n/a,n/a,n/a,60,{P},{D},{F},2,Stampede,{P},20,n/a,Pumpkin
1313,Gourgeist ex,CRI,41,Stage 1 Pokémon,Pokémon ex,n/a,Pumpkaboo,270,{P},{D},{F},2,Horrifying Rondo,{P},30,This attack does 50 more damage for each of your Benched Pokémon that has any damage counters on it.,Pumpkin
1313,Gourgeist ex,CRI,41,Stage 1 Pokémon,Pokémon ex,n/a,Pumpkaboo,270,{P},{D},{F},2,Ghostly Touch,{P}{P},140,Discard a random card from your opponent’s hand.,Pumpkin
1314,Xerneas,CRI,42,Basic Pokémon,n/a,n/a,n/a,130,{P},{M},n/a,2,Geo Storm,{P}{P}{P},30×,This attack does 30 damage for each {P} Energy attached to all of your Pokémon.,Life
1315,Sudowoodo,CRI,43,Basic Pokémon,n/a,n/a,n/a,110,{F},{G},n/a,1,Trials and Trip-ulations,●,n/a,"Search your deck for up to 2 Transformation Tome cards, reveal them, and put them into your hand. Then, shuffle your deck.",Imitation
1315,Sudowoodo,CRI,43,Basic Pokémon,n/a,n/a,n/a,110,{F},{G},n/a,1,Rock Hurl,{F},30,This attack’s damage isn’t affected by Resistance.,Imitation
1316,Phanpy,CRI,44,Basic Pokémon,n/a,n/a,n/a,80,{F},{G},n/a,2,Mud-Slap,{F},10,n/a,Long Nose
1316,Phanpy,CRI,44,Basic Pokémon,n/a,n/a,n/a,80,{F},{G},n/a,2,Rollout,●●●,40,n/a,Long Nose
1317,Donphan,CRI,45,Stage 1 Pokémon,n/a,n/a,Phanpy,150,{F},{G},n/a,3,No Reprieve,{F},20,"During your next turn, attacks used by this Pokémon do 120 more damage to your opponent’s Active Pokémon (before applying Weakness and Resistance).",Armor
1317,Donphan,CRI,45,Stage 1 Pokémon,n/a,n/a,Phanpy,150,{F},{G},n/a,3,Smashing Headbutt,{F}●●●,180,Discard 2 Energy from this Pokémon.,Armor
1318,Baltoy,CRI,46,Basic Pokémon,n/a,n/a,n/a,70,{F},{G},n/a,2,Continuous Spin,{F},30×,Flip a coin until you get tails. This attack does 30 damage for each heads.,Clay Doll
1319,Claydol,CRI,47,Stage 1 Pokémon,n/a,n/a,Baltoy,120,{F},{G},n/a,2,Devolution Ray,{F},50,"If your opponent’s Active Pokémon is an evolved Pokémon, devolve it by putting the highest Stage Evolution card on it into your opponent’s hand.",Clay Doll
1320,Zubat,CRI,49,Basic Pokémon,n/a,n/a,n/a,40,{D},{L},{F},n/a,Supersonic,{D},n/a,Your opponent’s Active Pokémon is now Confused.,Bat
1321,Golbat,CRI,50,Stage 1 Pokémon,n/a,n/a,Zubat,80,{D},{L},{F},1,Covert Flight,{D},30,"During your opponent’s next turn, prevent all damage done to this Pokémon by attacks from Basic Pokémon.",Bat
1322,Crobat,CRI,51,Stage 2 Pokémon,n/a,n/a,Golbat,130,{D},{L},{F},1,[Ability] Nighttime Maneuvers,n/a,n/a,"Once during your turn, if this Pokémon is in the Active Spot, you may use this Ability. Search your deck for a card. Shuffle your deck, then put that card on top of it.",Bat
1322,Crobat,CRI,51,Stage 2 Pokémon,n/a,n/a,Golbat,130,{D},{L},{F},1,Poison Sound Wave,{D},80,Your opponent’s Active Pokémon is now Confused and Poisoned.,Bat
1323,Qwilfish,CRI,52,Basic Pokémon,n/a,n/a,n/a,90,{D},{F},n/a,1,[Ability] Poison Point,n/a,n/a,"If this Pokémon is in the Active Spot and is damaged by an attack from your opponent’s Pokémon (even if this Pokémon is Knocked Out), the Attacking Pokémon is now Poisoned.",Balloon
1323,Qwilfish,CRI,52,Basic Pokémon,n/a,n/a,n/a,90,{D},{F},n/a,1,Venoshock,{D},30,"If your opponent’s Active Pokémon is Poisoned, this attack does 50 more damage.",n/a
1324,Stunky,CRI,53,Basic Pokémon,n/a,n/a,n/a,70,{D},{F},n/a,2,Scratch,{D},20,n/a,Skunk
1325,Skuntank,CRI,54,Stage 1 Pokémon,n/a,n/a,Stunky,110,{D},{F},n/a,2,Rear Kick,{D},40,n/a,Skunk
1325,Skuntank,CRI,54,Stage 1 Pokémon,n/a,n/a,Stunky,110,{D},{F},n/a,2,Smash Turn,{D}{D}●,100,Switch this Pokémon with 1 of your Benched Pokémon.,Skunk
1326,Trubbish,CRI,56,Basic Pokémon,n/a,n/a,n/a,70,{D},{F},n/a,2,Acid Spray,{D},10,"Flip a coin. If heads, discard an Energy from your opponent’s Active Pokémon.",Trash Bag
1327,Garbodor,CRI,57,Stage 1 Pokémon,n/a,n/a,Trubbish,140,{D},{F},n/a,3,[Ability] Gloomy Garbage,n/a,n/a,Attacks used by your opponent’s Active Pokémon that has a Pokémon Tool attached do 20 less damage (before applying Weakness and Resistance).,Trash Heap
1327,Garbodor,CRI,57,Stage 1 Pokémon,n/a,n/a,Trubbish,140,{D},{F},n/a,3,Sludge Bomb,{D}{D}●,100,n/a,Trash Heap
1328,Skrelp,CRI,58,Basic Pokémon,n/a,n/a,n/a,70,{D},{F},n/a,1,Hook,●,10,n/a,Mock Kelp
1329,Beldum,CRI,59,Basic Pokémon,n/a,n/a,n/a,70,{M},{R},{G},1,Headbutt,{M},10,n/a,Iron Ball
1329,Beldum,CRI,59,Basic Pokémon,n/a,n/a,n/a,70,{M},{R},{G},1,Beam,{M}●,20,n/a,Iron Ball
1330,Metang,CRI,60,Stage 1 Pokémon,n/a,n/a,Beldum,100,{M},{R},{G},2,Metal Claw,{M},30,n/a,Iron Claw
1330,Metang,CRI,60,Stage 1 Pokémon,n/a,n/a,Beldum,100,{M},{R},{G},2,Guard Press,{M}{M}●,70,"During your opponent’s next turn, this Pokémon takes 30 less damage from attacks (after applying Weakness and Resistance).",Iron Claw
1331,Metagross,CRI,61,Stage 2 Pokémon,n/a,n/a,Metang,180,{M},{R},{G},3,Bounce Back,{M},60,Switch out your opponent’s Active Pokémon to the Bench. (Your opponent chooses the new Active Pokémon.),Iron Leg
1331,Metagross,CRI,61,Stage 2 Pokémon,n/a,n/a,Metang,180,{M},{R},{G},3,Metallic Hammer,{M}{M}{M}●,150,You may discard 3 {M} Energy from this Pokémon and have this attack do 150 more damage.,Iron Leg
1332,Ferroseed,CRI,62,Basic Pokémon,n/a,n/a,n/a,70,{M},{R},{G},2,Rolling Tackle,{M}{M},40,n/a,Thorn Seed
1333,Ferrothorn,CRI,63,Stage 1 Pokémon,n/a,n/a,Ferroseed,130,{M},{R},{G},3,[Ability] Startling Drop,n/a,n/a,"During your opponent’s turn, if this Pokémon is discarded from your deck by an effect of an attack or Ability from your opponent’s Pokémon, or by an effect of your opponent’s Item or Supporter cards, discard the top 8 cards of your opponent’s deck.",Thorn Pod
1333,Ferrothorn,CRI,63,Stage 1 Pokémon,n/a,n/a,Ferroseed,130,{M},{R},{G},3,Special Whip,{M}{M},70,"If this Pokémon has any Special Energy attached, this attack does 70 more damage.",Thorn Pod
1334,Cobalion ex,CRI,64,Basic Pokémon,Pokémon ex,n/a,n/a,210,{M},{R},{G},2,[Ability] Metal Road,n/a,n/a,"Once during your turn, when this Pokémon moves from your Bench to the Active Spot, you may use this Ability. Move any amount of {M} Energy from your other Pokémon to this Pokémon.",Iron Will
1334,Cobalion ex,CRI,64,Basic Pokémon,Pokémon ex,n/a,n/a,210,{M},{R},{G},2,Power Tackle,{M}{M}●,200,"During your next turn, this Pokémon can’t use attacks.",Iron Will
1335,Mega Dragalge ex,CRI,65,Stage 1 Pokémon,Mega Pokémon ex,n/a,Skrelp,330,{N},n/a,n/a,2,Corrosive Liquid,●●,n/a,Discard all Pokémon Tools and Special Energy from all of your opponent’s Pokémon.,n/a
1335,Mega Dragalge ex,CRI,65,Stage 1 Pokémon,Mega Pokémon ex,n/a,Skrelp,330,{N},n/a,n/a,2,Pernicious Poison,{W}{D},n/a,"Your opponent’s Active Pokémon is now Poisoned. During Pokémon Checkup, place 16 damage counters on that Pokémon instead of 1.",n/a
1336,Goomy,CRI,66,Basic Pokémon,n/a,n/a,n/a,60,{N},n/a,n/a,2,Absorb,{W}{P},30,Heal 30 damage from this Pokémon.,Soft Tissue
1337,Sliggoo,CRI,67,Stage 1 Pokémon,n/a,n/a,Goomy,90,{N},n/a,n/a,3,Gentle Slap,{W}{P},70,n/a,Soft Tissue
1338,Goodra,CRI,68,Stage 2 Pokémon,n/a,n/a,Sliggoo,160,{N},n/a,n/a,3,[Ability] Slimy Sliding,n/a,n/a,"When your opponent’s Active Pokémon retreats, your opponent flips a coin. If tails, Energy for its Retreat Cost is not discarded, and they don’t switch Pokémon. The effect of Slimy Sliding doesn’t stack.",Dragon
1338,Goodra,CRI,68,Stage 2 Pokémon,n/a,n/a,Sliggoo,160,{N},n/a,n/a,3,Dragon Pulse,{W}{P},160,Discard the top card of your deck.,Dragon
1339,Tauros,CRI,69,Basic Pokémon,n/a,n/a,n/a,130,{C},{F},n/a,2,Target Together,●●,n/a,Choose 1 of your opponent’s Pokémon and flip a coin for each of your Pokémon in play that has “Tauros” in its name. This attack does 50 damage to the chosen Pokémon for each heads. (Don’t apply Weakness and Resistance for Benched Pokémon.)​​​​​​​​​​​​​​,Wild Bull
1340,Patrat,CRI,70,Basic Pokémon,n/a,n/a,n/a,70,{C},{F},n/a,1,[Ability] Watchful Eye,n/a,n/a,Damage counters on each Pokémon (both yours and your opponent’s) can’t be moved to other Pokémon.,Scout
1340,Patrat,CRI,70,Basic Pokémon,n/a,n/a,n/a,70,{C},{F},n/a,1,Bite,●,10,n/a,Scout
1341,Watchog,CRI,71,Stage 1 Pokémon,n/a,n/a,Patrat,100,{C},{F},n/a,1,Snap Inspection,●,n/a,"Flip 3 coins. If any of them are heads, your opponent reveals their hand. For each heads, choose a card you find there and shuffle it into your opponent’s deck.",Lookout
1341,Watchog,CRI,71,Stage 1 Pokémon,n/a,n/a,Patrat,100,{C},{F},n/a,1,Low Kick,●,50,n/a,Lookout
1342,Minccino,CRI,72,Basic Pokémon,n/a,n/a,n/a,70,{C},{F},n/a,1,Take Down,●,30,This Pokémon also does 10 damage to itself.,Chinchilla
1343,Cinccino ex,CRI,73,Stage 1 Pokémon,Pokémon ex,n/a,Minccino,240,{C},{F},n/a,1,[Ability] Smooth Coat,n/a,n/a,"If any damage is done to this Pokémon by attacks, flip a coin. If heads, prevent that damage.",Scarf
1343,Cinccino ex,CRI,73,Stage 1 Pokémon,Pokémon ex,n/a,Minccino,240,{C},{F},n/a,1,Energized Slap,●,40×,This attack does 40 damage for each Energy attached to this Pokémon.,Scarf
1344,Tropius,PBL,1,Basic Pokémon,n/a,n/a,n/a,110,{G},{R},n/a,1,Fruity Aroma,●,n/a,"Look at the top 6 cards of your deck, and you may reveal any number of Pokémon you find there and put them into your hand. Shuffle the other cards back into your deck.",Fruit
1344,Tropius,PBL,1,Basic Pokémon,n/a,n/a,n/a,110,{G},{R},n/a,1,Solar Beam,{G}●,60,n/a,Fruit
1345,Grubbin,PBL,2,Basic Pokémon,n/a,n/a,n/a,70,{G},{R},n/a,2,String Shot,●,10,"Flip a coin. If heads, your opponent’s Active Pokémon is now Paralyzed.",Larva
1346,Fomantis,PBL,3,Basic Pokémon,n/a,n/a,n/a,70,{G},{R},n/a,1,Reckless Charge,{G},30,This Pokémon also does 10 damage to itself.,Sickle Grass
1347,Lurantis ex,PBL,4,Stage 1 Pokémon,Pokémon ex,n/a,Fomantis,260,{G},{R},n/a,1,Lively Cutter,{G},60,"If this Pokémon was healed during this turn, this attack does 200 more damage.",Bloom Sickle
1347,Lurantis ex,PBL,4,Stage 1 Pokémon,Pokémon ex,n/a,Fomantis,260,{G},{R},n/a,1,Leaf Guard,{G}●,140,"During your opponent’s next turn, this Pokémon takes 50 less damage from attacks (after applying Weakness and Resistance).",n/a
1348,Poltchageist,PBL,5,Basic Pokémon,n/a,n/a,n/a,30,{G},{R},n/a,n/a,[Ability] Hide ’n’ Sneak,n/a,n/a,Prevent all effects of your opponent’s Pokémon’s attacks and Abilities done to this Pokémon. (Damage is not an effect.),Matcha
1348,Poltchageist,PBL,5,Basic Pokémon,n/a,n/a,n/a,30,{G},{R},n/a,n/a,Furtive Drop,●,n/a,Place 1 damage counter on your opponent’s Active Pokémon.,Matcha
1349,Sinistcha,PBL,6,Stage 1 Pokémon,n/a,n/a,Poltchageist,60,{G},{R},n/a,1,[Ability] Hide ’n’ Sneak,n/a,n/a,Prevent all effects of your opponent’s Pokémon’s attacks and Abilities done to this Pokémon. (Damage is not an effect.),Matcha
1349,Sinistcha,PBL,6,Stage 1 Pokémon,n/a,n/a,Poltchageist,60,{G},{R},n/a,1,Matcha Spin,●,n/a,"If you have 6 or more Pokémon that have the Hide ’n’ Sneak Ability in your discard pile, place 4 damage counters on each of your opponent’s Pokémon.",Matcha
1350,Heatran,PBL,7,Basic Pokémon,n/a,n/a,n/a,140,{R},{W},n/a,4,Singe,{R},n/a,Your opponent’s Active Pokémon is now Burned.,Lava Dome
1350,Heatran,PBL,7,Basic Pokémon,n/a,n/a,n/a,140,{R},{W},n/a,4,Lava Wall,{R}{R}●,120,"During your opponent’s next turn, prevent all damage done to this Pokémon by attacks from Burned Pokémon.",Lava Dome
1351,Sizzlipede,PBL,9,Basic Pokémon,n/a,n/a,n/a,80,{R},{W},n/a,2,Controlled Burn,{R},n/a,Discard the top card of your opponent’s deck.,Radiator
1351,Sizzlipede,PBL,9,Basic Pokémon,n/a,n/a,n/a,80,{R},{W},n/a,2,Bug Out,●●●,50×,"Reveal the bottom 7 cards of your deck, and this attack does 50 damage for each Pokémon you find there that has the Bug Out attack. Then, shuffle any revealed Pokémon back into your deck. Discard the other cards.",Radiator
1352,Centiskorch,PBL,10,Stage 1 Pokémon,n/a,n/a,Sizzlipede,140,{R},{W},n/a,3,Controlled Burn,{R},n/a,Discard the top 2 cards of your opponent’s deck.,Radiator
1352,Centiskorch,PBL,10,Stage 1 Pokémon,n/a,n/a,Sizzlipede,140,{R},{W},n/a,3,Heat Tackle,{R}●●●,160,This Pokémon also does 30 damage to itself.,Radiator
1353,Charcadet,PBL,11,Basic Pokémon,n/a,n/a,n/a,80,{R},{W},n/a,2,Best Punch,{R},40,"Flip a coin. If tails, this attack does nothing.",Fire Child
1354,Armarouge,PBL,12,Stage 1 Pokémon,n/a,n/a,Charcadet,140,{R},{W},n/a,2,Flame Legion,{R},40,This attack does 40 more damage for each of your Benched Pokémon that has any {R} Energy attached.,Fire Warrior
1355,Goldeen,PBL,13,Basic Pokémon,n/a,n/a,n/a,70,{W},{L},n/a,1,Pierce,●●,30,n/a,Goldfish
1356,Seaking,PBL,14,Stage 1 Pokémon,n/a,n/a,Goldeen,110,{W},{L},n/a,1,Hydro Jet,●●●,n/a,This attack does 30 damage to 1 of your opponent’s Pokémon for each {W} Energy attached to this Pokémon. (Don’t apply Weakness and Resistance for Benched Pokémon.),Goldfish
1357,Wailmer,PBL,15,Basic Pokémon,n/a,n/a,n/a,130,{W},{L},n/a,4,Water Gun,{W}{W},40,n/a,Ball Whale
1357,Wailmer,PBL,15,Basic Pokémon,n/a,n/a,n/a,130,{W},{L},n/a,4,Wave Splash,{W}{W}{W},80,n/a,Ball Whale
1358,Wailord ex,PBL,16,Stage 1 Pokémon,Pokémon ex,n/a,Wailmer,380,{W},{L},n/a,4,Surf,{W}{W}{W},120,n/a,Float Whale
1358,Wailord ex,PBL,16,Stage 1 Pokémon,Pokémon ex,n/a,Wailmer,380,{W},{L},n/a,4,Falling Down,{W}{W}{W}{W}{W},270,This Pokémon is now Asleep.,Float Whale
1359,Relicanth,PBL,17,Basic Pokémon,n/a,n/a,n/a,100,{W},{L},n/a,1,Fossil Beatdown,●,10,This attack does 30 more damage for each of your Benched Pokémon that has “Antique” in its name.,Longevity
1360,Popplio,PBL,18,Basic Pokémon,n/a,n/a,n/a,70,{W},{L},n/a,1,Pound,{W},20,n/a,Sea Lion
1361,Brionne,PBL,19,Stage 1 Pokémon,n/a,n/a,Popplio,90,{W},{L},n/a,2,Hyper Voice,{W},40,n/a,Pop Star
1362,Primarina,PBL,20,Stage 2 Pokémon,n/a,n/a,Brionne,150,{W},{L},n/a,2,[Ability] Enriching Melody,n/a,n/a,"Once during your turn, when you play this Pokémon from your hand to evolve 1 of your Pokémon, you may use this Ability. Heal all damage from 1 of your Pokémon.",Soloist
1362,Primarina,PBL,20,Stage 2 Pokémon,n/a,n/a,Brionne,150,{W},{L},n/a,2,Aqua Return,{W}●,120,Shuffle this Pokémon and all attached cards into your deck.,Soloist
1363,Finizen,PBL,21,Basic Pokémon,n/a,n/a,n/a,80,{W},{L},n/a,2,Draining Fin,{W}{W},20,Heal 20 damage from this Pokémon.,Dolphin
1364,Palafin,PBL,22,Stage 1 Pokémon,n/a,n/a,Finizen,150,{W},{L},n/a,2,Knuckle Justice,{W}{W},80,"If your opponent has exactly 1 Prize card remaining, this attack does 200 more damage.",Hero
1365,Electrike,PBL,23,Basic Pokémon,n/a,n/a,n/a,70,{L},{F},n/a,1,Collect,{L},n/a,Draw a card.,Lightning
1365,Electrike,PBL,23,Basic Pokémon,n/a,n/a,n/a,70,{L},{F},n/a,1,Tackle,{L}{L},30,n/a,Lightning
1366,Manectric,PBL,24,Stage 1 Pokémon,n/a,n/a,Electrike,120,{L},{F},n/a,1,Flashing Barrier,{L}{L},50,"During your opponent’s next turn, prevent all damage done to this Pokémon by attacks from Evolution Pokémon.",Discharge
1366,Manectric,PBL,24,Stage 1 Pokémon,n/a,n/a,Electrike,120,{L},{F},n/a,1,Sonic Edge,{L}{L}{L},110,This attack’s damage isn’t affected by any effects on your opponent’s Active Pokémon.,Discharge
1367,Charjabug,PBL,25,Stage 1 Pokémon,n/a,n/a,Grubbin,100,{L},{F},n/a,2,Vise Grip,{L},30,n/a,Battery
1367,Charjabug,PBL,25,Stage 1 Pokémon,n/a,n/a,Grubbin,100,{L},{F},n/a,2,Ram,{L}{L},50,n/a,Battery
1368,Vikavolt,PBL,26,Stage 2 Pokémon,n/a,n/a,Charjabug,160,{L},{F},n/a,2,Quick Dive,{L},n/a,This attack does 50 damage to 1 of your opponent’s Pokémon. (Don’t apply Weakness and Resistance for Benched Pokémon.),Stag Beetle
1368,Vikavolt,PBL,26,Stage 2 Pokémon,n/a,n/a,Charjabug,160,{L},{F},n/a,2,Giga Railgun,{L}{L},260,"If this Pokémon has no Voltaic {L} Energy attached, this attack does nothing.",Stag Beetle
1369,Mega Zeraora ex,PBL,27,Basic Pokémon,Mega Pokémon ex,n/a,n/a,270,{L},{F},n/a,1,Thunderous Fist,{L},60×,This attack does 60 damage for each {L} Energy attached to this Pokémon.,n/a
1369,Mega Zeraora ex,PBL,27,Basic Pokémon,Mega Pokémon ex,n/a,n/a,270,{L},{F},n/a,1,Zepto Turn,{L}{L}{L},150,Switch this Pokémon with 1 of your Benched Pokémon.,n/a
1370,Miraidon,PBL,28,Basic Pokémon,n/a,n/a,n/a,120,{L},{F},n/a,1,[Ability] Photon Cord,n/a,n/a,"If this Pokémon is in the Active Spot and is Knocked Out by damage from an attack from your opponent’s Pokémon, move up to 2 Basic {L} Energy cards from this Pokémon to 1 of your Benched Pokémon.",Paradox
1370,Miraidon,PBL,28,Basic Pokémon,n/a,n/a,n/a,120,{L},{F},n/a,1,Thunder,{L}{L},90,This Pokémon also does 30 damage to itself.,Paradox
1371,Slowpoke,PBL,29,Basic Pokémon,n/a,n/a,n/a,70,{P},{D},{F},2,All-You-Can-Yeet,{P},n/a,You may discard any number of cards from your hand.,Dopey
1371,Slowpoke,PBL,29,Basic Pokémon,n/a,n/a,n/a,70,{P},{D},{F},2,Headbutt,●●,20,n/a,Dopey
1372,Slowbro,PBL,30,Stage 1 Pokémon,n/a,n/a,Slowpoke,130,{P},{D},{F},3,All Out,{P},50,"If you have no cards in your hand, this attack does 160 more damage.",Hermit Crab
1372,Slowbro,PBL,30,Stage 1 Pokémon,n/a,n/a,Slowpoke,130,{P},{D},{F},3,Zen Headbutt,●●●,110,n/a,Hermit Crab
1373,Jynx,PBL,32,Basic Pokémon,n/a,n/a,n/a,100,{P},{D},{F},1,Intense Kiss,{P},n/a,"At the end of your opponent’s next turn, discard the Defending Pokémon and all attached cards.",Human Shape
1373,Jynx,PBL,32,Basic Pokémon,n/a,n/a,n/a,100,{P},{D},{F},1,Psy Bolt,{P}●,50,"Flip a coin. If heads, your opponent’s Active Pokémon is now Paralyzed.",Human Shape
1374,Shuppet,PBL,33,Basic Pokémon,n/a,n/a,n/a,50,{P},{D},{F},1,[Ability] Hide ’n’ Sneak,n/a,n/a,Prevent all effects of your opponent’s Pokémon’s attacks and Abilities done to this Pokémon. (Damage is not an effect.),Puppet
1374,Shuppet,PBL,33,Basic Pokémon,n/a,n/a,n/a,50,{P},{D},{F},1,Hang Down,{P},10,n/a,Puppet
1375,Banette,PBL,34,Stage 1 Pokémon,n/a,n/a,Shuppet,80,{P},{D},{F},1,[Ability] Hide ’n’ Sneak,n/a,n/a,Prevent all effects of your opponent’s Pokémon’s attacks and Abilities done to this Pokémon. (Damage is not an effect.),Marionette
1375,Banette,PBL,34,Stage 1 Pokémon,n/a,n/a,Shuppet,80,{P},{D},{F},1,Puppet Pull,{P},80,"You may search your deck for a card and put it into your hand. Then, shuffle your deck.",Marionette
1376,Spiritomb,PBL,35,Basic Pokémon,n/a,n/a,n/a,60,{P},{D},{F},1,Spiritual End,{P},n/a,"If you have 13 or more Pokémon that have the Hide ’n’ Sneak Ability in your discard pile, choose 2 of your opponent’s Pokémon and quadruple the number of damage counters on each of them.",Forbidden
1377,Litwick,PBL,36,Basic Pokémon,n/a,n/a,n/a,70,{P},{D},{F},1,Will-O-Wisp,{P},20,n/a,Candle
1378,Lampent,PBL,37,Stage 1 Pokémon,n/a,n/a,Litwick,90,{P},{D},{F},1,Spreading Light,{P},n/a,"Search your deck for up to 3 Lampent and put them onto your Bench. Then, shuffle your deck.",Lamp
1379,Mega Chandelure ex,PBL,38,Stage 2 Pokémon,Mega Pokémon ex,n/a,Lampent,350,{P},{D},{F},2,[Ability] Binding Flame,n/a,n/a,Your opponent’s Active Pokémon’s Retreat Cost is {C} more.,n/a
1379,Mega Chandelure ex,PBL,38,Stage 2 Pokémon,Mega Pokémon ex,n/a,Lampent,350,{P},{D},{F},2,Phantom Maze,{P}{P},130,This attack does 50 more damage for each {C} in your opponent’s Active Pokémon’s Retreat Cost.,n/a
1380,Dhelmise,PBL,39,Basic Pokémon,n/a,n/a,n/a,140,{P},{D},{F},3,Vengeful Anchor,{P},30,"If you have 4 or more Pokémon that have the Hide ’n’ Sneak Ability in your discard pile, this attack does 140 more damage.",Sea Creeper
1381,Marshadow,PBL,40,Basic Pokémon,n/a,n/a,n/a,90,{P},{D},{F},1,Shadowy Knot,{P},30×,This attack does 30 damage for each {C} in your opponent’s Active Pokémon’s Retreat Cost.,Gloomdweller
1382,Annihilape,PBL,41,Stage 2 Pokémon,n/a,n/a,Primeape,150,{P},{D},{F},2,[Ability] Durable Body,n/a,n/a,"If this Pokémon would be Knocked Out by damage from an attack, flip a coin. If heads, this Pokémon is not Knocked Out, and its remaining HP becomes 10.",Rage Monkey
1382,Annihilape,PBL,41,Stage 2 Pokémon,n/a,n/a,Primeape,150,{P},{D},{F},2,Ghostly Blow,{P}{P},100,Place 5 damage counters on 1 of your opponent’s Benched Pokémon.,n/a
1383,Mankey,PBL,42,Basic Pokémon,n/a,n/a,n/a,50,{F},{P},n/a,1,Low Kick,●,20,n/a,Pig Monkey
1384,Primeape,PBL,43,Stage 1 Pokémon,n/a,n/a,Mankey,110,{F},{P},n/a,2,Corkscrew Punch,●●,50,n/a,Pig Monkey
1385,Cranidos,PBL,44,Stage 1 Pokémon,n/a,n/a,Antique Skull Fossil,100,{F},{G},n/a,2,Push Down,{F}{F},70,Switch out your opponent’s Active Pokémon to the Bench. (Your opponent chooses the new Active Pokémon.),Head Butt
1386,Rampardos ex,PBL,45,Stage 2 Pokémon,Pokémon ex,n/a,Cranidos,330,{F},{G},n/a,2,[Ability] Destructive Headbutting,n/a,n/a,"Once during your turn, if this Pokémon is in the Active Spot, you may use this Ability. Flip a coin. If heads, discard an Energy from your opponent’s Active Pokémon.",Head Butt
1386,Rampardos ex,PBL,45,Stage 2 Pokémon,Pokémon ex,n/a,Cranidos,330,{F},{G},n/a,2,Rowdy Hammer,{F}{F},150,"During your next turn, attacks used by this Pokémon do 150 more damage to your opponent’s Active Pokémon (before applying Weakness and Resistance).",Head Butt
1387,Drilbur,PBL,46,Basic Pokémon,n/a,n/a,n/a,70,{F},{G},n/a,2,Call for Family,●,n/a,"Search your deck for up to 2 Basic Pokémon and put them onto your Bench. Then, shuffle your deck.",Mole
1387,Drilbur,PBL,46,Basic Pokémon,n/a,n/a,n/a,70,{F},{G},n/a,2,Dig Claws,●●●,50,n/a,Mole
1388,Koraidon,PBL,47,Basic Pokémon,n/a,n/a,n/a,130,{F},{P},n/a,2,Battle Claw,{F},30,"If your opponent’s Active Pokémon is an Evolution Pokémon, this attack does 30 more damage.",Paradox
1388,Koraidon,PBL,47,Basic Pokémon,n/a,n/a,n/a,130,{F},{P},n/a,2,Gaia Impact,{F}{F}●,190,Discard all Energy from this Pokémon.,Paradox
1389,Mega Darkrai ex,PBL,48,Basic Pokémon,Mega Pokémon ex,n/a,n/a,280,{D},{G},n/a,2,Dusk Raid,{D}{D},110,"If your Benched Pokémon have any damage counters on them, this attack does 110 more damage.",n/a
1389,Mega Darkrai ex,PBL,48,Basic Pokémon,Mega Pokémon ex,n/a,n/a,280,{D},{G},n/a,2,Abyss Eye,{D}{D}{D},n/a,"If your opponent’s Active Pokémon is affected by a Special Condition, it is Knocked Out.",n/a
1390,Vullaby,PBL,49,Basic Pokémon,n/a,n/a,n/a,70,{D},{L},{F},1,Flap,{D},10,n/a,Diapered
1390,Vullaby,PBL,49,Basic Pokémon,n/a,n/a,n/a,70,{D},{L},{F},1,Gust,{D}●,20,n/a,Diapered
1391,Mandibuzz,PBL,50,Stage 1 Pokémon,n/a,n/a,Vullaby,120,{D},{L},{F},2,Bone Sniper,{D},n/a,This attack does 70 damage to 1 of your opponent’s Pokémon that has any Special Energy attached. (Don’t apply Weakness and Resistance for Benched Pokémon.),Bone Vulture
1391,Mandibuzz,PBL,50,Stage 1 Pokémon,n/a,n/a,Vullaby,120,{D},{L},{F},2,Blasting Wind,{D}{D}●,120,n/a,Bone Vulture
1392,Inkay,PBL,51,Basic Pokémon,n/a,n/a,n/a,60,{D},{G},n/a,1,Procurement,{D},n/a,"Search your deck for an Item card, reveal it, and put it into your hand. Then, shuffle your deck.",Revolving
1392,Inkay,PBL,51,Basic Pokémon,n/a,n/a,n/a,60,{D},{G},n/a,1,Spinning Attack,{D}{D},30,n/a,Revolving
1393,Malamar,PBL,52,Stage 1 Pokémon,n/a,n/a,Inkay,120,{D},{G},n/a,2,Perplex,{D},n/a,Your opponent’s Active Pokémon is now Confused.,Overturning
1393,Malamar,PBL,52,Stage 1 Pokémon,n/a,n/a,Inkay,120,{D},{G},n/a,2,Brain Crush,{D},130,"If your opponent’s Active Pokémon isn’t Confused, this attack does nothing.",Overturning
1394,Nickit,PBL,53,Basic Pokémon,n/a,n/a,n/a,70,{D},{G},n/a,1,Gnaw,{D},10,n/a,Fox
1394,Nickit,PBL,53,Basic Pokémon,n/a,n/a,n/a,70,{D},{G},n/a,1,Rear Kick,{D}●,30,n/a,Fox
1395,Thievul,PBL,54,Stage 1 Pokémon,n/a,n/a,Nickit,100,{D},{G},n/a,1,Skill Thief,●●,n/a,"If you have no cards in your hand, choose an attack from 1 of your opponent’s Pokémon in play and use it as this attack.",Fox
1395,Thievul,PBL,54,Stage 1 Pokémon,n/a,n/a,Nickit,100,{D},{G},n/a,1,Sharp Fang,{D}●●,80,n/a,Fox
1396,Morpeko ex,PBL,55,Basic Pokémon,Pokémon ex,n/a,n/a,180,{D},{G},n/a,1,Wheely Draw,{D},n/a,"Shuffle your hand into your deck. Then, draw 6 cards.",Two-Sided
1396,Morpeko ex,PBL,55,Basic Pokémon,Pokémon ex,n/a,n/a,180,{D},{G},n/a,1,Hangry Blaster,{D}{D},40,This attack does 40 more damage for each damage counter on this Pokémon.,Two-Sided
1397,Zarude,PBL,56,Basic Pokémon,n/a,n/a,n/a,130,{D},{G},n/a,2,Overhead Throw,{D},30,This attack also does 30 damage to 1 of your Benched Pokémon. (Don’t apply Weakness and Resistance for Benched Pokémon.),Rogue Monkey
1397,Zarude,PBL,56,Basic Pokémon,n/a,n/a,n/a,130,{D},{G},n/a,2,Shadowy Whip,{D}{D}{D},100,"If your Benched Pokémon have any Shadowy {D} Energy attached, this attack does 70 more damage.",Rogue Monkey
1398,Maschiff,PBL,57,Basic Pokémon,n/a,n/a,n/a,70,{D},{G},n/a,2,Bite,{D}{D},40,n/a,Rascal
1399,Mabosstiff,PBL,58,Stage 1 Pokémon,n/a,n/a,Maschiff,140,{D},{G},n/a,3,Bite,{D}{D},60,n/a,Boss
1399,Mabosstiff,PBL,58,Stage 1 Pokémon,n/a,n/a,Maschiff,140,{D},{G},n/a,3,Plunging Headbutt,{D}{D}{D},210,"During your opponent’s next turn, this Pokémon takes 100 more damage from attacks (after applying Weakness and Resistance).",Boss
1400,Chi-Yu,PBL,59,Basic Pokémon,n/a,n/a,n/a,90,{D},{G},n/a,1,Whirling Envy,{D},20,"If this Pokémon has 2 or more damage counters on it, this attack does 90 more damage. This attack’s damage isn’t affected by Weakness.",Ruinous
1401,Skarmory,PBL,60,Basic Pokémon,n/a,n/a,n/a,120,{M},{L},{F},1,Steel Cutter,{M},40×,"Discard up to 2 Basic {M} Energy cards from your hand, and this attack does 40 damage for each card you discarded in this way.",Armor Bird
1402,Shieldon,PBL,61,Stage 1 Pokémon,n/a,n/a,Antique Armor Fossil,100,{M},{R},{G},3,Smithereen Smash,{M}●,50,Discard an Energy from your opponent’s Active Pokémon.,Shield
1403,Bastiodon,PBL,62,Stage 2 Pokémon,n/a,n/a,Shieldon,160,{M},{R},{G},4,[Ability] Ancient Bulwark,n/a,n/a,"As long as this Pokémon is on your Bench, prevent all damage done to each of your Pokémon by attacks from your opponent’s Pokémon that have 2 or less Energy attached.",Shield
1403,Bastiodon,PBL,62,Stage 2 Pokémon,n/a,n/a,Shieldon,160,{M},{R},{G},4,Hammer In,{M}{M}●,160,n/a,Shield
1404,Bronzor,PBL,63,Basic Pokémon,n/a,n/a,n/a,80,{M},{R},{G},3,Mirror Attack,{M},10,"If your opponent’s Active Pokémon is a {M} Pokémon, this attack does 30 more damage.",Bronze
1405,Bronzong,PBL,64,Stage 1 Pokémon,n/a,n/a,Bronzor,130,{M},{R},{G},3,Gentle Slap,{M},40,n/a,Bronze Bell
1405,Bronzong,PBL,64,Stage 1 Pokémon,n/a,n/a,Bronzor,130,{M},{R},{G},3,Metal Block,{M}{M}●,120,"During your opponent’s next turn, this Pokémon takes 100 less damage from attacks from Evolution Pokémon (after applying Weakness and Resistance).",Bronze Bell
1406,Mega Excadrill ex,PBL,65,Stage 1 Pokémon,Mega Pokémon ex,n/a,Drilbur,340,{M},{R},{G},4,Undermine,{M}{M},90,Discard the top 2 cards of your opponent’s deck.,n/a
1406,Mega Excadrill ex,PBL,65,Stage 1 Pokémon,Mega Pokémon ex,n/a,Drilbur,340,{M},{R},{G},4,Maximum Drilling,{M}{M}{M},200,"If this Pokémon has at least 2 extra Energy attached (in addition to this attack’s cost), this attack does 130 more damage.",n/a
1407,Pikipek,PBL,66,Basic Pokémon,n/a,n/a,n/a,70,{C},{L},{F},1,Double Stab,●,10×,Flip 2 coins. This attack does 10 damage for each heads.,Woodpecker
1408,Trumbeak,PBL,67,Stage 1 Pokémon,n/a,n/a,Pikipek,90,{C},{L},{F},1,Fly,●,30,"Flip a coin. If tails, this attack does nothing. If heads, during your opponent’s next turn, prevent all damage from and effects of attacks done to this Pokémon.",Bugle Beak
1409,Toucannon,PBL,68,Stage 2 Pokémon,n/a,n/a,Trumbeak,150,{C},{L},{F},2,[Ability] Aerial Draw,n/a,n/a,"Once during your turn, you may use this Ability. Draw a card.",Cannon
1409,Toucannon,PBL,68,Stage 2 Pokémon,n/a,n/a,Trumbeak,150,{C},{L},{F},2,Feather Rondo,●,60,This attack does 20 more damage for each Benched Pokémon (both yours and your opponent’s).,Cannon
1410,Type: Null,PBL,69,Basic Pokémon,n/a,n/a,n/a,110,{C},{F},n/a,2,Power Edge,●●,40,n/a,Synthetic
1411,Silvally,PBL,70,Stage 1 Pokémon,n/a,n/a,Type: Null,140,{C},{F},n/a,2,[Ability] Call a Buddy,n/a,n/a,"Once during your turn, if you have no cards in your hand, you may use this Ability. Search your deck for a Supporter card, reveal it, and put it into your hand. Then, shuffle your deck.",Synthetic
1411,Silvally,PBL,70,Stage 1 Pokémon,n/a,n/a,Type: Null,140,{C},{F},n/a,2,Air Slash,●●●,130,Discard an Energy from this Pokémon.,Synthetic
1412,Bombirdier,PBL,71,Basic Pokémon,n/a,n/a,n/a,100,{C},{L},{F},1,Challenging Delivery,●●,n/a,"Flip 2 coins. If both of them are heads, search your deck for a Pokémon and put it onto your Bench. Then, shuffle your deck.",Item Drop
1412,Bombirdier,PBL,71,Basic Pokémon,n/a,n/a,n/a,100,{C},{L},{F},1,Speed Wing,●●●,100,n/a,Item Drop
1413,Special Red Card,CRI,82,Item,n/a,n/a,n/a,n/a,n/a,,,n/a,n/a,n/a,n/a,"You can use this card only if your opponent has 3 or fewer Prize cards remaining.

Your opponent shuffles their hand and puts it on the bottom of their deck. If they put any cards on the bottom of their deck in this way, they draw 3 cards.",n/a
1414,Great Haul Net,CRI,78,Item,n/a,n/a,n/a,n/a,n/a,,,n/a,n/a,n/a,n/a,"Choose 1 or both:
• Shuffle up to 3 {W} Pokémon from your discard pile into your deck.
• Shuffle up to 3 Basic {W} Energy cards from your discard pile into your deck.",n/a
1415,Transformation Tome,CRI,83,Item,n/a,n/a,n/a,n/a,n/a,,,n/a,n/a,n/a,n/a,"You must play 2 Transformation Tome cards at once. (This effect works one time for 2 cards.)

Choose a Basic Pokémon in your discard pile and switch it with 1 of your Basic Pokémon in play. Any attached cards, damage counters, Special Conditions, turns in play, and any other effects remain on the new Pokémon.",n/a
1416,Dark Bell,PBL,75,Item,n/a,n/a,n/a,n/a,n/a,,,n/a,n/a,n/a,n/a,Both Active non-{D} Pokémon are now Confused.,n/a
1417,Antique Skull Fossil,PBL,73,Item,n/a,Fossil,Evolve to Cranidos,60,n/a,,,n/a,n/a,n/a,n/a,"Play this card as if it were a 60-HP Basic {C} Pokémon. This card can’t be affected by any Special Conditions and can’t retreat.

At any time during your turn, you may discard this card from play.",n/a
1417,Antique Skull Fossil,PBL,73,Item,n/a,Fossil,Evolve to Cranidos,60,n/a,,,n/a,[Ability] Spiny Skull,n/a,n/a,"If this Pokémon is in the Active Spot and is damaged by an attack from your opponent’s Pokémon (even if this Pokémon is Knocked Out), place 3 damage counters on the Attacking Pokémon.",n/a
1418,Antique Armor Fossil,PBL,72,Item,n/a,Fossil,Evolve to Shieldon,60,n/a,,,n/a,n/a,n/a,n/a,"Play this card as if it were a 60-HP Basic {C} Pokémon. This card can’t be affected by any Special Conditions and can’t retreat.

At any time during your turn, you may discard this card from play.",n/a
1418,Antique Armor Fossil,PBL,72,Item,n/a,Fossil,Evolve to Shieldon,60,n/a,,,n/a,[Ability] Protective Armor,n/a,n/a,"As long as this Pokémon is in the Active Spot, all of your Pokémon take 10 less damage from attacks from your opponent’s Pokémon (after applying Weakness and Resistance).",n/a
1419,Tremendous Bomb,PBL,82,Pokémon Tool,n/a,n/a,n/a,n/a,n/a,,,n/a,n/a,n/a,n/a,"If the Pokémon this card is attached to isn’t a Mega Evolution Pokémon {ex}, is in the Active Spot, and takes 240 or more damage from an attack from your opponent’s Mega Evolution Pokémon {ex} (even if this Pokémon is Knocked Out), place 12 damage counters on the Attacking Pokémon. If you placed any damage counters in this way, discard this card.",n/a
1420,Backtrack Badge,PBL,74,Pokémon Tool,n/a,n/a,n/a,n/a,n/a,,,n/a,n/a,n/a,n/a,"Once during your turn, after you flip any coins for an attack of the {C} Pokémon this card is attached to, you may ignore all results of those coin flips and begin flipping those coins again.",n/a
1421,AZ’s Tranquility,CRI,76,Supporter,n/a,n/a,n/a,n/a,n/a,,,n/a,n/a,n/a,n/a,"Switch your Active Pokémon with 1 of your Benched Pokémon. If you moved a Pokémon {ex} to your Bench in this way, heal 80 damage from that Pokémon.",n/a
1422,Philippe,CRI,79,Supporter,n/a,n/a,n/a,n/a,n/a,,,n/a,n/a,n/a,n/a,Attach up to 2 Basic {M} Energy cards from your discard pile to 1 of your {M} Pokémon.,n/a
1423,Roxie’s Performance,CRI,81,Supporter,n/a,n/a,n/a,n/a,n/a,,,n/a,n/a,n/a,n/a,"During your opponent’s next turn, their Poisoned Pokémon can’t retreat. (This includes newly Poisoned Pokémon.)",n/a
1424,Emma,CRI,77,Supporter,n/a,n/a,n/a,n/a,n/a,,,n/a,n/a,n/a,n/a,"Your opponent reveals their hand, and you draw a card for each Pokémon you find there.",n/a
1425,Misty’s Vitality,PBL,80,Supporter,n/a,n/a,n/a,n/a,n/a,,,n/a,n/a,n/a,n/a,"Search your deck for up to 4 Basic {W} Energy cards and attach them to 1 of your Pokémon. Then, shuffle your deck. Your turn ends.",n/a
1426,Gladion’s Final Battle,PBL,77,Supporter,n/a,n/a,n/a,n/a,n/a,,,n/a,n/a,n/a,n/a,"You can use this card only when it is the last card in your hand.
During this turn, attacks used by your Pokémon that don’t have a Rule Box do 80 more damage to your opponent’s Active Pokémon (before applying Weakness and Resistance). (Pokémon {ex}, Pokémon {V}, etc. have Rule Boxes.)",n/a
1427,Rust Syndicate Grunt,PBL,81,Supporter,n/a,n/a,n/a,n/a,n/a,,,n/a,n/a,n/a,n/a,"You can use this card only if any of your Pokémon were Knocked Out during your opponent’s last turn.

Discard an Energy from 1 of your opponent’s Pokémon.",n/a
1428,Gwynn,PBL,78,Supporter,n/a,n/a,n/a,n/a,n/a,,,n/a,n/a,n/a,n/a,"Discard up to 2 Pokémon that don’t have a Rule Box from your hand, and draw 3 cards for each card you discarded in this way. (Pokémon {ex}, Pokémon {V}, etc. have Rule Boxes.)",n/a
1429,Ange Floette,CRI,75,Stadium,n/a,n/a,n/a,n/a,n/a,,,n/a,n/a,n/a,n/a,"You can put this card into play only if you discard a Prism Tower in play, and you can put this card into play during the same turn you play Prism Tower.
​​​​​Each Mega Floette {ex} in play (both yours and your opponent’s) gets +150 HP.",n/a
1430,Prism Tower,CRI,80,Stadium,n/a,n/a,n/a,n/a,n/a,,,n/a,n/a,n/a,n/a,"Once during each player’s turn, that player may discard 2 cards from their hand in order to draw a card.",n/a
1431,Fossil Quarry,PBL,76,Stadium,n/a,n/a,n/a,n/a,n/a,,,n/a,n/a,n/a,n/a,"Once during each player’s turn, that player may search their deck for up to 2 Item cards that have “Antique” in their name and put them onto their Bench. Then, that player shuffles their deck.",n/a
