カード ID,カード名,エキスパンションマーク,コレクション番号,ポケモンの進化の段階/エネルギー・トレーナーズの種類,ルール,カテゴリ,進化前,HP,タイプ,弱点,抵抗力,にげる,ワザ名,コスト,ダメージ,効果の説明
1,基本【草】エネルギー,,GRA,基本エネルギー,,,,,草,,,,,,,
2,基本【炎】エネルギー,,FIR,基本エネルギー,,,,,炎,,,,,,,
3,基本【水】エネルギー,,WAT,基本エネルギー,,,,,水,,,,,,,
4,基本【雷】エネルギー,,LIG,基本エネルギー,,,,,雷,,,,,,,
5,基本【超】エネルギー,,PSY,基本エネルギー,,,,,超,,,,,,,
6,基本【闘】エネルギー,,FIG,基本エネルギー,,,,,闘,,,,,,,
7,基本【悪】エネルギー,,DAR,基本エネルギー,,,,,悪,,,,,,,
8,基本【鋼】エネルギー,,MET,基本エネルギー,,,,,鋼,,,,,,,
9,ブーメランエネルギー,MC,738/742,特殊エネルギー,,,,,無,,,,,,,"このカードは、ポケモンについているかぎり、【無】エネルギー1個ぶんとしてはたらく。

このカードをつけているポケモンが使うワザの効果で、このカードがトラッシュされたなら、ワザのダメージや効果のあとに、もとのポケモンにつけなおす。"
10,ネオアッパーエネルギー,SV5K,071/071,特殊エネルギー,ACE SPEC,,,,虹虹,,,,,,,"このカードは、ポケモンについているかぎり、【無】エネルギー1個ぶんとしてはたらく。

【2進化】ポケモンについているなら、すべてのタイプのエネルギー2個ぶんとしてはたらく。"
11,ミストエネルギー,SVN,043/045,特殊エネルギー,,,,,無,,,,,,,"このカードは、ポケモンについているかぎり、【無】エネルギー1個ぶんとしてはたらく。

このカードをつけているポケモンは、相手のポケモンが使うワザの効果を受けない。（すでに受けている効果は、なくならない。）"
12,レガシーエネルギー,MC,741/742,特殊エネルギー,ACE SPEC,,,,虹,,,,,,,"このカードは、ポケモンについているかぎり、すべてのタイプのエネルギー1個ぶんとしてはたらく。
 
このカードをつけているポケモンが、相手のポケモンからワザのダメージを受けて【きぜつ】したとき、とられるサイドは1枚少なくなる。対戦中、自分の「レガシーエネルギー」のこの効果は、1回しかはたらかない。"
13,リッチエネルギー,MC,740/742,特殊エネルギー,ACE SPEC,,,,無,,,,,,,"このカードは、ポケモンについているかぎり、【無】エネルギー1個ぶんとしてはたらく。 

このカードを手札からポケモンにつけたとき、自分の山札を4枚引く。"
14,スパイクエネルギー,MC,737/742,特殊エネルギー,,,,,無,,,,,,,"このカードは、ポケモンについているかぎり、【無】エネルギー1個ぶんとしてはたらく。

このカードをつけているポケモンが、バトル場で相手のポケモンからワザのダメージを受けたとき、ワザを使ったポケモンにダメカンを2個のせる。"
15,ロケット団エネルギー,MC,742/742,特殊エネルギー,,,,,【ロケット団】【ロケット団】,,,,,,,"このカードは「ロケット団のポケモン」にしかつけられず、「ロケット団のポケモン」以外についているなら、トラッシュする。

このカードは、ポケモンについているかぎり、【超】【悪】の2つのタイプのエネルギー2個ぶんとしてはたらく。"
16,プリズムエネルギー,MC,739/742,特殊エネルギー,,,,,虹,,,,,,,"このカードは、ポケモンについているかぎり、【無】エネルギー1個ぶんとしてはたらく。

【たね】ポケモンについているなら、すべてのタイプのエネルギー1個ぶんとしてはたらく。"
17,イグニッションエネルギー,MC,736/742,特殊エネルギー,,,,,無無無,,,,,,,"ポケモンについているこのカードは、自分の番の終わりにトラッシュする。

このカードは、ポケモンについているかぎり、【無】エネルギー1個ぶんとしてはたらく。

進化ポケモンについているなら、【無】エネルギー3個ぶんとしてはたらく。"
18,グロウ【草】エネルギー,M3,078/080,特殊エネルギー,,,,,草,,,,,,,"このカードは、ポケモンについているかぎり、【草】エネルギー1個ぶんとしてはたらく。

このカードをつけている【草】ポケモンは、最大HPが「+20」される。"
19,テレパス【超】エネルギー,M3,079/080,特殊エネルギー,,,,,超,,,,,,,"このカードは、ポケモンについているかぎり、【超】エネルギー1個ぶんとしてはたらく。

このカードを手札から【超】ポケモンにつけたとき、自分の山札から【超】タイプの【たね】ポケモンを2枚まで選び、ベンチに出す。そして山札を切る。"
20,ロック【闘】エネルギー,M3,080/080,特殊エネルギー,,,,,闘,,,,,,,"このカードは、ポケモンについているかぎり、【闘】エネルギー1個ぶんとしてはたらく。

このカードをつけている【闘】ポケモンは、相手のポケモンが使うワザの効果を受けない。（すでに受けている効果は、なくならない。）"
21,ズルズキン,PROMO,158/SV-P,ポケモン/1進化,,,ズルッグ,120.0,悪,草,,1.0,かっぱらう,●,,自分のベンチポケモンの数ぶんまで、自分の山札から好きなカードを選び、手札に加える。そして山札を切る。
21,ズルズキン,PROMO,158/SV-P,ポケモン/1進化,,,ズルッグ,120.0,悪,草,,1.0,とびひざげり,悪●●,100,
22,ヒポポタス,PROMO,186/SV-P,ポケモン/たね,,,,90.0,闘,草,,3.0,つきとばす,闘,10,相手のバトルポケモンをベンチポケモンと入れ替える。［バトル場に出すポケモンは相手が選ぶ。］
23,カバルドン,PROMO,187/SV-P,ポケモン/1進化,,,ヒポポタス,160.0,闘,草,,4.0,ぶつかる,闘闘,60,
23,カバルドン,PROMO,187/SV-P,ポケモン/1進化,,,ヒポポタス,160.0,闘,草,,4.0,おおすなあらし,闘闘●,150,ダメカンがのっているおたがいのベンチポケモン全員にも、それぞれ40ダメージ。［ベンチは弱点・抵抗力を計算しない。］
24,ロケット団のガルーラex,PROMO,265/SV-P,ポケモン/たね,ex,トレーナーのポケモン（ロケット団・サカキ）,,230.0,無,闘,,2.0,れんぞくパンチ,●●,30×,コインを4回投げ、オモテの数×30ダメージ。
24,ロケット団のガルーラex,PROMO,265/SV-P,ポケモン/たね,ex,トレーナーのポケモン（ロケット団・サカキ）,,230.0,無,闘,,2.0,バッドインパクト,●●●,120,この番に、手札から、名前に「ロケット団」とつくサポートを出して使っていたなら、100ダメージ追加。
25,カイロス,SV5a,003/066,ポケモン/たね,,,,110.0,草,炎,,2.0,スロークランチ,草●,,このポケモンについているエネルギーを、すべてトラッシュする。次の相手の番の終わりに、このワザを受けたポケモンは【きぜつ】する。
25,カイロス,SV5a,003/066,ポケモン/たね,,,,110.0,草,炎,,2.0,かいりきホーン,草●●,100,
26,リーフィア,MC,037/742,ポケモン/1進化,,,イーブイ,120.0,草,炎,,1.0,わかばのめぐみ,●,,自分の手札から「基本【草】エネルギー」を1枚選び、ベンチポケモンにつける。その後、つけたポケモンのHPをすべて回復する。
26,リーフィア,MC,037/742,ポケモン/1進化,,,イーブイ,120.0,草,炎,,1.0,ソーラービーム,草●,70,
27,テツノイサハ,SV5a,007/066,ポケモン/たね,,未来,,120.0,草,炎,,1.0,リカバーネット,草,,自分のトラッシュからポケモンを2枚まで選び、相手に見せて、手札に加える。
27,テツノイサハ,SV5a,007/066,ポケモン/たね,,未来,,120.0,草,炎,,1.0,アベンジエッジ,草●●,100,前の相手の番に、ワザのダメージで、自分のポケモンが【きぜつ】していたなら、60ダメージ追加。
28,チャデス,SV8a,017/187,ポケモン/たね,,,,30.0,草,炎,,1.0,[特性]くらがくれ,,,このポケモンは、ベンチにいるかぎり、相手のポケモンからワザのダメージや効果を受けない。
28,チャデス,SV8a,017/187,ポケモン/たね,,,,30.0,草,炎,,1.0,ひっかける,草,10,
29,ヤバソチャex,MC,079/742,ポケモン/1進化,ex,,チャデス,240.0,草,炎,,1.0,せんじがえし,●,,自分のトラッシュにある「基本【草】エネルギー」をすべて相手に見せ、その枚数×2個ぶんのダメカンを、相手のポケモン1匹にのせる。その後、見せたエネルギーを山札にもどして切る。
29,ヤバソチャex,MC,079/742,ポケモン/1進化,ex,,チャデス,240.0,草,炎,,1.0,まっちゃスプラッシュ,草●,120,自分のポケモン全員のHPを、それぞれ「30」回復する。
30,マグカルゴex,MC,096/742,ポケモン/1進化,ex,テラスタル(ほのお),マグマッグ,270.0,炎,水,,3.0,テラスタル,,,このポケモンは、ベンチにいるかぎり、ワザのダメージを受けない。
30,マグカルゴex,MC,096/742,ポケモン/1進化,ex,テラスタル(ほのお),マグマッグ,270.0,炎,水,,3.0,あついマグマ,炎●,70,相手のバトルポケモンを【やけど】にする。
30,マグカルゴex,MC,096/742,ポケモン/1進化,ex,テラスタル(ほのお),マグマッグ,270.0,炎,水,,3.0,グラウンドバーン,炎炎●,140,おたがいの山札を上から1枚ずつトラッシュし、その中にあるエネルギーの枚数×140ダメージ追加。
31,イーユイ,SV5a,018/066,ポケモン/たね,,,,110.0,炎,水,,1.0,ひきつける,●,,自分の山札を2枚引く。
31,イーユイ,SV5a,018/066,ポケモン/たね,,,,110.0,炎,水,,1.0,グラウンドメルト,炎●,60,場にスタジアムが出ているなら、60ダメージ追加。その後、そのスタジアムをトラッシュする。
32,グレイシア,SV8a,040/187,ポケモン/1進化,,,イーブイ,120.0,水,鋼,,1.0,しみいるれいき,水,30,次の相手の番の終わりに、このワザを受けたポケモンにダメカンを9個のせる。
32,グレイシア,SV8a,040/187,ポケモン/1進化,,,イーブイ,120.0,水,鋼,,1.0,つららミサイル,水●,70,
33,ケロマツ,SV5a,023/066,ポケモン/たね,,,,60.0,水,雷,,1.0,むれる,水,,自分の山札から「ケロマツ」を2枚まで選び、ベンチに出す。そして山札を切る。
33,ケロマツ,SV5a,023/066,ポケモン/たね,,,,60.0,水,雷,,1.0,はねまわる,水,10,
34,ゲコガシラ,SV5a,024/066,ポケモン/1進化,,,ケロマツ,90.0,水,雷,,1.0,しびれみず,水,20,コインを1回投げオモテなら、相手のバトルポケモンを【マヒ】にする。
35,ウネルミナモ,MC,221/742,ポケモン/たね,,古代,,130.0,水,雷,,1.0,オーロラゲイン,水,20,このポケモンのHPを「20」回復する。
35,ウネルミナモ,MC,221/742,ポケモン/たね,,古代,,130.0,水,雷,,1.0,うねりさく,水水●,20×,このポケモンにダメカンを9個までのせ、のせた数×20ダメージ。
36,モルペコ,MC,270/742,ポケモン/たね,,,,70.0,雷,闘,,1.0,[特性]おやつさがし,,,自分の番に1回使える。自分の山札を上から1枚見て、もとにもどす。のぞむなら、そのカードをトラッシュする。
36,モルペコ,MC,270/742,ポケモン/たね,,,,70.0,雷,闘,,1.0,ひろってつける,雷,,自分のトラッシュから基本エネルギーを2枚まで選び、自分のポケモンに好きなようにつける。
37,テツノイバラex,MC,282/742,ポケモン/たね,ex,未来,,230.0,雷,闘,,4.0,[特性]イニシャライズ,,,このポケモンがバトル場にいるかぎり、おたがいの場の「ルールを持つポケモン」（「未来」のポケモンをのぞく）の特性は、すべてなくなる。
37,テツノイバラex,MC,282/742,ポケモン/たね,ex,未来,,230.0,雷,闘,,4.0,ボルトサイクロン,雷●●,140,このポケモンについているエネルギーを1個選び、ベンチポケモンにつけ替える。
38,キリンリキ,MC,301/742,ポケモン/たね,,,,100.0,超,悪,闘,1.0,どっちもヘッド,●,30,自分のベンチポケモン1匹にも、10ダメージ。［ベンチは弱点・抵抗力を計算しない。］
39,ラブトロス,MC,346/742,ポケモン/たね,,,,120.0,超,鋼,,1.0,ハートサイン,●,30,
39,ラブトロス,MC,346/742,ポケモン/たね,,,,120.0,超,鋼,,1.0,ラブレゾナンス,超●●,80,自分の場に、相手の場のポケモンと同じタイプのポケモンがいるなら、120ダメージ追加。
40,ゲッコウガex,SV5a,045/066,ポケモン/2進化,ex,テラスタル(かくとう),ゲコガシラ,310.0,闘,超,,1.0,テラスタル,,,このポケモンは、ベンチにいるかぎり、ワザのダメージを受けない。
40,ゲッコウガex,SV5a,045/066,ポケモン/2進化,ex,テラスタル(かくとう),ゲコガシラ,310.0,闘,超,,1.0,しのびのやいば,水,170,のぞむなら、自分の山札から好きなカードを1枚選び、手札に加える。そして山札を切る。
40,ゲッコウガex,SV5a,045/066,ポケモン/2進化,ex,テラスタル(かくとう),ゲコガシラ,310.0,闘,超,,1.0,ぶんしんれんだ,水●●,,このポケモンについているエネルギーを2個トラッシュし、相手のポケモン2匹に、それぞれ120ダメージ。［ベンチは弱点・抵抗力を計算しない。］
41,ディンルー,SV5a,047/066,ポケモン/たね,,,,140.0,闘,草,,3.0,グラウンドクラック,闘,30,場にスタジアムが出ているなら、相手のベンチポケモン全員にも、それぞれ30ダメージを与え、そのスタジアムをトラッシュする。［ベンチは弱点・抵抗力を計算しない。］
41,ディンルー,SV5a,047/066,ポケモン/たね,,,,140.0,闘,草,,3.0,ぶちかます,闘闘●,110,
42,カジッチュ,SV5a,048/066,ポケモン/たね,,,,40.0,竜,,,1.0,ともだちをさがす,●,,自分の山札からポケモンを1枚選び、相手に見せて、手札に加える。そして山札を切る。
42,カジッチュ,SV5a,048/066,ポケモン/たね,,,,40.0,竜,,,1.0,ころがりタックル,草炎,30,
43,イーブイ,SV5a,050/066,ポケモン/たね,,,,50.0,無,闘,,1.0,かくせい,●,,このポケモンから進化するカードを、自分の山札から1枚選び、このポケモンにのせて進化させる。そして山札を切る。
43,イーブイ,SV5a,050/066,ポケモン/たね,,,,50.0,無,闘,,1.0,でんこうせっか,●●●,20,コインを1回投げオモテなら、20ダメージ追加。
44,ガチグマ アカツキex,MC,625/742,ポケモン/たね,ex,,,260.0,無,闘,,3.0,[特性]ろうれんのわざ,,,相手がすでにとったサイドの枚数ぶん、このポケモンが「ブラッドムーン」を使うための【無】エネルギーは少なくなる。
44,ガチグマ アカツキex,MC,625/742,ポケモン/たね,ex,,,260.0,無,闘,,3.0,ブラッドムーン,●●●●●,240,次の自分の番、このポケモンはワザが使えない。
45,シェイミ,MC,039/742,ポケモン/たね,,,,70.0,草,炎,,,ピンポイントダイブ,草,,相手のベンチの「ポケモン【ex】・【V】」1匹に、60ダメージ。［ベンチは弱点・抵抗力を計算しない。］
45,シェイミ,MC,039/742,ポケモン/たね,,,,70.0,草,炎,,,うしろげり,●●,50,
46,ウガツホムラex,MC,151/742,ポケモン/たね,ex,古代,,230.0,炎,水,,2.0,ヒートブラスト,炎●,60,
46,ウガツホムラex,MC,151/742,ポケモン/たね,ex,古代,,230.0,炎,水,,2.0,れっかばくしん,炎炎●,260,このワザを使ったなら、このポケモンは、バトル場をはなれるまで「れっかばくしん」が使えない。
47,ワニノコ,MC,164/742,ポケモン/たね,,,,70.0,水,雷,,1.0,かじりつく,水,10,次の相手の番、このワザを受けたポケモンは、にげられない。
48,アリゲイツ,MC,166/742,ポケモン/1進化,,,ワニノコ,90.0,水,雷,,2.0,ぎゃくふんしゃ,水,30,このポケモンをベンチポケモンと入れ替える。
49,オーダイル,MC,168/742,ポケモン/2進化,,,アリゲイツ,180.0,水,雷,,3.0,[特性]トレントハート,,,自分の番に1回使える。このポケモンにダメカンを5個のせる。その場合、この番、このポケモンが使うワザの、相手のバトルポケモンへのダメージは「+120」される。
49,オーダイル,MC,168/742,ポケモン/2進化,,,アリゲイツ,180.0,水,雷,,3.0,おおなみ,水水,160,次の自分の番、このポケモンは「おおなみ」が使えない。
50,ウミディグダ,SV8a,042/187,ポケモン/たね,,,,60.0,水,雷,,1.0,ほりだしもの,水,,自分の山札からグッズを1枚選び、相手に見せて、手札に加える。そして山札を切る。
50,ウミディグダ,SV8a,042/187,ポケモン/たね,,,,60.0,水,雷,,1.0,アクアボム,水水,40,このポケモンにも20ダメージ。
51,イルカマン,SV5K,023/071,ポケモン/1進化,,,ナミイルカ,150.0,水,雷,,2.0,ヴァンガードパンチ,水,130,このポケモンにも、このポケモンにのっているダメカンの数×10ダメージ。
51,イルカマン,SV5K,023/071,ポケモン/1進化,,,ナミイルカ,150.0,水,雷,,2.0,ダブルアタック,水●●,90×,コインを2回投げ、オモテの数×90ダメージ。
52,ウミトリオex,SV5K,025/071,ポケモン/1進化,ex,テラスタル(でんき),ウミディグダ,250.0,雷,闘,,1.0,テラスタル,,,このポケモンは、ベンチにいるかぎり、ワザのダメージを受けない。
52,ウミトリオex,SV5K,025/071,ポケモン/1進化,ex,テラスタル(でんき),ウミディグダ,250.0,雷,闘,,1.0,トリコロポンプ,水,,自分の手札からエネルギーを3枚までトラッシュし、その枚数×60ダメージを、相手のポケモン1匹に与える。［ベンチは弱点・抵抗力を計算しない。］
52,ウミトリオex,SV5K,025/071,ポケモン/1進化,ex,テラスタル(でんき),ウミディグダ,250.0,雷,闘,,1.0,しびれホールド,水水,120,次の相手の番、このワザを受けたポケモンは、にげられない。
53,マリル,SV5K,026/071,ポケモン/たね,,,,70.0,超,鋼,,2.0,たまころがり,●,10×,ウラが出るまでコインを投げ、オモテの数×10ダメージ。
53,マリル,SV5K,026/071,ポケモン/たね,,,,70.0,超,鋼,,2.0,マジカルショット,超●●,40,
54,ドーミラー,SV5K,028/071,ポケモン/たね,,,,80.0,超,悪,闘,3.0,ミラーアタック,超,10,相手のバトルポケモンが【超】ポケモンなら、30ダメージ追加。
55,ドータクン,SV5K,029/071,ポケモン/1進化,,,ドーミラー,110.0,超,悪,闘,3.0,しんかジャマー,超,30,次の相手の番、相手は手札からポケモンを出して進化させられない。
55,ドータクン,SV5K,029/071,ポケモン/1進化,,,ドーミラー,110.0,超,悪,闘,3.0,ちょうねんりき,超●●,100,
56,ハバタクカミ,MC,355/742,ポケモン/たね,,古代,,90.0,超,鋼,,1.0,[特性]あんやのはばたき,,,このポケモンがバトル場にいるかぎり、相手のバトルポケモンの特性（「あんやのはばたき」をのぞく）は、すべてなくなる。
56,ハバタクカミ,MC,355/742,ポケモン/たね,,古代,,90.0,超,鋼,,1.0,たたりとばす,●●●,90,ダメカン2個を、相手のベンチポケモンに好きなようにのせる。
57,ジーランス,SV8a,079/187,ポケモン/たね,,,,100.0,闘,草,,1.0,[特性]きおくにもぐる,,,このポケモンがいるかぎり、自分の進化しているポケモン全員は、進化前に持っていたワザを、すべて使える。［ワザを使うためのエネルギーは必要。］
57,ジーランス,SV8a,079/187,ポケモン/たね,,,,100.0,闘,草,,1.0,ひれカッター,闘●,30,
58,イダイナキバ,SV8a,086/187,ポケモン/たね,,古代,,140.0,闘,超,,3.0,じばんほうかい,●●,,相手の山札を上から1枚トラッシュする。この番、手札から「古代」のサポートを出して使っていたなら、さらに3枚トラッシュする。
58,イダイナキバ,SV8a,086/187,ポケモン/たね,,古代,,140.0,闘,超,,3.0,きょだいなキバ,闘闘●●,160,
59,ゴース,MC,441/742,ポケモン/たね,,,,60.0,悪,闘,,1.0,ふしぎなビーム,悪,,コインを1回投げオモテなら、相手のバトルポケモンについているエネルギーを1個選び、トラッシュする。
59,ゴース,MC,441/742,ポケモン/たね,,,,60.0,悪,闘,,1.0,ガスでつつむ,悪悪,30,
60,ゴースト,MC,443/742,ポケモン/1進化,,,ゴース,90.0,悪,闘,,1.0,どくのいき,悪悪,30,相手のバトルポケモンを【どく】にする。
61,トドロクツキ,SV8a,100/187,ポケモン/たね,,古代,,140.0,悪,草,,2.0,あだうちやばね,悪悪,70,自分のトラッシュにある「古代」のカードの枚数×10ダメージ追加。
61,トドロクツキ,SV8a,100/187,ポケモン/たね,,古代,,140.0,悪,草,,2.0,スピードウイング,悪●●●,120,
62,コライドン,MC,550/742,ポケモン/たね,,古代,,140.0,竜,,,2.0,げんせいらんだ,闘●,30×,自分の場の「古代」のポケモンの数×30ダメージ。
62,コライドン,MC,550/742,ポケモン/たね,,古代,,140.0,竜,,,2.0,ひきさく,炎闘●,130,このワザのダメージは、相手のバトルポケモンにかかっている効果を計算しない。
63,タケルライコex,MC,554/742,ポケモン/たね,ex,古代,,240.0,竜,,,3.0,はじけるほうこう,●,,自分の手札をすべてトラッシュし、山札を6枚引く。
63,タケルライコex,MC,554/742,ポケモン/たね,ex,古代,,240.0,竜,,,3.0,きょくらいごう,雷闘,70×,自分の場のポケモンについている基本エネルギーを好きなだけトラッシュし、その枚数×70ダメージ。
64,ホーホー,SV5K,054/071,ポケモン/たね,,,,70.0,無,雷,闘,1.0,サイレントウイング,●●,20,相手の手札を見る。
65,ノコッチ,SV8a,129/187,ポケモン/たね,,,,60.0,無,闘,,,かじる,●,10,
65,ノコッチ,SV8a,129/187,ポケモン/たね,,,,60.0,無,闘,,,あなをほる,●●,30,コインを1回投げオモテなら、次の相手の番、このポケモンはワザのダメージや効果を受けない。
66,ノココッチ,SV8a,130/187,ポケモン/1進化,,,ノコッチ,140.0,無,闘,,3.0,[特性]にげあしドロー,,,自分の番に1回使える。自分の山札を3枚引く。その後、このポケモンと、ついているすべてのカードを、山札にもどして切る。
66,ノココッチ,SV8a,130/187,ポケモン/1進化,,,ノコッチ,140.0,無,闘,,3.0,ランドクラッシュ,●●●,90,
67,クヌギダマ,SV5M,002/071,ポケモン/たね,,,,70.0,草,炎,,2.0,ぶつかる,●●●,50,
68,タネボー,SV5M,003/071,ポケモン/たね,,,,60.0,草,炎,,1.0,こうちょく,草,,次の相手の番、このポケモンが受けるワザのダメージは「-30」される。
68,タネボー,SV5M,003/071,ポケモン/たね,,,,60.0,草,炎,,1.0,ぶらさがる,●●,20,
69,コノハナ,SV5M,004/071,ポケモン/1進化,,,タネボー,90.0,草,炎,,1.0,どつく,草,20,
69,コノハナ,SV5M,004/071,ポケモン/1進化,,,タネボー,90.0,草,炎,,1.0,れんぞくビンタ,●●,30×,コインを3回投げ、オモテの数×30ダメージ。
70,ダーテング,SV5M,005/071,ポケモン/2進化,,,コノハナ,150.0,草,炎,,2.0,おいだしトルネード,草,,相手のベンチポケモンを3匹選ぶ。その後、選んでいない相手のベンチポケモン全員と、ついているすべてのカードを、相手の山札にもどして切る。
70,ダーテング,SV5M,005/071,ポケモン/2進化,,,コノハナ,150.0,草,炎,,2.0,エネループ,●●,140,このポケモンについているエネルギーを1個選び、手札にもどす。
71,シキジカ,SV5M,008/071,ポケモン/たね,,,,70.0,草,炎,,1.0,はねまわる,●,10,
71,シキジカ,SV5M,008/071,ポケモン/たね,,,,70.0,草,炎,,1.0,らくようタックル,草●●,40,このポケモンについている【草】エネルギーを1個選び、トラッシュする。
72,メブキジカ,SV5M,009/071,ポケモン/1進化,,,シキジカ,130.0,草,炎,,2.0,[特性]しきのうつろい,,,自分の番に1回使える。自分の山札からスタジアムを1枚選び、相手に見せて、手札に加える。そして山札を切る。
72,メブキジカ,SV5M,009/071,ポケモン/1進化,,,シキジカ,130.0,草,炎,,2.0,かいりきホーン,草●●,110,
73,シガロコ,SV8a,013/187,ポケモン/たね,,,,50.0,草,炎,,1.0,ちょっとつっこむ,●,30,このポケモンにも10ダメージ。
74,ベラカス,SV8a,014/187,ポケモン/1進化,,,シガロコ,70.0,草,炎,,1.0,[特性]スフィアシールド,,,このポケモンがいるかぎり、自分のベンチポケモン全員は、相手のポケモンからワザのダメージや効果を受けない。
74,ベラカス,SV8a,014/187,ポケモン/1進化,,,シガロコ,70.0,草,炎,,1.0,サイコキネシス,草,10,相手のバトルポケモンについているエネルギーの数×30ダメージ追加。
75,テツノイサハex,MC,077/742,ポケモン/たね,ex,未来,,220.0,草,炎,,1.0,[特性]ラピッドバーニア,,,自分の番に、このカードを手札からベンチに出したとき、1回使える。このポケモンをバトルポケモンと入れ替える。入れ替えた場合、自分の場のポケモンについているエネルギーを好きなだけ選び、このポケモンにつけ替える。
75,テツノイサハex,MC,077/742,ポケモン/たね,ex,未来,,220.0,草,炎,,1.0,プリズムエッジ,草草●,180,次の自分の番、このポケモンはワザが使えない。
76,マグマッグ,SV5M,017/071,ポケモン/たね,,,,80.0,炎,水,,2.0,あぶりやき,炎,10,相手のバトルポケモンが【やけど】なら、40ダメージ追加。
77,ニャビー,MC,130/742,ポケモン/たね,,,,70.0,炎,水,,2.0,ねこだまし,炎,10,コインを1回投げオモテなら、相手のバトルポケモンを【マヒ】にする。
78,ニャヒート,MC,131/742,ポケモン/1進化,,,ニャビー,100.0,炎,水,,2.0,かみつく,炎,30,
78,ニャヒート,MC,131/742,ポケモン/1進化,,,ニャビー,100.0,炎,水,,2.0,フレアストライク,炎●●,80,次の自分の番、このポケモンは「フレアストライク」が使えない。
79,ガオガエンex,MC,132/742,ポケモン/2進化,ex,,ニャヒート,320.0,炎,水,,2.0,[特性]ハッスルプレー,,,相手のベンチポケモンの数ぶん、このポケモンがワザを使うための【無】エネルギーは少なくなる。
79,ガオガエンex,MC,132/742,ポケモン/2進化,ex,,ニャヒート,320.0,炎,水,,2.0,ブレイズボム,炎●●●●,240,相手のバトルポケモンを【やけど】にする。
80,テツノカシラex,MC,361/742,ポケモン/たね,ex,未来,,220.0,超,悪,闘,2.0,[特性]コバルトコマンド,,,このポケモンがいるかぎり、自分の「未来」のポケモン（「テツノカシラ【ex】」をのぞく）が使うワザの、相手のバトルポケモンへのダメージは「+20」される。
80,テツノカシラex,MC,361/742,ポケモン/たね,ex,未来,,220.0,超,悪,闘,2.0,ツインショーテル,超●●,,相手のポケモン2匹に、それぞれ50ダメージ。このワザのダメージは、弱点・抵抗力と、ダメージを受けるポケモンにかかっている効果を計算しない。
81,モグリュー,SV8a,083/187,ポケモン/たね,,,,70.0,闘,草,,1.0,[特性]ほりまくり,,,自分の番に、このカードを手札からベンチに出したとき、1回使える。自分の山札から「基本【闘】エネルギー」を3枚まで選び、トラッシュする。そして山札を切る。
81,モグリュー,SV8a,083/187,ポケモン/たね,,,,70.0,闘,草,,1.0,すなしぶき,闘●,20,
82,ドリュウズ,SV5M,040/071,ポケモン/1進化,,,モグリュー,130.0,闘,草,,2.0,マッドショット,●,20,
82,ドリュウズ,SV5M,040/071,ポケモン/1進化,,,モグリュー,130.0,闘,草,,2.0,ワイルドタックル,闘闘●,180,このポケモンにも50ダメージ。
83,リキキリンex,MC,486/742,ポケモン/1進化,ex,テラスタル(あく),キリンリキ,260.0,悪,草,,2.0,テラスタル,,,このポケモンは、ベンチにいるかぎり、ワザのダメージを受けない。
83,リキキリンex,MC,486/742,ポケモン/1進化,ex,テラスタル(あく),キリンリキ,260.0,悪,草,,2.0,[特性]テイルアーマー,,,このポケモンは、相手の【たね】ポケモンの「ポケモン【ex】」からワザのダメージを受けない。
83,リキキリンex,MC,486/742,ポケモン/1進化,ex,テラスタル(あく),キリンリキ,260.0,悪,草,,2.0,ダーティビーム,超●●,160,相手のベンチポケモン1匹にも、30ダメージ。［ベンチは弱点・抵抗力を計算しない。］
84,ハッサムex,MC,492/742,ポケモン/1進化,ex,,ストライク,270.0,鋼,炎,草,2.0,はがねのつばさ,●●,70,次の相手の番、このポケモンが受けるワザのダメージは「-50」される。
84,ハッサムex,MC,492/742,ポケモン/1進化,ex,,ストライク,270.0,鋼,炎,草,2.0,クロスブレイカー,鋼鋼,120×,このポケモンについている【鋼】エネルギーを2枚までトラッシュし、その枚数×120ダメージ。
85,ダンバル,MC,496/742,ポケモン/たね,,,,70.0,鋼,炎,草,1.0,ツメをたてる,鋼,10,
85,ダンバル,MC,496/742,ポケモン/たね,,,,70.0,鋼,炎,草,1.0,アイアンタックル,鋼●●,50,このポケモンにも10ダメージ。
86,メタング,MC,497/742,ポケモン/1進化,,,ダンバル,100.0,鋼,炎,草,2.0,[特性]メタルメーカー,,,自分の番に1回使える。自分の山札を上から4枚見て、その中から「基本【鋼】エネルギー」を好きなだけ選び、自分のポケモンに好きなようにつける。残りのカードはすべてウラにして切り、山札の下にもどす。
86,メタング,MC,497/742,ポケモン/1進化,,,ダンバル,100.0,鋼,炎,草,2.0,ビーム,鋼●●,60,
87,ミライドン,MC,552/742,ポケモン/たね,,未来,,110.0,竜,,,2.0,アクセルピーク,●,40,自分の山札から基本エネルギーを2枚まで選び、自分の「未来」のポケモンに好きなようにつける。そして山札を切る。
87,ミライドン,MC,552/742,ポケモン/たね,,未来,,110.0,竜,,,2.0,スパーキングアタック,雷雷超,160,
88,バルビート,SV6,004/101,ポケモン/たね,,,,70.0,草,炎,,1.0,ファストサイン,●,,このワザは、先攻プレイヤーの最初の番でも使える。自分の山札から【たね】ポケモンを2枚まで選び、ベンチに出す。そして山札を切る。
88,バルビート,SV6,004/101,ポケモン/たね,,,,70.0,草,炎,,1.0,れんけいアタック,●●,20,自分のベンチに「イルミーゼ」がいるなら、60ダメージ追加。
89,サルノリ,SV8a,006/187,ポケモン/たね,,,,70.0,草,炎,,1.0,けとばす,草,10,
89,サルノリ,SV8a,006/187,ポケモン/たね,,,,70.0,草,炎,,1.0,えだづき,草草,30,
90,バチンキー,SV8a,007/187,ポケモン/1進化,,,サルノリ,100.0,草,炎,,2.0,[特性]ドンドンだいこ,,,自分のバトルポケモンが特性「おまつりおんど」を持つポケモンなら、自分の番に1回使える。自分の山札から好きなカードを1枚選び、手札に加える。そして山札を切る。
90,バチンキー,SV8a,007/187,ポケモン/1進化,,,サルノリ,100.0,草,炎,,2.0,たたく,草草,50,
91,ゴリランダー,SV6,010/101,ポケモン/2進化,,,バチンキー,180.0,草,炎,,4.0,ドラムアタック,草,60,次の相手の番、このワザを受けたポケモンは、ワザを使うためのエネルギーと【にげる】ためのエネルギーが、それぞれ【無】エネルギー1個ぶん多くなる。
91,ゴリランダー,SV6,010/101,ポケモン/2進化,,,バチンキー,180.0,草,炎,,4.0,ウッドハンマー,草草,180,このポケモンにも50ダメージ。
92,カジッチュ,SV6,011/101,ポケモン/たね,,,,40.0,草,炎,,1.0,ローリングアタック,草,10,コインを1回投げオモテなら、20ダメージ追加。
93,カミッチュ,SV8a,009/187,ポケモン/1進化,,,カジッチュ,80.0,草,炎,,2.0,[特性]おまつりおんど,,,場に「お祭り会場」が出ているなら、このポケモンは、持っているワザを2回連続で使える。（1回目のワザで相手のバトルポケモンが【きぜつ】したなら、次のバトルポケモンが出たあと、2回目のワザを使う。）
93,カミッチュ,SV8a,009/187,ポケモン/1進化,,,カジッチュ,80.0,草,炎,,2.0,ともだちのわ,草,20×,自分のベンチポケモンの数×20ダメージ。
94,ヤバソチャ,SV8a,018/187,ポケモン/1進化,,,チャデス,70.0,草,炎,,1.0,のろいのしずく,草,,ダメカン4個を、相手のポケモンに好きなようにのせる。
94,ヤバソチャ,SV8a,018/187,ポケモン/1進化,,,チャデス,70.0,草,炎,,1.0,ぶちまけちゃ,草,70×,自分の場のポケモンについている【草】エネルギーを3枚までトラッシュし、その枚数×70ダメージ。
95,オーガポン みどりのめん,MC,080/742,ポケモン/たね,,,,110.0,草,炎,,1.0,やまあるき,●,,自分の山札から基本エネルギーを2枚まで選び、相手に見せて、手札に加える。そして山札を切る。
95,オーガポン みどりのめん,MC,080/742,ポケモン/たね,,,,110.0,草,炎,,1.0,おにがえし,草●,20,相手のベンチポケモンの数×20ダメージ追加。
96,オーガポン みどりのめんex,MC,082/742,ポケモン/たね,ex,テラスタル(くさ),,210.0,草,炎,,1.0,テラスタル,,,このポケモンは、ベンチにいるかぎり、ワザのダメージを受けない。
96,オーガポン みどりのめんex,MC,082/742,ポケモン/たね,ex,テラスタル(くさ),,210.0,草,炎,,1.0,[特性]みどりのまい,,,自分の番に1回使える。自分の手札から「基本【草】エネルギー」を1枚選び、このポケモンにつける。その後、自分の山札を1枚引く。
96,オーガポン みどりのめんex,MC,082/742,ポケモン/たね,ex,テラスタル(くさ),,210.0,草,炎,,1.0,まんようしぐれ,草草草,30,おたがいのバトルポケモンについているエネルギーの数×30ダメージ追加。
97,ヒトモシ,SV6,019/101,ポケモン/たね,,,,60.0,炎,水,,1.0,なかまをよぶ,炎,,自分の山札から【たね】ポケモンを1枚選び、ベンチに出す。そして山札を切る。
97,ヒトモシ,SV6,019/101,ポケモン/たね,,,,60.0,炎,水,,1.0,ひだね,炎●,20,
98,シャンデラ,SV6,021/101,ポケモン/2進化,,,ランプラー,130.0,炎,水,,2.0,[特性]いざなうあかり,,,自分の番に1回使える。おたがいのプレイヤーは、それぞれ山札を1枚引く。
98,シャンデラ,SV6,021/101,ポケモン/2進化,,,ランプラー,130.0,炎,水,,2.0,マインドルーラー,炎,30×,相手の手札の枚数×30ダメージ。
99,オーガポン かまどのめんex,MC,149/742,ポケモン/たね,ex,テラスタル(ほのお),,210.0,炎,水,,1.0,テラスタル,,,このポケモンは、ベンチにいるかぎり、ワザのダメージを受けない。
99,オーガポン かまどのめんex,MC,149/742,ポケモン/たね,ex,テラスタル(ほのお),,210.0,炎,水,,1.0,いかりがま,炎●●,20×,このポケモンにのっているダメカンの数×20ダメージ。
99,オーガポン かまどのめんex,MC,149/742,ポケモン/たね,ex,テラスタル(ほのお),,210.0,炎,水,,1.0,ダイナミックブレイズ,炎炎炎,140,相手のバトルポケモンが進化ポケモンなら、140ダメージ追加。その場合、このポケモンについているエネルギーを、すべてトラッシュする。
100,トサキント,SV8a,028/187,ポケモン/たね,,,,50.0,水,雷,,1.0,[特性]おまつりおんど,,,場に「お祭り会場」が出ているなら、このポケモンは、持っているワザを2回連続で使える。（1回目のワザで相手のバトルポケモンが【きぜつ】したなら、次のバトルポケモンが出たあと、2回目のワザを使う。）
100,トサキント,SV8a,028/187,ポケモン/たね,,,,50.0,水,雷,,1.0,うずしお,●●,10,コインを1回投げオモテなら、相手のバトルポケモンについているエネルギーを1個選び、トラッシュする。
101,ルージュラ,SV6,028/101,ポケモン/たね,,,,90.0,水,鋼,,1.0,おさそいキッス,●,,自分の山札から【たね】ポケモンを1枚選び、ベンチに出す。そして山札を切る。その後、このポケモンについているエネルギーを1個選び、新しく出したポケモンにつけ替える。
101,ルージュラ,SV6,028/101,ポケモン/たね,,,,90.0,水,鋼,,1.0,スノーアイス,水,30,
102,ミロカロス,SV8a,036/187,ポケモン/1進化,,,ヒンバス,120.0,水,雷,,1.0,[特性]なぎのきょうち,,,このポケモンがいるかぎり、相手の場のポケモンと、そのポケモンについているすべてのカードは、手札にもどせない。
102,ミロカロス,SV8a,036/187,ポケモン/1進化,,,ヒンバス,120.0,水,雷,,1.0,ハイドロスプラッシュ,水●●,100,
103,ユキワラシ,MC,186/742,ポケモン/たね,,,,60.0,水,鋼,,1.0,おどろかす,水●,20,相手の手札からオモテを見ないで1枚選び、そのカードのオモテを見て、相手の山札にもどして切る。
104,ユキメノコ,SV8a,038/187,ポケモン/1進化,,,ユキワラシ,90.0,水,鋼,,1.0,[特性]いてつくとばり,,,このポケモンがいるかぎり、ポケモンチェックのたび、おたがいの特性を持つポケモン（「ユキメノコ」をのぞく）全員に、それぞれダメカンを1個のせる。
104,ユキメノコ,SV8a,038/187,ポケモン/1進化,,,ユキワラシ,90.0,水,鋼,,1.0,フロストスマッシュ,水●,60,
105,ナミイルカ,MC,214/742,ポケモン/たね,,,,70.0,水,雷,,1.0,アクアスラッシュ,水,30,次の自分の番、このポケモンはワザが使えない。
106,イルカマン,MC,215/742,ポケモン/1進化,,,ナミイルカ,100.0,水,雷,,1.0,[特性]マイティチェンジ,,,自分の番に、このポケモンがバトル場からベンチにもどったとき、1回使える。自分の山札から「イルカマン【ex】」を1枚選び、このカードと入れ替える（ついているカード・ダメカン・特殊状態・効果などは、すべて引きつぐ）。入れ替えたなら、このカードは山札にもどす。そして山札を切る。
106,イルカマン,MC,215/742,ポケモン/1進化,,,ナミイルカ,100.0,水,雷,,1.0,スプラッシュ,水●,30,
107,イルカマンex,MC,216/742,ポケモン/1進化,ex,,ナミイルカ,340.0,水,雷,,2.0,[特性]マイティソウル,,,このカードは、「イルカマン」の特性「マイティチェンジ」の効果によってしか場に出せない。
107,イルカマンex,MC,216/742,ポケモン/1進化,ex,,ナミイルカ,340.0,水,雷,,2.0,ギガインパクト,水,250,次の自分の番、このポケモンはワザが使えない。
108,オーガポン いどのめんex,MC,224/742,ポケモン/たね,ex,テラスタル(みず),,210.0,水,雷,,1.0,テラスタル,,,このポケモンは、ベンチにいるかぎり、ワザのダメージを受けない。
108,オーガポン いどのめんex,MC,224/742,ポケモン/たね,ex,テラスタル(みず),,210.0,水,雷,,1.0,すすりなく,●,20,次の相手の番、このワザを受けたポケモンは、にげられない。
108,オーガポン いどのめんex,MC,224/742,ポケモン/たね,ex,テラスタル(みず),,210.0,水,雷,,1.0,げきりゅうポンプ,水●●,100,のぞむなら、このポケモンについているエネルギーを3個選び、山札にもどして切る。その場合、相手のベンチポケモン1匹にも、120ダメージ。［ベンチは弱点・抵抗力を計算しない。］
109,ケーシィ,SV8a,057/187,ポケモン/たね,,,,40.0,超,悪,闘,1.0,[特性]テレポーター,,,このポケモンがバトル場にいるなら、自分の番に1回使える。このポケモンと、ついているすべてのカードを、自分の山札にもどして切る。
109,ケーシィ,SV8a,057/187,ポケモン/たね,,,,40.0,超,悪,闘,1.0,ビーム,超,10,
110,ペロリーム,SV6,052/101,ポケモン/1進化,,,ペロッパフ,120.0,超,鋼,,2.0,ペロペロリン,超●,90×,コインを2回投げ、オモテの数×90ダメージ。すべてウラなら、相手のバトルポケモンを【こんらん】にする。
111,スナバァ,SV6,053/101,ポケモン/たね,,,,90.0,超,悪,闘,3.0,すなかけ,超,10,次の相手の番、このワザを受けたポケモンがワザを使うとき、相手はコインを1回投げる。ウラならそのワザは失敗。
111,スナバァ,SV6,053/101,ポケモン/たね,,,,90.0,超,悪,闘,3.0,ホロウショット,超●●,30,
112,マシマシラ,MC,358/742,ポケモン/たね,,,,110.0,超,悪,闘,1.0,[特性]アドレナブレイン,,,このポケモンに【悪】エネルギーがついているなら、自分の番に1回使える。自分の場のポケモン1匹にのっているダメカンを3個まで選び、相手の場のポケモン1匹にのせ替える。
112,マシマシラ,MC,358/742,ポケモン/たね,,,,110.0,超,悪,闘,1.0,サイコトリップ,超●,60,相手のバトルポケモンを【こんらん】にする。
113,ドッコラー,SV6,059/101,ポケモン/たね,,,,80.0,闘,超,,2.0,ぜんりょくパンチ,闘,40,コインを1回投げウラなら、このワザは失敗。
114,ドテッコツ,SV6,060/101,ポケモン/1進化,,,ドッコラー,100.0,闘,超,,2.0,げんこつ,闘,20,
114,ドテッコツ,SV6,060/101,ポケモン/1進化,,,ドッコラー,100.0,闘,超,,2.0,ばかぢから,闘●●,50,のぞむなら、30ダメージ追加。その場合、このポケモンにも30ダメージ。
115,ローブシン,SV6,061/101,ポケモン/2進化,,,ドテッコツ,180.0,闘,超,,3.0,あばれまわる,闘,80,このポケモンを【こんらん】にする。
115,ローブシン,SV6,061/101,ポケモン/2進化,,,ドテッコツ,180.0,闘,超,,3.0,ガッツスイング,闘●●●,250,このワザは、このポケモンが特殊状態なら、このワザを使うためのエネルギーがこのポケモンについていなくても、使える。
116,イイネイヌ,MC,426/742,ポケモン/たね,,,,130.0,闘,超,,2.0,[特性]アドレナパワー,,,このポケモンに【悪】エネルギーがついているなら、このポケモンの最大HPは「+100」され、このポケモンが使うワザの、相手のバトルポケモンへのダメージは「+100」される。
116,イイネイヌ,MC,426/742,ポケモン/たね,,,,130.0,闘,超,,2.0,グッドパンチ,闘闘,70,
117,オーガポン いしずえのめんex,MC,428/742,ポケモン/たね,ex,テラスタル(かくとう),,210.0,闘,草,,1.0,テラスタル,,,このポケモンは、ベンチにいるかぎり、ワザのダメージを受けない。
117,オーガポン いしずえのめんex,MC,428/742,ポケモン/たね,ex,テラスタル(かくとう),,210.0,闘,草,,1.0,[特性]いしずえのかまえ,,,このポケモンは、相手の特性を持つポケモンからワザのダメージを受けない。
117,オーガポン いしずえのめんex,MC,428/742,ポケモン/たね,ex,テラスタル(かくとう),,210.0,闘,草,,1.0,ぶちやぶる,闘●●,140,このワザのダメージは、弱点・抵抗力と、相手のバトルポケモンにかかっている効果を計算しない。
118,ヒードラン,SV6,076/101,ポケモン/たね,,,,140.0,鋼,炎,草,4.0,[特性]しゃくねつボディ,,,このポケモンが、バトル場で相手のポケモンからワザのダメージを受けたとき、ワザを使ったポケモンを【やけど】にする。
118,ヒードラン,SV6,076/101,ポケモン/たね,,,,140.0,鋼,炎,草,4.0,スチールバースト,鋼●●,50×,このポケモンについている【鋼】エネルギーをすべてトラッシュし、その枚数×50ダメージ。
119,ドラメシヤ,MC,546/742,ポケモン/たね,,,,70.0,竜,,,1.0,ちょっとうらむ,超,10,
119,ドラメシヤ,MC,546/742,ポケモン/たね,,,,70.0,竜,,,1.0,かみつく,炎超,40,
120,ドロンチ,MC,547/742,ポケモン/1進化,,,ドラメシヤ,90.0,竜,,,1.0,[特性]ていさつしれい,,,自分の番に1回使える。自分の山札を上から2枚見て、どちらか1枚を選び、手札に加える。残りのカードは、山札の下にもどす。
120,ドロンチ,MC,547/742,ポケモン/1進化,,,ドラメシヤ,90.0,竜,,,1.0,リューズヘッド,炎超,70,
121,ドラパルトex,MC,548/742,ポケモン/2進化,ex,テラスタル(ドラゴン),ドロンチ,320.0,竜,,,1.0,テラスタル,,,このポケモンは、ベンチにいるかぎり、ワザのダメージを受けない。
121,ドラパルトex,MC,548/742,ポケモン/2進化,ex,テラスタル(ドラゴン),ドロンチ,320.0,竜,,,1.0,ジェットヘッド,●,70,
121,ドラパルトex,MC,548/742,ポケモン/2進化,ex,テラスタル(ドラゴン),ドロンチ,320.0,竜,,,1.0,ファントムダイブ,炎超,200,ダメカン6個を、相手のベンチポケモンに好きなようにのせる。
122,シャリタツ,MC,549/742,ポケモン/たね,,,,70.0,竜,,,1.0,[特性]きゃくよせ,,,このポケモンがバトル場にいるなら、自分の番に1回使える。自分の山札を上から6枚見て、その中からサポートを1枚選び、相手に見せて、手札に加える。残りのカードは山札にもどして切る。
122,シャリタツ,MC,549/742,ポケモン/たね,,,,70.0,竜,,,1.0,なみのり,炎水,50,
123,カモネギ,SV6,083/101,ポケモン/たね,,,,70.0,無,雷,闘,1.0,[特性]でたとこせおい,,,自分の番に、このカードを手札からベンチに出したとき、1回使える。自分の山札から「ポケモンのどうぐ」を1枚選び、このポケモンにつける。そして山札を切る。
123,カモネギ,SV6,083/101,ポケモン/たね,,,,70.0,無,雷,闘,1.0,おんそくぎり,●,30,相手のバトルポケモンについている特殊エネルギーを1個選び、トラッシュする。
124,ラッキー,MC,561/742,ポケモン/たね,,,,120.0,無,闘,,2.0,ラッキーアタッチ,●,,自分の手札から基本エネルギーを1枚選び、自分のポケモンにつける。
124,ラッキー,MC,561/742,ポケモン/たね,,,,120.0,無,闘,,2.0,そこぢから,●●●,80,次の自分の番、このポケモンはワザが使えない。
125,ハピナスex,MC,562/742,ポケモン/1進化,ex,,ラッキー,300.0,無,闘,,4.0,[特性]ハッピースイッチ,,,自分の番に1回使える。自分の場のポケモンについている基本エネルギーを1個選び、自分の別のポケモンにつけ替える。
125,ハピナスex,MC,562/742,ポケモン/1進化,ex,,ラッキー,300.0,無,闘,,4.0,おんがえし,●●●,180,のぞむなら、自分の手札が6枚になるように、山札を引く。
126,デンチュラ,MC,050/742,ポケモン/1進化,,,バチュル,100.0,草,炎,,1.0,[特性]ふくがん,,,このポケモンが使うワザの、相手のバトル場の特性を持つポケモンへのダメージは「+50」される。
126,デンチュラ,MC,050/742,ポケモン/1進化,,,バチュル,100.0,草,炎,,1.0,ビリビリウェブ,草●,50,このポケモンに【雷】エネルギーがついているなら、80ダメージ追加。
127,モクロー,SV6a,003/064,ポケモン/たね,,,,70.0,草,炎,,1.0,くわえる,●,,自分の山札を1枚引く。
127,モクロー,SV6a,003/064,ポケモン/たね,,,,70.0,草,炎,,1.0,このは,草,10,
128,フクスロー,SV6a,004/064,ポケモン/1進化,,,モクロー,90.0,草,炎,,1.0,だんけつのつばさ,●,20×,自分のトラッシュにある、ワザ「だんけつのつばさ」を持つポケモンの枚数×20ダメージ。
128,フクスロー,SV6a,004/064,ポケモン/1進化,,,モクロー,90.0,草,炎,,1.0,カッターウインド,草,30,
129,ジュナイパー,SV6a,005/064,ポケモン/2進化,,,フクスロー,150.0,草,炎,,2.0,フェザーストック,●,,自分の手札が7枚になるように、山札を引く。
129,ジュナイパー,SV6a,005/064,ポケモン/2進化,,,フクスロー,150.0,草,炎,,2.0,ストロングショット,草,170,自分の手札から「基本【草】エネルギー」を1枚トラッシュする。トラッシュできないなら、このワザは失敗。
130,ブロロロームex,SV6a,015/064,ポケモン/1進化,ex,テラスタル(でんき),ブロロン,280.0,雷,闘,,1.0,テラスタル,,,このポケモンは、ベンチにいるかぎり、ワザのダメージを受けない。
130,ブロロロームex,SV6a,015/064,ポケモン/1進化,ex,テラスタル(でんき),ブロロン,280.0,雷,闘,,1.0,アクセルフラッシュ,鋼,20,この番、このポケモンがベンチからバトル場に出ていたなら、120ダメージ追加。
130,ブロロロームex,SV6a,015/064,ポケモン/1進化,ex,テラスタル(でんき),ブロロン,280.0,雷,闘,,1.0,スピードブレイク,鋼鋼鋼,250,このポケモンと、ついているすべてのカードを、トラッシュする。
131,ヨマワル,MC,308/742,ポケモン/たね,,,,60.0,超,悪,闘,1.0,むかえにいく,超,,自分のトラッシュから「ヨマワル」を3枚まで選び、ベンチに出す。
131,ヨマワル,MC,308/742,ポケモン/たね,,,,60.0,超,悪,闘,1.0,つぶやく,超超,30,
132,サマヨール,MC,309/742,ポケモン/1進化,,,ヨマワル,90.0,超,悪,闘,2.0,[特性]カースドボム,,,自分の番に1回使えて、使ったなら、このポケモンを【きぜつ】させる。相手のポケモン1匹に、ダメカンを5個のせる。
132,サマヨール,MC,309/742,ポケモン/1進化,,,ヨマワル,90.0,超,悪,闘,2.0,おにび,超超,50,
133,ヨノワール,MC,310/742,ポケモン/2進化,,,サマヨール,160.0,超,悪,闘,3.0,[特性]カースドボム,,,自分の番に1回使えて、使ったなら、このポケモンを【きぜつ】させる。相手のポケモン1匹に、ダメカンを13個のせる。
133,ヨノワール,MC,310/742,ポケモン/2進化,,,サマヨール,160.0,超,悪,闘,3.0,かげしばり,超超●,150,次の相手の番、このワザを受けたポケモンは、にげられない。
134,ニンフィア,SV8a,068/187,ポケモン/1進化,,,イーブイ,120.0,超,鋼,,1.0,ミスティックリターン,超,,コインを1回投げオモテなら、相手のベンチポケモンを1匹選び、そのポケモンと、ついているすべてのカードを、相手の山札にもどして切る。
134,ニンフィア,SV8a,068/187,ポケモン/1進化,,,イーブイ,120.0,超,鋼,,1.0,チャームボイス,超●●,90,相手のバトルポケモンを【こんらん】にする。
135,ガチグマ アカツキ,MC,415/742,ポケモン/たね,,,,150.0,闘,草,,4.0,[特性]けいけんそく,,,自分の番に、このカードを手札からベンチに出したとき、1回使える。自分の手札から「基本【闘】エネルギー」を2枚まで選び、このポケモンにつける。
135,ガチグマ アカツキ,MC,415/742,ポケモン/たね,,,,150.0,闘,草,,4.0,マッドバイト,闘闘●,100,相手のバトルポケモンにのっているダメカンの数×30ダメージ追加。
136,ゾロア,SV8a,096/187,ポケモン/たね,,,,70.0,悪,草,,1.0,ふむ,●,10,
136,ゾロア,SV8a,096/187,ポケモン/たね,,,,70.0,悪,草,,1.0,ダブルひっかき,悪●,20×,コインを2回投げ、オモテの数×20ダメージ。
137,ゾロアーク,SV8a,097/187,ポケモン/1進化,,,ゾロア,120.0,悪,草,,1.0,げんえいジャック,●●,60×,相手の場の「ポケモン【ex】・【V】」の数×60ダメージ。
137,ゾロアーク,SV8a,097/187,ポケモン/1進化,,,ゾロア,120.0,悪,草,,1.0,ツメできりさく,悪●●,110,
138,イイネイヌex,MC,488/742,ポケモン/たね,ex,,,250.0,悪,闘,,3.0,ポイズンマッスル,●,,自分の山札から「基本【悪】エネルギー」を2枚まで選び、このポケモンにつける。そして山札を切る。つけた場合、このポケモンを【どく】にする。
138,イイネイヌex,MC,488/742,ポケモン/たね,ex,,,250.0,悪,闘,,3.0,クレイジーチェーン,悪悪●,130,このポケモンが【どく】なら、130ダメージ追加。
139,マシマシラex,SV8a,103/187,ポケモン/たね,ex,,,210.0,悪,闘,,1.0,[特性]ひょうしぬけ,,,このポケモンが、相手のポケモンからワザのダメージを受けて【きぜつ】したとき、自分の場に「モモワロウ【ex】」がいるなら、とられるサイドは1枚少なくなる。
139,マシマシラex,SV8a,103/187,ポケモン/たね,ex,,,210.0,悪,闘,,1.0,ダーティヘッド,悪悪●,190,次の自分の番、このポケモンは「ダーティヘッド」が使えない。
140,キチキギスex,MC,489/742,ポケモン/たね,ex,,,210.0,悪,闘,,1.0,[特性]さかてにとる,,,前の相手の番に、自分のポケモンが【きぜつ】していたなら、自分の番に1回使える。自分の山札を3枚引く。この番、すでに別の「さかてにとる」を使っていたなら、この特性は使えない。
140,キチキギスex,MC,489/742,ポケモン/たね,ex,,,210.0,悪,闘,,1.0,クルーエルアロー,●●●,,相手のポケモン1匹に、100ダメージ。［ベンチは弱点・抵抗力を計算しない。］
141,モモワロウex,MC,491/742,ポケモン/たね,ex,,,190.0,悪,闘,,1.0,[特性]しはいのくさり,,,自分の番に1回使える。自分のベンチの【悪】ポケモン（「モモワロウ【ex】」をのぞく）を1匹選び、バトルポケモンと入れ替える。その後、新しいバトルポケモンを【どく】にする。この番、すでに別の「しはいのくさり」を使っていたなら、この特性は使えない。
141,モモワロウex,MC,491/742,ポケモン/たね,ex,,,190.0,悪,闘,,1.0,イライラバースト,悪悪,60×,相手がすでにとったサイドの枚数×60ダメージ。
142,ゲノセクト,SV6a,040/064,ポケモン/たね,,,,110.0,鋼,炎,草,1.0,[特性]エースキャンセラー,,,このポケモンに「ポケモンのどうぐ」がついているなら、相手は手札から「【ACE SPEC】」のカードを出して使えない。
142,ゲノセクト,SV6a,040/064,ポケモン/たね,,,,110.0,鋼,炎,草,1.0,マグネブラスト,鋼●●,100,
143,ブロロン,SV8a,114/187,ポケモン/たね,,,,70.0,鋼,炎,草,1.0,こうちょく,鋼,,次の相手の番、このポケモンが受けるワザのダメージは「-30」される。
143,ブロロン,SV8a,114/187,ポケモン/たね,,,,70.0,鋼,炎,草,1.0,とびだしヘッド,鋼鋼,20,
144,キュレム,SV6a,047/064,ポケモン/たね,,,,130.0,竜,,,2.0,[特性]アンチプラズマ,,,相手のトラッシュに、名前に「アクロマ」とつくカードがあるなら、このポケモンが「トライフロスト」を使うためのエネルギーは、【無】エネルギー1個になる。
144,キュレム,SV6a,047/064,ポケモン/たね,,,,130.0,竜,,,2.0,トライフロスト,水水鋼鋼●,,このポケモンについているエネルギーをすべてトラッシュし、相手のポケモン3匹に、それぞれ110ダメージ。［ベンチは弱点・抵抗力を計算しない。］
145,イーブイ,PROMO,196/SV-P,ポケモン/たね,,,,70.0,無,闘,,1.0,カラフルキャッチ,●,,自分の山札から、それぞれちがうタイプの基本エネルギーを3枚まで選び、相手に見せて、手札に加える。そして山札を切る。
145,イーブイ,PROMO,196/SV-P,ポケモン/たね,,,,70.0,無,闘,,1.0,ずつき,●●,20,
146,リリーラ,SV7,003/102,ポケモン/1進化,,,古びたねっこの化石,100.0,草,炎,,2.0,しばりつける,草,50,次の相手の番、このワザを受けたポケモンは、にげられない。
147,ユレイドル,SV7,004/102,ポケモン/2進化,,,リリーラ,150.0,草,炎,,3.0,[特性]よりどりねんえき,,,自分の番に1回使える。コインを1回投げオモテなら、【どく】・【やけど】・【こんらん】の中から1つ選び、相手のバトルポケモンをその状態にする。
147,ユレイドル,SV7,004/102,ポケモン/2進化,,,リリーラ,150.0,草,炎,,3.0,しょうきのかぜ,草,100×,相手のバトルポケモンが受けている特殊状態の数×100ダメージ。
148,カットロトム,SV7,006/102,ポケモン/たね,,,,90.0,草,炎,,1.0,かりとりダッシュ,●,30,ダメージを与える前に、相手のバトルポケモンについている「ポケモンのどうぐ」と「特殊エネルギー」を、すべてトラッシュする。
149,カジッチュ,MC,062/742,ポケモン/たね,,,,40.0,草,炎,,1.0,しるをとばす,草,20,
150,カミツオロチex,MC,064/742,ポケモン/2進化,ex,,カミッチュ,330.0,草,炎,,3.0,[特性]じゅくせいチャージ,,,自分の番に1回使える。自分の手札から「基本【草】エネルギー」を1枚選び、自分のポケモンにつける。その後、つけたポケモンのHPを「30」回復する。
150,カミツオロチex,MC,064/742,ポケモン/2進化,ex,,カミッチュ,330.0,草,炎,,3.0,みつあめストーム,●●,30,自分のポケモン全員についている【草】エネルギーの数×30ダメージ追加。
151,ヒバニー,MC,137/742,ポケモン/たね,,,,70.0,炎,水,,1.0,でんこうせっか,●,10,コインを1回投げオモテなら、10ダメージ追加。
152,ラビフット,MC,138/742,ポケモン/1進化,,,ヒバニー,90.0,炎,水,,1.0,ローキック,炎,30,
152,ラビフット,MC,138/742,ポケモン/1進化,,,ヒバニー,90.0,炎,水,,1.0,かえん,炎●●,60,
153,エースバーンex,MC,139/742,ポケモン/2進化,ex,テラスタル(ステラ),ラビフット,320.0,炎,水,,,テラスタル,,,このポケモンは、ベンチにいるかぎり、ワザのダメージを受けない。
153,エースバーンex,MC,139/742,ポケモン/2進化,ex,テラスタル(ステラ),ラビフット,320.0,炎,水,,,フレアストライク,炎●●,280,次の自分の番、このポケモンは「フレアストライク」が使えない。
153,エースバーンex,MC,139/742,ポケモン/2進化,ex,テラスタル(ステラ),ラビフット,320.0,炎,水,,,ガーネットボレー,炎闘悪,,相手のポケモン1匹に、180ダメージ。［ベンチは弱点・抵抗力を計算しない。］
154,ラプラスex,SV7,019/102,ポケモン/たね,ex,テラスタル(ステラ),,220.0,水,鋼,,2.0,テラスタル,,,このポケモンは、ベンチにいるかぎり、ワザのダメージを受けない。
154,ラプラスex,SV7,019/102,ポケモン/たね,ex,テラスタル(ステラ),,220.0,水,鋼,,2.0,パワースプラッシュ,水,40×,このポケモンについているエネルギーの数×40ダメージ。
154,ラプラスex,SV7,019/102,ポケモン/たね,ex,テラスタル(ステラ),,220.0,水,鋼,,2.0,ラリマーレイン,水超鋼,,自分の山札を上から20枚見て、その中からエネルギーを好きなだけ選び、自分のポケモンに好きなようにつける。残りのカードは山札にもどして切る。
155,アバゴーラ,SV7,023/102,ポケモン/2進化,,,プロトーガ,160.0,水,雷,,3.0,[特性]げんしのこころえ,,,このポケモンがいるかぎり、自分のポケモンが使うワザの、相手のバトル場の進化ポケモンへのダメージは「+30」される。
155,アバゴーラ,SV7,023/102,ポケモン/2進化,,,プロトーガ,160.0,水,雷,,3.0,ハイドロクラッシュ,水水,150,
156,ケケンカニ,MC,209/742,ポケモン/1進化,,,マケンカニ,160.0,水,鋼,,3.0,[特性]したごしらえ,,,自分のトラッシュにある「ハイダイ」の枚数ぶん、このポケモンがワザを使うための【無】エネルギーは少なくなる。
156,ケケンカニ,MC,209/742,ポケモン/1進化,,,マケンカニ,160.0,水,鋼,,3.0,おおぶりパンチ,水●●●●,250,次の自分の番、このポケモンは「おおぶりパンチ」が使えない。
157,カムカメ,SV7,025/102,ポケモン/たね,,,,80.0,水,雷,,2.0,ずつき,●●●,60,
158,カジリガメ,SV7,026/102,ポケモン/1進化,,,カムカメ,140.0,水,雷,,3.0,[特性]てっぺきシェル,,,このポケモンは、相手のポケモンから「200」以上のワザのダメージを受けない。
158,カジリガメ,SV7,026/102,ポケモン/1進化,,,カムカメ,140.0,水,雷,,3.0,ハードクランチ,●●●,80,相手のバトルポケモンにダメカンがのっているなら、80ダメージ追加。
159,ミガルーサ,MC,219/742,ポケモン/たね,,,,130.0,水,雷,,2.0,[特性]したごしらえ,,,自分のトラッシュにある「ハイダイ」の枚数ぶん、このポケモンがワザを使うための【無】エネルギーは少なくなる。
159,ミガルーサ,MC,219/742,ポケモン/たね,,,,130.0,水,雷,,2.0,ソニックエッジ,●●●●,110,このワザのダメージは、相手のバトルポケモンにかかっている効果を計算しない。
160,バチュル,MC,254/742,ポケモン/たね,,,,30.0,雷,闘,,1.0,バチュチャージ,●,,自分の山札から「基本【草】エネルギー」と「基本【雷】エネルギー」をそれぞれ2枚まで選び、自分のポケモンに好きなようにつける。そして山札を切る。
161,デンチュラex,MC,255/742,ポケモン/1進化,ex,テラスタル(ステラ),バチュル,260.0,雷,闘,,1.0,テラスタル,,,このポケモンは、ベンチにいるかぎり、ワザのダメージを受けない。
161,デンチュラex,MC,255/742,ポケモン/1進化,ex,テラスタル(ステラ),バチュル,260.0,雷,闘,,1.0,アッパースレッド,雷●,110,相手のバトルポケモンが「ポケモン【ex】・【V】」なら、110ダメージ追加。
161,デンチュラex,MC,255/742,ポケモン/1進化,ex,テラスタル(ステラ),バチュル,260.0,雷,闘,,1.0,フルグライト,草雷闘,180,このポケモンについているエネルギーを、すべてトラッシュする。次の相手の番、相手は手札からグッズを出して使えない。
162,ヤドン,SV7,038/102,ポケモン/たね,,,,80.0,超,悪,闘,2.0,しっぽをたらす,●,,自分のトラッシュからポケモンを1枚選び、相手に見せて、手札に加える。
162,ヤドン,SV7,038/102,ポケモン/たね,,,,80.0,超,悪,闘,2.0,たいあたり,超●,30,
163,ヤドキング,SV7,039/102,ポケモン/1進化,,,ヤドン,120.0,超,悪,闘,3.0,ひらめきチャレンジ,超●,,自分の山札を上から1枚トラッシュし、そのカードがポケモン（「ルールを持つポケモン」をのぞく）なら、そのポケモンが持っているワザを1つ選び、このワザとして使う。
163,ヤドキング,SV7,039/102,ポケモン/1進化,,,ヤドン,120.0,超,悪,闘,3.0,ちょうねんりき,超超●,120,
164,キュワワー,SV7,042/102,ポケモン/たね,,,,70.0,超,鋼,,1.0,フラワーシャワー,超,,おたがいのプレイヤーは、それぞれ山札を3枚引く。
164,キュワワー,SV7,042/102,ポケモン/たね,,,,70.0,超,鋼,,1.0,じゃれつく,超,20,コインを1回投げオモテなら、20ダメージ追加。
165,ギアル,SV7,067/102,ポケモン/たね,,,,60.0,鋼,炎,草,2.0,ひきつける,●,,自分の山札を1枚引く。
165,ギアル,SV7,067/102,ポケモン/たね,,,,60.0,鋼,炎,草,2.0,ビーム,●●,20,
166,ギギアル,SV7,068/102,ポケモン/1進化,,,ギアル,90.0,鋼,炎,草,3.0,アイアンタックル,●●,60,このポケモンにも20ダメージ。
167,ギギギアル,SV7,069/102,ポケモン/2進化,,,ギギアル,140.0,鋼,炎,草,3.0,[特性]きんきゅうかいてん,,,自分の番に、このカードが手札にあり、相手の場に【2進化】ポケモンがいるなら、1回使える。このカードをベンチに出す。
167,ギギギアル,SV7,069/102,ポケモン/2進化,,,ギギアル,140.0,鋼,炎,草,3.0,ハイパービーム,●●,130,このポケモンについているエネルギーを、すべてトラッシュする。
168,メルタン,SV7,070/102,ポケモン/たね,,,,70.0,鋼,炎,草,1.0,ガラクタはこび,鋼,,自分の山札から「ポケモンのどうぐ」を1枚選び、相手に見せて、手札に加える。そして山札を切る。
168,メルタン,SV7,070/102,ポケモン/たね,,,,70.0,鋼,炎,草,1.0,ぶつかる,鋼●,30,
169,ジュラルドン,MC,524/742,ポケモン/たね,,,,130.0,鋼,炎,草,2.0,ぶちかます,鋼,30,
169,ジュラルドン,MC,524/742,ポケモン/たね,,,,130.0,鋼,炎,草,2.0,レイジングハンマー,鋼鋼●,80,このポケモンにのっているダメカンの数×10ダメージ追加。
170,ブリジュラス,MC,525/742,ポケモン/1進化,,,ジュラルドン,180.0,鋼,炎,草,2.0,[特性]はがねのかけはし,,,このポケモンがいるかぎり、【鋼】エネルギーがついている自分のポケモン全員の【にげる】ためのエネルギーは、すべてなくなる。
170,ブリジュラス,MC,525/742,ポケモン/1進化,,,ジュラルドン,180.0,鋼,炎,草,2.0,アイアンブラスター,鋼鋼●,160,次の自分の番、このポケモンはワザが使えない。
171,タケルライコ,SV7,075/102,ポケモン/たね,,古代,,130.0,竜,,,3.0,らくらいあらし,雷闘,,相手のポケモン1匹に、このポケモンについているエネルギーの数×30ダメージ。［ベンチは弱点・抵抗力を計算しない。］
171,タケルライコ,SV7,075/102,ポケモン/たね,,古代,,130.0,竜,,,3.0,リューズヘッド,雷闘●,130,
172,ホーホー,MC,572/742,ポケモン/たね,,,,70.0,無,雷,闘,1.0,さんどづき,●,10×,コインを3回投げ、オモテの数×10ダメージ。
173,ヨルノズク,MC,573/742,ポケモン/1進化,,,ホーホー,100.0,無,雷,闘,1.0,[特性]ほうせきさがし,,,自分の番に、このカードを手札から出して進化させたとき、自分の場に「テラスタル」のポケモンがいるなら、1回使える。自分の山札からトレーナーズを2枚まで選び、相手に見せて、手札に加える。そして山札を切る。
173,ヨルノズク,MC,573/742,ポケモン/1進化,,,ホーホー,100.0,無,雷,闘,1.0,スピードウイング,●●,60,
174,スピンロトム,M2a,139/193,ポケモン/たね,,,,70.0,無,雷,闘,1.0,[特性]ファンコール,,,最初の自分の番にだけ1回使える。自分の山札から、HPが「100」以下の【無】ポケモンを3枚まで選び、相手に見せて、手札に加える。そして山札を切る。この番、すでに別の「ファンコール」を使っていたなら、この特性は使えない。
174,スピンロトム,M2a,139/193,ポケモン/たね,,,,70.0,無,雷,闘,1.0,とつげきランディング,●,70,場にスタジアムが出ていないなら、このワザは失敗。
175,バッフロン,M2a,140/193,ポケモン/たね,,,,100.0,無,闘,,2.0,[特性]カーリーウォール,,,このポケモンと、自分の別の「バッフロン」がいるかぎり、自分の【無】タイプの【たね】ポケモン全員が、相手のポケモンから受けるワザのダメージは「-60」される。この効果は、この特性を持つポケモンが何匹いても、重ならない。
175,バッフロン,M2a,140/193,ポケモン/たね,,,,100.0,無,闘,,2.0,そこぢから,●●●,130,次の自分の番、このポケモンはワザが使えない。
176,テラパゴスex,MC,630/742,ポケモン/たね,ex,テラスタル(ステラ),,230.0,無,闘,,2.0,テラスタル,,,このポケモンは、ベンチにいるかぎり、ワザのダメージを受けない。
176,テラパゴスex,MC,630/742,ポケモン/たね,ex,テラスタル(ステラ),,230.0,無,闘,,2.0,ユニオンビート,●●,30×,このワザは、後攻プレイヤーの最初の番には使えない。自分のベンチポケモンの数×30ダメージ。
176,テラパゴスex,MC,630/742,ポケモン/たね,ex,テラスタル(ステラ),,230.0,無,闘,,2.0,クラウンオパール,草水雷,180,次の相手の番、このポケモンは【たね】ポケモン（【無】ポケモンをのぞく）からワザのダメージを受けない。
177,タマタマ,MC,009/742,ポケモン/たね,,,,30.0,草,炎,,1.0,そうじゅくしんか,●,,このワザは、先攻プレイヤーの最初の番でも使える。このポケモンから進化するカードを、自分の山札から1枚選び、このポケモンにのせて進化させる。そして山札を切る。
178,ザルード,SV7a,005/064,ポケモン/たね,,,,120.0,草,炎,,1.0,リーフドレイン,草,20,このポケモンのHPを「20」回復する。
178,ザルード,SV7a,005/064,ポケモン/たね,,,,120.0,草,炎,,1.0,ジャングルウィップ,草草●,80,のぞむなら、このポケモンについているエネルギーをすべて手札にもどし、80ダメージ追加。
179,ブラックキュレムex,MC,204/742,ポケモン/たね,ex,,,230.0,水,鋼,,3.0,アイスエイジ,●●●,90,相手のバトルポケモンが【竜】ポケモンなら、そのポケモンを【マヒ】にする。
179,ブラックキュレムex,MC,204/742,ポケモン/たね,ex,,,230.0,水,鋼,,3.0,ブラックフロスト,水水●●,250,このポケモンにも30ダメージ。
180,ハギギシリ,SV7a,012/064,ポケモン/たね,,,,110.0,水,雷,,1.0,[特性]はんげき,,,このポケモンが、バトル場で相手のポケモンからワザのダメージを受けたとき、ワザを使ったポケモンにダメカンを3個のせる。
180,ハギギシリ,SV7a,012/064,ポケモン/たね,,,,110.0,水,雷,,1.0,かじりつく,水●,50,次の相手の番、このワザを受けたポケモンは、にげられない。
181,ウェルカモ,MC,212/742,ポケモン/1進化,,,クワッス,100.0,水,雷,,1.0,アクアエッジ,水,40,
182,ウェーニバル,MC,213/742,ポケモン/2進化,,,ウェルカモ,170.0,水,雷,,2.0,[特性]アップテンポ,,,自分の番に、自分の手札を1枚山札の下にもどすなら、1回使える。自分の手札が5枚になるように、山札を引く。
182,ウェーニバル,MC,213/742,ポケモン/2進化,,,ウェルカモ,170.0,水,雷,,2.0,ハイドロスプラッシュ,水●,120,
183,ムチュール,SV7a,018/064,ポケモン/たね,,,,30.0,超,悪,闘,,るんるんキッス,0コスト,,自分の山札から「基本【超】エネルギー」を2枚まで選び、ベンチポケモン1匹につける。そして山札を切る。
184,ラティアスex,MC,312/742,ポケモン/たね,ex,,,210.0,超,悪,闘,2.0,[特性]スカイライン,,,このポケモンがいるかぎり、自分の【たね】ポケモン全員の【にげる】ためのエネルギーは、すべてなくなる。
184,ラティアスex,MC,312/742,ポケモン/たね,ex,,,210.0,超,悪,闘,2.0,むげんのやいば,超超●,200,次の自分の番、このポケモンはワザが使えない。
185,ヒラヒナ,SV7a,022/064,ポケモン/たね,,,,40.0,超,悪,闘,1.0,はねてかわす,●,10,コインを1回投げオモテなら、次の相手の番、このポケモンはワザのダメージや効果を受けない。
186,コレクレー,SV7a,024/064,ポケモン/たね,,,,70.0,超,悪,闘,2.0,ちいさなおつかい,●,,自分の山札から基本エネルギーを2枚まで選び、相手に見せて、手札に加える。そして山札を切る。
186,コレクレー,SV7a,024/064,ポケモン/たね,,,,70.0,超,悪,闘,2.0,たいあたり,●●●,50,
187,ナックラー,SV7a,025/064,ポケモン/たね,,,,60.0,闘,草,,1.0,なかまをよぶ,●,,自分の山札から【たね】ポケモンを2枚まで選び、ベンチに出す。そして山札を切る。
187,ナックラー,SV7a,025/064,ポケモン/たね,,,,60.0,闘,草,,1.0,かみつく,闘●,20,
188,ビブラーバ,SV7a,026/064,ポケモン/1進化,,,ナックラー,90.0,闘,草,,1.0,いやなおと,●,,次の自分の番、このワザを受けたポケモンが受けるワザのダメージは「+50」される。
188,ビブラーバ,SV7a,026/064,ポケモン/1進化,,,ナックラー,90.0,闘,草,,1.0,カッターウインド,闘●,50,
189,フライゴンex,SV7a,027/064,ポケモン/2進化,ex,テラスタル(ステラ),ビブラーバ,310.0,闘,草,,1.0,テラスタル,,,このポケモンは、ベンチにいるかぎり、ワザのダメージを受けない。
189,フライゴンex,SV7a,027/064,ポケモン/2進化,ex,テラスタル(ステラ),ビブラーバ,310.0,闘,草,,1.0,ストームバック,闘,130,のぞむなら、このポケモンをベンチポケモンと入れ替える。
189,フライゴンex,SV7a,027/064,ポケモン/2進化,ex,テラスタル(ステラ),ビブラーバ,310.0,闘,草,,1.0,ペリドットソニック,水闘鋼,,相手の「ポケモン【ex】・【V】」全員に、それぞれ100ダメージ。このワザのダメージは弱点・抵抗力を計算しない。
190,ブリジュラスex,MC,526/742,ポケモン/1進化,ex,,ジュラルドン,300.0,鋼,炎,草,2.0,[特性]ごうきんビルド,,,自分の番に、このカードを手札から出して進化させたとき、1回使える。自分のトラッシュから「基本【鋼】エネルギー」を2枚まで選び、自分の【鋼】ポケモンに好きなようにつける。
190,ブリジュラスex,MC,526/742,ポケモン/1進化,ex,,ジュラルドン,300.0,鋼,炎,草,2.0,メタルディフェンダー,鋼鋼鋼,220,次の相手の番、このポケモンの弱点は、すべてなくなる。
191,サーフゴー,MC,534/742,ポケモン/1進化,,,コレクレー,130.0,鋼,炎,草,2.0,リッチストライク,鋼,30,この番、このポケモンが「コレクレー」から進化していたなら、90ダメージ追加。
191,サーフゴー,MC,534/742,ポケモン/1進化,,,コレクレー,130.0,鋼,炎,草,2.0,サーフリターン,●●●,100,のぞむなら、このポケモンと、ついているすべてのカードを、自分の山札にもどして切る。
192,テツノカシラ,MC,536/742,ポケモン/たね,,未来,,130.0,鋼,炎,草,2.0,デリートスラッシュ,鋼●,40,相手のベンチポケモンの数が3匹以上なら、80ダメージ追加。
192,テツノカシラ,MC,536/742,ポケモン/たね,,未来,,130.0,鋼,炎,草,2.0,スライスブレード,鋼●●,100,
193,アローラ ナッシーex,MC,537/742,ポケモン/1進化,ex,テラスタル(ステラ),タマタマ,300.0,竜,,,3.0,テラスタル,,,このポケモンは、ベンチにいるかぎり、ワザのダメージを受けない。
193,アローラ ナッシーex,MC,537/742,ポケモン/1進化,ex,テラスタル(ステラ),タマタマ,300.0,竜,,,3.0,トロピカルフィーバー,草水,150,自分の手札から基本エネルギーを好きなだけ選び、自分のポケモンに好きなようにつける。
193,アローラ ナッシーex,MC,537/742,ポケモン/1進化,ex,テラスタル(ステラ),タマタマ,300.0,竜,,,3.0,ブンブンスフェーン,草水闘,,コインを1回投げオモテなら、相手のバトル場の【たね】ポケモンを【きぜつ】させる。ウラなら、相手のベンチの【たね】ポケモンを1匹選び、【きぜつ】させる。
194,チルタリス,SV7a,041/064,ポケモン/1進化,,,チルット,120.0,竜,,,1.0,ハミングチャージ,水,,自分の山札から基本エネルギーを2枚まで選び、自分のポケモンに好きなようにつける。そして山札を切る。
194,チルタリス,SV7a,041/064,ポケモン/1進化,,,チルット,120.0,竜,,,1.0,コットンウイング,水鋼,100,コインを1回投げオモテなら、次の相手の番、このポケモンはワザのダメージを受けない。
195,ディアルガ,SV7a,042/064,ポケモン/たね,,,,130.0,竜,,,2.0,タイムコントロール,●,,自分の山札から好きなカードを2枚選ぶ。残りの山札を切り、選んだカードを好きな順番に入れ替えて、山札の上にもどす。
195,ディアルガ,SV7a,042/064,ポケモン/たね,,,,130.0,竜,,,2.0,バスターテール,超鋼●,160,
196,バクガメス,SV7a,044/064,ポケモン/たね,,,,120.0,竜,,,3.0,こがしつくす,炎,,相手のバトル場の「ポケモン【ex】」についているエネルギーを1個選び、トラッシュする。
196,バクガメス,SV7a,044/064,ポケモン/たね,,,,120.0,竜,,,3.0,ばくねつスタンプ,闘●●,100,
197,チルット,SV7a,048/064,ポケモン/たね,,,,50.0,無,雷,闘,1.0,チャームボイス,●,10,相手のバトルポケモンを【こんらん】にする。
198,アイアントex,MC,052/742,ポケモン/たね,ex,,,190.0,草,炎,,2.0,[特性]いきなりけずる,,,自分の番に、このカードを手札からベンチに出したとき、1回使える。相手の山札を上から1枚トラッシュする。
198,アイアントex,MC,052/742,ポケモン/たね,ex,,,190.0,草,炎,,2.0,リベンジクラッシュ,草●●,120,相手がすでにとったサイドの枚数×30ダメージ追加。
199,コフキムシ,SV8,004/106,ポケモン/たね,,,,40.0,草,炎,,1.0,なかまをよぶ,●,,自分の山札から【たね】ポケモンを1枚選び、ベンチに出す。そして山札を切る。
200,コフーライ,SV8,005/106,ポケモン/1進化,,,コフキムシ,80.0,草,炎,,3.0,あるきまわる,●,,このポケモンをベンチポケモンと入れ替える。
200,コフーライ,SV8,005/106,ポケモン/1進化,,,コフキムシ,80.0,草,炎,,3.0,たいあたり,草,30,
201,チオンジェン,SV8,010/106,ポケモン/たね,,,,130.0,草,炎,,3.0,グリードハザード,草●,20,自分の山札の残り枚数が3枚以下なら、相手のベンチポケモン2匹にも、それぞれ120ダメージ。［ベンチは弱点・抵抗力を計算しない。］
201,チオンジェン,SV8,010/106,ポケモン/たね,,,,130.0,草,炎,,3.0,まきこみウィップ,草草●,130,自分の山札を上から3枚トラッシュする。
202,ビクティニ,SV8,012/106,ポケモン/たね,,,,70.0,炎,水,,1.0,[特性]ビクトリーエール,,,このポケモンがいるかぎり、自分の【炎】タイプの進化ポケモンが使うワザの、相手のバトルポケモンへのダメージは「+10」される。
202,ビクティニ,SV8,012/106,ポケモン/たね,,,,70.0,炎,水,,1.0,ほのお,炎●,30,
203,ラウドボーン,MC,144/742,ポケモン/2進化,,,アチゲータ,180.0,炎,水,,3.0,[特性]てんねん,,,このポケモンは、相手のポケモンが使うワザの効果を受けない。
203,ラウドボーン,MC,144/742,ポケモン/2進化,,,アチゲータ,180.0,炎,水,,3.0,フレアリサイタル,炎●,60,おたがいのベンチポケモンの数×20ダメージ追加。
204,カルボウ,SV8,020/106,ポケモン/たね,,,,80.0,炎,水,,2.0,なぐる,炎,10,
204,カルボウ,SV8,020/106,ポケモン/たね,,,,80.0,炎,水,,2.0,かえんほうしゃ,炎炎●,70,このポケモンについているエネルギーを1個選び、トラッシュする。
205,スコヴィランex,MC,147/742,ポケモン/1進化,ex,,カプサイジ,260.0,炎,水,,2.0,[特性]ダブルタイプ,,,このポケモンは、場にいるかぎり【草】と【炎】の2つのタイプになる。
205,スコヴィランex,MC,147/742,ポケモン/1進化,ex,,カプサイジ,260.0,炎,水,,2.0,スパイシーレイジ,炎炎,10,このポケモンにのっているダメカンの数×70ダメージ追加。
206,ヒンバス,MC,184/742,ポケモン/たね,,,,30.0,水,雷,,1.0,はねにげ,●,,このポケモンをベンチポケモンと入れ替える。
207,ミロカロスex,MC,185/742,ポケモン/1進化,ex,,ヒンバス,270.0,水,雷,,2.0,[特性]きらめくウロコ,,,このポケモンは、相手の「テラスタル」のポケモンからワザのダメージや効果を受けない。
207,ミロカロスex,MC,185/742,ポケモン/1進化,ex,,ヒンバス,270.0,水,雷,,2.0,ヒプノスプラッシュ,水●●,160,相手のバトルポケモンを【ねむり】にする。
208,カラナクシ,SV8,030/106,ポケモン/たね,,,,70.0,水,雷,,2.0,うちみず,●●,30,
209,パオジアン,M2a,043/193,ポケモン/たね,,,,120.0,水,鋼,,1.0,[特性]ゆきにしずめる,,,自分の番に、このカードを手札からベンチに出したとき、1回使える。場に出ているスタジアムをトラッシュする。
209,パオジアン,M2a,043/193,ポケモン/たね,,,,120.0,水,鋼,,1.0,アイシクルループ,水水●,120,このポケモンについているエネルギーを1個選び、手札にもどす。
210,ピカチュウex,M2a,044/193,ポケモン/たね,ex,テラスタル(ステラ),,200.0,雷,闘,,1.0,テラスタル,,,このポケモンは、ベンチにいるかぎり、ワザのダメージを受けない。
210,ピカチュウex,M2a,044/193,ポケモン/たね,ex,テラスタル(ステラ),,200.0,雷,闘,,1.0,[特性]がんばりハート,,,このポケモンのHPがまんたんの状態で、このポケモンがワザのダメージを受けて【きぜつ】するとき、【きぜつ】せず、残りHPが「10」の状態で場に残る。
210,ピカチュウex,M2a,044/193,ポケモン/たね,ex,テラスタル(ステラ),,200.0,雷,闘,,1.0,トパーズボルト,草雷鋼,300,このポケモンについているエネルギーを3個選び、トラッシュする。
211,レアコイル,MC,232/742,ポケモン/1進化,,,コイル,100.0,雷,闘,,1.0,[特性]かじょうほうでん,,,自分の番に1回使えて、使ったなら、このポケモンを【きぜつ】させる。自分のトラッシュから基本エネルギーを3枚まで選び、自分の【雷】ポケモンに好きなようにつける。
211,レアコイル,MC,232/742,ポケモン/1進化,,,コイル,100.0,雷,闘,,1.0,ライトニングボール,雷●,40,
212,ロトム,MC,248/742,ポケモン/たね,,,,80.0,雷,闘,,1.0,クラッシュパルス,雷,,相手の手札を見て、その中にある「グッズ」と「ポケモンのどうぐ」を、すべてトラッシュする。
212,ロトム,MC,248/742,ポケモン/たね,,,,80.0,雷,闘,,1.0,エネショート,雷,20×,相手のバトルポケモンについているエネルギーの数×20ダメージ。
213,カプ・コケコ,MC,265/742,ポケモン/たね,,,,120.0,雷,闘,,1.0,かみなりをよぶ,●,,自分の山札から【雷】ポケモンを2枚まで選び、相手に見せて、手札に加える。そして山札を切る。
213,カプ・コケコ,MC,265/742,ポケモン/たね,,,,120.0,雷,闘,,1.0,サイドカウンター,雷雷●,90,自分のサイドの残り枚数が、相手のサイドの残り枚数より多いなら、90ダメージ追加。
214,トゲキッス,MC,293/742,ポケモン/2進化,,,トゲチック,140.0,超,鋼,,1.0,[特性]ワンダーキッス,,,このポケモンがいるかぎり、相手のバトルポケモンが【きぜつ】するたび、自分はコインを1回投げる。オモテなら、サイドを1枚多くとる。この効果は、この特性を持つポケモンが何匹いても、重ならない。
214,トゲキッス,MC,293/742,ポケモン/2進化,,,トゲチック,140.0,超,鋼,,1.0,スピードウイング,●●●,140,
215,ユクシー,MC,314/742,ポケモン/たね,,,,70.0,超,悪,闘,1.0,いたみのきおく,超,,相手のポケモン全員に、それぞれダメカンを2個のせる。
216,エムリット,MC,315/742,ポケモン/たね,,,,70.0,超,悪,闘,1.0,こころをみたす,●,,自分の手札から「基本【超】エネルギー」を2枚まで選び、自分のポケモンに好きなようにつける。
216,エムリット,MC,315/742,ポケモン/たね,,,,70.0,超,悪,闘,1.0,ゴッドバースト,超超,160,自分のベンチに「ユクシー」「アグノム」がいないなら、このワザは失敗。
217,アグノム,MC,316/742,ポケモン/たね,,,,70.0,超,悪,闘,1.0,マインドキネシス,超●,10,相手のポケモン全員にのっているダメカンの数×10ダメージ追加。
218,デスマス,MC,319/742,ポケモン/たね,,,,70.0,超,悪,闘,2.0,つぶやく,超,10,
218,デスマス,MC,319/742,ポケモン/たね,,,,70.0,超,悪,闘,2.0,ちょっとうらむ,超●,20,
219,デスカーン,MC,321/742,ポケモン/1進化,,,デスマス,120.0,超,悪,闘,2.0,めいふのおきて,超,,おたがいの特性を持つポケモン全員に、それぞれダメカンを6個のせる。
219,デスカーン,MC,321/742,ポケモン/1進化,,,デスマス,120.0,超,悪,闘,2.0,ホロウショット,超●●,100,
220,ニャスパー,MC,331/742,ポケモン/たね,,,,60.0,超,悪,闘,1.0,みすかす,●,,相手の手札を見る。
220,ニャスパー,MC,331/742,ポケモン/たね,,,,60.0,超,悪,闘,1.0,サイコショット,超●,20,
221,ニャオニクス,MC,332/742,ポケモン/1進化,,,ニャスパー,90.0,超,悪,闘,1.0,[特性]さそうしっぽ,,,自分の番に、自分の手札から「のんびりじゃらし」を1枚トラッシュするなら、1回使える。相手のベンチポケモンを1匹選び、バトルポケモンと入れ替える。
221,ニャオニクス,MC,332/742,ポケモン/1進化,,,ニャスパー,90.0,超,悪,闘,1.0,サイコショット,超●●,80,
222,デデンネ,SV8,055/106,ポケモン/たね,,,,70.0,超,鋼,,1.0,でんじソナー,●,,自分のトラッシュからトレーナーズを1枚選び、相手に見せて、手札に加える。
222,デデンネ,SV8,055/106,ポケモン/たね,,,,70.0,超,鋼,,1.0,かじる,超,30,
223,シロデスナex,SV8,057/106,ポケモン/1進化,ex,テラスタル(ステラ),スナバァ,280.0,超,悪,闘,4.0,テラスタル,,,このポケモンは、ベンチにいるかぎり、ワザのダメージを受けない。
223,シロデスナex,SV8,057/106,ポケモン/1進化,ex,テラスタル(ステラ),スナバァ,280.0,超,悪,闘,4.0,すなじごく,●●●,160,次の相手の番、このワザを受けたポケモンは、にげられない。
223,シロデスナex,SV8,057/106,ポケモン/1進化,ex,テラスタル(ステラ),スナバァ,280.0,超,悪,闘,4.0,バライトジェイル,水超闘,,相手のベンチポケモン全員に、それぞれ残りHPが「100」になるように、ダメカンをのせる。
224,コノヨザル,SV8,062/106,ポケモン/2進化,,,オコリザル,140.0,闘,超,,2.0,あばれまわる,闘,130,このポケモンを【こんらん】にする。
224,コノヨザル,SV8,062/106,ポケモン/2進化,,,オコリザル,140.0,闘,超,,2.0,みちづれファイト,闘●,,おたがいのバトルポケモンを【きぜつ】させる。
225,トリトドン,SV8,066/106,ポケモン/1進化,,,カラナクシ,130.0,闘,草,,3.0,[特性]ねんちゃくしばり,,,このポケモンがベンチにいるかぎり、おたがいのベンチの【2進化】ポケモンの特性は、すべてなくなる。
225,トリトドン,SV8,066/106,ポケモン/1進化,,,カラナクシ,130.0,闘,草,,3.0,マッドショット,闘●●,80,
226,コライドン,SV8,069/106,ポケモン/たね,,古代,,130.0,闘,超,,2.0,はじょうもうこう,●●,30,前の自分の番、このポケモン以外の「古代」のポケモンがワザを使っていたなら、150ダメージ追加。
226,コライドン,SV8,069/106,ポケモン/たね,,古代,,130.0,闘,超,,2.0,ぶちかます,闘闘●,110,
227,モノズ,SV8,070/106,ポケモン/たね,,,,70.0,悪,草,,1.0,ふみならす,悪,,相手の山札を上から1枚トラッシュする。
227,モノズ,SV8,070/106,ポケモン/たね,,,,70.0,悪,草,,1.0,かみつく,悪●,20,
228,ジヘッド,SV8,071/106,ポケモン/1進化,,,モノズ,100.0,悪,草,,2.0,ふみならす,悪,,相手の山札を上から2枚トラッシュする。
228,ジヘッド,SV8,071/106,ポケモン/1進化,,,モノズ,100.0,悪,草,,2.0,やみのキバ,悪●●,60,
229,サザンドラex,SV8,072/106,ポケモン/2進化,ex,テラスタル(ステラ),ジヘッド,330.0,悪,草,,3.0,テラスタル,,,このポケモンは、ベンチにいるかぎり、ワザのダメージを受けない。
229,サザンドラex,SV8,072/106,ポケモン/2進化,ex,テラスタル(ステラ),ジヘッド,330.0,悪,草,,3.0,クラッシュヘッズ,悪●,200,相手の山札を上から3枚トラッシュする。
229,サザンドラex,SV8,072/106,ポケモン/2進化,ex,テラスタル(ステラ),ジヘッド,330.0,悪,草,,3.0,オブシディアン,超悪鋼●,130,相手のベンチポケモン2匹にも、それぞれ130ダメージ。［ベンチは弱点・抵抗力を計算しない。］
230,モモワロウ,MC,490/742,ポケモン/たね,,,,80.0,悪,闘,,1.0,[特性]もうどくしはい,,,このポケモンがバトル場にいるかぎり、相手の【どく】のポケモンは、【どく】でのせるダメカンの数が5個多くなる。
230,モモワロウ,MC,490/742,ポケモン/たね,,,,80.0,悪,闘,,1.0,ポイズンチェーン,悪●,10,相手のバトルポケモンを【どく】にする。次の相手の番、このワザを受けたポケモンは、にげられない。
231,シャリタツex,SV8,081/106,ポケモン/たね,ex,テラスタル(ステラ),,160.0,竜,,,1.0,テラスタル,,,このポケモンは、ベンチにいるかぎり、ワザのダメージを受けない。
231,シャリタツex,SV8,081/106,ポケモン/たね,ex,テラスタル(ステラ),,160.0,竜,,,1.0,ふいうちポンプ,炎水,100,このワザのダメージは、相手のバトルポケモンにかかっている効果を計算しない。
231,シャリタツex,SV8,081/106,ポケモン/たね,ex,テラスタル(ステラ),,160.0,竜,,,1.0,シナバールアー,炎水悪,,自分の山札を上から10枚見て、その中からポケモンを好きなだけ選び、ベンチに出す。残りのカードは山札にもどして切る。
232,ケッキングex,MC,583/742,ポケモン/2進化,ex,,ヤルキモノ,340.0,無,闘,,4.0,[特性]さぼりたいしつ,,,相手の場に「ポケモン【ex】・【V】」がいないなら、このポケモンはワザが使えない。
232,ケッキングex,MC,583/742,ポケモン/2進化,ex,,ヤルキモノ,340.0,無,闘,,4.0,グレートスイング,●●,280,このポケモンについているエネルギーを1個選び、トラッシュする。
233,バッフロン,SV8,087/106,ポケモン/たね,,,,130.0,無,闘,,2.0,まちうけホーン,●●,40,次の相手の番、このポケモンがワザのダメージを受けたとき、ワザを使ったポケモンにダメカンを6個のせる。
233,バッフロン,SV8,087/106,ポケモン/たね,,,,130.0,無,闘,,2.0,スマッシュヘッド,●●●●,150,このポケモンについているエネルギーを2個選び、トラッシュする。
234,テラパゴス,MC,629/742,ポケモン/たね,,,,120.0,無,闘,,2.0,プリズムチャージ,●,,自分の山札から、それぞれちがうタイプの基本エネルギーを3枚まで選び、自分の「テラスタル」のポケモンに好きなようにつける。そして山札を切る。
234,テラパゴス,MC,629/742,ポケモン/たね,,,,120.0,無,闘,,2.0,ハードタックル,●●●,100,
235,スボミー,M2a,011/193,ポケモン/たね,,,,30.0,草,炎,,,むずむずかふん,0コスト,10,次の相手の番、相手は手札からグッズを出して使えない。
236,リーフィアex,MC,038/742,ポケモン/1進化,ex,テラスタル(ステラ),イーブイ,270.0,草,炎,,2.0,テラスタル,,,このポケモンは、ベンチにいるかぎり、ワザのダメージを受けない。
236,リーフィアex,MC,038/742,ポケモン/1進化,ex,テラスタル(ステラ),イーブイ,270.0,草,炎,,2.0,あおばのあらし,草●,60×,相手のポケモン全員についているエネルギーの数×60ダメージ。
236,リーフィアex,MC,038/742,ポケモン/1進化,ex,テラスタル(ステラ),イーブイ,270.0,草,炎,,2.0,モスアゲート,草炎水,230,自分のベンチポケモン全員のHPを、それぞれ「100」回復する。
237,モンメン,SV8a,004/187,ポケモン/たね,,,,60.0,草,炎,,1.0,トリプルスピン,草,10×,コインを3回投げ、オモテの数×10ダメージ。
238,エルフーン,SV8a,005/187,ポケモン/1進化,,,モンメン,100.0,草,炎,,1.0,[特性]かるがるヒール,,,自分の番に、このカードを手札から出して進化させたとき、1回使える。自分のバトル場の【草】ポケモンのHPを、すべて回復する。その後、回復したポケモンについているエネルギーを、すべてトラッシュする。
238,エルフーン,SV8a,005/187,ポケモン/1進化,,,モンメン,100.0,草,炎,,1.0,タネばくだん,草,40,
239,ブースターex,MC,094/742,ポケモン/1進化,ex,テラスタル(ステラ),イーブイ,270.0,炎,水,,2.0,テラスタル,,,このポケモンは、ベンチにいるかぎり、ワザのダメージを受けない。
239,ブースターex,MC,094/742,ポケモン/1進化,ex,テラスタル(ステラ),イーブイ,270.0,炎,水,,2.0,バーニングチャージ,炎●,130,自分の山札から基本エネルギーを2枚まで選び、自分のポケモン1匹につける。そして山札を切る。
239,ブースターex,MC,094/742,ポケモン/1進化,ex,テラスタル(ステラ),イーブイ,270.0,炎,水,,2.0,カーネリアン,炎水雷,280,次の自分の番、このポケモンはワザが使えない。
240,アズマオウ,SV8a,029/187,ポケモン/1進化,,,トサキント,110.0,水,雷,,1.0,[特性]おまつりおんど,,,場に「お祭り会場」が出ているなら、このポケモンは、持っているワザを2回連続で使える。（1回目のワザで相手のバトルポケモンが【きぜつ】したなら、次のバトルポケモンが出たあと、2回目のワザを使う。）
240,アズマオウ,SV8a,029/187,ポケモン/1進化,,,トサキント,110.0,水,雷,,1.0,クイックドロー,●,60,自分の山札を2枚引く。
241,シャワーズex,MC,161/742,ポケモン/1進化,ex,テラスタル(ステラ),イーブイ,280.0,水,雷,,2.0,テラスタル,,,このポケモンは、ベンチにいるかぎり、ワザのダメージを受けない。
241,シャワーズex,MC,161/742,ポケモン/1進化,ex,テラスタル(ステラ),イーブイ,280.0,水,雷,,2.0,ヘビースコール,水●,,相手の「ポケモン【ex】」全員に、それぞれ60ダメージ。このワザのダメージは弱点・抵抗力を計算しない。
241,シャワーズex,MC,161/742,ポケモン/1進化,ex,テラスタル(ステラ),イーブイ,280.0,水,雷,,2.0,アクアマリン,炎水雷,280,次の自分の番、このポケモンはワザが使えない。
242,ヒンバス,SV8a,035/187,ポケモン/たね,,,,30.0,水,雷,,1.0,じたばた,水,10×,このポケモンにのっているダメカンの数×10ダメージ。
243,グレイシアex,MC,162/742,ポケモン/1進化,ex,テラスタル(ステラ),イーブイ,270.0,水,鋼,,1.0,テラスタル,,,このポケモンは、ベンチにいるかぎり、ワザのダメージを受けない。
243,グレイシアex,MC,162/742,ポケモン/1進化,ex,テラスタル(ステラ),イーブイ,270.0,水,鋼,,1.0,フロストバレット,水●,110,相手のベンチポケモン1匹にも、30ダメージ。［ベンチは弱点・抵抗力を計算しない。］
243,グレイシアex,MC,162/742,ポケモン/1進化,ex,テラスタル(ステラ),イーブイ,270.0,水,鋼,,1.0,ユークレース,草水悪,,ダメカンが6個のっている相手のポケモンを1匹選び、【きぜつ】させる。
244,サンダースex,MC,238/742,ポケモン/1進化,ex,テラスタル(ステラ),イーブイ,260.0,雷,闘,,,テラスタル,,,このポケモンは、ベンチにいるかぎり、ワザのダメージを受けない。
244,サンダースex,MC,238/742,ポケモン/1進化,ex,テラスタル(ステラ),イーブイ,260.0,雷,闘,,,フラッシュスピア,雷●,60,のぞむなら、自分のベンチポケモンについている基本エネルギーを2枚までトラッシュし、その枚数×90ダメージ追加。
244,サンダースex,MC,238/742,ポケモン/1進化,ex,テラスタル(ステラ),イーブイ,260.0,雷,闘,,,ドラバイト,炎水雷,280,次の自分の番、このポケモンはワザが使えない。
245,フーディン,SV8a,059/187,ポケモン/2進化,,,ユンゲラー,140.0,超,悪,闘,1.0,ストレンジハック,超,,相手のバトルポケモンを【こんらん】にする。相手の場のポケモンにのっているダメカンを好きなだけ選び、相手の場のポケモンに好きなようにのせ替える。
245,フーディン,SV8a,059/187,ポケモン/2進化,,,ユンゲラー,140.0,超,悪,闘,1.0,サイコキネシス,超,10,相手のバトルポケモンについているエネルギーの数×50ダメージ追加。
246,エーフィex,MC,298/742,ポケモン/1進化,ex,テラスタル(ステラ),イーブイ,270.0,超,悪,闘,1.0,テラスタル,,,このポケモンは、ベンチにいるかぎり、ワザのダメージを受けない。
246,エーフィex,MC,298/742,ポケモン/1進化,ex,テラスタル(ステラ),イーブイ,270.0,超,悪,闘,1.0,サイコアウト,超●●,160,相手の手札からオモテを見ないで1枚選び、トラッシュする。
246,エーフィex,MC,298/742,ポケモン/1進化,ex,テラスタル(ステラ),イーブイ,270.0,超,悪,闘,1.0,アマゼツ,草超悪,,相手の進化しているポケモン全員の上から、それぞれ「進化カード」を1枚ずつはがして退化させる。はがしたカードは、相手の山札にもどして切る。
247,ペロッパフ,SV8a,067/187,ポケモン/たね,,,,50.0,超,鋼,,1.0,[特性]おまつりおんど,,,場に「お祭り会場」が出ているなら、このポケモンは、持っているワザを2回連続で使える。（1回目のワザで相手のバトルポケモンが【きぜつ】したなら、次のバトルポケモンが出たあと、2回目のワザを使う。）
247,ペロッパフ,SV8a,067/187,ポケモン/たね,,,,50.0,超,鋼,,1.0,そっとのせる,超,,相手のポケモン1匹に、ダメカンを2個のせる。
248,ブラッキーex,MC,446/742,ポケモン/1進化,ex,テラスタル(ステラ),イーブイ,280.0,悪,草,,2.0,テラスタル,,,このポケモンは、ベンチにいるかぎり、ワザのダメージを受けない。
248,ブラッキーex,MC,446/742,ポケモン/1進化,ex,テラスタル(ステラ),イーブイ,280.0,悪,草,,2.0,ムーンミラージュ,悪●●,160,相手のバトルポケモンを【こんらん】にする。
248,ブラッキーex,MC,446/742,ポケモン/1進化,ex,テラスタル(ステラ),イーブイ,280.0,悪,草,,2.0,オニキス,雷超悪,,このポケモンについているエネルギーをすべてトラッシュし、自分のサイドを1枚とる。
249,イーブイex,MC,566/742,ポケモン/たね,ex,テラスタル(ステラ),,200.0,無,闘,,1.0,テラスタル,,,このポケモンは、ベンチにいるかぎり、ワザのダメージを受けない。
249,イーブイex,MC,566/742,ポケモン/たね,ex,テラスタル(ステラ),,200.0,無,闘,,1.0,[特性]にじいろDNA,,,このポケモンは、「イーブイ」から進化する「ポケモン【ex】」を手札から出して、このポケモンにのせて進化できる。（最初の自分の番や、出したばかりの番には進化できない。）
249,イーブイex,MC,566/742,ポケモン/たね,ex,テラスタル(ステラ),,200.0,無,闘,,1.0,クォーツシャイン,炎水雷,200,
250,ホーホー,SV8a,127/187,ポケモン/たね,,,,80.0,無,雷,闘,2.0,[特性]ふみん,,,このポケモンは【ねむり】にならない。
250,ホーホー,SV8a,127/187,ポケモン/たね,,,,80.0,無,雷,闘,2.0,たいあたり,●●,20,
251,レジギガス,SV8a,132/187,ポケモン/たね,,,,160.0,無,闘,,4.0,ジュエルブレイク,●●●●,100,相手のバトルポケモンが「テラスタル」のポケモンなら、230ダメージ追加。
252,キャタピー,SV9,001/100,ポケモン/たね,,,,50.0,草,炎,,1.0,むしくい,草,20,
253,トランセル,SV9,002/100,ポケモン/1進化,,,キャタピー,90.0,草,炎,,3.0,かたくなる,草,,次の相手の番、このポケモンは「60」以下のワザのダメージを受けない。
254,バタフリー,SV9,003/100,ポケモン/2進化,,,トランセル,120.0,草,炎,,1.0,りんぷんハリケーン,草,60×,コインを4回投げ、オモテの数×60ダメージ。オモテが2回以上なら、相手のバトルポケモンを【マヒ】にする。
255,マラカッチ,SV9,006/100,ポケモン/たね,,,,110.0,草,炎,,2.0,[特性]さくれつばり,,,このポケモンが、バトル場で相手のポケモンからワザのダメージを受けて【きぜつ】したとき、ワザを使ったポケモンにダメカンを6個のせる。
255,マラカッチ,SV9,006/100,ポケモン/たね,,,,110.0,草,炎,,2.0,おいつめる,●,20,次の相手の番、このワザを受けたポケモンは、にげられない。
256,ブーバーン,MC,092/742,ポケモン/1進化,,,ブーバー,130.0,炎,水,,2.0,[特性]マグマのはどう,,,このポケモンがいるかぎり、相手の【やけど】のポケモンは、【やけど】でのせるダメカンの数が3個多くなる。
256,ブーバーン,MC,092/742,ポケモン/1進化,,,ブーバー,130.0,炎,水,,2.0,やきこがす,炎炎●,90,コインを1回投げオモテなら、相手のバトルポケモンを【やけど】にする。
257,Nのダルマッカ,MC,118/742,ポケモン/たね,,トレーナーのポケモン（N）,,80.0,炎,水,,2.0,ころがりタックル,●●,20,
257,Nのダルマッカ,MC,118/742,ポケモン/たね,,トレーナーのポケモン（N）,,80.0,炎,水,,2.0,ほのお,炎炎●,50,
258,Nのヒヒダルマ,MC,119/742,ポケモン/1進化,,トレーナーのポケモン（N）,Nのダルマッカ,140.0,炎,水,,3.0,バックドラフト,●●,30×,相手のトラッシュにある基本エネルギーの枚数×30ダメージ。
258,Nのヒヒダルマ,MC,119/742,ポケモン/1進化,,トレーナーのポケモン（N）,Nのダルマッカ,140.0,炎,水,,3.0,ひだるまキャノン,炎炎●,90,このポケモンについているエネルギーをすべてトラッシュし、相手のベンチポケモン1匹にも、90ダメージ。［ベンチは弱点・抵抗力を計算しない。］
259,ボルケニオンex,MC,129/742,ポケモン/たね,ex,,,220.0,炎,水,,3.0,[特性]やけつくじょうき,,,このポケモンがバトル場にいるなら、自分の番に1回使える。相手のバトルポケモンを【やけど】にする。
259,ボルケニオンex,MC,129/742,ポケモン/たね,ex,,,220.0,炎,水,,3.0,ヒートサイクロン,炎炎●,160,このポケモンについているエネルギーを1個選び、ベンチポケモンにつけ替える。
260,ハスボー,MC,175/742,ポケモン/たね,,,,60.0,水,雷,,1.0,みずでっぽう,水,20,
261,ハスブレロ,MC,176/742,ポケモン/1進化,,,ハスボー,90.0,水,雷,,1.0,アクアスラッシュ,水水,70,次の自分の番、このポケモンはワザが使えない。
262,ルンパッパ,MC,177/742,ポケモン/2進化,,,ハスブレロ,140.0,水,雷,,2.0,[特性]バイタルサンバ,,,このポケモンがいるかぎり、自分の場のポケモン全員の最大HPは、それぞれ「+40」される。この効果は、この特性を持つポケモンが何匹いても、重ならない。
262,ルンパッパ,MC,177/742,ポケモン/2進化,,,ハスブレロ,140.0,水,雷,,2.0,ハイドロスプラッシュ,水水●,130,
263,ホエルコ,MC,180/742,ポケモン/たね,,,,130.0,水,雷,,3.0,なみのり,●●●,60,
264,ホエルオー,MC,181/742,ポケモン/1進化,,,ホエルコ,240.0,水,雷,,4.0,ハイドロポンプ,●●●●,10,このポケモンについている【水】エネルギーの数×50ダメージ追加。
265,ナンジャモのビリリダマ,MC,234/742,ポケモン/たね,,トレーナーのポケモン（ナンジャモ）,,70.0,雷,闘,,1.0,チェインボルト,●●,20,自分の「ナンジャモのポケモン」全員についている【雷】エネルギーの数×20ダメージ追加。
266,ナンジャモのマルマイン,MC,235/742,ポケモン/1進化,,トレーナーのポケモン（ナンジャモ）,ナンジャモのビリリダマ,100.0,雷,闘,,,どきどきボム,雷雷,,このポケモンに100ダメージ。コインを1回投げオモテなら、相手のバトルポケモンを【きぜつ】させる。
266,ナンジャモのマルマイン,MC,235/742,ポケモン/1進化,,トレーナーのポケモン（ナンジャモ）,ナンジャモのビリリダマ,100.0,雷,闘,,,ライトニングボール,雷雷●,100,
267,Nのバチュル,SV9,028/100,ポケモン/たね,,トレーナーのポケモン（N）,,40.0,雷,闘,,1.0,バチバチショート,●●,30,ダメージを与える前に、相手のバトルポケモンについている「ポケモンのどうぐ」をトラッシュする。トラッシュした場合、相手のバトルポケモンを【マヒ】にする。
268,ナンジャモのズピカ,MC,273/742,ポケモン/たね,,トレーナーのポケモン（ナンジャモ）,,60.0,雷,闘,,2.0,プチでんき,雷●,30,
269,ナンジャモのハラバリーex,MC,274/742,ポケモン/1進化,ex,トレーナーのポケモン（ナンジャモ）,ナンジャモのズピカ,280.0,雷,闘,,2.0,[特性]エレキストリーマー,,,自分の番に何回でも使える。自分の手札から「基本【雷】エネルギー」を1枚選び、自分の「ナンジャモのポケモン」につける。
269,ナンジャモのハラバリーex,MC,274/742,ポケモン/1進化,ex,トレーナーのポケモン（ナンジャモ）,ナンジャモのズピカ,280.0,雷,闘,,2.0,サンダーボルト,雷雷雷●,230,次の自分の番、このポケモンはワザが使えない。
270,ナンジャモのカイデン,MC,278/742,ポケモン/たね,,トレーナーのポケモン（ナンジャモ）,,60.0,雷,雷,闘,1.0,でんこうせっか,雷,10,コインを1回投げオモテなら、20ダメージ追加。
271,ナンジャモのタイカイデン,MC,279/742,ポケモン/1進化,,トレーナーのポケモン（ナンジャモ）,ナンジャモのカイデン,120.0,雷,雷,闘,1.0,[特性]フラッシュドロー,,,自分の番に、このポケモンについている「基本【雷】エネルギー」を1個トラッシュするなら、1回使える。自分の手札が6枚になるように、山札を引く。
271,ナンジャモのタイカイデン,MC,279/742,ポケモン/1進化,,トレーナーのポケモン（ナンジャモ）,ナンジャモのカイデン,120.0,雷,雷,闘,1.0,マッハボルト,雷●●,70,
272,リーリエのピッピex,MC,287/742,ポケモン/たね,ex,トレーナーのポケモン（リーリエ）,,190.0,超,鋼,,1.0,[特性]フェアリーゾーン,,,このポケモンがいるかぎり、相手の場の【竜】ポケモン全員の弱点は、すべて【超】タイプになる。［弱点は「×2」で計算する。］
272,リーリエのピッピex,MC,287/742,ポケモン/たね,ex,トレーナーのポケモン（リーリエ）,,190.0,超,鋼,,1.0,フルムーンロンド,超●,20,おたがいのベンチポケモンの数×20ダメージ追加。
273,ジュペッタ,SV9,036/100,ポケモン/1進化,,,カゲボウズ,90.0,超,悪,闘,1.0,のろいのことば,超,,相手は相手自身の手札を3枚選び、山札にもどして切る。
273,ジュペッタ,SV9,036/100,ポケモン/1進化,,,カゲボウズ,90.0,超,悪,闘,1.0,ホロウショット,超●,70,
274,ダンバル,SV9,037/100,ポケモン/たね,,,,60.0,超,悪,闘,1.0,かいてんアタック,超,10,
274,ダンバル,SV9,037/100,ポケモン/たね,,,,60.0,超,悪,闘,1.0,ビーム,超超,30,
275,メタング,SV9,038/100,ポケモン/1進化,,,ダンバル,100.0,超,悪,闘,2.0,サイコパンチ,超,30,
275,メタング,SV9,038/100,ポケモン/1進化,,,ダンバル,100.0,超,悪,闘,2.0,しねんのずつき,超超,50,
276,メタグロス,SV9,039/100,ポケモン/2進化,,,メタング,170.0,超,悪,闘,3.0,たたきつぶす,超,60,
276,メタグロス,SV9,039/100,ポケモン/2進化,,,メタング,170.0,超,悪,闘,3.0,ジョイントビーム,超超,130,自分のベンチに「ダンバル」「メタング」がいるなら、150ダメージ追加。
277,Nのシンボラー,SV9,040/100,ポケモン/たね,,トレーナーのポケモン（N）,,110.0,超,雷,闘,1.0,ねんどうだん,超,20,
277,Nのシンボラー,SV9,040/100,ポケモン/たね,,トレーナーのポケモン（N）,,110.0,超,雷,闘,1.0,ビクトリーシンボル,超●●,,このワザを使ったとき、自分のサイドの残り枚数が1枚なら、この対戦は自分の勝ちになる。
278,リーリエのアブリー,MC,338/742,ポケモン/たね,,トレーナーのポケモン（リーリエ）,,30.0,超,鋼,,,じっとする,超,,このポケモンのHPを「10」回復する。
279,リーリエのアブリボン,MC,339/742,ポケモン/1進化,,トレーナーのポケモン（リーリエ）,リーリエのアブリー,70.0,超,鋼,,,[特性]おさそいウインク,,,自分の番に、このカードを手札から出して進化させたとき、1回使える。相手の手札を見て、その中から【たね】ポケモンを好きなだけ選び、相手のベンチに出す。
279,リーリエのアブリボン,MC,339/742,ポケモン/1進化,,トレーナーのポケモン（リーリエ）,リーリエのアブリー,70.0,超,鋼,,,マジカルショット,超,50,
280,リーリエのキュワワー,MC,340/742,ポケモン/たね,,トレーナーのポケモン（リーリエ）,,70.0,超,鋼,,1.0,はなまねき,●,,自分の山札から【たね】ポケモンの「リーリエのポケモン」を好きなだけ選び、ベンチに出す。そして山札を切る。
280,リーリエのキュワワー,MC,340/742,ポケモン/たね,,トレーナーのポケモン（リーリエ）,,70.0,超,鋼,,1.0,ぱっときえる,超,30,このポケモンと、ついているすべてのカードを、手札にもどす。
281,ウリムー,MC,362/742,ポケモン/たね,,,,70.0,闘,草,,2.0,なかまをよぶ,●,,自分の山札から【たね】ポケモンを2枚まで選び、ベンチに出す。そして山札を切る。
281,ウリムー,MC,362/742,ポケモン/たね,,,,70.0,闘,草,,2.0,つきたおし,闘,10,
282,イノムー,MC,363/742,ポケモン/1進化,,,ウリムー,100.0,闘,草,,3.0,かいりき,●,20,
282,イノムー,MC,363/742,ポケモン/1進化,,,ウリムー,100.0,闘,草,,3.0,キバでつく,闘闘,50,
283,マンムーex,MC,364/742,ポケモン/2進化,ex,,イノムー,340.0,闘,草,,4.0,[特性]マンモスキャリー,,,自分の番に1回使える。自分の山札からポケモンを1枚選び、相手に見せて、手札に加える。そして山札を切る。
283,マンムーex,MC,364/742,ポケモン/2進化,ex,,イノムー,340.0,闘,草,,4.0,とどろくこうしん,闘闘,180,自分のベンチの【2進化】ポケモンの数×40ダメージ追加。
284,ヨーギラス,SV9,047/100,ポケモン/たね,,,,70.0,闘,草,,1.0,かみくだく,●●,20,コインを1回投げオモテなら、相手のバトルポケモンについているエネルギーを1個選び、トラッシュする。
285,サナギラス,SV9,048/100,ポケモン/1進化,,,ヨーギラス,90.0,闘,草,,1.0,とっしん,●●,60,このポケモンにも20ダメージ。
286,イワンコ,SV9,051/100,ポケモン/たね,,,,70.0,闘,草,,1.0,ほりかえす,●,,自分の山札を上から1枚見て、もとにもどす。のぞむなら、そのカードをトラッシュする。
286,イワンコ,SV9,051/100,ポケモン/たね,,,,70.0,闘,草,,1.0,ふむ,●●,20,
287,ルガルガン,SV9,052/100,ポケモン/1進化,,,イワンコ,120.0,闘,草,,2.0,[特性]とげをまとう,,,自分の番に、このカードを手札から出して進化させたとき、1回使える。自分のトラッシュから「スパイクエネルギー」を2枚まで選び、このポケモンにつける。
287,ルガルガン,SV9,052/100,ポケモン/1進化,,,イワンコ,120.0,闘,草,,2.0,クラッチファング,●●●,40,相手のバトルポケモンにのっているダメカンの数×40ダメージ追加。
288,ホップのスナヘビ,SV9,053/100,ポケモン/たね,,トレーナーのポケモン（ホップ）,,80.0,闘,草,,2.0,なわばりづくり,●,,自分の山札からスタジアムを1枚選び、相手に見せて、手札に加える。そして山札を切る。
288,ホップのスナヘビ,SV9,053/100,ポケモン/たね,,トレーナーのポケモン（ホップ）,,80.0,闘,草,,2.0,かじる,闘●,20,
289,ホップのサダイジャ,SV9,054/100,ポケモン/1進化,,トレーナーのポケモン（ホップ）,ホップのスナヘビ,140.0,闘,草,,3.0,じひびき,闘●,30,次の相手の番、このワザを受けたポケモンは、にげられない。
289,ホップのサダイジャ,SV9,054/100,ポケモン/1進化,,トレーナーのポケモン（ホップ）,ホップのスナヘビ,140.0,闘,草,,3.0,グラウンドブレイク,闘●●,140,自分のベンチポケモン全員にも、それぞれ20ダメージ。［ベンチは弱点・抵抗力を計算しない。］
290,バンギラス,SV9,058/100,ポケモン/2進化,,,サナギラス,190.0,悪,草,,3.0,[特性]いあつのがんこう,,,このポケモンがバトル場にいるかぎり、相手は手札からグッズを出して使えない。
290,バンギラス,SV9,058/100,ポケモン/2進化,,,サナギラス,190.0,悪,草,,3.0,クラックストンプ,悪●,150,相手の山札を上から2枚トラッシュする。
291,Nのチョロネコ,MC,457/742,ポケモン/たね,,トレーナーのポケモン（N）,,70.0,悪,草,,1.0,ちょろまかす,悪●,30,相手の手札を見て、その中からカードを1枚選び、相手の山札の下にもどす。
292,Nのゾロア,MC,469/742,ポケモン/たね,,トレーナーのポケモン（N）,,70.0,悪,草,,1.0,ひっかく,悪,20,
293,Nのゾロアークex,MC,470/742,ポケモン/1進化,ex,トレーナーのポケモン（N）,Nのゾロア,280.0,悪,草,,2.0,[特性]とりひき,,,自分の番に、自分の手札を1枚トラッシュするなら、1回使える。自分の山札を2枚引く。
293,Nのゾロアークex,MC,470/742,ポケモン/1進化,ex,トレーナーのポケモン（N）,Nのゾロア,280.0,悪,草,,2.0,ナイトジョーカー,悪悪,,自分のベンチの「Nのポケモン」が持つワザを1つ選び、このワザとして使う。
294,Nのギアル,SV9,064/100,ポケモン/たね,,トレーナーのポケモン（N）,,60.0,鋼,炎,草,1.0,ダブルスピン,●,10×,コインを2回投げ、オモテの数×10ダメージ。
295,Nのギギアル,SV9,065/100,ポケモン/1進化,,トレーナーのポケモン（N）,Nのギアル,90.0,鋼,炎,草,3.0,ぐるぐるギア,●,20,相手のバトルポケモンを【こんらん】にする。
295,Nのギギアル,SV9,065/100,ポケモン/1進化,,トレーナーのポケモン（N）,Nのギアル,90.0,鋼,炎,草,3.0,がちんこ,鋼●,40,
296,Nのギギギアル,SV9,066/100,ポケモン/2進化,,トレーナーのポケモン（N）,Nのギギアル,160.0,鋼,炎,草,3.0,マグネブラスト,●,50,
296,Nのギギギアル,SV9,066/100,ポケモン/2進化,,トレーナーのポケモン（N）,Nのギギアル,160.0,鋼,炎,草,3.0,トリプルスマッシュ,鋼鋼●,120×,コインを3回投げ、オモテの数×120ダメージ。
297,マギアナ,MC,515/742,ポケモン/たね,,,,90.0,鋼,炎,草,1.0,[特性]オートヒール,,,このポケモンがバトル場にいるかぎり、自分の手札からエネルギーをポケモンにつけるたび、そのポケモンのHPを「90」回復する。
297,マギアナ,MC,515/742,ポケモン/たね,,,,90.0,鋼,炎,草,1.0,スパイクドロー,●,20,自分の山札を2枚引く。
298,ホップのアーマーガア,MC,520/742,ポケモン/2進化,,トレーナーのポケモン（ホップ）,ホップのアオガラス,170.0,鋼,雷,闘,2.0,つきぬける,●,50,相手のベンチポケモン1匹にも、50ダメージ。［ベンチは弱点・抵抗力を計算しない。］
298,ホップのアーマーガア,MC,520/742,ポケモン/2進化,,トレーナーのポケモン（ホップ）,ホップのアオガラス,170.0,鋼,雷,闘,2.0,はがねのつばさ,鋼鋼●,150,次の相手の番、このポケモンが受けるワザのダメージは「-60」される。
299,ホップのザシアンex,MC,527/742,ポケモン/たね,ex,トレーナーのポケモン（ホップ）,,230.0,鋼,炎,草,2.0,せつなぎり,●,30,相手のベンチポケモン1匹にも、30ダメージ。［ベンチは弱点・抵抗力を計算しない。］
299,ホップのザシアンex,MC,527/742,ポケモン/たね,ex,トレーナーのポケモン（ホップ）,,230.0,鋼,炎,草,2.0,ブレイブスラッシュ,鋼鋼鋼●,240,次の自分の番、このポケモンは「ブレイブスラッシュ」が使えない。
300,タツベイ,MC,538/742,ポケモン/たね,,,,70.0,竜,,,2.0,かみつく,●,10,
300,タツベイ,MC,538/742,ポケモン/たね,,,,70.0,竜,,,2.0,とつげき,炎水,50,このポケモンにも10ダメージ。
301,コモルー,MC,539/742,ポケモン/1進化,,,タツベイ,100.0,竜,,,2.0,ガードプレス,●●,30,次の相手の番、このポケモンが受けるワザのダメージは「-30」される。
301,コモルー,MC,539/742,ポケモン/1進化,,,タツベイ,100.0,竜,,,2.0,ヘビーインパクト,炎水●,80,
302,ボーマンダex,MC,540/742,ポケモン/2進化,ex,,コモルー,320.0,竜,,,2.0,ワイドブラスト,炎●●,,相手のベンチポケモン全員に、それぞれ50ダメージ。［ベンチは弱点・抵抗力を計算しない。］
302,ボーマンダex,MC,540/742,ポケモン/2進化,ex,,コモルー,320.0,竜,,,2.0,ドラゴンインパクト,炎水●●,300,このポケモンについているエネルギーを2個選び、トラッシュする。
303,Nのレシラム,MC,545/742,ポケモン/たね,,トレーナーのポケモン（N）,,130.0,竜,,,2.0,パワーレイジ,炎雷,20×,このポケモンにのっているダメカンの数×20ダメージ。
303,Nのレシラム,MC,545/742,ポケモン/たね,,トレーナーのポケモン（N）,,130.0,竜,,,2.0,イノセントフレイム,炎炎雷●,170,
304,ホップのカビゴン,MC,569/742,ポケモン/たね,,トレーナーのポケモン（ホップ）,,150.0,無,闘,,4.0,[特性]ふとっぱら,,,このポケモンがいるかぎり、自分の「ホップのポケモン」が使うワザの、相手のバトルポケモンへのダメージは「+30」される。この効果は、この特性を持つポケモンが何匹いても、重ならない。
304,ホップのカビゴン,MC,569/742,ポケモン/たね,,トレーナーのポケモン（ホップ）,,150.0,無,闘,,4.0,ダイナミックプレス,●●●,140,このポケモンにも80ダメージ。
305,ノコッチ,MC,574/742,ポケモン/たね,,,,70.0,無,闘,,1.0,いれかわる,●,,このポケモンをベンチポケモンと入れ替える。
305,ノコッチ,MC,574/742,ポケモン/たね,,,,70.0,無,闘,,1.0,ぶつかる,●●,20,
306,ノココッチex,MC,575/742,ポケモン/1進化,ex,,ノコッチ,270.0,無,闘,,3.0,ぎゃっきょうテール,●,60×,相手の場の「ポケモン【ex】」の数×60ダメージ。
306,ノココッチex,MC,575/742,ポケモン/1進化,ex,,ノコッチ,270.0,無,闘,,3.0,ドリルブレイク,●●●,150,このワザのダメージは、相手のバトルポケモンにかかっている効果を計算しない。
307,ホップのココガラ,MC,622/742,ポケモン/たね,,トレーナーのポケモン（ホップ）,,60.0,無,雷,闘,1.0,こわいしせん,●,,次の相手の番、このワザを受けたポケモンが使うワザのダメージは「-20」される。
307,ホップのココガラ,MC,622/742,ポケモン/たね,,トレーナーのポケモン（ホップ）,,60.0,無,雷,闘,1.0,つつく,●●,20,
308,ホップのアオガラス,MC,623/742,ポケモン/1進化,,トレーナーのポケモン（ホップ）,ホップのココガラ,90.0,無,雷,闘,1.0,スピードひこう,●,30,
308,ホップのアオガラス,MC,623/742,ポケモン/1進化,,トレーナーのポケモン（ホップ）,ホップのココガラ,90.0,無,雷,闘,1.0,するどいはね,●●●,80,
309,ホップのウールー,M2a,141/193,ポケモン/たね,,トレーナーのポケモン（ホップ）,,70.0,無,闘,,1.0,けとばす,●●●,50,
310,ホップのバイウールー,M2a,142/193,ポケモン/1進化,,トレーナーのポケモン（ホップ）,ホップのウールー,120.0,無,闘,,2.0,[特性]チャレンジホーン,,,自分の番に、このカードを手札から出して進化させたとき、1回使える。相手のベンチポケモンを1匹選び、バトルポケモンと入れ替える。
310,ホップのバイウールー,M2a,142/193,ポケモン/1進化,,トレーナーのポケモン（ホップ）,ホップのウールー,120.0,無,闘,,2.0,ずつき,●●●,80,
311,ホップのウッウ,MC,624/742,ポケモン/たね,,トレーナーのポケモン（ホップ）,,110.0,無,雷,闘,1.0,きまぐれスピット,●,120,相手のサイドの残り枚数が4枚・3枚でないなら、このワザは失敗。
312,スナノケガワ,MC,424/742,ポケモン/たね,,古代,,120.0,闘,草,,2.0,じばさくれつ,闘,20,自分の場にエネルギーが3個以上あるなら、70ダメージ追加。このワザのダメージは弱点を計算しない。
312,スナノケガワ,MC,424/742,ポケモン/たね,,古代,,120.0,闘,草,,2.0,パワージェム,闘●,60,
313,ミライドンex,MC,553/742,ポケモン/たね,ex,未来,,220.0,竜,,,1.0,リジェクトボルト,雷超,60,相手のバトルポケモンにダメカンがのっているなら、100ダメージ追加。
313,ミライドンex,MC,553/742,ポケモン/たね,ex,未来,,220.0,竜,,,1.0,サイバードライブ,雷超●,220,次の自分の番、このポケモンは「サイバードライブ」が使えない。
314,マリル,SVI,013/066,ポケモン/たね,,,,70.0,水,雷,,1.0,ころがる,●,10,
315,マリルリ,SVLN,004/022,ポケモン/1進化,,,マリル,120.0,超,鋼,,2.0,[特性]きらきらシャボン,,,自分の場に「テラスタル」のポケモンがいるなら、このポケモンが「すてみタックル」を使うためのエネルギーは、【超】エネルギー1個になる。
315,マリルリ,SVLN,004/022,ポケモン/1進化,,,マリル,120.0,超,鋼,,2.0,すてみタックル,超超超超,230,このポケモンにも50ダメージ。
316,ニンフィアex,MC,299/742,ポケモン/1進化,ex,テラスタル(ステラ),イーブイ,270.0,超,鋼,,2.0,テラスタル,,,このポケモンは、ベンチにいるかぎり、ワザのダメージを受けない。
316,ニンフィアex,MC,299/742,ポケモン/1進化,ex,テラスタル(ステラ),イーブイ,270.0,超,鋼,,2.0,マジカルチャーム,超●●,160,次の相手の番、このワザを受けたポケモンが使うワザのダメージは「-100」される。
316,ニンフィアex,MC,299/742,ポケモン/1進化,ex,テラスタル(ステラ),イーブイ,270.0,超,鋼,,2.0,エンジェライト,水雷超,,相手のベンチポケモンを2匹選び、そのポケモンと、ついているすべてのカードを、山札にもどして切る。前の自分の番に、自分のポケモンが「エンジェライト」を使っていたなら、このワザは使えない。
317,イーブイ,MC,565/742,ポケモン/たね,,,,50.0,無,闘,,1.0,[特性]ブーストしんか,,,このポケモンは、バトル場にいるかぎり、最初の自分の番や、出したばかりの番でも進化できる。
317,イーブイ,MC,565/742,ポケモン/たね,,,,50.0,無,闘,,1.0,とつげき,●●,30,このポケモンにも10ダメージ。
318,ホウオウ,SVLS,003/022,ポケモン/たね,,,,130.0,炎,雷,闘,2.0,はばたく,炎●,50,
318,ホウオウ,SVLS,003/022,ポケモン/たね,,,,130.0,炎,雷,闘,2.0,シャインブレイズ,炎炎●,100,自分のベンチに「テラスタル」のポケモンがいるなら、100ダメージ追加。
319,カルボウ,M2a,030/193,ポケモン/たね,,,,70.0,炎,水,,1.0,おにび,炎,20,
320,ソウブレイズex,M2a,031/193,ポケモン/1進化,ex,テラスタル(ステラ),カルボウ,270.0,炎,水,,2.0,テラスタル,,,このポケモンは、ベンチにいるかぎり、ワザのダメージを受けない。
320,ソウブレイズex,M2a,031/193,ポケモン/1進化,ex,テラスタル(ステラ),カルボウ,270.0,炎,水,,2.0,しんえんほむら,炎,30,自分のトラッシュにあるエネルギーの枚数×20ダメージ追加。
320,ソウブレイズex,M2a,031/193,ポケモン/1進化,ex,テラスタル(ステラ),カルボウ,270.0,炎,水,,2.0,アメジストレイジ,炎超鋼,280,このポケモンについているエネルギーを、すべてトラッシュする。
321,チュリネ,SVM,007/175,ポケモン/たね,,,,50.0,草,炎,,1.0,リーフステップ,草●,30,
322,ドレディア,SVM,008/175,ポケモン/1進化,,,チュリネ,110.0,草,炎,,2.0,[特性]にほんばれ,,,このポケモンがいるかぎり、自分の【草】または【炎】ポケモンが使うワザの、相手のバトルポケモンへのダメージは「+20」される。
322,ドレディア,SVM,008/175,ポケモン/1進化,,,チュリネ,110.0,草,炎,,2.0,かいてんアタック,草●●,60,
323,マメバッタ,SVM,013/175,ポケモン/たね,,,,50.0,草,炎,,1.0,うしろげり,●,20,
324,アチャモ,SVM,014/175,ポケモン/たね,,,,60.0,炎,水,,1.0,ひっかく,炎●,30,
325,ワカシャモ,SVM,015/175,ポケモン/1進化,,,アチャモ,90.0,炎,水,,2.0,きりさく,炎●,50,
326,バシャーモex,SVM,016/175,ポケモン/2進化,ex,,ワカシャモ,320.0,炎,水,,2.0,[特性]たぎるとうし,,,自分の番に1回使える。自分のトラッシュから基本エネルギーを1枚選び、自分のポケモンにつける。
326,バシャーモex,SVM,016/175,ポケモン/2進化,ex,,ワカシャモ,320.0,炎,水,,2.0,バーニングソルト,炎●,200,次の自分の番、このポケモンはワザが使えない。
327,ヤドン,SVM,027/175,ポケモン/たね,,,,70.0,水,雷,,2.0,みずでっぽう,水,10,
327,ヤドン,SVM,027/175,ポケモン/たね,,,,70.0,水,雷,,2.0,しっぽではたく,水●,30,
328,ピカチュウex,SVM,038/175,ポケモン/たね,ex,,,190.0,雷,闘,,1.0,しっぽではたく,●,30,
328,ピカチュウex,SVM,038/175,ポケモン/たね,ex,,,190.0,雷,闘,,1.0,かみなり,雷雷●,220,このポケモンにも30ダメージ。
329,カプ・コケコex,SVM,046/175,ポケモン/たね,ex,,,200.0,雷,闘,,,サンダーコネクト,雷●,60,自分のベンチポケモンの数×20ダメージ追加。
330,ニンフィア,SVM,050/175,ポケモン/1進化,,,イーブイ,120.0,超,鋼,,1.0,[特性]しんぴのまもり,,,このポケモンは、相手の「ポケモン【ex】」からワザのダメージを受けない。
330,ニンフィア,SVM,050/175,ポケモン/1進化,,,イーブイ,120.0,超,鋼,,1.0,マジカルショット,超●●,100,
331,ゼルネアスex,SVM,052/175,ポケモン/たね,ex,,,210.0,超,鋼,,1.0,オーロラビーム,超●,50,
331,ゼルネアスex,SVM,052/175,ポケモン/たね,ex,,,210.0,超,鋼,,1.0,ライジングホーン,超超●,120,相手のバトルポケモンが「ポケモン【ex】」なら、100ダメージ追加。
332,ダダリン,SVM,055/175,ポケモン/たね,,,,130.0,超,悪,闘,3.0,しばりつける,超●●,60,次の相手の番、このワザを受けたポケモンは、にげられない。
332,ダダリン,SVM,055/175,ポケモン/たね,,,,130.0,超,悪,闘,3.0,アンカースマッシュ,超超●●,130,
333,リオル,SVM,064/175,ポケモン/たね,,,,70.0,闘,超,,1.0,でんこうせっか,闘,10,コインを1回投げオモテなら、20ダメージ追加。
334,ニューラ,SVM,075/175,ポケモン/たね,,,,60.0,悪,草,,,ツメできりさく,悪,20,
335,ドーミラー,SVM,081/175,ポケモン/たね,,,,70.0,鋼,炎,草,1.0,ぶちかます,鋼●,20,
336,ザシアンex,SVM,089/175,ポケモン/たね,ex,,,220.0,鋼,炎,草,2.0,こうてつぶそう,●,20,自分の山札から「基本【鋼】エネルギー」を1枚選び、このポケモンにつける。そして山札を切る。
336,ザシアンex,SVM,089/175,ポケモン/たね,ex,,,220.0,鋼,炎,草,2.0,スラッシュダウン,鋼鋼●,210,次の自分の番、このポケモンは「スラッシュダウン」が使えない。
337,ルギアex,SVM,097/175,ポケモン/たね,ex,,,220.0,無,雷,闘,2.0,はかいのうずしお,●●●,140,ウラが出るまでコインを投げ、オモテの数ぶん、相手のバトルポケモンについているエネルギーを選び、トラッシュする。
338,ヒビキのカイロス,M2a,001/193,ポケモン/たね,,トレーナーのポケモン（ヒビキ）,,120.0,草,炎,,2.0,はさむ,草,20,
338,ヒビキのカイロス,M2a,001/193,ポケモン/たね,,トレーナーのポケモン（ヒビキ）,,120.0,草,炎,,2.0,いっぽんがえし,●●●,70,前の相手の番に、ワザのダメージで、自分の「ヒビキのポケモン」が【きぜつ】していたなら、100ダメージ追加。
339,ヤンヤンマ,MC,021/742,ポケモン/たね,,,,70.0,草,雷,闘,1.0,ふきとばし,●,,相手のバトルポケモンをベンチポケモンと入れ替える。［バトル場に出すポケモンは相手が選ぶ。］
339,ヤンヤンマ,MC,021/742,ポケモン/たね,,,,70.0,草,雷,闘,1.0,するどいはね,草●,30,
340,メガヤンマex,MC,022/742,ポケモン/1進化,ex,,ヤンヤンマ,280.0,草,雷,闘,1.0,[特性]バズブースト,,,自分の番に、このポケモンがベンチからバトル場に出たとき、1回使える。自分の山札から「基本【草】エネルギー」を3枚まで選び、このポケモンにつける。そして山札を切る。
340,メガヤンマex,MC,022/742,ポケモン/1進化,ex,,ヤンヤンマ,280.0,草,雷,闘,1.0,ジェットサイクロン,草草草●,210,このポケモンについているエネルギーを3個選び、ベンチポケモン1匹につけ替える。
341,シロナのロゼリア,MC,032/742,ポケモン/たね,,トレーナーのポケモン（シロナ）,,70.0,草,炎,,1.0,トゲでさす,●,20,
342,シロナのロズレイド,MC,033/742,ポケモン/1進化,,トレーナーのポケモン（シロナ）,シロナのロゼリア,130.0,草,炎,,1.0,[特性]グローリーエール,,,このポケモンがいるかぎり、自分の「シロナのポケモン」が使うワザの、相手のバトルポケモンへのダメージは「+30」される。
342,シロナのロズレイド,MC,033/742,ポケモン/1進化,,トレーナーのポケモン（シロナ）,シロナのロゼリア,130.0,草,炎,,1.0,リーフステップ,草●●,80,
343,シェイミ,MA,001/043,ポケモン/たね,,,,80.0,草,炎,,1.0,[特性]はなのカーテン,,,このポケモンがいるかぎり、自分のベンチポケモン（「ルールを持つポケモン」をのぞく）全員は、相手のワザのダメージを受けない。
343,シェイミ,MA,001/043,ポケモン/たね,,,,80.0,草,炎,,1.0,けとばす,●●,30,
344,イシズマイ,MC,045/742,ポケモン/たね,,,,70.0,草,炎,,2.0,かくせい,●,,このポケモンから進化するカードを、自分の山札から1枚選び、このポケモンにのせて進化させる。そして山札を切る。
345,イワパレス,MC,046/742,ポケモン/1進化,,,イシズマイ,150.0,草,炎,,3.0,[特性]しんぴのいしやど,,,このポケモンは、相手の「ポケモン【ex】」からワザのダメージを受けない。
345,イワパレス,MC,046/742,ポケモン/1進化,,,イシズマイ,150.0,草,炎,,3.0,グレートシザー,草●●,120,このワザのダメージは、相手のバトルポケモンにかかっている効果を計算しない。
346,カジッチュ,SV9a,009/063,ポケモン/たね,,,,40.0,草,炎,,1.0,プチドレイン,草,10,このポケモンのHPを「10」回復する。
347,カミッチュ,SV9a,010/063,ポケモン/1進化,,,カジッチュ,90.0,草,炎,,3.0,エネループ,草,50,このポケモンについているエネルギーを1個選び、手札にもどす。
348,カミツオロチ,SV9a,011/063,ポケモン/2進化,,,カミッチュ,170.0,草,炎,,3.0,オロチブレス,草,,自分の手札から「基本【草】エネルギー」を6枚トラッシュし、相手のバトルポケモンを【きぜつ】させる。6枚トラッシュできないなら、このワザは失敗。
348,カミツオロチ,SV9a,011/063,ポケモン/2進化,,,カミッチュ,170.0,草,炎,,3.0,ウィップスマッシュ,草●●,140,
349,オーガポン みどりのめん,MC,081/742,ポケモン/たね,,,,110.0,草,炎,,1.0,くさかぐら,●,,自分の山札から「基本【草】エネルギー」を1枚選び、自分のポケモンにつける。そして山札を切る。
349,オーガポン みどりのめん,MC,081/742,ポケモン/たね,,,,110.0,草,炎,,1.0,おにハンマー,草草●,120,次の自分の番、このポケモンは「おにハンマー」が使えない。
350,ポニータ,SV9a,013/063,ポケモン/たね,,,,70.0,炎,水,,1.0,にどずつき,●,10×,コインを2回投げ、オモテの数×10ダメージ。
351,ギャロップ,MC,090/742,ポケモン/1進化,,,ポニータ,110.0,炎,水,,1.0,[特性]いそぎあし,,,自分の番に1回使える。自分の山札を1枚引く。
351,ギャロップ,MC,090/742,ポケモン/1進化,,,ポニータ,110.0,炎,水,,1.0,ほのおのたてがみ,炎●,60,
352,ヒビキのヒノアラシ,SV9a,015/063,ポケモン/たね,,トレーナーのポケモン（ヒビキ）,,70.0,炎,水,,1.0,ひのこ,炎,30,このポケモンについているエネルギーを1個選び、トラッシュする。
353,ヒビキのマグマラシ,SV9a,016/063,ポケモン/1進化,,トレーナーのポケモン（ヒビキ）,ヒビキのヒノアラシ,100.0,炎,水,,1.0,[特性]たびのきずな,,,自分の番に1回使える。自分の山札から「ヒビキの冒険」を1枚選び、相手に見せて、手札に加える。そして山札を切る。
353,ヒビキのマグマラシ,SV9a,016/063,ポケモン/1進化,,トレーナーのポケモン（ヒビキ）,ヒビキのヒノアラシ,100.0,炎,水,,1.0,かえん,炎,40,
354,ヒビキのバクフーン,SV9a,017/063,ポケモン/2進化,,トレーナーのポケモン（ヒビキ）,ヒビキのマグマラシ,170.0,炎,水,,2.0,バディブラスト,炎,40,自分のトラッシュにある「ヒビキの冒険」の枚数×60ダメージ追加。
354,ヒビキのバクフーン,SV9a,017/063,ポケモン/2進化,,トレーナーのポケモン（ヒビキ）,ヒビキのマグマラシ,170.0,炎,水,,2.0,ばくねつほう,炎炎●,160,
355,ヒビキのマグマッグ,M2a,018/193,ポケモン/たね,,トレーナーのポケモン（ヒビキ）,,80.0,炎,水,,2.0,ひをはく,炎,20,
356,ヒビキのマグカルゴ,M2a,019/193,ポケモン/1進化,,トレーナーのポケモン（ヒビキ）,ヒビキのマグマッグ,130.0,炎,水,,3.0,[特性]とけてながれる,,,このポケモンにエネルギーがついていないなら、このポケモンの【にげる】ためのエネルギーは、すべてなくなる。
356,ヒビキのマグカルゴ,M2a,019/193,ポケモン/1進化,,トレーナーのポケモン（ヒビキ）,ヒビキのマグマッグ,130.0,炎,水,,3.0,ようがんバースト,炎炎炎,70×,このポケモンについている【炎】エネルギーを5枚までトラッシュし、その枚数×70ダメージ。
357,ヒビキのホウオウex,M2a,021/193,ポケモン/たね,ex,トレーナーのポケモン（ヒビキ）,,230.0,炎,水,,2.0,[特性]こんじきのほのお,,,自分の番に1回使える。自分の手札から「基本【炎】エネルギー」を2枚まで選び、ベンチの「ヒビキのポケモン」1匹につける。
357,ヒビキのホウオウex,M2a,021/193,ポケモン/たね,ex,トレーナーのポケモン（ヒビキ）,,230.0,炎,水,,2.0,シャイニングフェザー,炎炎炎炎,160,自分のポケモン全員のHPを、それぞれ「50」回復する。
358,オーガポン かまどのめん,MC,148/742,ポケモン/たね,,,,110.0,炎,水,,1.0,ほのおかぐら,●,,自分の山札から「基本【炎】エネルギー」を1枚選び、自分のポケモンにつける。そして山札を切る。
358,オーガポン かまどのめん,MC,148/742,ポケモン/たね,,,,110.0,炎,水,,1.0,やきこがす,炎炎●,80,相手のバトルポケモンを【やけど】にする。
359,カスミのコダック,SV9a,022/063,ポケモン/たね,,トレーナーのポケモン（カスミ）,,70.0,水,雷,,1.0,[特性]どたばたジャンプ,,,このポケモンがベンチにいるなら、自分の番に1回使える。自分の山札を下から1枚トラッシュする。その後、このポケモンについているカードをすべてトラッシュし、このポケモンを山札の上にもどす。
359,カスミのコダック,SV9a,022/063,ポケモン/たね,,トレーナーのポケモン（カスミ）,,70.0,水,雷,,1.0,うちみず,水,30,
360,カスミのヒトデマン,MC,155/742,ポケモン/たね,,トレーナーのポケモン（カスミ）,,70.0,水,雷,,1.0,バブルこうせん,水,20,コインを1回投げオモテなら、相手のバトルポケモンを【マヒ】にする。
361,カスミのスターミー,MC,156/742,ポケモン/1進化,,トレーナーのポケモン（カスミ）,カスミのヒトデマン,100.0,水,雷,,1.0,サドンフラッシュ,水,60,この番に、このポケモンが「カスミのヒトデマン」から進化していたなら、80ダメージ追加。
362,カスミのコイキング,MC,157/742,ポケモン/たね,,トレーナーのポケモン（カスミ）,,30.0,水,雷,,1.0,[特性]すごいもぐる,,,このポケモンは、ベンチにいるかぎり、相手のポケモンからワザのダメージや効果を受けない。
362,カスミのコイキング,MC,157/742,ポケモン/たね,,トレーナーのポケモン（カスミ）,,30.0,水,雷,,1.0,はねる,水,10,
363,カスミのギャラドス,MC,158/742,ポケモン/1進化,,トレーナーのポケモン（カスミ）,カスミのコイキング,180.0,水,雷,,4.0,ザブザブパニック,水,70×,自分の山札を上から7枚トラッシュし、その中にある「カスミのポケモン」の枚数×70ダメージ。
363,カスミのギャラドス,MC,158/742,ポケモン/1進化,,トレーナーのポケモン（カスミ）,カスミのコイキング,180.0,水,雷,,4.0,たきのぼり,水水●,120,
364,カスミのラプラス,MC,160/742,ポケモン/たね,,トレーナーのポケモン（カスミ）,,110.0,水,雷,,1.0,いっしょにおよぐ,水,,自分の山札から「カスミのポケモン」を3枚まで選び、相手に見せて、手札に加える。そして山札を切る。
364,カスミのラプラス,MC,160/742,ポケモン/たね,,トレーナーのポケモン（カスミ）,,110.0,水,雷,,1.0,なみのり,水●,60,
365,シロナのヒンバス,SV9a,028/063,ポケモン/たね,,トレーナーのポケモン（シロナ）,,30.0,水,雷,,1.0,ゆらゆらおよぐ,●,10,コインを1回投げオモテなら、次の相手の番、このポケモンはワザのダメージや効果を受けない。
366,シロナのミロカロス,SV9a,029/063,ポケモン/1進化,,トレーナーのポケモン（シロナ）,シロナのヒンバス,130.0,水,雷,,2.0,アクアスプリット,水●,60,相手のベンチポケモン2匹にも、それぞれ30ダメージ。［ベンチは弱点・抵抗力を計算しない。］
367,ブイゼル,MC,193/742,ポケモン/たね,,,,70.0,水,雷,,1.0,しっぽではたく,●,10,
367,ブイゼル,MC,193/742,ポケモン/たね,,,,70.0,水,雷,,1.0,スプラッシュ,水●●,30,
368,フローゼル,MC,194/742,ポケモン/1進化,,,ブイゼル,120.0,水,雷,,1.0,うずしお,●●,30,相手のバトルポケモンについているエネルギーを1個選び、トラッシュする。
368,フローゼル,MC,194/742,ポケモン/1進化,,,ブイゼル,120.0,水,雷,,1.0,アクアスラッシュ,水●●,140,次の自分の番、このポケモンはワザが使えない。
369,ヘイラッシャex,MC,220/742,ポケモン/たね,ex,,,260.0,水,雷,,4.0,おおなみがえし,水●,30,このポケモンにのっているダメカンの数×10ダメージ追加。
369,ヘイラッシャex,MC,220/742,ポケモン/たね,ex,,,260.0,水,雷,,4.0,ダイナミックダイブ,水水●●,120,のぞむなら、120ダメージ追加。その場合、このポケモンにも50ダメージ。
370,オーガポン いどのめん,MC,223/742,ポケモン/たね,,,,110.0,水,雷,,1.0,みずかぐら,●,,自分の山札から「基本【水】エネルギー」を1枚選び、自分のポケモンにつける。そして山札を切る。
370,オーガポン いどのめん,MC,223/742,ポケモン/たね,,,,110.0,水,雷,,1.0,バブルドレイン,水水●,100,このポケモンのHPを「30」回復する。
371,エレブー,MC,236/742,ポケモン/たね,,,,90.0,雷,闘,,2.0,エレキスラッグ,雷●,50,
372,エレキブルex,MC,237/742,ポケモン/1進化,ex,,エレブー,280.0,雷,闘,,4.0,デュアルボルト,雷●,,相手のポケモン2匹に、それぞれ50ダメージ。［ベンチは弱点・抵抗力を計算しない。］
372,エレキブルex,MC,237/742,ポケモン/1進化,ex,,エレブー,280.0,雷,闘,,4.0,こうでんあつプレス,雷雷●,180,このワザを使うためのエネルギーより、2個多くエネルギーがついているなら、100ダメージ追加。
373,ヒビキのピチュー,MC,241/742,ポケモン/たね,,トレーナーのポケモン（ヒビキ）,,30.0,雷,闘,,,ビリリドロー,0コスト,30,自分の山札を1枚引く。
374,ラクライ,MC,242/742,ポケモン/たね,,,,60.0,雷,闘,,1.0,うしろげり,●,10,
374,ラクライ,MC,242/742,ポケモン/たね,,,,60.0,雷,闘,,1.0,プチボルト,雷●,30,
375,ライボルト,MC,243/742,ポケモン/1進化,,,ラクライ,120.0,雷,闘,,1.0,エレキック,●,30,
375,ライボルト,MC,243/742,ポケモン/1進化,,,ラクライ,120.0,雷,闘,,1.0,フラッシュインパクト,雷●,120,自分のベンチポケモン1匹にも、40ダメージ。［ベンチは弱点・抵抗力を計算しない。］
376,ロトム,SV9a,039/063,ポケモン/たね,,,,60.0,雷,闘,,1.0,おどろかす,雷,20,相手の手札からオモテを見ないで1枚選び、そのカードのオモテを見て、相手の山札にもどして切る。
376,ロトム,SV9a,039/063,ポケモン/たね,,,,60.0,雷,闘,,1.0,ガジェットショー,●●,30×,自分のポケモン全員についている「ポケモンのどうぐ」の数×30ダメージ。
377,ゼラオラ,M2a,055/193,ポケモン/たね,,,,100.0,雷,闘,,1.0,ひっかく,●,20,
377,ゼラオラ,M2a,055/193,ポケモン/たね,,,,100.0,雷,闘,,1.0,サンダーブリッツ,雷雷雷,,このポケモンについているエネルギーをすべてトラッシュし、相手のベンチの「ポケモン【ex】」1匹に、210ダメージ。［ベンチは弱点・抵抗力を計算しない。］
378,ヒビキのウソッキー,SV9a,041/063,ポケモン/たね,,トレーナーのポケモン（ヒビキ）,,110.0,闘,草,,1.0,かこいこむ,闘,20,次の相手の番、このワザを受けたポケモンは、にげられない。
378,ヒビキのウソッキー,SV9a,041/063,ポケモン/たね,,トレーナーのポケモン（ヒビキ）,,110.0,闘,草,,1.0,まねてみる,●●,,コインを1回投げオモテなら、相手のバトルポケモンが持つワザを1つ選び、このワザとして使う。
379,シロナのフカマル,MC,376/742,ポケモン/たね,,トレーナーのポケモン（シロナ）,,70.0,闘,草,,1.0,いわとばし,闘,20,このワザのダメージは抵抗力を計算しない。
380,シロナのガバイト,MC,377/742,ポケモン/1進化,,トレーナーのポケモン（シロナ）,シロナのフカマル,100.0,闘,草,,1.0,[特性]おうじゃのよびごえ,,,自分の番に1回使える。自分の山札から「シロナのポケモン」を1枚選び、相手に見せて、手札に加える。そして山札を切る。
380,シロナのガバイト,MC,377/742,ポケモン/1進化,,トレーナーのポケモン（シロナ）,シロナのフカマル,100.0,闘,草,,1.0,リューノスライス,闘,40,
381,シロナのガブリアスex,MC,378/742,ポケモン/2進化,ex,トレーナーのポケモン（シロナ）,シロナのガバイト,330.0,闘,草,,,スクリューダイブ,闘,100,のぞむなら、自分の手札が6枚になるように、山札を引く。
381,シロナのガブリアスex,MC,378/742,ポケモン/2進化,ex,トレーナーのポケモン（シロナ）,シロナのガバイト,330.0,闘,草,,,リューノバスター,闘闘,260,このポケモンについているエネルギーを、すべてトラッシュする。
382,ドロバンコ,SV9a,045/063,ポケモン/たね,,,,90.0,闘,草,,3.0,つっぱしる,闘●,40×,ウラが出るまでコインを投げ、オモテの数×40ダメージ。
383,バンバドロ,MC,406/742,ポケモン/1進化,,,ドロバンコ,150.0,闘,草,,3.0,[特性]マッドコート,,,このポケモンが受けるワザのダメージは「-30」される。
383,バンバドロ,MC,406/742,ポケモン/1進化,,,ドロバンコ,150.0,闘,草,,3.0,ヘビーインパクト,闘闘●,130,
384,ペパーのノノクラゲ,MC,419/742,ポケモン/たね,,トレーナーのポケモン（ペパー）,,70.0,闘,草,,1.0,ちょっとつっこむ,●,30,このポケモンにも10ダメージ。
385,ペパーのリククラゲ,MC,420/742,ポケモン/1進化,,トレーナーのポケモン（ペパー）,ペパーのノノクラゲ,140.0,闘,草,,2.0,ひっぱる,●,,相手のベンチポケモンを1匹選び、バトルポケモンと入れ替える。
385,ペパーのリククラゲ,MC,420/742,ポケモン/1進化,,トレーナーのポケモン（ペパー）,ペパーのノノクラゲ,140.0,闘,草,,2.0,とつげき,●●●,120,このポケモンにも30ダメージ。
386,オーガポン いしずえのめん,MC,427/742,ポケモン/たね,,,,110.0,闘,草,,1.0,いわかぐら,●,,自分の山札から「基本【闘】エネルギー」を1枚選び、自分のポケモンにつける。そして山札を切る。
386,オーガポン いしずえのめん,MC,427/742,ポケモン/たね,,,,110.0,闘,草,,1.0,やまどつき,闘闘●,100,相手の山札を上から1枚トラッシュする。
387,シロナのミカルゲ,M2a,108/193,ポケモン/たね,,トレーナーのポケモン（シロナ）,,70.0,悪,草,,1.0,レイジングカース,●,10×,自分のベンチの「シロナのポケモン」全員にのっているダメカンの数×10ダメージ。このワザのダメージは弱点を計算しない。
388,ペパーのオラチフ,MC,483/742,ポケモン/たね,,トレーナーのポケモン（ペパー）,,70.0,悪,草,,2.0,ふむ,●,10,
388,ペパーのオラチフ,MC,483/742,ポケモン/たね,,トレーナーのポケモン（ペパー）,,70.0,悪,草,,2.0,がちんこ,●●●,50,
389,ペパーのマフィティフex,MC,484/742,ポケモン/1進化,ex,トレーナーのポケモン（ペパー）,ペパーのオラチフ,270.0,悪,草,,3.0,ハッスルタックル,●,30,このポケモンにダメカンがのっていないなら、120ダメージ追加。
389,ペパーのマフィティフex,MC,484/742,ポケモン/1進化,ex,トレーナーのポケモン（ペパー）,ペパーのオラチフ,270.0,悪,草,,3.0,おやぶんヘッド,●●●,210,次の自分の番、このポケモンは「おやぶんヘッド」が使えない。
390,ケンタロス,MC,563/742,ポケモン/たね,,,,130.0,無,闘,,2.0,つのでつく,●,30,
390,ケンタロス,MC,563/742,ポケモン/たね,,,,130.0,無,闘,,2.0,クリーンヒット,●●,50,相手のバトルポケモンが進化ポケモンなら、50ダメージ追加。
391,ペパーのホシガリス,SV9a,054/063,ポケモン/たね,,トレーナーのポケモン（ペパー）,,60.0,無,闘,,1.0,かじりとる,●,10,ダメージを与える前に、相手のバトルポケモンについている「ポケモンのどうぐ」をトラッシュする。
392,ペパーのヨクバリス,SV9a,055/063,ポケモン/1進化,,トレーナーのポケモン（ペパー）,ペパーのホシガリス,120.0,無,闘,,2.0,[特性]よくばりオーダー,,,自分の番に、このカードを手札から出して進化させたとき、1回使える。自分のトラッシュから「ペパーのサンドウィッチ」を2枚まで選び、相手に見せて、手札に加える。
392,ペパーのヨクバリス,SV9a,055/063,ポケモン/1進化,,トレーナーのポケモン（ペパー）,ペパーのホシガリス,120.0,無,闘,,2.0,ころがりタックル,●●,50,
393,クヌギダマ,SV10,001/098,ポケモン/たね,,,,70.0,草,炎,,2.0,ぶらさがる,●,10,
394,キノココ,MC,027/742,ポケモン/たね,,,,60.0,草,炎,,1.0,ころがりタックル,●●,30,
395,キノガッサ,MC,029/742,ポケモン/1進化,,,キノココ,120.0,草,炎,,2.0,ダメージラッシュ,●●,30,ウラが出るまでコインを投げ、オモテの数×50ダメージ追加。
395,キノガッサ,MC,029/742,ポケモン/1進化,,,キノココ,120.0,草,炎,,2.0,メガドレイン,草●●,90,このポケモンのHPを「30」回復する。
396,カットロトム,SV10,004/098,ポケモン/たね,,,,70.0,草,炎,,1.0,かりとりカッター,草,20,場に出ているスタジアムをトラッシュする。
396,カットロトム,SV10,004/098,ポケモン/たね,,,,70.0,草,炎,,1.0,ガジェットショー,●●,30×,自分のポケモン全員についている「ポケモンのどうぐ」の数×30ダメージ。
397,カリキリ,SV10,005/098,ポケモン/たね,,,,60.0,草,炎,,1.0,きる,草,20,
398,ラランテス,SV10,006/098,ポケモン/1進化,,,カリキリ,120.0,草,炎,,1.0,はっぱカッター,●,30,
398,ラランテス,SV10,006/098,ポケモン/1進化,,,カリキリ,120.0,草,炎,,1.0,はなきりまい,草,130,自分の手札から「基本【草】エネルギー」を2枚トラッシュする。2枚トラッシュできないなら、このワザは失敗。
399,ロケット団のサッチムシ,SV10,007/098,ポケモン/たね,,トレーナーのポケモン（ロケット団・したっぱ・男）,,60.0,草,炎,,1.0,サーチアイ,●,,ウラになっている相手のサイドを1枚選び、そのカードのオモテを見て、もとにもどす。
400,ロケット団のタマンチュラ,M2a,015/193,ポケモン/たね,,トレーナーのポケモン（ロケット団・ランス）,,50.0,草,炎,,1.0,とっしん,草,30,このポケモンにも10ダメージ。
401,ロケット団のワナイダー,M2a,016/193,ポケモン/1進化,,トレーナーのポケモン（ロケット団・ランス）,ロケット団のタマンチュラ,130.0,草,炎,,2.0,[特性]チャージアップ,,,自分の番に1回使える。自分のトラッシュから基本エネルギーを1枚選び、このポケモンにつける。
401,ロケット団のワナイダー,M2a,016/193,ポケモン/1進化,,トレーナーのポケモン（ロケット団・ランス）,ロケット団のタマンチュラ,130.0,草,炎,,2.0,ロケットラッシュ,草●,30×,自分の場の「ロケット団のポケモン」の数×30ダメージ。
402,ミニーブ,MC,069/742,ポケモン/たね,,,,60.0,草,炎,,1.0,ぶつかる,●,10,
403,オリーニョ,MC,070/742,ポケモン/1進化,,,ミニーブ,90.0,草,炎,,1.0,えいようそ,草,,自分のポケモン1匹のHPを「40」回復する。
403,オリーニョ,MC,070/742,ポケモン/1進化,,,ミニーブ,90.0,草,炎,,1.0,たいあたり,●●,40,
404,オリーヴァex,MC,071/742,ポケモン/2進化,ex,,オリーニョ,310.0,草,炎,,2.0,オイルマシンガン,草,,相手のポケモンを6回選び、選んだポケモン全員に、弱点・抵抗力を計算せず、選んだ回数×20ダメージ。（1匹を2回以上選べる。）
404,オリーヴァex,MC,071/742,ポケモン/2進化,ex,,オリーニョ,310.0,草,炎,,2.0,アロマシュート,●●●,160,このポケモンの特殊状態を、すべて回復する。
405,ガーディ,SV10,013/098,ポケモン/たね,,,,80.0,炎,水,,2.0,ひだね,炎,10,
405,ガーディ,SV10,013/098,ポケモン/たね,,,,80.0,炎,水,,2.0,ツメをたてる,●●,20,
406,ウインディ,SV10,014/098,ポケモン/1進化,,,ガーディ,140.0,炎,水,,3.0,ほのお,●●,50,
406,ウインディ,SV10,014/098,ポケモン/1進化,,,ガーディ,140.0,炎,水,,3.0,こらしめファング,炎●●,100,相手のバトルポケモンが【悪】ポケモンなら、100ダメージ追加。
407,ロケット団のファイヤーex,SV10,015/098,ポケモン/たね,ex,トレーナーのポケモン（ロケット団・アポロ）,,220.0,炎,雷,闘,2.0,フレイムバリア,炎●●,110,次の相手の番、このポケモンが受けるワザのダメージは「-50」される。
407,ロケット団のファイヤーex,SV10,015/098,ポケモン/たね,ex,トレーナーのポケモン（ロケット団・アポロ）,,220.0,炎,雷,闘,2.0,イビルバーン,炎●●●,,このポケモンについている「ロケット団エネルギー」を1枚選び、トラッシュする。その場合、相手のバトルポケモンと、ついているすべてのカードを、トラッシュする。
408,ロケット団のデルビル,MC,099/742,ポケモン/たね,,トレーナーのポケモン（ロケット団・アポロ）,,70.0,炎,水,,1.0,ひをはく,炎,20,
409,ロケット団のヘルガー,MC,100/742,ポケモン/1進化,,トレーナーのポケモン（ロケット団・アポロ）,ロケット団のデルビル,130.0,炎,水,,2.0,あくのひだね,炎,,相手のバトルポケモンを【やけど】と【こんらん】にする。
409,ロケット団のヘルガー,MC,100/742,ポケモン/1進化,,トレーナーのポケモン（ロケット団・アポロ）,ロケット団のデルビル,130.0,炎,水,,2.0,バーンアウト,炎●,120,このポケモンについているエネルギーを1個選び、トラッシュする。
410,アチャモ,SV10,018/098,ポケモン/たね,,,,70.0,炎,水,,1.0,もってくる,●,,自分の山札を1枚引く。
410,アチャモ,SV10,018/098,ポケモン/たね,,,,70.0,炎,水,,1.0,かえん,炎,10,
411,ワカシャモ,SV10,019/098,ポケモン/1進化,,,アチャモ,100.0,炎,水,,2.0,かえん,●,20,
411,ワカシャモ,SV10,019/098,ポケモン/1進化,,,アチャモ,100.0,炎,水,,2.0,にどげり,炎●,40×,コインを2回投げ、オモテの数×40ダメージ。
412,バシャーモ,SV10,020/098,ポケモン/2進化,,,ワカシャモ,170.0,炎,水,,2.0,ヒートブラスト,●●,70,
412,バシャーモ,SV10,020/098,ポケモン/2進化,,,ワカシャモ,170.0,炎,水,,2.0,ごうかれんきゃく,炎炎●,120,このポケモンについているエネルギーを2個トラッシュし、相手のベンチポケモン1匹にも、120ダメージ。［ベンチは弱点・抵抗力を計算しない。］
413,ヒートロトム,SV10,021/098,ポケモン/たね,,,,80.0,炎,水,,2.0,こがす,炎,,相手のバトルポケモンを【やけど】にする。
413,ヒートロトム,SV10,021/098,ポケモン/たね,,,,80.0,炎,水,,2.0,ガジェットショー,●●,30×,自分のポケモン全員についている「ポケモンのどうぐ」の数×30ダメージ。
414,ロケット団のフリーザー,M2a,034/193,ポケモン/たね,,トレーナーのポケモン（ロケット団・ラムダ）,,120.0,水,雷,闘,1.0,[特性]レジストヴェール,,,このポケモンがいるかぎり、自分の場の【たね】ポケモンの「ロケット団のポケモン」全員は、相手のポケモンが使うワザの効果を受けない。（すでに受けている効果は、なくならない。）
414,ロケット団のフリーザー,M2a,034/193,ポケモン/たね,,トレーナーのポケモン（ロケット団・ラムダ）,,120.0,水,雷,闘,1.0,ダークフロスト,水●●,60,このポケモンに「ロケット団エネルギー」がついているなら、60ダメージ追加。
415,パールル,SV10,023/098,ポケモン/たね,,,,60.0,水,雷,,2.0,シェルプレス,水,10,次の相手の番、このポケモンが受けるワザのダメージは「-10」される。
416,ハンテール,SV10,024/098,ポケモン/1進化,,,パールル,110.0,水,雷,,1.0,[特性]ダイバーキャッチ,,,自分の【水】ポケモンが、相手のポケモンからワザのダメージを受けて【きぜつ】するたび、1回使える。【きぜつ】したポケモンについている「基本【水】エネルギー」はトラッシュせず、すべて手札にもどす。
416,ハンテール,SV10,024/098,ポケモン/1進化,,,パールル,110.0,水,雷,,1.0,スプラッシュ,水●●,80,
417,サクラビス,SV10,025/098,ポケモン/1進化,,,パールル,90.0,水,雷,,1.0,クレシェンドウェーブ,水,30×,このポケモンについている【水】エネルギーの数×30ダメージ。のぞむなら、ダメージを与える前に、自分の手札から「基本【水】エネルギー」を好きなだけ選び、このポケモンにつける。
418,ユキカブリ,SV10,026/098,ポケモン/たね,,,,90.0,水,鋼,,3.0,なぐる,●●,20,
418,ユキカブリ,SV10,026/098,ポケモン/たね,,,,90.0,水,鋼,,3.0,つらら,水●●,50,
419,ユキノオー,SV10,027/098,ポケモン/1進化,,,ユキカブリ,150.0,水,鋼,,4.0,つきたおし,●●●,90,
419,ユキノオー,SV10,027/098,ポケモン/1進化,,,ユキカブリ,150.0,水,鋼,,4.0,ひょうけつウッド,水水水●,120,このポケモンに【草】エネルギーが2個以上ついているなら、120ダメージ追加。
420,ウォッシュロトム,SV10,028/098,ポケモン/たね,,,,80.0,水,雷,,2.0,もみあらう,水,20,自分のポケモン全員のHPを、それぞれ「10」回復する。
420,ウォッシュロトム,SV10,028/098,ポケモン/たね,,,,80.0,水,雷,,2.0,ガジェットショー,●●,30×,自分のポケモン全員についている「ポケモンのどうぐ」の数×30ダメージ。
421,サシカマス,SV10,029/098,ポケモン/たね,,,,70.0,水,雷,,1.0,とつげき,水,30,このポケモンにも10ダメージ。
422,カマスジョー,SV10,030/098,ポケモン/1進化,,,サシカマス,130.0,水,雷,,1.0,するどいひれ,水,40,
422,カマスジョー,SV10,030/098,ポケモン/1進化,,,サシカマス,130.0,水,雷,,1.0,ダイビング,水水,60,コインを1回投げオモテなら、次の相手の番、このポケモンはワザのダメージや効果を受けない。
423,アルクジラ,SV10,031/098,ポケモン/たね,,,,100.0,水,鋼,,3.0,ひっぱたく,水●,30,
423,アルクジラ,SV10,031/098,ポケモン/たね,,,,100.0,水,鋼,,3.0,フロストスマッシュ,水水水●,80,
424,ハルクジラex,SV10,032/098,ポケモン/1進化,ex,,アルクジラ,300.0,水,鋼,,4.0,[特性]ゆきにまぎれる,,,このポケモンは、相手が手札からグッズまたはサポートを出して使ったとき、その効果を受けない。
424,ハルクジラex,SV10,032/098,ポケモン/1進化,ex,,アルクジラ,300.0,水,鋼,,4.0,クラッシュプレス,水水水●,140,のぞむなら、場に出ているスタジアムをトラッシュする。その場合、140ダメージ追加。
425,ロケット団のサンダー,SV10,033/098,ポケモン/たね,,トレーナーのポケモン（ロケット団・アテナ）,,120.0,雷,雷,闘,1.0,ジャミングウイング,●●,30,のぞむなら、相手のバトルポケモンについているエネルギーを1個選び、相手のベンチポケモンにつけ替える。
425,ロケット団のサンダー,SV10,033/098,ポケモン/たね,,トレーナーのポケモン（ロケット団・アテナ）,,120.0,雷,雷,闘,1.0,バッドサンダー,雷●●,60,このポケモンに「ロケット団エネルギー」がついているなら、60ダメージ追加。
426,ロケット団のメリープ,SV10,034/098,ポケモン/たね,,トレーナーのポケモン（ロケット団・アテナ）,,60.0,雷,闘,,1.0,ちょうたつ,●,,自分の山札からグッズを1枚選び、相手に見せて、手札に加える。そして山札を切る。
426,ロケット団のメリープ,SV10,034/098,ポケモン/たね,,トレーナーのポケモン（ロケット団・アテナ）,,60.0,雷,闘,,1.0,プチボルト,雷,10,
427,ロケット団のモココ,SV10,035/098,ポケモン/1進化,,トレーナーのポケモン（ロケット団・アテナ）,ロケット団のメリープ,90.0,雷,闘,,2.0,でんきショック,雷●,50,コインを1回投げオモテなら、相手のバトルポケモンを【マヒ】にする。
428,ロケット団のデンリュウ,SV10,036/098,ポケモン/2進化,,トレーナーのポケモン（ロケット団・アテナ）,ロケット団のモココ,140.0,雷,闘,,2.0,[特性]ダークインパルス,,,このポケモンがいるかぎり、相手が手札からポケモンを出して進化させるたび、そのポケモンにダメカンを4個のせる。この効果は、この特性を持つポケモンが何匹いても、重ならない。
428,ロケット団のデンリュウ,SV10,036/098,ポケモン/2進化,,トレーナーのポケモン（ロケット団・アテナ）,ロケット団のモココ,140.0,雷,闘,,2.0,ヘッドボルト,雷●●,140,
429,ロケット団のスリープ,MC,288/742,ポケモン/たね,,トレーナーのポケモン（ロケット団・したっぱ・男）,,80.0,超,悪,闘,2.0,さいみんこうせん,超,10,相手のバトルポケモンを【ねむり】にする。
430,ロケット団のスリーパー,MC,289/742,ポケモン/1進化,,トレーナーのポケモン（ロケット団・したっぱ・男）,ロケット団のスリープ,130.0,超,悪,闘,2.0,サイコショット,超,40,
430,ロケット団のスリーパー,MC,289/742,ポケモン/1進化,,トレーナーのポケモン（ロケット団・したっぱ・男）,ロケット団のスリープ,130.0,超,悪,闘,2.0,ベンチをあやつる,超超超,80×,相手は相手自身のベンチポケモンの数ぶんコインを投げる。相手のバトルポケモンに、ウラの数×80ダメージ。このワザのダメージは弱点・抵抗力を計算しない。
431,ロケット団のミュウツーex,MC,290/742,ポケモン/たね,ex,トレーナーのポケモン（ロケット団・サカキ）,,280.0,超,悪,闘,3.0,[特性]パワーセーバー,,,自分の場の「ロケット団のポケモン」が4匹以上のときにしか、このポケモンはワザが使えない。
431,ロケット団のミュウツーex,MC,290/742,ポケモン/たね,ex,トレーナーのポケモン（ロケット団・サカキ）,,280.0,超,悪,闘,3.0,イレイザーボール,超超●,160,のぞむなら、自分のベンチポケモンについているエネルギーを2枚までトラッシュし、その枚数×60ダメージ追加。
432,ロケット団のソーナンス,SV10,040/098,ポケモン/たね,,トレーナーのポケモン（ロケット団・したっぱ・女）,,110.0,超,悪,闘,2.0,ロケットミラー,超●,,自分のベンチの「ロケット団のポケモン」を1匹選び、選んだポケモンにのっているダメカンをすべて、相手のバトルポケモンにのせ替える。
432,ロケット団のソーナンス,SV10,040/098,ポケモン/たね,,トレーナーのポケモン（ロケット団・したっぱ・女）,,110.0,超,悪,闘,2.0,とびだしヘッド,超●●,70,
433,ロケット団のリーシャン,SV10,041/098,ポケモン/たね,,トレーナーのポケモン（ロケット団・したっぱ・女）,,30.0,超,悪,闘,,リンリンさわぐ,0コスト,,相手の手札からオモテを見ないで1枚選び、トラッシュする。
434,ロケット団のミミッキュ,MC,341/742,ポケモン/たね,,トレーナーのポケモン（ロケット団・ランス）,,60.0,超,悪,闘,,ほうせきごっこ,超●,,相手のバトル場の「テラスタル」のポケモンが持つワザを1つ選び、このワザとして使う。
435,ロケット団のレドームシ,SV10,043/098,ポケモン/1進化,,トレーナーのポケモン（ロケット団・したっぱ・男）,ロケット団のサッチムシ,80.0,超,悪,闘,2.0,かくらんレーダー,●,,相手の山札を上から5枚見て、好きな順番に入れ替えて、山札の上にもどす。
435,ロケット団のレドームシ,SV10,043/098,ポケモン/1進化,,トレーナーのポケモン（ロケット団・したっぱ・男）,ロケット団のサッチムシ,80.0,超,悪,闘,2.0,ちょうねんりき,超●,30,
436,ロケット団のイオルブ,SV10,044/098,ポケモン/2進化,,トレーナーのポケモン（ロケット団・したっぱ・男）,ロケット団のレドームシ,130.0,超,悪,闘,2.0,[特性]ロケットブレイン,,,自分の番に何回でも使える。自分の場の「ロケット団のポケモン」にのっているダメカンを1個選び、自分の別のポケモンにのせ替える。
436,ロケット団のイオルブ,SV10,044/098,ポケモン/2進化,,トレーナーのポケモン（ロケット団・したっぱ・男）,ロケット団のレドームシ,130.0,超,悪,闘,2.0,サイコキネシス,超●●,40,相手のバトルポケモンについているエネルギーの数×40ダメージ追加。
437,マンキー,SV10,045/098,ポケモン/たね,,,,70.0,闘,超,,1.0,けりつける,闘,30,コインを1回投げウラなら、このワザは失敗。
438,オコリザル,SV10,046/098,ポケモン/1進化,,,マンキー,110.0,闘,超,,2.0,ひきずりだす,闘,,相手のベンチポケモンを1匹選び、バトルポケモンと入れ替える。その後、新しく出てきたポケモンに30ダメージ。
439,コノヨザル,SV10,047/098,ポケモン/2進化,,,オコリザル,150.0,闘,超,,2.0,[特性]ふんどのつぼ,,,このポケモンにダメカンが2個以上のっているなら、このポケモンが使うワザの、相手のバトルポケモンへのダメージは「+120」される。
439,コノヨザル,SV10,047/098,ポケモン/2進化,,,オコリザル,150.0,闘,超,,2.0,インパクトブロー,闘闘,160,次の自分の番、このポケモンは「インパクトブロー」が使えない。
440,ロケット団のヨーギラス,SV10,048/098,ポケモン/たね,,トレーナーのポケモン（ロケット団・アポロ）,,70.0,闘,草,,1.0,やまかじり,●,10,相手の山札を上から1枚トラッシュする。
441,ロケット団のサナギラス,SV10,049/098,ポケモン/1進化,,トレーナーのポケモン（ロケット団・アポロ）,ロケット団のヨーギラス,100.0,闘,草,,2.0,ばくれつかくせい,●,30,このポケモンから進化するカードを、自分の山札から1枚選び、このポケモンにのせて進化させる。そして山札を切る。
442,ロケット団のバンギラス,SV10,050/098,ポケモン/2進化,,トレーナーのポケモン（ロケット団・アポロ）,ロケット団のサナギラス,180.0,闘,草,,3.0,[特性]すなおこし,,,このポケモンがバトル場にいるかぎり、ポケモンチェックのたび、相手の【たね】ポケモン全員に、それぞれダメカンを2個のせる。
442,ロケット団のバンギラス,SV10,050/098,ポケモン/2進化,,トレーナーのポケモン（ロケット団・アポロ）,ロケット団のサナギラス,180.0,闘,草,,3.0,ぶちぬきタックル,闘●●●,180,相手のバトルポケモンについているエネルギーを1個選び、トラッシュする。
443,ノズパス,SV10,051/098,ポケモン/たね,,,,80.0,闘,草,,3.0,ずつき,闘,20,
443,ノズパス,SV10,051/098,ポケモン/たね,,,,80.0,闘,草,,3.0,いわおとし,●●●,40,
444,ダイノーズ,SV10,052/098,ポケモン/1進化,,,ノズパス,140.0,闘,草,,3.0,パワージェム,闘,40,
444,ダイノーズ,SV10,052/098,ポケモン/1進化,,,ノズパス,140.0,闘,草,,3.0,マウンテンフォール,●●●,70,場にスタジアムが出ているなら、70ダメージ追加。
445,アサナン,SV10,053/098,ポケモン/たね,,,,70.0,闘,超,,1.0,ワンツーパンチ,闘,10,コインを1回投げオモテなら、20ダメージ追加。
446,チャーレム,SV10,054/098,ポケモン/1進化,,,アサナン,120.0,闘,超,,1.0,あいきしょう,闘,50,このポケモンと相手のバトルポケモンについているエネルギーの数が同じなら、120ダメージ追加。
447,レジロックex,MC,374/742,ポケモン/たね,ex,,,230.0,闘,草,,3.0,レジチャージ,●,,自分のトラッシュから「基本【闘】エネルギー」を2枚まで選び、このポケモンにつける。
447,レジロックex,MC,374/742,ポケモン/たね,ex,,,230.0,闘,草,,3.0,ジャイアントロック,闘●●●,140,相手のバトルポケモンが【2進化】ポケモンなら、140ダメージ追加。
448,ロケット団のアーボ,SV10,056/098,ポケモン/たね,,トレーナーのポケモン（ロケット団・したっぱ・女）,,70.0,悪,闘,,1.0,あしをひっぱる,●,,コインを1回投げオモテなら、相手のバトルポケモンを【マヒ】にする。
448,ロケット団のアーボ,SV10,056/098,ポケモン/たね,,トレーナーのポケモン（ロケット団・したっぱ・女）,,70.0,悪,闘,,1.0,かじる,悪,10,
449,ロケット団のアーボック,SV10,057/098,ポケモン/1進化,,トレーナーのポケモン（ロケット団・したっぱ・女）,ロケット団のアーボ,130.0,悪,闘,,2.0,[特性]にらみをきかす,,,このポケモンがバトル場にいるかぎり、相手は手札から特性を持つポケモン（「ロケット団のポケモン」をのぞく）を場に出せない。
449,ロケット団のアーボック,SV10,057/098,ポケモン/1進化,,トレーナーのポケモン（ロケット団・したっぱ・女）,ロケット団のアーボ,130.0,悪,闘,,2.0,スピンテール,悪悪悪,,相手のポケモン全員に、それぞれ30ダメージ。［ベンチは弱点・抵抗力を計算しない。］
450,ロケット団のニドラン♀,MC,432/742,ポケモン/たね,,トレーナーのポケモン（ロケット団・サカキ）,,70.0,悪,闘,,1.0,ふいをつく,悪,30,コインを1回投げウラなら、このワザは失敗。
451,ロケット団のニドリーナ,MC,433/742,ポケモン/1進化,,トレーナーのポケモン（ロケット団・サカキ）,ロケット団のニドラン♀,90.0,悪,闘,,2.0,あくのめざめ,悪,,自分の【悪】ポケモンを2匹まで選び、そのポケモンから進化するカードを、自分の山札から1枚ずつ選び、それぞれにのせて進化させる。そして山札を切る。
451,ロケット団のニドリーナ,MC,433/742,ポケモン/1進化,,トレーナーのポケモン（ロケット団・サカキ）,ロケット団のニドラン♀,90.0,悪,闘,,2.0,ひっかく,悪悪,50,
452,ロケット団のニドクイン,MC,434/742,ポケモン/2進化,,トレーナーのポケモン（ロケット団・サカキ）,ロケット団のニドリーナ,170.0,悪,闘,,3.0,ラブインパクト,悪,60,自分のベンチに、名前に「ニドキング」とつくポケモンがいるなら、120ダメージ追加。
452,ロケット団のニドクイン,MC,434/742,ポケモン/2進化,,トレーナーのポケモン（ロケット団・サカキ）,ロケット団のニドリーナ,170.0,悪,闘,,3.0,メガトンキック,悪悪,130,
453,ロケット団のニドラン♂,MC,435/742,ポケモン/たね,,トレーナーのポケモン（ロケット団・サカキ）,,70.0,悪,闘,,1.0,つきさす,悪,10,
453,ロケット団のニドラン♂,MC,435/742,ポケモン/たね,,トレーナーのポケモン（ロケット団・サカキ）,,70.0,悪,闘,,1.0,ぶちかます,悪●,30,
454,ロケット団のニドリーノ,MC,436/742,ポケモン/1進化,,トレーナーのポケモン（ロケット団・サカキ）,ロケット団のニドラン♂,100.0,悪,闘,,2.0,ぶちかます,悪●,30,
454,ロケット団のニドリーノ,MC,436/742,ポケモン/1進化,,トレーナーのポケモン（ロケット団・サカキ）,ロケット団のニドラン♂,100.0,悪,闘,,2.0,つのでえぐる,悪悪●,60,相手のバトルポケモンにダメカンがのっているなら、60ダメージ追加。
455,ロケット団のニドキングex,MC,437/742,ポケモン/2進化,ex,トレーナーのポケモン（ロケット団・サカキ）,ロケット団のニドリーノ,330.0,悪,闘,,3.0,ダーティホーン,悪悪●,100,相手のバトルポケモンを【どく】にする。この【どく】でのせるダメカンの数は8個になる。
455,ロケット団のニドキングex,MC,437/742,ポケモン/2進化,ex,トレーナーのポケモン（ロケット団・サカキ）,ロケット団のニドリーノ,330.0,悪,闘,,3.0,キングインパクト,悪悪悪●,240,
456,ロケット団のズバット,MC,438/742,ポケモン/たね,,トレーナーのポケモン（ロケット団・したっぱ・女）,,50.0,悪,雷,闘,1.0,どくをとばす,悪,,相手のバトルポケモンを【どく】にする。
457,ロケット団のゴルバット,MC,439/742,ポケモン/1進化,,トレーナーのポケモン（ロケット団・したっぱ・女）,ロケット団のズバット,80.0,悪,雷,闘,1.0,[特性]こっそりかみつく,,,自分の番に、このカードを手札から出して進化させたとき、1回使える。相手のポケモン1匹に、ダメカンを2個のせる。
457,ロケット団のゴルバット,MC,439/742,ポケモン/1進化,,トレーナーのポケモン（ロケット団・したっぱ・女）,ロケット団のズバット,80.0,悪,雷,闘,1.0,あやしいひかり,悪,30,相手のバトルポケモンを【こんらん】にする。
458,ロケット団のクロバットex,MC,440/742,ポケモン/2進化,ex,トレーナーのポケモン（ロケット団・したっぱ・女）,ロケット団のゴルバット,310.0,悪,雷,闘,1.0,[特性]かみつきまわる,,,自分の番に、このカードを手札から出して進化させたとき、1回使える。相手のポケモン2匹に、それぞれダメカンを2個のせる。
458,ロケット団のクロバットex,MC,440/742,ポケモン/2進化,ex,トレーナーのポケモン（ロケット団・したっぱ・女）,ロケット団のゴルバット,310.0,悪,雷,闘,1.0,アサシンリターン,悪悪,120,のぞむなら、このポケモンを手札にもどす。（ポケモン以外のカードは、すべてトラッシュする。）
459,ロケット団のベトベター,SV10,067/098,ポケモン/たね,,トレーナーのポケモン（ロケット団・したっぱ・男）,,80.0,悪,闘,,3.0,しんしょくヘドロ,悪●,,次の相手の番の終わりに、このワザを受けたポケモンと、ついているすべてのカードを、トラッシュする。
460,ロケット団のベトベトン,SV10,068/098,ポケモン/1進化,,トレーナーのポケモン（ロケット団・したっぱ・男）,ロケット団のベトベター,150.0,悪,闘,,4.0,ベトベトまみれ,悪●,40,相手のバトルポケモンを【こんらん】にする。次の相手の番、このワザを受けたポケモンは、にげられない。
460,ロケット団のベトベトン,SV10,068/098,ポケモン/1進化,,トレーナーのポケモン（ロケット団・したっぱ・男）,ロケット団のベトベター,150.0,悪,闘,,4.0,ベノムハザード,悪悪●,100×,相手のバトルポケモンが受けている特殊状態の数×100ダメージ。
461,ロケット団のドガース,SV10,069/098,ポケモン/たね,,トレーナーのポケモン（ロケット団・ラムダ）,,70.0,悪,闘,,1.0,[特性]アラートスモッグ,,,このポケモンが、バトル場で相手のポケモンからワザのダメージを受けたとき、自分の山札から、名前に「ドガース」とつくポケモンを2枚まで選び、ベンチに出す。そして山札を切る。
461,ロケット団のドガース,SV10,069/098,ポケモン/たね,,トレーナーのポケモン（ロケット団・ラムダ）,,70.0,悪,闘,,1.0,ガスもれ,悪●,30,
462,ロケット団のマタドガス,SV10,070/098,ポケモン/1進化,,トレーナーのポケモン（ロケット団・ラムダ）,ロケット団のドガース,130.0,悪,闘,,2.0,いっせいばくはつ,悪●,40×,おたがいの場の、名前に「ドガース」または「マタドガス」とつくポケモンの数×40ダメージ。
463,ロケット団のヤミカラス,MC,447/742,ポケモン/たね,,トレーナーのポケモン（ロケット団・アテナ）,,80.0,悪,雷,闘,1.0,たぶらかす,●,,自分の山札からサポートを1枚選び、相手に見せて、手札に加える。そして山札を切る。
463,ロケット団のヤミカラス,MC,447/742,ポケモン/たね,,トレーナーのポケモン（ロケット団・アテナ）,,80.0,悪,雷,闘,1.0,いちゃもん,悪●,30,相手のバトルポケモンが持つワザを1つ選ぶ。次の相手の番、このワザを受けたポケモンは、選ばれたワザが使えない。
464,ロケット団のニューラ,MC,448/742,ポケモン/たね,,トレーナーのポケモン（ロケット団・したっぱ・女）,,80.0,悪,草,,1.0,ひっかく,悪,20,
464,ロケット団のニューラ,MC,448/742,ポケモン/たね,,トレーナーのポケモン（ロケット団・したっぱ・女）,,80.0,悪,草,,1.0,ねくびをかく,悪悪,,相手のベンチポケモン1匹に、そのポケモンにのっているダメカンの数×20ダメージ。［ベンチは弱点・抵抗力を計算しない。］
465,フォレトス,SV10,073/098,ポケモン/1進化,,,クヌギダマ,130.0,鋼,炎,草,2.0,アイアンシェイク,●,20,自分の場のポケモンについている【鋼】エネルギーを好きなだけ選び、自分のポケモンに好きなようにつけ替える。
465,フォレトス,SV10,073/098,ポケモン/1進化,,,クヌギダマ,130.0,鋼,炎,草,2.0,ハリケーンニードル,鋼●●●,80×,コインを4回投げ、オモテの数×80ダメージ。
466,エアームド,SV10,074/098,ポケモン/たね,,,,110.0,鋼,雷,闘,1.0,はねやすめ,●,,このポケモンのHPを「50」回復する。次の自分の番、このポケモンはにげられない。
466,エアームド,SV10,074/098,ポケモン/たね,,,,110.0,鋼,雷,闘,1.0,メタルクロー,鋼●,60,
467,ザマゼンタ,SV10,075/098,ポケモン/たね,,,,130.0,鋼,炎,草,2.0,ストロングバッシュ,鋼鋼●,70,次の相手の番、このポケモンがワザのダメージを受けたとき、受けたダメージぶんのダメカンを、ワザを使ったポケモンにのせる。
468,ロケット団のコラッタ,MC,555/742,ポケモン/たね,,トレーナーのポケモン（ロケット団・したっぱ・男）,,50.0,無,闘,,1.0,あぶないまえば,●,10,相手のバトルポケモンを【どく】にする。
469,ロケット団のラッタ,MC,556/742,ポケモン/1進化,,トレーナーのポケモン（ロケット団・したっぱ・男）,ロケット団のコラッタ,90.0,無,闘,,1.0,むこうみず,●,90,コインを2回投げ、すべてウラなら、このポケモンにも90ダメージ。
470,ロケット団のニャース,MC,559/742,ポケモン/たね,,トレーナーのポケモン（ロケット団・サカキ）,,70.0,無,闘,,1.0,ねこばば,●,,相手の手札からオモテを見ないで1枚選び、そのカードのオモテを見て、相手の山札にもどして切る。
470,ロケット団のニャース,MC,559/742,ポケモン/たね,,トレーナーのポケモン（ロケット団・サカキ）,,70.0,無,闘,,1.0,みだれひっかき,●●,20×,コインを3回投げ、オモテの数×20ダメージ。
471,ロケット団のペルシアンex,MC,560/742,ポケモン/1進化,ex,トレーナーのポケモン（ロケット団・サカキ）,ロケット団のニャース,260.0,無,闘,,2.0,こうまんしれい,●●,,相手の山札を上から10枚オモテにする。のぞむなら、その中にあるポケモンが持つワザを1つ選び、このワザとして使う。オモテにしたカードは山札にもどして切る。
471,ロケット団のペルシアンex,MC,560/742,ポケモン/1進化,ex,トレーナーのポケモン（ロケット団・サカキ）,ロケット団のニャース,260.0,無,闘,,2.0,クルーエルスラッシュ,●●●,140,相手のバトルポケモンを【こんらん】にする。
472,ガルーラ,SV10,080/098,ポケモン/たね,,,,120.0,無,闘,,2.0,ひっぱたく,●●,50,
472,ガルーラ,SV10,080/098,ポケモン/たね,,,,120.0,無,闘,,2.0,ピヨピヨパンチ,●●●,90×,コインを2回投げ、オモテの数×90ダメージ。
473,ロケット団のポリゴン,SV10,081/098,ポケモン/たね,,トレーナーのポケモン（ロケット団・したっぱ・男）,,60.0,無,闘,,1.0,ハッキング,●,,自分の手札を1枚選び、トラッシュする。その後、相手は相手自身の手札を1枚選び、トラッシュする。
474,ロケット団のポリゴン2,SV10,082/098,ポケモン/1進化,,トレーナーのポケモン（ロケット団・したっぱ・男）,ロケット団のポリゴン,90.0,無,闘,,1.0,Rコマンド,●●●,20×,自分のトラッシュにある、名前に「ロケット団」とつくサポートの枚数×20ダメージ。
475,ロケット団のポリゴンZ,SV10,083/098,ポケモン/2進化,,トレーナーのポケモン（ロケット団・したっぱ・男）,ロケット団のポリゴン2,140.0,無,闘,,1.0,[特性]さいこうちく,,,自分の番に、自分の手札を2枚トラッシュするなら、1回使える。自分の山札を1枚引く。
475,ロケット団のポリゴンZ,SV10,083/098,ポケモン/2進化,,トレーナーのポケモン（ロケット団・したっぱ・男）,ロケット団のポリゴン2,140.0,無,闘,,1.0,Rコマンド,●●,20×,自分のトラッシュにある、名前に「ロケット団」とつくサポートの枚数×20ダメージ。
476,スバメ,MC,579/742,ポケモン/たね,,,,60.0,無,雷,闘,1.0,つばさでうつ,●,20,
477,オオスバメ,MC,580/742,ポケモン/1進化,,,スバメ,100.0,無,雷,闘,,くわえる,●,,自分の山札を3枚引く。
477,オオスバメ,MC,580/742,ポケモン/1進化,,,スバメ,100.0,無,雷,闘,,スピードウイング,●●,70,
478,イキリンコ,SV10,086/098,ポケモン/たね,,,,70.0,無,雷,闘,1.0,つきとばす,●,20,のぞむなら、相手のバトルポケモンをベンチポケモンと入れ替える。［バトル場に出すポケモンは相手が選ぶ。］
479,ツタージャ,MC,040/742,ポケモン/たね,,,,70.0,草,炎,,1.0,たいあたり,草,10,
479,ツタージャ,MC,040/742,ポケモン/たね,,,,70.0,草,炎,,1.0,つるのムチ,草草,30,
480,ジャノビー,MC,041/742,ポケモン/1進化,,,ツタージャ,100.0,草,炎,,1.0,まきつく,草,20,コインを1回投げオモテなら、相手のバトルポケモンを【マヒ】にする。
480,ジャノビー,MC,041/742,ポケモン/1進化,,,ツタージャ,100.0,草,炎,,1.0,つるのムチ,草●●,60,
481,ジャローダex,MC,042/742,ポケモン/2進化,ex,,ジャノビー,320.0,草,炎,,2.0,[特性]ロイヤルエール,,,このポケモンがいるかぎり、自分のポケモンが使うワザの、相手のバトルポケモンへのダメージは「+20」される。
481,ジャローダex,MC,042/742,ポケモン/2進化,ex,,ジャノビー,320.0,草,炎,,2.0,グラスオーダー,草●●●,150,のぞむなら、自分の山札から好きなカードを3枚まで選び、手札に加える。そして山札を切る。
482,ヤナップ,SV11B,004/086,ポケモン/たね,,,,70.0,草,炎,,1.0,もってくる,●,,自分の山札を1枚引く。
482,ヤナップ,SV11B,004/086,ポケモン/たね,,,,70.0,草,炎,,1.0,ひっかく,●●,30,
483,ヤナッキー,SV11B,005/086,ポケモン/1進化,,,ヤナップ,100.0,草,炎,,1.0,ひっぱたく,●●,70,
484,チュリネ,SV11B,006/086,ポケモン/たね,,,,60.0,草,炎,,1.0,かくれる,●,,コインを1回投げオモテなら、次の相手の番、このポケモンはワザのダメージや効果を受けない。
484,チュリネ,SV11B,006/086,ポケモン/たね,,,,60.0,草,炎,,1.0,このは,草,10,
485,ドレディア,SV11B,007/086,ポケモン/1進化,,,チュリネ,100.0,草,炎,,1.0,げんわくアロマ,草,30,コインを1回投げオモテなら、相手のバトルポケモンを【どく】と【マヒ】にする。ウラなら、相手のバトルポケモンを【こんらん】にする。
485,ドレディア,SV11B,007/086,ポケモン/1進化,,,チュリネ,100.0,草,炎,,1.0,いあいぎり,草●●,70,
486,マラカッチ,SV11B,008/086,ポケモン/たね,,,,100.0,草,炎,,1.0,はつらつニードル,草,20,この番に、このポケモンのHPを回復していたなら、100ダメージ追加。
486,マラカッチ,SV11B,008/086,ポケモン/たね,,,,100.0,草,炎,,1.0,つきさす,草●,50,
487,カブルモ,SV11B,009/086,ポケモン/たね,,,,60.0,草,炎,,1.0,[特性]しげきしんか,,,自分の場に「チョボマキ」がいるなら、このポケモンは、最初の自分の番や、出したばかりの番でも進化できる。
487,カブルモ,SV11B,009/086,ポケモン/たね,,,,60.0,草,炎,,1.0,つのでつく,●,10,
488,タマゲタケ,MC,048/742,ポケモン/たね,,,,50.0,草,炎,,1.0,どくのほうし,●,,相手のバトルポケモンを【どく】にする。
489,モロバレル,MC,049/742,ポケモン/1進化,,,タマゲタケ,120.0,草,炎,,2.0,あぶないはんのう,●,30,相手のバトルポケモンが特殊状態なら、120ダメージ追加。
489,モロバレル,MC,049/742,ポケモン/1進化,,,タマゲタケ,120.0,草,炎,,2.0,タネばくだん,草●,60,
490,ビクティニ,MC,107/742,ポケモン/たね,,,,80.0,炎,水,,1.0,Vフォース,炎炎,120,自分のベンチポケモンが4匹以下なら、このワザは失敗。
491,ダルマッカ,MC,116/742,ポケモン/たね,,,,80.0,炎,水,,2.0,おにび,炎●,30,
492,ヒヒダルマ,MC,117/742,ポケモン/1進化,,,ダルマッカ,140.0,炎,水,,2.0,やきこがす,炎●,50,相手のバトルポケモンを【やけど】にする。
492,ヒヒダルマ,MC,117/742,ポケモン/1進化,,,ダルマッカ,140.0,炎,水,,2.0,スマッシュヘッド,炎●●●,180,このポケモンについているエネルギーを2個選び、トラッシュする。
493,ヒトモシ,SV11B,015/086,ポケモン/たね,,,,60.0,炎,水,,1.0,てらしてもやす,炎,,自分の山札を上から1枚見て、もとにもどす。のぞむなら、そのカードをトラッシュする。
494,ランプラー,SV11B,016/086,ポケモン/1進化,,,ヒトモシ,80.0,炎,水,,1.0,だいもんじ,炎,50,このポケモンについているエネルギーを1個選び、トラッシュする。
495,シャンデラ,SV11B,017/086,ポケモン/2進化,,,ランプラー,150.0,炎,水,,2.0,はじけるひばしら,炎,50,自分のトラッシュに「基本【炎】エネルギー」が10枚以上あるなら、100ダメージ追加。
495,シャンデラ,SV11B,017/086,ポケモン/2進化,,,ランプラー,150.0,炎,水,,2.0,もえつくす,炎炎,180,このポケモンについているエネルギーを、すべてトラッシュする。
496,メラルバ,SV11B,018/086,ポケモン/たね,,,,60.0,炎,水,,1.0,つつきおとす,●,10,ダメージを与える前に、相手のバトルポケモンについている「ポケモンのどうぐ」をトラッシュする。
497,ウルガモス,MC,124/742,ポケモン/1進化,,,メラルバ,120.0,炎,水,,1.0,[特性]ねっぱりんぷん,,,自分の番に、自分の手札から「基本【炎】エネルギー」を1枚トラッシュするなら、1回使える。相手のバトルポケモンを【やけど】にする。
497,ウルガモス,MC,124/742,ポケモン/1進化,,,メラルバ,120.0,炎,水,,1.0,ほのおのつばさ,炎●●,70,
498,ヒヤップ,SV11B,020/086,ポケモン/たね,,,,70.0,水,雷,,1.0,もってくる,●,,自分の山札を1枚引く。
498,ヒヤップ,SV11B,020/086,ポケモン/たね,,,,70.0,水,雷,,1.0,ひっかく,●●,30,
499,ヒヤッキー,SV11B,021/086,ポケモン/1進化,,,ヒヤップ,100.0,水,雷,,1.0,ひっぱたく,●●,70,
500,オタマロ,SV11B,022/086,ポケモン/たね,,,,60.0,水,雷,,1.0,りんしょう,●●,20×,自分の場の、ワザ「りんしょう」を持つポケモンの数×20ダメージ。
501,ガマガル,SV11B,023/086,ポケモン/1進化,,,オタマロ,90.0,水,雷,,2.0,りんしょう,●●,40×,自分の場の、ワザ「りんしょう」を持つポケモンの数×40ダメージ。
501,ガマガル,SV11B,023/086,ポケモン/1進化,,,オタマロ,90.0,水,雷,,2.0,スプラッシュ,水●●,60,
502,ガマゲロゲ,SV11B,024/086,ポケモン/2進化,,,ガマガル,170.0,水,雷,,3.0,りんしょう,●●●,70×,自分の場の、ワザ「りんしょう」を持つポケモンの数×70ダメージ。
502,ガマゲロゲ,SV11B,024/086,ポケモン/2進化,,,ガマガル,170.0,水,雷,,3.0,ハイパーボイス,水●●●,160,
503,プロトーガ,SV11B,025/086,ポケモン/1進化,,,古びたふたの化石,100.0,水,雷,,3.0,たいこのもくず,水,30×,相手のトラッシュにあるグッズの枚数×30ダメージ。
503,プロトーガ,SV11B,025/086,ポケモン/1進化,,,古びたふたの化石,100.0,水,雷,,3.0,なみのり,水●●,80,
504,アバゴーラ,SV11B,026/086,ポケモン/2進化,,,プロトーガ,180.0,水,雷,,3.0,[特性]マイティシェル,,,このポケモンは、特殊エネルギーがついている相手のポケモンから、ワザのダメージや効果を受けない。
504,アバゴーラ,SV11B,026/086,ポケモン/2進化,,,プロトーガ,180.0,水,雷,,3.0,かじりつく,水●●,150,次の相手の番、このワザを受けたポケモンは、にげられない。
505,ママンボウ,SV11B,027/086,ポケモン/たね,,,,110.0,水,雷,,1.0,[特性]やさしいヒレ,,,このポケモンがバトル場にいるなら、自分の番に1回使える。自分のトラッシュから、HPが「70」以下の【たね】ポケモンを1枚選び、ベンチに出す。
505,ママンボウ,SV11B,027/086,ポケモン/たね,,,,110.0,水,雷,,1.0,たきのぼり,水●●,70,
506,クマシュン,SV11B,028/086,ポケモン/たね,,,,70.0,水,鋼,,2.0,はなみずまみれ,水,10,次の相手の番、このワザを受けたポケモンは、ワザが使えない。
507,ツンベアー,SV11B,029/086,ポケモン/1進化,,,クマシュン,150.0,水,鋼,,3.0,れんぞくずつき,●,50×,ウラが出るまでコインを投げ、オモテの数×50ダメージ。
507,ツンベアー,SV11B,029/086,ポケモン/1進化,,,クマシュン,150.0,水,鋼,,3.0,ぜったいれいど,水水水●,150,次の相手の番、このワザを受けたポケモンは、ワザが使えない。
508,フリージオ,SV11B,030/086,ポケモン/たね,,,,90.0,水,鋼,,1.0,ひきずりだす,水,,相手のベンチポケモンを1匹選び、バトルポケモンと入れ替える。その後、新しく出てきたポケモンに20ダメージ。
508,フリージオ,SV11B,030/086,ポケモン/たね,,,,90.0,水,鋼,,1.0,つらら,水,30,
509,キュレムex,MC,203/742,ポケモン/たね,ex,,,230.0,水,鋼,,2.0,きりさく,●●,50,
509,キュレムex,MC,203/742,ポケモン/たね,ex,,,230.0,水,鋼,,2.0,ブリザードバースト,水水●,130,相手のベンチポケモン全員にも、それぞれ、相手がすでにとったサイドの枚数×10ダメージ。［ベンチは弱点・抵抗力を計算しない。］
510,エモンガ,MC,253/742,ポケモン/たね,,,,70.0,雷,闘,,,なかまをよぶ,●,,自分の山札から【たね】ポケモンを2枚まで選び、ベンチに出す。そして山札を切る。
510,エモンガ,MC,253/742,ポケモン/たね,,,,70.0,雷,闘,,,バチバチ,雷,20,
511,シビシラス,MC,256/742,ポケモン/たね,,,,40.0,雷,闘,,,じっとする,●,,このポケモンのHPを「10」回復する。
512,シビビール,MC,257/742,ポケモン/1進化,,,シビシラス,90.0,雷,闘,,2.0,[特性]エレキダイナモ,,,自分の番に1回使える。自分のトラッシュから「基本【雷】エネルギー」を1枚選び、ベンチポケモンにつける。
512,シビビール,MC,257/742,ポケモン/1進化,,,シビシラス,90.0,雷,闘,,2.0,ライトニングボール,雷雷●,50,
513,シビルドン,SV11B,035/086,ポケモン/2進化,,,シビビール,160.0,雷,闘,,3.0,かみなりのキバ,雷,60,コインを1回投げオモテなら、相手のバトルポケモンを【マヒ】にする。
513,シビルドン,SV11B,035/086,ポケモン/2進化,,,シビビール,160.0,雷,闘,,3.0,バリバリかいてん,雷雷雷●,100×,コインを4回投げ、オモテの数×100ダメージ。
514,ボルトロス,MC,258/742,ポケモン/たね,,,,120.0,雷,闘,,1.0,じゅうでん,●,,自分の山札から「基本【雷】エネルギー」を1枚選び、このポケモンにつける。そして山札を切る。
514,ボルトロス,MC,258/742,ポケモン/たね,,,,120.0,雷,闘,,1.0,ディザスターボルト,雷●●,110,このポケモンについているエネルギーを1個選び、トラッシュする。
515,ゼクロムex,MC,259/742,ポケモン/たね,ex,,,230.0,雷,闘,,2.0,きりさく,●●,50,
515,ゼクロムex,MC,259/742,ポケモン/たね,ex,,,230.0,雷,闘,,2.0,ボルテージバースト,雷雷●,130,相手がすでにとったサイドの枚数×50ダメージ追加。このポケモンにも30ダメージ。
516,ムンナ,SV11B,038/086,ポケモン/たね,,,,70.0,超,悪,闘,1.0,ねむる,●,,このポケモンを【ねむり】にする。このポケモンのHPを「30」回復する。
516,ムンナ,SV11B,038/086,ポケモン/たね,,,,70.0,超,悪,闘,1.0,つぶやく,超,10,
517,ムシャーナ,SV11B,039/086,ポケモン/1進化,,,ムンナ,120.0,超,悪,闘,2.0,ドリームコール,●,,自分の山札から「マコモ」を好きなだけ選び、相手に見せて、手札に加える。そして山札を切る。
517,ムシャーナ,SV11B,039/086,ポケモン/1進化,,,ムンナ,120.0,超,悪,闘,2.0,ねむりのはどう,超,50,相手のバトルポケモンを【ねむり】にする。
518,ユニラン,SV11B,040/086,ポケモン/たね,,,,40.0,超,悪,闘,1.0,ころがる,●,10,
519,ダブラン,SV11B,041/086,ポケモン/1進化,,,ユニラン,70.0,超,悪,闘,1.0,さいぼうしんか,●,,自分の場のポケモン1匹から進化するカードを、自分の山札から1枚選び、そのポケモンにのせて進化させる。そして山札を切る。
519,ダブラン,SV11B,041/086,ポケモン/1進化,,,ユニラン,70.0,超,悪,闘,1.0,しるをとばす,●,30,
520,ランクルス,SV11B,042/086,ポケモン/2進化,,,ダブラン,140.0,超,悪,闘,1.0,さいぼうかくせい,●,,自分のベンチポケモン全員からそれぞれ進化するカードを、自分の山札から1枚ずつ選び、それぞれにのせて進化させる。そして山札を切る。
520,ランクルス,SV11B,042/086,ポケモン/2進化,,,ダブラン,140.0,超,悪,闘,1.0,エボルラリアット,●,40,自分の場の進化ポケモンの数×40ダメージ追加。
521,リグレー,SV11B,043/086,ポケモン/たね,,,,60.0,超,悪,闘,1.0,ちょっとずらす,超,,相手の場のポケモンについているエネルギーを1個選び、相手の別のポケモンにつけ替える。
521,リグレー,SV11B,043/086,ポケモン/たね,,,,60.0,超,悪,闘,1.0,ビーム,●●●,40,
522,オーベム,SV11B,044/086,ポケモン/1進化,,,リグレー,90.0,超,悪,闘,1.0,めいそう,超,,このポケモンのHPを「40」回復する。
522,オーベム,SV11B,044/086,ポケモン/1進化,,,リグレー,90.0,超,悪,闘,1.0,サイコキネシス,●●●,80,相手のバトルポケモンについているエネルギーの数×30ダメージ追加。
523,ゴビット,SV11B,045/086,ポケモン/たね,,,,90.0,超,悪,闘,3.0,ぜんりょくパンチ,●●,60,コインを1回投げウラなら、このワザは失敗。
524,ゴルーグ,SV11B,046/086,ポケモン/1進化,,,ゴビット,160.0,超,悪,闘,4.0,ダブルスマッシュ,●●●,80×,コインを2回投げ、オモテの数×80ダメージ。
524,ゴルーグ,SV11B,046/086,ポケモン/1進化,,,ゴビット,160.0,超,悪,闘,4.0,ゴルーグハンマー,超超●●●,200,
525,メロエッタex,SV11B,047/086,ポケモン/たね,ex,,,200.0,超,悪,闘,1.0,[特性]デビューライブ,,,このポケモンは、先攻プレイヤーの最初の番でも、ワザが使える。
525,メロエッタex,SV11B,047/086,ポケモン/たね,ex,,,200.0,超,悪,闘,1.0,エコーボイス,超,30,次の自分の番、このポケモンの「エコーボイス」のダメージは「+80」される。
526,モグリュー,MC,385/742,ポケモン/たね,,,,70.0,闘,草,,1.0,どろかけ,闘,10,
526,モグリュー,MC,385/742,ポケモン/たね,,,,70.0,闘,草,,1.0,どつく,闘闘,30,
527,ドリュウズex,MC,387/742,ポケモン/1進化,ex,,モグリュー,270.0,闘,草,,3.0,かんつうドリル,闘闘,60,ダメカンがのっている相手のベンチポケモン1匹にも、60ダメージ。［ベンチは弱点・抵抗力を計算しない。］
527,ドリュウズex,MC,387/742,ポケモン/1進化,ex,,モグリュー,270.0,闘,草,,3.0,がんせきおとし,闘闘闘,200,このワザのダメージは抵抗力を計算しない。
528,ドッコラー,MC,388/742,ポケモン/たね,,,,70.0,闘,超,,2.0,けたぐり,闘,10,
528,ドッコラー,MC,388/742,ポケモン/たね,,,,70.0,闘,超,,2.0,かいりき,闘●●,50,
529,ドテッコツ,MC,389/742,ポケモン/1進化,,,ドッコラー,100.0,闘,超,,3.0,けたぐり,闘,30,
529,ドテッコツ,MC,389/742,ポケモン/1進化,,,ドッコラー,100.0,闘,超,,3.0,アームハンマー,闘●●,60,相手の山札を上から1枚トラッシュする。
530,ローブシン,MC,390/742,ポケモン/2進化,,,ドテッコツ,140.0,闘,超,,3.0,[特性]マスターアーツ,,,このポケモンについている【闘】エネルギー1個につき、このポケモンの最大HPは「+40」される。
530,ローブシン,MC,390/742,ポケモン/2進化,,,ドテッコツ,140.0,闘,超,,3.0,ふりまわす,闘●●●,100,コインを2回投げ、オモテの数×50ダメージ追加。
531,ナゲキ,SV11B,053/086,ポケモン/たね,,,,130.0,闘,超,,2.0,せおいなげ,闘●,-120,相手のバトルポケモンの【にげる】ためのエネルギーの数×30ダメージぶん、このワザのダメージは小さくなる。
532,イシズマイ,SV11B,054/086,ポケモン/たね,,,,70.0,闘,草,,2.0,じたばた,●,10×,このポケモンにのっているダメカンの数×10ダメージ。
532,イシズマイ,SV11B,054/086,ポケモン/たね,,,,70.0,闘,草,,2.0,ツメをたてる,●●,20,
533,イワパレス,SV11B,055/086,ポケモン/1進化,,,イシズマイ,150.0,闘,草,,3.0,[特性]がんじょう,,,このポケモンのHPがまんたんの状態で、このポケモンがワザのダメージを受けて【きぜつ】するとき、【きぜつ】せず、残りHPが「10」の状態で場に残る。
533,イワパレス,SV11B,055/086,ポケモン/1進化,,,イシズマイ,150.0,闘,草,,3.0,ストーンエッジ,闘●●,80,コインを1回投げオモテなら、60ダメージ追加。
534,ランドロス,MC,398/742,ポケモン/たね,,,,130.0,闘,草,,2.0,ほうさく,●,,自分のトラッシュから「基本【闘】エネルギー」を1枚選び、このポケモンにつける。
534,ランドロス,MC,398/742,ポケモン/たね,,,,130.0,闘,草,,2.0,じしん,闘●●,110,自分のベンチポケモン全員にも、それぞれ10ダメージ。［ベンチは弱点・抵抗力を計算しない。］
535,フシデ,SV11B,057/086,ポケモン/たね,,,,80.0,悪,闘,,3.0,どくをとばす,●,,相手のバトルポケモンを【どく】にする。
536,ホイーガ,SV11B,058/086,ポケモン/1進化,,,フシデ,100.0,悪,闘,,3.0,ベノムショック,●,30,相手のバトルポケモンが【どく】なら、60ダメージ追加。
537,ペンドラー,SV11B,059/086,ポケモン/2進化,,,ホイーガ,160.0,悪,闘,,3.0,[特性]どくのトゲ,,,このポケモンが、バトル場で相手のポケモンからワザのダメージを受けたとき、ワザを使ったポケモンを【どく】にする。
537,ペンドラー,SV11B,059/086,ポケモン/2進化,,,ホイーガ,160.0,悪,闘,,3.0,ベノムショック,悪●,90,相手のバトルポケモンが【どく】なら、90ダメージ追加。
538,メグロコ,SV11B,060/086,ポケモン/たね,,,,70.0,悪,草,,2.0,シメる,悪,10,相手は相手自身の手札を1枚選び、トラッシュする。
539,ワルビル,SV11B,061/086,ポケモン/1進化,,,メグロコ,100.0,悪,草,,2.0,シメる,悪●,40,相手は相手自身の手札を2枚選び、トラッシュする。
540,ワルビアル,SV11B,062/086,ポケモン/2進化,,,ワルビル,170.0,悪,草,,3.0,シメる,悪●,60,相手は相手自身の手札を2枚選び、トラッシュする。
540,ワルビアル,SV11B,062/086,ポケモン/2進化,,,ワルビル,170.0,悪,草,,3.0,カースドスラッグ,悪悪●,120,相手の手札が3枚以下なら、120ダメージ追加。
541,バルチャイ,SV11B,063/086,ポケモン/たね,,,,70.0,悪,雷,闘,1.0,やんちゃげり,●,10,
542,バルジーナ,SV11B,064/086,ポケモン/1進化,,,バルチャイ,110.0,悪,雷,闘,1.0,[特性]えものをねらう,,,自分の番に1回使える。相手の手札を見て、その中から、HPが「70」以下の【たね】ポケモンを1枚選び、相手のベンチに出す。
542,バルジーナ,SV11B,064/086,ポケモン/1進化,,,バルチャイ,110.0,悪,雷,闘,1.0,カッターウインド,●●●,90,
543,シュバルゴ,MC,505/742,ポケモン/1進化,,,カブルモ,130.0,鋼,炎,草,3.0,ワイルドランス,鋼,90,このポケモンにも30ダメージ。
544,コマタナ,MC,510/742,ポケモン/たね,,,,60.0,鋼,炎,草,1.0,おいつめる,鋼,10,次の相手の番、このワザを受けたポケモンは、にげられない。
545,キリキザン,MC,511/742,ポケモン/1進化,,,コマタナ,120.0,鋼,炎,草,2.0,きる,鋼,40,
545,キリキザン,MC,511/742,ポケモン/1進化,,,コマタナ,120.0,鋼,炎,草,2.0,とどめをさす,鋼●,60,相手のバトルポケモンにダメカンがのっているなら、60ダメージ追加。
546,コバルオン,SV11B,068/086,ポケモン/たね,,,,120.0,鋼,炎,草,2.0,ホーリーエッジ,鋼,20,相手のバトルポケモンについている特殊エネルギーを1個選び、トラッシュする。
546,コバルオン,SV11B,068/086,ポケモン/たね,,,,120.0,鋼,炎,草,2.0,メタルアームズ,鋼鋼●,80,このポケモンに「ポケモンのどうぐ」がついているなら、40ダメージ追加。
547,ゲノセクトex,MC,512/742,ポケモン/たね,ex,,,220.0,鋼,炎,草,2.0,[特性]メタルシグナル,,,自分の番に1回使える。自分の山札から【鋼】タイプの進化ポケモンを2枚まで選び、相手に見せて、手札に加える。そして山札を切る。
547,ゲノセクトex,MC,512/742,ポケモン/たね,ex,,,220.0,鋼,炎,草,2.0,プロテクトチャージ,鋼鋼●,150,次の相手の番、このポケモンが受けるワザのダメージは「-30」される。
548,キバゴ,SV11B,070/086,ポケモン/たね,,,,70.0,竜,,,2.0,ちからをあつめる,●,,自分の山札から基本エネルギーを2枚まで選び、相手に見せて、手札に加える。そして山札を切る。
549,オノンド,SV11B,071/086,ポケモン/1進化,,,キバゴ,100.0,竜,,,2.0,かみつく,●,30,
549,オノンド,SV11B,071/086,ポケモン/1進化,,,キバゴ,100.0,竜,,,2.0,そこぢから,闘鋼,90,次の自分の番、このポケモンはワザが使えない。
550,オノノクス,SV11B,072/086,ポケモン/2進化,,,オノンド,170.0,竜,,,3.0,ふりおろす,●●,80,相手のバトルポケモンが進化ポケモンなら、80ダメージ追加。
550,オノノクス,SV11B,072/086,ポケモン/2進化,,,オノンド,170.0,竜,,,3.0,アックスボンバー,闘鋼●,,相手のバトルポケモンが【たね】ポケモンなら、そのポケモンを【きぜつ】させる。
551,マメパト,MC,598/742,ポケモン/たね,,,,60.0,無,雷,闘,1.0,さぐる,●,,相手の手札を見る。
551,マメパト,MC,598/742,ポケモン/たね,,,,60.0,無,雷,闘,1.0,ふむ,●,10,
552,ハトーボー,MC,599/742,ポケモン/1進化,,,マメパト,80.0,無,雷,闘,,そらをとぶ,●,40,コインを1回投げウラなら、このワザは失敗。オモテなら、次の相手の番、このポケモンはワザのダメージや効果を受けない。
553,ケンホロウ,MC,600/742,ポケモン/2進化,,,ハトーボー,150.0,無,雷,闘,,くわえる,●,,自分の山札を4枚引く。
553,ケンホロウ,MC,600/742,ポケモン/2進化,,,ハトーボー,150.0,無,雷,闘,,こうそくフライト,●●,120,コインを1回投げオモテなら、次の相手の番、このポケモンはワザのダメージや効果を受けない。
554,タブンネ,MC,601/742,ポケモン/たね,,,,100.0,無,闘,,1.0,おんがえし,●,30,のぞむなら、自分の手札が6枚になるように、山札を引く。
555,チラーミィ,MC,603/742,ポケモン/たね,,,,60.0,無,闘,,1.0,スイープビンタ,●,20×,コインを2回投げ、オモテの数×20ダメージ。
556,チラチーノ,MC,604/742,ポケモン/1進化,,,チラーミィ,100.0,無,闘,,1.0,ともだちのわ,●,20,自分のベンチポケモンの数×20ダメージ追加。
557,クルミル,SV11W,001/086,ポケモン/たね,,,,50.0,草,炎,,1.0,むしくい,草,20,
558,クルマユ,SV11W,002/086,ポケモン/1進化,,,クルミル,80.0,草,炎,,2.0,[特性]はっぱヒール,,,自分の番に1回使える。自分のバトルポケモンのHPを「20」回復する。
558,クルマユ,SV11W,002/086,ポケモン/1進化,,,クルミル,80.0,草,炎,,2.0,むしのさざめき,草●,40,
559,ハハコモリ,SV11W,003/086,ポケモン/2進化,,,クルマユ,130.0,草,炎,,1.0,いやしのおくるみ,●,,自分の【たね】ポケモン全員のHPを、それぞれ「100」回復する。
559,ハハコモリ,SV11W,003/086,ポケモン/2進化,,,クルマユ,130.0,草,炎,,1.0,シザークロス,草●,90,コインを1回投げオモテなら、40ダメージ追加。
560,モンメン,MC,043/742,ポケモン/たね,,,,60.0,草,炎,,1.0,すいとる,草,10,このポケモンのHPを「10」回復する。
561,エルフーンex,MC,044/742,ポケモン/1進化,ex,,モンメン,230.0,草,炎,,,エナジーギフト,草,,自分の山札から基本エネルギーを3枚まで選び、自分のポケモンに好きなようにつける。そして山札を切る。
561,エルフーンex,MC,044/742,ポケモン/1進化,ex,,モンメン,230.0,草,炎,,,ワンダーコットン,草,50×,相手の手札を見て、その中にあるトレーナーズの枚数×50ダメージ。
562,シキジカ,SV11W,006/086,ポケモン/たね,,,,70.0,草,炎,,1.0,うしろげり,●●,30,
563,メブキジカ,SV11W,007/086,ポケモン/1進化,,,シキジカ,130.0,草,炎,,2.0,つきとばす,●●,50,相手のバトルポケモンをベンチポケモンと入れ替える。［バトル場に出すポケモンは相手が選ぶ。］
563,メブキジカ,SV11W,007/086,ポケモン/1進化,,,シキジカ,130.0,草,炎,,2.0,ソーラービーム,草●●,100,
564,チョボマキ,SV11W,008/086,ポケモン/たね,,,,60.0,草,炎,,3.0,[特性]しげきしんか,,,自分の場に「カブルモ」がいるなら、このポケモンは、最初の自分の番や、出したばかりの番でも進化できる。
564,チョボマキ,SV11W,008/086,ポケモン/たね,,,,60.0,草,炎,,3.0,とびだしヘッド,●,10,
565,アギルダー,SV11W,009/086,ポケモン/1進化,,,チョボマキ,100.0,草,炎,,1.0,アシッドボム,草,50,コインを1回投げオモテなら、相手のバトルポケモンについているエネルギーを1個選び、トラッシュする。
566,ビリジオン,MC,054/742,ポケモン/たね,,,,120.0,草,炎,,1.0,ギガドレイン,草,30,相手のバトルポケモンに与えたダメージぶん、このポケモンのHPを回復する。
566,ビリジオン,MC,054/742,ポケモン/たね,,,,120.0,草,炎,,1.0,エメラルドブレード,草草●,130,次の自分の番、このポケモンはワザが使えない。
567,ポカブ,MC,108/742,ポケモン/たね,,,,70.0,炎,水,,1.0,たいあたり,炎,10,
567,ポカブ,MC,108/742,ポケモン/たね,,,,70.0,炎,水,,1.0,ころがる,炎炎,30,
568,チャオブー,MC,110/742,ポケモン/1進化,,,ポカブ,110.0,炎,水,,3.0,かえん,炎,30,
568,チャオブー,MC,110/742,ポケモン/1進化,,,ポカブ,110.0,炎,水,,3.0,ヒートスタンプ,炎炎●,80,
569,エンブオー,MC,112/742,ポケモン/2進化,,,チャオブー,180.0,炎,水,,4.0,[特性]れっからんぶ,,,自分の番に何回でも使える。自分の手札から「基本【炎】エネルギー」を1枚選び、自分のポケモンにつける。
569,エンブオー,MC,112/742,ポケモン/2進化,,,チャオブー,180.0,炎,水,,4.0,ヒートスタンプ,炎炎炎●,120,
570,バオップ,SV11W,014/086,ポケモン/たね,,,,70.0,炎,水,,1.0,もってくる,●,,自分の山札を1枚引く。
570,バオップ,SV11W,014/086,ポケモン/たね,,,,70.0,炎,水,,1.0,ひっかく,●●,30,
571,バオッキー,SV11W,015/086,ポケモン/1進化,,,バオップ,100.0,炎,水,,1.0,ひっぱたく,●●,70,
572,クイタラン,MC,120/742,ポケモン/たね,,,,120.0,炎,水,,2.0,ベロベロキャッチ,炎,,自分の山札から【炎】ポケモンと「基本【炎】エネルギー」を合計3枚まで選び、相手に見せて、手札に加える。そして山札を切る。
572,クイタラン,MC,120/742,ポケモン/たね,,,,120.0,炎,水,,2.0,ほのおのツメ,炎炎,60,
573,レシラムex,MC,126/742,ポケモン/たね,ex,,,230.0,炎,水,,2.0,きりさく,●●,50,
573,レシラムex,MC,126/742,ポケモン/たね,ex,,,230.0,炎,水,,2.0,ブレイズバースト,炎炎●,130,相手がすでにとったサイドの枚数×50ダメージ追加。このポケモンについているエネルギーを1個選び、トラッシュする。
574,ミジュマル,SV11W,018/086,ポケモン/たね,,,,70.0,水,雷,,1.0,たいあたり,水,10,
574,ミジュマル,SV11W,018/086,ポケモン/たね,,,,70.0,水,雷,,1.0,みずでっぽう,水水,30,
575,フタチマル,SV11W,019/086,ポケモン/1進化,,,ミジュマル,100.0,水,雷,,1.0,エナジーシェル,水,30×,このポケモンについているエネルギーの数×30ダメージ。
576,ダイケンキ,SV11W,020/086,ポケモン/2進化,,,フタチマル,160.0,水,雷,,2.0,[特性]げきりゅうのうず,,,自分の番に1回使える。自分のバトルポケモンをベンチポケモンと入れ替える。その後、相手は相手自身のバトルポケモンをベンチポケモンと入れ替える。
576,ダイケンキ,SV11W,020/086,ポケモン/2進化,,,フタチマル,160.0,水,雷,,2.0,エナジースラッシュ,水,30,このポケモンについているエネルギーの数×50ダメージ追加。
577,バスラオ,SV11W,021/086,ポケモン/たね,,,,90.0,水,雷,,1.0,かみつく,●,10,
577,バスラオ,SV11W,021/086,ポケモン/たね,,,,90.0,水,雷,,1.0,むらがるキバ,水,50,相手のバトルポケモンにダメカンがのっていないなら、このワザは失敗。
578,コアルヒー,MC,197/742,ポケモン/たね,,,,70.0,水,雷,闘,1.0,しょうか,●,,相手のバトルポケモンについている【炎】エネルギーを1個選び、トラッシュする。
578,コアルヒー,MC,197/742,ポケモン/たね,,,,70.0,水,雷,闘,1.0,つばさでうつ,●●,20,
579,スワンナ,MC,198/742,ポケモン/1進化,,,コアルヒー,120.0,水,雷,闘,1.0,はばたく,●,30,
579,スワンナ,MC,198/742,ポケモン/1進化,,,コアルヒー,120.0,水,雷,闘,1.0,エアスラッシュ,●●●,120,このポケモンについているエネルギーを1個選び、トラッシュする。
580,バニプッチ,MC,199/742,ポケモン/たね,,,,60.0,水,鋼,,1.0,たたく,●,10,
580,バニプッチ,MC,199/742,ポケモン/たね,,,,60.0,水,鋼,,1.0,アイスエッジ,水●,20,コインを1回投げオモテなら、20ダメージ追加。
581,バニリッチ,MC,200/742,ポケモン/1進化,,,バニプッチ,90.0,水,鋼,,2.0,ぶつかる,●●,30,
581,バニリッチ,MC,200/742,ポケモン/1進化,,,バニプッチ,90.0,水,鋼,,2.0,れいとうビーム,水●●,50,コインを1回投げオモテなら、相手のバトルポケモンを【マヒ】にする。
582,バイバニラ,MC,201/742,ポケモン/2進化,,,バニリッチ,150.0,水,鋼,,2.0,ぶつかる,●●,60,
582,バイバニラ,MC,201/742,ポケモン/2進化,,,バニリッチ,150.0,水,鋼,,2.0,ダブルフリーズ,水●●,90×,コインを2回投げ、オモテの数×90ダメージ。1回でもオモテなら、相手のバトルポケモンを【マヒ】にする。
583,ケルディオex,MC,205/742,ポケモン/たね,ex,,,210.0,水,雷,,2.0,しっぷうづき,水●,30,この番に、このポケモンがベンチからバトル場に出ていたなら、90ダメージ追加。
583,ケルディオex,MC,205/742,ポケモン/たね,ex,,,210.0,水,雷,,2.0,ソニックエッジ,水●●,120,このワザのダメージは、相手のバトルポケモンにかかっている効果を計算しない。
584,シママ,MC,250/742,ポケモン/たね,,,,60.0,雷,闘,,1.0,けとばす,●,10,
584,シママ,MC,250/742,ポケモン/たね,,,,60.0,雷,闘,,1.0,エレキック,雷●,30,
585,ゼブライカ,MC,252/742,ポケモン/1進化,,,シママ,120.0,雷,闘,,1.0,けとばす,●,30,
585,ゼブライカ,MC,252/742,ポケモン/1進化,,,シママ,120.0,雷,闘,,1.0,エレキバレット,雷雷●,100,相手のベンチポケモン1匹にも、30ダメージ。［ベンチは弱点・抵抗力を計算しない。］
586,バチュル,SV11W,030/086,ポケモン/たね,,,,40.0,雷,闘,,1.0,ふいをつく,雷,30,コインを1回投げウラなら、このワザは失敗。
587,デンチュラ,SV11W,031/086,ポケモン/1進化,,,バチュル,90.0,雷,闘,,1.0,ほうでん,雷,50×,このポケモンについている【雷】エネルギーをすべてトラッシュし、その枚数×50ダメージ。
588,マッギョ,SV11W,032/086,ポケモン/たね,,,,110.0,雷,闘,,2.0,マッドボルト,●,20,このポケモンに【闘】エネルギーがついているなら、20ダメージ追加。
588,マッギョ,SV11W,032/086,ポケモン/たね,,,,110.0,雷,闘,,2.0,はねまわる,雷●,50,
589,コロモリ,SV11W,033/086,ポケモン/たね,,,,60.0,超,雷,闘,1.0,ハートスタンプ,●,10,
590,ココロモリ,SV11W,034/086,ポケモン/1進化,,,コロモリ,90.0,超,雷,闘,1.0,ハッピーリターン,●,,自分のベンチポケモンを1匹選び、そのポケモンと、ついているすべてのカードを、手札にもどす。
590,ココロモリ,SV11W,034/086,ポケモン/1進化,,,コロモリ,90.0,超,雷,闘,1.0,かぜおこし,●●,50,
591,シンボラー,SV11W,035/086,ポケモン/たね,,,,120.0,超,雷,闘,1.0,リフレクター,●,,次の相手の番、このポケモンが受けるワザのダメージは「-40」される。
591,シンボラー,SV11W,035/086,ポケモン/たね,,,,120.0,超,雷,闘,1.0,テレキネシス,超●●,,相手のポケモン1匹に、70ダメージ。このワザのダメージは弱点・抵抗力を計算しない。
592,デスマス,MC,320/742,ポケモン/たね,,,,70.0,超,悪,闘,2.0,ねんじる,超●,20,コインを1回投げオモテなら、20ダメージ追加。
593,デスカーン,MC,322/742,ポケモン/1進化,,,デスマス,120.0,超,悪,闘,2.0,のびるダメカーン,超●,,自分のベンチポケモンを1匹選び、選んだポケモンにのっているダメカンをすべて、相手のポケモン1匹にのせ替える。
593,デスカーン,MC,322/742,ポケモン/1進化,,,デスマス,120.0,超,悪,闘,2.0,まどわす,超●●,60,相手のバトルポケモンを【こんらん】にする。
594,ゴチム,MC,323/742,ポケモン/たね,,,,70.0,超,悪,闘,1.0,ちょうねんりき,超,20,
595,ゴチミル,MC,324/742,ポケモン/1進化,,,ゴチム,90.0,超,悪,闘,1.0,フォーチュンアイ,超,,相手の山札を上から5枚見て、好きな順番に入れ替えて、山札の上にもどす。
595,ゴチミル,MC,324/742,ポケモン/1進化,,,ゴチム,90.0,超,悪,闘,1.0,サイコショット,超●,40,
596,ゴチルゼル,MC,325/742,ポケモン/2進化,,,ゴチミル,150.0,超,悪,闘,2.0,[特性]ねじれたみらい,,,このポケモンがバトル場にいるなら、自分の番に1回使える。相手は相手自身の手札をすべて山札にもどして切る。その後、相手は山札を3枚引く。
596,ゴチルゼル,MC,325/742,ポケモン/2進化,,,ゴチミル,150.0,超,悪,闘,2.0,シンクロショット,超●,90,自分の手札と相手の手札が同じ枚数なら、90ダメージ追加。
597,プルリル,SV11W,041/086,ポケモン/たね,,,,80.0,超,悪,闘,3.0,うみのかげ,超,20,次の相手の番、相手は手札からグッズを出して使えない。
598,ブルンゲルex,SV11W,042/086,ポケモン/1進化,ex,,プルリル,270.0,超,悪,闘,3.0,[特性]うみののろい,,,このポケモンがバトル場にいるかぎり、相手は手札から「グッズ」を出して使えず、「ポケモンのどうぐ」も出してつけられない。
598,ブルンゲルex,SV11W,042/086,ポケモン/1進化,ex,,プルリル,270.0,超,悪,闘,3.0,パワープレス,超●,80,このワザを使うためのエネルギーより、2個多くエネルギーがついているなら、80ダメージ追加。
599,ダンゴロ,SV11W,043/086,ポケモン/たね,,,,80.0,闘,草,,2.0,かたくなる,闘,,次の相手の番、このポケモンは「40」以下のワザのダメージを受けない。
599,ダンゴロ,SV11W,043/086,ポケモン/たね,,,,80.0,闘,草,,2.0,いわころがり,闘闘,30,
600,ガントル,SV11W,044/086,ポケモン/1進化,,,ダンゴロ,110.0,闘,草,,3.0,うちおとす,闘,30,相手のバトルポケモンの抵抗力が【闘】タイプなら、50ダメージ追加。
600,ガントル,SV11W,044/086,ポケモン/1進化,,,ダンゴロ,110.0,闘,草,,3.0,パワージェム,闘闘闘,90,
601,ギガイアス,SV11W,045/086,ポケモン/2進化,,,ガントル,170.0,闘,草,,3.0,リベンジキャノン,闘,20×,自分のベンチの【闘】ポケモン全員にのっているダメカンの数×20ダメージ。
601,ギガイアス,SV11W,045/086,ポケモン/2進化,,,ガントル,170.0,闘,草,,3.0,ヘビーインパクト,闘闘闘,160,
602,ダゲキ,MC,391/742,ポケモン/たね,,,,110.0,闘,超,,1.0,ひじうち,闘,30,
602,ダゲキ,MC,391/742,ポケモン/たね,,,,110.0,闘,超,,1.0,ライジングチョップ,闘,90,相手のバトルポケモンが「ポケモン【ex】」でないなら、このワザは失敗。このワザのダメージは弱点・抵抗力を計算しない。
603,アーケン,MC,392/742,ポケモン/1進化,,,古びたはねの化石,80.0,闘,草,,1.0,アクロバット,闘●,30,コインを2回投げ、オモテの数×30ダメージ追加。
604,アーケオス,MC,393/742,ポケモン/2進化,,,アーケン,140.0,闘,草,,1.0,[特性]げんしのつばさ,,,このポケモンがバトル場にいるなら、自分の番に1回使える。相手の進化しているポケモンを1匹選び、「進化カード」を1枚はがして退化させる。はがしたカードは、相手の手札にもどす。
604,アーケオス,MC,393/742,ポケモン/2進化,,,アーケン,140.0,闘,草,,1.0,いわおとし,闘●,100,
605,コジョフー,MC,395/742,ポケモン/たね,,,,60.0,闘,超,,1.0,キック,闘,20,
606,コジョンド,MC,396/742,ポケモン/1進化,,,コジョフー,100.0,闘,超,,1.0,ローキック,闘,40,
606,コジョンド,MC,396/742,ポケモン/1進化,,,コジョフー,100.0,闘,超,,1.0,スマッシュアッパー,闘闘,80,このワザのダメージは抵抗力を計算しない。
607,テラキオン,SV11W,051/086,ポケモン/たね,,,,140.0,闘,草,,3.0,かたきうち,闘●,50,前の相手の番に、ワザのダメージで、自分のポケモンが【きぜつ】していたなら、80ダメージ追加。
607,テラキオン,SV11W,051/086,ポケモン/たね,,,,140.0,闘,草,,3.0,ランドクラッシュ,闘闘●,100,
608,チョロネコ,SV11W,052/086,ポケモン/たね,,,,60.0,悪,草,,1.0,わるいおさそい,悪,,自分の山札から【悪】ポケモンを3枚まで選び、相手に見せて、手札に加える。そして山札を切る。
609,レパルダス,SV11W,053/086,ポケモン/1進化,,,チョロネコ,110.0,悪,草,,1.0,はたきおとす,悪,50,相手の手札からオモテを見ないで1枚選び、トラッシュする。
610,ズルッグ,SV11W,054/086,ポケモン/たね,,,,70.0,悪,草,,1.0,ずつき,悪,10,
610,ズルッグ,SV11W,054/086,ポケモン/たね,,,,70.0,悪,草,,1.0,せめこむ,悪悪,30,
611,ズルズキン,SV11W,055/086,ポケモン/1進化,,,ズルッグ,120.0,悪,草,,2.0,ごろつきアタック,悪悪,60×,自分の場の【悪】ポケモンの数ぶんコインを投げ、オモテの数×60ダメージ。
612,ヤブクロン,MC,465/742,ポケモン/たね,,,,70.0,悪,闘,,2.0,よだれ,悪,10,
612,ヤブクロン,MC,465/742,ポケモン/たね,,,,70.0,悪,闘,,2.0,ヘドロばくだん,悪●,20,
613,ダストダス,MC,466/742,ポケモン/1進化,,,ヤブクロン,140.0,悪,闘,,3.0,ガスでつつむ,悪,40,
613,ダストダス,MC,466/742,ポケモン/1進化,,,ヤブクロン,140.0,悪,闘,,3.0,ダストシュート,悪悪●,120,相手のバトルポケモンを【どく】にする。
614,ゾロア,MC,467/742,ポケモン/たね,,,,70.0,悪,草,,1.0,とっしん,悪,30,このポケモンにも10ダメージ。
615,ゾロアーク,MC,468/742,ポケモン/1進化,,,ゾロア,120.0,悪,草,,1.0,マインドジャック,悪,30×,相手のベンチポケモンの数×30ダメージ。
615,ゾロアーク,MC,468/742,ポケモン/1進化,,,ゾロア,120.0,悪,草,,1.0,イカサマ,●●●,,相手のバトルポケモンが持つワザを1つ選び、このワザとして使う。
616,モノズ,MC,476/742,ポケモン/たね,,,,80.0,悪,草,,2.0,のしかかり,●●,20,コインを1回投げオモテなら、相手のバトルポケモンを【マヒ】にする。
616,モノズ,MC,476/742,ポケモン/たね,,,,80.0,悪,草,,2.0,やみのキバ,悪●●,50,
617,ジヘッド,MC,477/742,ポケモン/1進化,,,モノズ,110.0,悪,草,,3.0,ダブルアタック,●●,40×,コインを2回投げ、オモテの数×40ダメージ。
617,ジヘッド,MC,477/742,ポケモン/1進化,,,モノズ,110.0,悪,草,,3.0,しっこくのキバ,悪悪●●,100,
618,サザンドラex,MC,478/742,ポケモン/2進化,ex,,ジヘッド,330.0,悪,草,,3.0,[特性]グリードイーター,,,このポケモンが使うワザのダメージで、相手の【たね】ポケモンが【きぜつ】したなら、サイドを1枚多くとる。
618,サザンドラex,MC,478/742,ポケモン/2進化,ex,,ジヘッド,330.0,悪,草,,3.0,ダークバイト,悪悪悪●●,200,次の相手の番、このワザを受けたポケモンは、にげられない。
619,テッシード,SV11W,063/086,ポケモン/たね,,,,70.0,鋼,炎,草,2.0,チクッ,鋼,10,
619,テッシード,SV11W,063/086,ポケモン/たね,,,,70.0,鋼,炎,草,2.0,メタルクロー,鋼●●,40,
620,ナットレイ,SV11W,064/086,ポケモン/1進化,,,テッシード,140.0,鋼,炎,草,3.0,パワーウィップ,鋼,,相手のポケモン1匹に、このポケモンについているエネルギーの数×20ダメージ。［ベンチは弱点・抵抗力を計算しない。］
620,ナットレイ,SV11W,064/086,ポケモン/1進化,,,テッシード,140.0,鋼,炎,草,3.0,メタルクロー,鋼●●●,130,
621,ギアル,MC,506/742,ポケモン/たね,,,,60.0,鋼,炎,草,1.0,かたいギア,鋼,10,次の相手の番、このポケモンが受けるワザのダメージは「-10」される。
622,ギギアル,MC,507/742,ポケモン/1進化,,,ギアル,90.0,鋼,炎,草,2.0,かたいギア,鋼●,50,次の相手の番、このポケモンが受けるワザのダメージは「-20」される。
623,ギギギアル,MC,508/742,ポケモン/2進化,,,ギギアル,150.0,鋼,炎,草,3.0,[特性]ギアコーティング,,,このポケモンがいるかぎり、【鋼】エネルギーがついている自分のポケモン全員が、相手のポケモンから受けるワザのダメージは「-20」される。
623,ギギギアル,MC,508/742,ポケモン/2進化,,,ギギアル,150.0,鋼,炎,草,3.0,ぶちかます,鋼●●,120,
624,アイアント,SV11W,068/086,ポケモン/たね,,,,110.0,鋼,炎,草,1.0,いっしょにかむ,●,20,自分のベンチに「アイアント」がいるなら、20ダメージ追加。
624,アイアント,SV11W,068/086,ポケモン/たね,,,,110.0,鋼,炎,草,1.0,はさむ,鋼●,50,
625,クリムガン,MC,544/742,ポケモン/たね,,,,120.0,竜,,,2.0,ひきさく,●,40,このワザのダメージは、相手のバトルポケモンにかかっている効果を計算しない。
625,クリムガン,MC,544/742,ポケモン/たね,,,,120.0,竜,,,2.0,おそいかかる,炎水●,90,コインを1回投げオモテなら、60ダメージ追加。
626,ミネズミ,SV11W,070/086,ポケモン/たね,,,,60.0,無,闘,,1.0,ちょうたつ,●,,自分の山札からグッズを1枚選び、相手に見せて、手札に加える。そして山札を切る。
626,ミネズミ,SV11W,070/086,ポケモン/たね,,,,60.0,無,闘,,1.0,かじる,●,10,
627,ミルホッグ,SV11W,071/086,ポケモン/1進化,,,ミネズミ,90.0,無,闘,,1.0,きあいだめ,●,,次の自分の番、このポケモンの「ひっさつまえば」のダメージは「240」になる。
627,ミルホッグ,SV11W,071/086,ポケモン/1進化,,,ミネズミ,90.0,無,闘,,1.0,ひっさつまえば,●,80,コインを1回投げウラなら、このワザは失敗。
628,ヨーテリー,SV11W,072/086,ポケモン/たね,,,,60.0,無,闘,,1.0,じゃれつく,●,10,コインを1回投げオモテなら、20ダメージ追加。
629,ハーデリア,SV11W,073/086,ポケモン/1進化,,,ヨーテリー,90.0,無,闘,,1.0,ほえる,●,,相手のバトルポケモンをベンチポケモンと入れ替える。［バトル場に出すポケモンは相手が選ぶ。］
629,ハーデリア,SV11W,073/086,ポケモン/1進化,,,ヨーテリー,90.0,無,闘,,1.0,つきたおし,●●●,70,
630,ムーランド,SV11W,074/086,ポケモン/2進化,,,ハーデリア,160.0,無,闘,,3.0,かぎわける,●●,,コインを3回投げ、オモテの数ぶんまで、自分のトラッシュから好きなカードを選び、相手に見せて、手札に加える。
630,ムーランド,SV11W,074/086,ポケモン/2進化,,,ハーデリア,160.0,無,闘,,3.0,スペシャルファング,●●●●,100,このポケモンに特殊エネルギーがついているなら、100ダメージ追加。
631,バッフロンex,MC,605/742,ポケモン/たね,ex,,,220.0,無,闘,,2.0,[特性]アフロガード,,,このポケモンが受けるワザのダメージは「-30」される。
631,バッフロンex,MC,605/742,ポケモン/たね,ex,,,220.0,無,闘,,2.0,ゴールドブレイク,●●●,100,相手のバトルポケモンが「ポケモン【ex】」なら、100ダメージ追加。
632,ワシボン,MC,606/742,ポケモン/たね,,,,70.0,無,雷,闘,1.0,つつく,●,10,
632,ワシボン,MC,606/742,ポケモン/たね,,,,70.0,無,雷,闘,1.0,かっくう,●●,20,
633,ウォーグル,MC,607/742,ポケモン/1進化,,,ワシボン,140.0,無,雷,闘,1.0,つばめがえし,●,40,コインを1回投げオモテなら、40ダメージ追加。
633,ウォーグル,MC,607/742,ポケモン/1進化,,,ワシボン,140.0,無,雷,闘,1.0,スピードウイング,●●●●,130,
634,トルネロス,MC,610/742,ポケモン/たね,,,,120.0,無,雷,闘,1.0,かぜをまとう,●,,自分の手札から基本エネルギーを1枚選び、このポケモンにつける。
634,トルネロス,MC,610/742,ポケモン/たね,,,,120.0,無,雷,闘,1.0,ぼうふう,●●●,100,このポケモンについている基本エネルギーを1個選び、ベンチポケモンにつけ替える。
635,ダイゴのヤジロン,SVOD,001/018,ポケモン/たね,,トレーナーのポケモン（ダイゴ）,,60.0,超,悪,闘,1.0,しょうしゅうサイン,●,,自分の山札から【たね】ポケモンの「ダイゴのポケモン」を2枚まで選び、ベンチに出す。そして山札を切る。
635,ダイゴのヤジロン,SVOD,001/018,ポケモン/たね,,トレーナーのポケモン（ダイゴ）,,60.0,超,悪,闘,1.0,ねんどうだん,超,20,
636,ダイゴのネンドール,SVOD,002/018,ポケモン/1進化,,トレーナーのポケモン（ダイゴ）,ダイゴのヤジロン,120.0,超,悪,闘,2.0,ぶきみなひかり,超,20,相手のバトルポケモンを【こんらん】にする。
636,ダイゴのネンドール,SVOD,002/018,ポケモン/1進化,,トレーナーのポケモン（ダイゴ）,ダイゴのヤジロン,120.0,超,悪,闘,2.0,クレイブラスト,超超●,220,このポケモンについているエネルギーを、すべてトラッシュする。
637,ダイゴのメレシー,SVOD,003/018,ポケモン/たね,,トレーナーのポケモン（ダイゴ）,,80.0,超,鋼,,2.0,[特性]ストーンパレス,,,このポケモンがベンチにいるかぎり、自分の「ダイゴのポケモン」全員が、相手のポケモンから受けるワザのダメージは「-30」される。この効果は、この特性を持つポケモンが何匹いても、重ならない。
637,ダイゴのメレシー,SVOD,003/018,ポケモン/たね,,トレーナーのポケモン（ダイゴ）,,80.0,超,鋼,,2.0,マジカルショット,超●●,80,
638,ダイゴのエアームド,MC,494/742,ポケモン/たね,,トレーナーのポケモン（ダイゴ）,,120.0,鋼,雷,闘,1.0,するどいはね,●●,30,
638,ダイゴのエアームド,MC,494/742,ポケモン/たね,,トレーナーのポケモン（ダイゴ）,,120.0,鋼,雷,闘,1.0,ツインソニック,鋼鋼●,,相手のポケモン2匹に、それぞれ50ダメージ。［ベンチは弱点・抵抗力を計算しない。］
639,ダイゴのダンバル,SVOD,019/018,ポケモン/たね,,トレーナーのポケモン（ダイゴ）,,70.0,鋼,炎,草,1.0,ぶつかる,鋼●,30,
640,ダイゴのメタング,SVOD,006/018,ポケモン/1進化,,トレーナーのポケモン（ダイゴ）,ダイゴのダンバル,100.0,鋼,炎,草,2.0,メタルスラッシュ,鋼●,70,次の自分の番、このポケモンはワザが使えない。
641,ダイゴのメタグロスex,SVOD,007/018,ポケモン/2進化,ex,トレーナーのポケモン（ダイゴ）,ダイゴのメタング,340.0,鋼,炎,草,3.0,[特性]エクスブート,,,自分の番に1回使える。自分の山札から「基本【超】エネルギー」と「基本【鋼】エネルギー」をそれぞれ1枚まで選び、自分の【超】または【鋼】ポケモンに好きなようにつける。そして山札を切る。
641,ダイゴのメタグロスex,SVOD,007/018,ポケモン/2進化,ex,トレーナーのポケモン（ダイゴ）,ダイゴのメタング,340.0,鋼,炎,草,3.0,メタルスタンプ,鋼●●,200,
642,マリィのチョロネコ,MC,458/742,ポケモン/たね,,トレーナーのポケモン（マリィ）,,60.0,悪,草,,1.0,シャープネイル,悪,20,相手のバトルポケモンが「ポケモン【ex】」なら、40ダメージ追加。
643,マリィのレパルダス,MC,459/742,ポケモン/1進化,,トレーナーのポケモン（マリィ）,マリィのチョロネコ,100.0,悪,草,,1.0,シャープクロー,悪悪,70,相手のバトルポケモンが「ポケモン【ex】」なら、70ダメージ追加。
644,マリィのズルッグ,MC,463/742,ポケモン/たね,,トレーナーのポケモン（マリィ）,,70.0,悪,草,,1.0,かみくだく,悪悪●,50,相手のバトルポケモンについているエネルギーを1個選び、トラッシュする。
645,マリィのズルズキン,MC,464/742,ポケモン/1進化,,トレーナーのポケモン（マリィ）,マリィのズルッグ,120.0,悪,草,,2.0,うしろげり,悪,40,
645,マリィのズルズキン,MC,464/742,ポケモン/1進化,,トレーナーのポケモン（マリィ）,マリィのズルッグ,120.0,悪,草,,2.0,ワイルドタックル,悪悪●,160,このポケモンにも30ダメージ。
646,マリィのベロバー,SVOM,005/019,ポケモン/たね,,トレーナーのポケモン（マリィ）,,70.0,悪,草,,1.0,くすねる,●,,自分の山札を1枚引く。
646,マリィのベロバー,SVOM,005/019,ポケモン/たね,,トレーナーのポケモン（マリィ）,,70.0,悪,草,,1.0,どつく,悪,10,
647,マリィのギモー,SVOM,006/019,ポケモン/1進化,,トレーナーのポケモン（マリィ）,マリィのベロバー,100.0,悪,草,,1.0,どつく,悪悪,60,
648,マリィのオーロンゲex,SVOM,007/019,ポケモン/2進化,ex,トレーナーのポケモン（マリィ）,マリィのギモー,320.0,悪,草,,2.0,[特性]パンクアップ,,,自分の番に、このカードを手札から出して進化させたとき、1回使える。自分の山札から「基本【悪】エネルギー」を5枚まで選び、自分の「マリィのポケモン」に好きなようにつける。そして山札を切る。
648,マリィのオーロンゲex,SVOM,007/019,ポケモン/2進化,ex,トレーナーのポケモン（マリィ）,マリィのギモー,320.0,悪,草,,2.0,シャドーバレット,悪悪,180,相手のベンチポケモン1匹にも、30ダメージ。［ベンチは弱点・抵抗力を計算しない。］
649,マリィのモルペコ,SVOM,020/019,ポケモン/たね,,トレーナーのポケモン（マリィ）,,70.0,悪,草,,,スパイクホイール,●●●,20,このポケモンについている【悪】エネルギーの数×40ダメージ追加。
650,フシギダネ,M1L,001/063,ポケモン/たね,,,,80.0,草,炎,,2.0,しばりつける,草,10,次の相手の番、このワザを受けたポケモンは、にげられない。
651,フシギソウ,M1L,002/063,ポケモン/1進化,,,フシギダネ,110.0,草,炎,,3.0,はっぱカッター,草草,60,
652,メガフシギバナex,M1L,003/063,ポケモン/2進化,メガシンカex,,フシギソウ,380.0,草,炎,,4.0,[特性]ソーラートランス,,,自分の番に何回でも使える。自分の場のポケモンについている「基本【草】エネルギー」を1個選び、自分の別のポケモンにつけ替える。
652,メガフシギバナex,M1L,003/063,ポケモン/2進化,メガシンカex,,フシギソウ,380.0,草,炎,,4.0,ジャングルダンプ,草草草草,240,このポケモンのHPを「30」回復する。
653,タマタマ,M1L,004/063,ポケモン/たね,,,,60.0,草,炎,,1.0,みがつまる,●,,自分の山札から「基本【草】エネルギー」を1枚選び、このポケモンにつける。そして山札を切る。
654,ナッシー,M1L,005/063,ポケモン/1進化,,,タマタマ,140.0,草,炎,,2.0,ガードプレス,草,30,次の相手の番、このポケモンが受けるワザのダメージは「-30」される。
654,ナッシー,M1L,005/063,ポケモン/1進化,,,タマタマ,140.0,草,炎,,2.0,ウッドスタンプ,●●●,60,このポケモンについている【草】エネルギーの数×30ダメージ追加。
655,セレビィ,M1L,006/063,ポケモン/たね,,,,80.0,草,炎,,1.0,ときをめぐる,草,,自分の山札から【草】ポケモンとスタジアムを合計3枚まで選び、相手に見せて、手札に加える。そして山札を切る。
655,セレビィ,M1L,006/063,ポケモン/たね,,,,80.0,草,炎,,1.0,ソーラーカッター,草,30,
656,タネボー,M1L,007/063,ポケモン/たね,,,,60.0,草,炎,,1.0,ひとやすみ,●,,このポケモンのHPを「20」回復する。
656,タネボー,M1L,007/063,ポケモン/たね,,,,60.0,草,炎,,1.0,タネばくだん,草●,20,
657,コノハナ,M1L,008/063,ポケモン/1進化,,,タネボー,100.0,草,炎,,2.0,はたく,草,30,
657,コノハナ,M1L,008/063,ポケモン/1進化,,,タネボー,100.0,草,炎,,2.0,けたぐり,草●,50,
658,ダーテング,M1L,009/063,ポケモン/2進化,,,コノハナ,160.0,草,炎,,2.0,とっぷうがえし,草,,コインを1回投げオモテなら、相手のポケモンを1匹選び、そのポケモンと、ついているすべてのカードを、相手の山札にもどして切る。
658,ダーテング,M1L,009/063,ポケモン/2進化,,,コノハナ,160.0,草,炎,,2.0,まどわす,草●,100,相手のバトルポケモンを【こんらん】にする。
659,ロコン,M1L,010/063,ポケモン/たね,,,,70.0,炎,水,,1.0,ふむ,●,10,
659,ロコン,M1L,010/063,ポケモン/たね,,,,70.0,炎,水,,1.0,かえん,炎●,20,
660,キュウコン,M1L,011/063,ポケモン/1進化,,,ロコン,120.0,炎,水,,1.0,あやかしへんげ,●,,自分の山札を上から1枚トラッシュし、そのカードがサポートなら、その効果を、このワザの効果として使う。
660,キュウコン,M1L,011/063,ポケモン/1進化,,,ロコン,120.0,炎,水,,1.0,かえん,炎●,60,
661,ドンメル,M1L,012/063,ポケモン/たね,,,,80.0,炎,水,,2.0,なかまをよぶ,炎,,自分の山札から【たね】ポケモンを2枚まで選び、ベンチに出す。そして山札を切る。
661,ドンメル,M1L,012/063,ポケモン/たね,,,,80.0,炎,水,,2.0,ほのお,炎●●,30,
662,メガバクーダex,M1L,013/063,ポケモン/1進化,メガシンカex,,ドンメル,340.0,炎,水,,4.0,あぶりやき,炎,80,相手のバトルポケモンが【やけど】なら、160ダメージ追加。
662,メガバクーダex,M1L,013/063,ポケモン/1進化,メガシンカex,,ドンメル,340.0,炎,水,,4.0,ボルケーノメテオ,炎●●●,280,このポケモンについているエネルギーを2個選び、トラッシュする。
663,ボルケニオン,M1L,014/063,ポケモン/たね,,,,130.0,炎,水,,2.0,こがす,炎,,相手のバトルポケモンを【やけど】にする。
663,ボルケニオン,M1L,014/063,ポケモン/たね,,,,130.0,炎,水,,2.0,バックファイヤー,炎炎●,130,このポケモンについている【炎】エネルギーを2個選び、手札にもどす。
664,ヒバニー,M1L,015/063,ポケモン/たね,,,,70.0,炎,水,,1.0,けりつける,●,30,コインを1回投げウラなら、このワザは失敗。
665,ラビフット,M1L,016/063,ポケモン/1進化,,,ヒバニー,100.0,炎,水,,1.0,ジャンプキック,●,,相手のポケモン1匹に、40ダメージ。［ベンチは弱点・抵抗力を計算しない。］
666,エースバーン,M1L,017/063,ポケモン/2進化,,,ラビフット,160.0,炎,水,,,[特性]しゅんぱつりょく,,,対戦準備でポケモンをバトル場に出すとき、このカードが手札にあるなら、ウラにしてバトル場に出してよい。
666,エースバーン,M1L,017/063,ポケモン/2進化,,,ラビフット,160.0,炎,水,,,フレアターボ,●,50,自分の山札から基本エネルギーを3枚まで選び、ベンチポケモンに好きなようにつける。そして山札を切る。
667,ヘイガニ,M1L,018/063,ポケモン/たね,,,,80.0,水,雷,,2.0,はさむ,●,10,
667,ヘイガニ,M1L,018/063,ポケモン/たね,,,,80.0,水,雷,,2.0,とっしん,●●,30,このポケモンにも10ダメージ。
668,コレクレー,MC,356/742,ポケモン/たね,,,,70.0,超,悪,闘,2.0,ビンタ,●,10,
669,サンド,M1L,020/063,ポケモン/たね,,,,70.0,闘,草,,1.0,ツメをたてる,●,10,
669,サンド,M1L,020/063,ポケモン/たね,,,,70.0,闘,草,,1.0,どろかけ,闘●,20,
670,サンドパン,M1L,021/063,ポケモン/1進化,,,サンド,120.0,闘,草,,1.0,すなかけ,●●,50,次の相手の番、このワザを受けたポケモンがワザを使うとき、相手はコインを1回投げる。ウラならそのワザは失敗。
670,サンドパン,M1L,021/063,ポケモン/1進化,,,サンド,120.0,闘,草,,1.0,マッドショット,闘●●,100,
671,イワーク,M1L,022/063,ポケモン/たね,,,,120.0,闘,草,,4.0,しめつける,●●,30,コインを1回投げオモテなら、相手のバトルポケモンを【マヒ】にする。
671,イワーク,M1L,022/063,ポケモン/たね,,,,120.0,闘,草,,4.0,かいりき,●●●●,100,
672,バルキー,M1L,023/063,ポケモン/たね,,,,30.0,闘,超,,,ボカボカなぐる,0コスト,10,ウラが出るまでコインを投げ、オモテの数×30ダメージ追加。
673,マクノシタ,M1L,024/063,ポケモン/たね,,,,80.0,闘,超,,2.0,どつく,闘,10,
673,マクノシタ,M1L,024/063,ポケモン/たね,,,,80.0,闘,超,,2.0,がちんこ,闘闘,30,
674,ハリテヤマ,M1L,025/063,ポケモン/1進化,,,マクノシタ,150.0,闘,超,,3.0,[特性]どすこいキャッチャー,,,自分の番に、このカードを手札から出して進化させたとき、1回使える。相手のベンチポケモンを1匹選び、バトルポケモンと入れ替える。
674,ハリテヤマ,M1L,025/063,ポケモン/1進化,,,マクノシタ,150.0,闘,超,,3.0,ワイルドプレス,闘闘闘,210,このポケモンにも70ダメージ。
675,ルナトーン,MC,371/742,ポケモン/たね,,,,110.0,闘,草,,1.0,[特性]ルナサイクル,,,自分の場に「ソルロック」がいて、自分の番に、自分の手札から「基本【闘】エネルギー」を1枚トラッシュするなら、1回使える。自分の山札を3枚引く。この特性は別の「ルナサイクル」を使った番は使えない。
675,ルナトーン,MC,371/742,ポケモン/たね,,,,110.0,闘,草,,1.0,パワージェム,闘闘,50,
676,ソルロック,MC,372/742,ポケモン/たね,,,,110.0,闘,草,,1.0,コスモビーム,闘,70,自分のベンチに「ルナトーン」がいないなら、このワザは失敗。このワザのダメージは弱点・抵抗力を計算しない。
677,リオル,M2a,091/193,ポケモン/たね,,,,80.0,闘,超,,2.0,かそくづき,闘,30,次の自分の番、このポケモンは「かそくづき」が使えない。
678,メガルカリオex,M2a,092/193,ポケモン/1進化,メガシンカex,,リオル,340.0,闘,超,,2.0,はどうづき,闘,130,自分のトラッシュから「基本【闘】エネルギー」を3枚まで選び、ベンチポケモンに好きなようにつける。
678,メガルカリオex,M2a,092/193,ポケモン/1進化,メガシンカex,,リオル,340.0,闘,超,,2.0,メガブレイブ,闘闘,270,次の自分の番、このポケモンは「メガブレイブ」が使えない。
679,グレッグル,MC,382/742,ポケモン/たね,,,,70.0,闘,超,,1.0,ひらてうち,闘,20,
680,ドクロッグ,MC,384/742,ポケモン/1進化,,,グレッグル,130.0,闘,超,,1.0,とつげき,闘,70,このポケモンにも20ダメージ。
681,マーシャドー,MC,408/742,ポケモン/たね,,,,90.0,闘,超,,1.0,シャドーソバット,闘闘,60,このワザのダメージで、相手のポケモンが【きぜつ】したなら、次の相手の番、このポケモンはワザのダメージや効果を受けない。
682,イシヘンジン,MC,414/742,ポケモン/たね,,,,130.0,闘,草,,2.0,ストーンキック,闘,20,相手のベンチポケモン1匹にも、20ダメージ。［ベンチは弱点・抵抗力を計算しない。］
682,イシヘンジン,MC,414/742,ポケモン/たね,,,,130.0,闘,草,,2.0,そこぢから,闘闘●,140,次の自分の番、このポケモンはワザが使えない。
683,コジオ,MC,416/742,ポケモン/たね,,,,70.0,闘,草,,2.0,ぶつかる,●,10,
684,ジオヅム,MC,417/742,ポケモン/1進化,,,コジオ,110.0,闘,草,,3.0,いわとばし,闘●,50,このワザのダメージは抵抗力を計算しない。
685,キョジオーン,MC,418/742,ポケモン/2進化,,,ジオヅム,180.0,闘,草,,4.0,[特性]ちからのしお,,,このポケモンがいるかぎり、自分の【闘】ポケモンが使うワザの、相手のバトルポケモンへのダメージは「+30」される。
685,キョジオーン,MC,418/742,ポケモン/2進化,,,ジオヅム,180.0,闘,草,,4.0,ぶちかます,闘闘●,130,
686,シザリガー,M1L,037/063,ポケモン/1進化,,,ヘイガニ,130.0,悪,草,,3.0,はさむ,●,30,
686,シザリガー,M1L,037/063,ポケモン/1進化,,,ヘイガニ,130.0,悪,草,,3.0,やりかえしシザー,悪悪●,130,このワザは、このポケモンにダメカンがのっているなら、【悪】エネルギー1個で使える。
687,メガアブソルex,M1L,038/063,ポケモン/たね,メガシンカex,,,280.0,悪,草,,2.0,デスピリオド,悪●,,相手のバトルポケモンにのっているダメカンが6個なら、そのポケモンを【きぜつ】させる。
687,メガアブソルex,M1L,038/063,ポケモン/たね,メガシンカex,,,280.0,悪,草,,2.0,あくのかぎづめ,悪悪●,200,相手の手札を見て、その中からカードを1枚選び、トラッシュする。
688,ミカルゲ,MC,455/742,ポケモン/たね,,,,80.0,悪,草,,1.0,[特性]うらみのうず,,,このポケモンがいるかぎり、自分のバトル場の【悪】ポケモンが、相手のポケモンからワザのダメージを受けたとき、ワザを使ったポケモンにダメカンを1個のせる。
688,ミカルゲ,MC,455/742,ポケモン/たね,,,,80.0,悪,草,,1.0,やまくずし,悪,10,相手の山札を上から1枚トラッシュする。
689,イベルタル,MC,481/742,ポケモン/たね,,,,110.0,悪,雷,闘,,わしづかみ,悪,20,次の相手の番、このワザを受けたポケモンは、にげられない。
689,イベルタル,MC,481/742,ポケモン/たね,,,,110.0,悪,雷,闘,,ダークフェザー,悪悪●,110,
690,クスネ,M1L,041/063,ポケモン/たね,,,,70.0,悪,草,,1.0,やみのキバ,悪,20,
691,フォクスライ,M1L,042/063,ポケモン/1進化,,,クスネ,120.0,悪,草,,1.0,よくばりハント,●,20,のぞむなら、自分の手札が6枚になるように、山札を引く。
691,フォクスライ,M1L,042/063,ポケモン/1進化,,,クスネ,120.0,悪,草,,1.0,しっこくのキバ,悪●,60,
692,シルシュルー,M1L,043/063,ポケモン/たね,,,,60.0,悪,闘,,1.0,どくづき,悪●,20,相手のバトルポケモンを【どく】にする。
693,タギングル,M1L,044/063,ポケモン/1進化,,,シルシュルー,100.0,悪,闘,,1.0,ミラクルペイント,悪●,90,コインを1回投げオモテなら、特殊状態の中から1つ選び、相手のバトルポケモンをその状態にする。
694,ハガネール,M1L,045/063,ポケモン/1進化,,,イワーク,200.0,鋼,炎,草,4.0,ウェルカムテール,●●,40,自分のサイドの残り枚数が6枚なら、200ダメージ追加。
694,ハガネール,M1L,045/063,ポケモン/1進化,,,イワーク,200.0,鋼,炎,草,4.0,ロケットずつき,鋼鋼●●,140,
695,メガクチートex,M1L,046/063,ポケモン/たね,メガシンカex,,,270.0,鋼,炎,草,2.0,がっつく,鋼鋼,80×,自分がすでにとったサイドの枚数×80ダメージ。
695,メガクチートex,M1L,046/063,ポケモン/たね,メガシンカex,,,270.0,鋼,炎,草,2.0,ビッグバイト,鋼鋼●,260,相手のバトルポケモンにダメカンがのっているなら、このワザのダメージは「30」になる。
696,ディアルガ,MC,502/742,ポケモン/たね,,,,140.0,鋼,炎,草,2.0,ビーム,鋼,30,
696,ディアルガ,MC,502/742,ポケモン/たね,,,,140.0,鋼,炎,草,2.0,クロノバースト,鋼鋼●,80,のぞむなら、このポケモンについているエネルギーをすべて山札にもどして切り、80ダメージ追加。
697,カヌチャン,MC,528/742,ポケモン/たね,,,,70.0,鋼,炎,草,1.0,たたく,鋼,20,
698,ナカヌチャン,MC,529/742,ポケモン/1進化,,,カヌチャン,90.0,鋼,炎,草,2.0,[特性]でたとこハンマー,,,自分の番に、このカードを手札から出して進化させたとき、1回使える。コインを1回投げオモテなら、相手のバトルポケモンについているエネルギーを1個選び、トラッシュする。
698,ナカヌチャン,MC,529/742,ポケモン/1進化,,,カヌチャン,90.0,鋼,炎,草,2.0,なぐる,鋼,30,
699,デカヌチャン,MC,530/742,ポケモン/2進化,,,ナカヌチャン,160.0,鋼,炎,草,2.0,おおぶりスイング,鋼,-240,相手のバトルポケモンについているエネルギーの数×60ダメージぶん、このワザのダメージは小さくなる。
700,サーフゴー,MC,535/742,ポケモン/1進化,,,コレクレー,130.0,鋼,炎,草,2.0,つかみほうだい,●,,ウラが出るまでコインを投げ、オモテの数ぶんまで、自分の山札から好きなカードを選び、手札に加える。そして山札を切る。
700,サーフゴー,MC,535/742,ポケモン/1進化,,,コレクレー,130.0,鋼,炎,草,2.0,スピードアタック,鋼●●,100,
701,オニスズメ,MC,557/742,ポケモン/たね,,,,60.0,無,雷,闘,1.0,ついばむ,●,10,ダメージを与える前に、相手のバトルポケモンについている「ポケモンのどうぐ」をトラッシュする。
702,オニドリル,MC,558/742,ポケモン/1進化,,,オニスズメ,100.0,無,雷,闘,1.0,マシンガンドリル,●,30×,コインを5回投げ、オモテの数×30ダメージ。
703,ミルタンク,MC,578/742,ポケモン/たね,,,,120.0,無,闘,,2.0,まんぷくミルク,●●,,コインを2回投げ、すべてオモテなら、自分のポケモン1匹のHPを、すべて回復する。
703,ミルタンク,MC,578/742,ポケモン/たね,,,,120.0,無,闘,,2.0,たいあたり,●●●,60,
704,ヤングース,M1L,055/063,ポケモン/たね,,,,70.0,無,闘,,1.0,もってくる,●,,自分の山札を1枚引く。
704,ヤングース,M1L,055/063,ポケモン/たね,,,,70.0,無,闘,,1.0,かじる,●●,20,
705,デカグース,M1L,056/063,ポケモン/1進化,,,ヤングース,100.0,無,闘,,1.0,[特性]しょうこあつめ,,,自分の番に1回使える。自分の手札を1枚選び、山札の上のカードと入れ替える。
705,デカグース,M1L,056/063,ポケモン/1進化,,,ヤングース,100.0,無,闘,,1.0,かみつく,●●,50,
706,モンジャラ,M1S,001/063,ポケモン/たね,,,,80.0,草,炎,,2.0,どくのこな,草,,相手のバトルポケモンを【どく】にする。
706,モンジャラ,M1S,001/063,ポケモン/たね,,,,80.0,草,炎,,2.0,ひっかける,草●●,30,
707,モジャンボ,M1S,002/063,ポケモン/1進化,,,モンジャラ,150.0,草,炎,,4.0,すいとる,草●,30,このポケモンのHPを「30」回復する。
707,モジャンボ,M1S,002/063,ポケモン/1進化,,,モンジャラ,150.0,草,炎,,4.0,ムキムキウィップ,草草●●,120,このワザを使うためのエネルギーより、2個多くエネルギーがついているなら、140ダメージ追加。
708,チコリータ,M1S,003/063,ポケモン/たね,,,,70.0,草,炎,,1.0,はっぱカッター,草,20,
709,ベイリーフ,M1S,004/063,ポケモン/1進化,,,チコリータ,110.0,草,炎,,2.0,つきとばす,草●,50,相手のバトルポケモンをベンチポケモンと入れ替える。［バトル場に出すポケモンは相手が選ぶ。］
710,メガニウム,M1S,005/063,ポケモン/2進化,,,ベイリーフ,160.0,草,炎,,2.0,[特性]おいしげる,,,このポケモンがいるかぎり、自分のポケモン全員についている「基本【草】エネルギー」は、それぞれ【草】エネルギー2個ぶんとしてはたらく。この特性の効果は重ならない。
710,メガニウム,M1S,005/063,ポケモン/2進化,,,ベイリーフ,160.0,草,炎,,2.0,ソーラービーム,草草●●,140,
711,ツボツボ,MC,023/742,ポケモン/たね,,,,80.0,草,炎,,1.0,[特性]はっこうジュース,,,このポケモンに【草】エネルギーがついているなら、自分の番に1回使える。自分のポケモン1匹のHPを「30」回復する。
711,ツボツボ,MC,023/742,ポケモン/たね,,,,80.0,草,炎,,1.0,ころがる,草●,30,
712,ツチニン,M1S,007/063,ポケモン/たね,,,,50.0,草,炎,,1.0,ひっかく,●,20,
713,テッカニン,M1S,008/063,ポケモン/1進化,,,ツチニン,80.0,草,炎,,,[特性]からぬけ,,,自分の番に、このカードを手札から出して進化させたとき、1回使える。自分の山札から「ヌケニン」を1枚選び、ベンチに出す。そして山札を切る。
713,テッカニン,M1S,008/063,ポケモン/1進化,,,ツチニン,80.0,草,炎,,,とんぼがえり,草●,90,このポケモンをベンチポケモンと入れ替える。
714,ダダリン,M1S,009/063,ポケモン/たね,,,,120.0,草,炎,,2.0,グラウンドパワー,草●,30,場に自分のスタジアムが出ているなら、50ダメージ追加。
715,シシコ,M1S,010/063,ポケモン/たね,,,,70.0,炎,水,,2.0,ほのお,炎●,30,
716,カエンジシ,M1S,011/063,ポケモン/1進化,,,シシコ,130.0,炎,水,,2.0,[特性]いかくのキバ,,,このポケモンがバトル場にいるかぎり、相手のバトルポケモンが使うワザのダメージは「-30」される。
716,カエンジシ,M1S,011/063,ポケモン/1進化,,,シシコ,130.0,炎,水,,2.0,やきこがす,炎●●,70,相手のバトルポケモンを【やけど】にする。
717,ヤクデ,M1S,012/063,ポケモン/たね,,,,80.0,炎,水,,2.0,ぶつかる,炎,10,
717,ヤクデ,M1S,012/063,ポケモン/たね,,,,80.0,炎,水,,2.0,かえん,炎炎●,50,
718,マルヤクデ,M1S,013/063,ポケモン/1進化,,,ヤクデ,140.0,炎,水,,3.0,まきつきクラッシュ,●●,50,コインを2回投げ、オモテの数ぶん、相手のバトルポケモンについているエネルギーを選び、トラッシュする。
718,マルヤクデ,M1S,013/063,ポケモン/1進化,,,ヤクデ,140.0,炎,水,,3.0,ヒートクローラー,炎炎●●,140,
719,イーユイ,M1S,014/063,ポケモン/たね,,,,110.0,炎,水,,1.0,やけつくだいち,炎,40,場に出ている相手のスタジアムをトラッシュする。トラッシュした場合、次の相手の番、相手は手札からスタジアムを出せない。
720,マンタイン,MC,173/742,ポケモン/たね,,,,110.0,水,雷,,1.0,なかまをよぶ,●,,自分の山札から【たね】ポケモンを2枚まで選び、ベンチに出す。そして山札を切る。
720,マンタイン,MC,173/742,ポケモン/たね,,,,110.0,水,雷,,1.0,たきのぼり,水●,50,
721,カイオーガ,M1S,016/063,ポケモン/たね,,,,150.0,水,雷,,3.0,ぎゃくりゅう,水,20×,自分のトラッシュにある「基本【水】エネルギー」をすべて相手に見せ、その枚数×20ダメージ。その後、見せたエネルギーを山札にもどして切る。
721,カイオーガ,M1S,016/063,ポケモン/たね,,,,150.0,水,雷,,3.0,うずまくなみ,水水●,130,このポケモンについているエネルギーを2個選び、トラッシュする。
722,ユキカブリ,M1S,017/063,ポケモン/たね,,,,90.0,水,鋼,,3.0,たたく,水,10,
722,ユキカブリ,M1S,017/063,ポケモン/たね,,,,90.0,水,鋼,,3.0,スノーアイス,水水,30,
723,メガユキノオーex,M1S,018/063,ポケモン/1進化,メガシンカex,,ユキカブリ,350.0,水,鋼,,4.0,アバランチハンマー,水水,100×,自分の山札を上から6枚トラッシュし、その中にある「基本【水】エネルギー」の枚数×100ダメージ。
723,メガユキノオーex,M1S,018/063,ポケモン/1進化,メガシンカex,,ユキカブリ,350.0,水,鋼,,4.0,フロストバリア,水水水,200,次の相手の番、このポケモンが受けるワザのダメージは「-30」される。
724,ウデッポウ,M1S,019/063,ポケモン/たね,,,,80.0,水,雷,,2.0,スプラッシュ,水水,50,
725,ブロスター,M1S,020/063,ポケモン/1進化,,,ウデッポウ,130.0,水,雷,,2.0,[特性]バックリロード,,,自分の番に、このポケモンがバトル場からベンチにもどったとき、1回使える。自分の手札から「基本【水】エネルギー」を2枚まで選び、このポケモンにつける。
725,ブロスター,M1S,020/063,ポケモン/1進化,,,ウデッポウ,130.0,水,雷,,2.0,アクアランチャー,水水水,210,このポケモンについているエネルギーを、すべてトラッシュする。
726,メッソン,M1S,021/063,ポケモン/たね,,,,70.0,水,雷,,1.0,ふいをつく,水,30,コインを1回投げウラなら、このワザは失敗。
727,ジメレオン,M1S,022/063,ポケモン/1進化,,,メッソン,100.0,水,雷,,1.0,にどづき,水,30×,コインを2回投げ、オモテの数×30ダメージ。
728,インテレオン,M1S,023/063,ポケモン/2進化,,,ジメレオン,150.0,水,雷,,1.0,しとめる,水,,おたがいの場のポケモン（このポケモンをのぞく）の中から、残りHPが一番少ないポケモンを1匹選び、【きぜつ】させる。
728,インテレオン,M1S,023/063,ポケモン/2進化,,,ジメレオン,150.0,水,雷,,1.0,ウォーターショット,水,110,このポケモンについているエネルギーを1個選び、トラッシュする。
729,ユキハミ,M1S,024/063,ポケモン/たね,,,,50.0,水,鋼,,1.0,かくれる,水,,コインを1回投げオモテなら、次の相手の番、このポケモンはワザのダメージや効果を受けない。
730,モスノウ,M1S,025/063,ポケモン/1進化,,,ユキハミ,110.0,水,鋼,,2.0,こごえるはばたき,水,,相手のポケモン全員に、それぞれ20ダメージ。相手のバトルポケモンを【ねむり】にする。［ベンチは弱点・抵抗力を計算しない。］
731,コオリッポ,M1S,026/063,ポケモン/たね,,,,110.0,水,鋼,,1.0,いてつくずつき,●,20,コインを1回投げオモテなら、相手のバトルポケモンを【マヒ】にする。
731,コオリッポ,M1S,026/063,ポケモン/たね,,,,110.0,水,鋼,,1.0,たいあたり,水●●,90,
732,コイル,M1S,027/063,ポケモン/たね,,,,70.0,雷,闘,,1.0,ビーム,雷,10,
733,レアコイル,M1S,028/063,ポケモン/1進化,,,コイル,90.0,雷,闘,,2.0,でんきショック,雷,30,コインを1回投げオモテなら、相手のバトルポケモンを【マヒ】にする。
734,ジバコイル,M1S,029/063,ポケモン/2進化,,,レアコイル,160.0,雷,闘,,3.0,アッパースパーク,雷,50,この番に、このポケモンが「レアコイル」から進化していたなら、120ダメージ追加。
734,ジバコイル,M1S,029/063,ポケモン/2進化,,,レアコイル,160.0,雷,闘,,3.0,フラッシュボルト,雷雷,160,次の自分の番、このポケモンは「フラッシュボルト」が使えない。
735,ライコウ,M1S,030/063,ポケモン/たね,,,,120.0,雷,闘,,1.0,エレキフォール,雷雷,30,自分の場に【雷】エネルギーが4個以上あるなら、90ダメージ追加。
736,ラクライ,M1S,031/063,ポケモン/たね,,,,70.0,雷,闘,,1.0,でんげき,雷,30,このポケモンにも10ダメージ。
737,メガライボルトex,M1S,032/063,ポケモン/1進化,メガシンカex,,ラクライ,330.0,雷,闘,,,フラッシュレイ,雷雷,120,次の相手の番、このポケモンは【たね】ポケモンからワザのダメージを受けない。
737,メガライボルトex,M1S,032/063,ポケモン/1進化,メガシンカex,,ラクライ,330.0,雷,闘,,,ライオットブラスター,雷雷雷,200,のぞむなら、このポケモンについているエネルギーをすべてトラッシュし、130ダメージ追加。
738,パチリス,MC,247/742,ポケモン/たね,,,,70.0,雷,闘,,1.0,しびれるまえば,雷,10,次の相手の番、このワザを受けたポケモンに、相手が手札からエネルギーをつけるたび、そのポケモンにダメカンを8個のせる。
739,エリキテル,M1S,034/063,ポケモン/たね,,,,70.0,雷,闘,,1.0,ダブルひっかき,●,10×,コインを2回投げ、オモテの数×10ダメージ。
740,エレザード,M1S,035/063,ポケモン/1進化,,,エリキテル,120.0,雷,闘,,1.0,せんこうだん,●,20,相手のバトルポケモンを【こんらん】にする。
740,エレザード,M1S,035/063,ポケモン/1進化,,,エリキテル,120.0,雷,闘,,1.0,ヘッドボルト,雷●,70,
741,ケーシィ,M1S,036/063,ポケモン/たね,,,,50.0,超,悪,闘,1.0,テレポートアタック,超,10,このポケモンをベンチポケモンと入れ替える。
742,ユンゲラー,M1S,037/063,ポケモン/1進化,,,ケーシィ,80.0,超,悪,闘,1.0,[特性]サイコドロー,,,自分の番に、このカードを手札から出して進化させたとき、1回使える。自分の山札を2枚引く。
742,ユンゲラー,M1S,037/063,ポケモン/1進化,,,ケーシィ,80.0,超,悪,闘,1.0,ちょうねんりき,超,30,
743,フーディン,M1S,038/063,ポケモン/2進化,,,ユンゲラー,140.0,超,悪,闘,1.0,[特性]サイコドロー,,,自分の番に、このカードを手札から出して進化させたとき、1回使える。自分の山札を3枚引く。
743,フーディン,M1S,038/063,ポケモン/2進化,,,ユンゲラー,140.0,超,悪,闘,1.0,ハンドパワー,超,,自分の手札の枚数×2個ぶんのダメカンを、相手のバトルポケモンにのせる。
744,ルージュラ,M1S,039/063,ポケモン/たね,,,,110.0,超,悪,闘,1.0,サイコキネシス,超超,30,相手のバトルポケモンについているエネルギーの数×30ダメージ追加。
745,ラルトス,M2a,069/193,ポケモン/たね,,,,70.0,超,悪,闘,1.0,もってくる,●,,自分の山札を1枚引く。
745,ラルトス,M2a,069/193,ポケモン/たね,,,,70.0,超,悪,闘,1.0,ずつき,超,10,
746,キルリア,M2a,070/193,ポケモン/1進化,,,ラルトス,100.0,超,悪,闘,1.0,コールサイン,超,,自分の山札からポケモンを3枚まで選び、相手に見せて、手札に加える。そして山札を切る。
746,キルリア,M2a,070/193,ポケモン/1進化,,,ラルトス,100.0,超,悪,闘,1.0,サイコショット,超,30,
747,メガサーナイトex,M2a,071/193,ポケモン/2進化,メガシンカex,,キルリア,360.0,超,悪,闘,2.0,あふれるねがい,超,,自分のベンチポケモン全員に、山札から「基本【超】エネルギー」を1枚ずつつける。そして山札を切る。
747,メガサーナイトex,M2a,071/193,ポケモン/2進化,メガシンカex,,キルリア,360.0,超,悪,闘,2.0,メガシンフォニア,超,50×,自分のポケモン全員についている【超】エネルギーの数×50ダメージ。
748,ヌケニン,M1S,043/063,ポケモン/1進化,,,ツチニン,60.0,超,悪,闘,,[特性]もろいぬけがら,,,このポケモンが、相手の「ポケモン【ex】」からワザのダメージを受けて【きぜつ】しても、相手はサイドをとれない。
748,ヌケニン,M1S,043/063,ポケモン/1進化,,,ツチニン,60.0,超,悪,闘,,ダメージビート,超,20×,相手のバトルポケモンにのっているダメカンの数×20ダメージ。
749,バネブー,MC,305/742,ポケモン/たね,,,,70.0,超,悪,闘,1.0,トリプルスピン,超,10×,コインを3回投げ、オモテの数×10ダメージ。
750,ブーピッグ,MC,306/742,ポケモン/1進化,,,バネブー,120.0,超,悪,闘,2.0,[特性]エナジーステップ,,,自分の番に、このカードを手札から出して進化させたとき、1回使える。自分の山札を上から4枚見て、その中から基本エネルギーを好きなだけ選び、自分のポケモンに好きなようにつける。残りのカードは山札にもどして切る。
750,ブーピッグ,MC,306/742,ポケモン/1進化,,,バネブー,120.0,超,悪,闘,2.0,ねんどうだん,超●●,60,
751,ゼルネアス,M1S,046/063,ポケモン/たね,,,,120.0,超,鋼,,1.0,ジオゲート,超,,自分の山札から【超】タイプの【たね】ポケモンを3枚まで選び、ベンチに出す。そして山札を切る。
751,ゼルネアス,M1S,046/063,ポケモン/たね,,,,120.0,超,鋼,,1.0,ブライトホーン,超超●,120,次の自分の番、このポケモンは「ブライトホーン」が使えない。
752,ボチ,MC,349/742,ポケモン/たね,,,,80.0,超,悪,闘,3.0,ふむ,超,10,
752,ボチ,MC,349/742,ポケモン/たね,,,,80.0,超,悪,闘,3.0,とっしん,超●,40,このポケモンにも10ダメージ。
753,ハカドッグ,MC,350/742,ポケモン/1進化,,,ボチ,140.0,超,悪,闘,3.0,ホラーバイト,超,30,ウラが出るまでコインを投げ、オモテの数ぶん、相手の手札からオモテを見ないで選び、そのカードのオモテを見て、相手の山札にもどして切る。
753,ハカドッグ,MC,350/742,ポケモン/1進化,,,ボチ,140.0,超,悪,闘,3.0,ぶちかます,超超●,130,
754,メガラティアスex,M1S,049/063,ポケモン/たね,メガシンカex,,,280.0,竜,,,1.0,ひるがえす,●,40,のぞむなら、このポケモンをベンチポケモンと入れ替える。
754,メガラティアスex,M1S,049/063,ポケモン/たね,メガシンカex,,,280.0,竜,,,1.0,ミラージュインパルス,炎超●,300,このポケモンについているエネルギーを、すべてトラッシュする。
755,ラティオス,M1S,050/063,ポケモン/たね,,,,130.0,竜,,,1.0,[特性]ラスターアシスト,,,自分の番に、自分の「メガラティアス【ex】」がベンチからバトル場に出たとき、1回使える。自分のベンチポケモンについているエネルギーを好きなだけ選び、バトルポケモンにつけ替える。
755,ラティオス,M1S,050/063,ポケモン/たね,,,,130.0,竜,,,1.0,ドラゴンクロー,水超●,130,
756,メガガルーラex,M1S,051/063,ポケモン/たね,メガシンカex,,,300.0,無,闘,,3.0,[特性]おつかいダッシュ,,,このポケモンがバトル場にいるなら、自分の番に1回使える。自分の山札を2枚引く。この特性は別の「おつかいダッシュ」を使った番は使えない。
756,メガガルーラex,M1S,051/063,ポケモン/たね,メガシンカex,,,300.0,無,闘,,3.0,マシンガンコンボ,●●●,200,ウラが出るまでコインを投げ、オモテの数×50ダメージ追加。
757,デリバード,M1S,052/063,ポケモン/たね,,,,90.0,無,雷,闘,1.0,ファストギフト,●,,このワザは、先攻プレイヤーの最初の番でも使える。自分の山札から好きなカードを1枚選び、手札に加える。そして山札を切る。
757,デリバード,M1S,052/063,ポケモン/たね,,,,90.0,無,雷,闘,1.0,ひっぱたく,●●,30,
758,ミミロル,MC,593/742,ポケモン/たね,,,,70.0,無,闘,,1.0,あまえる,●,,次の相手の番、このワザを受けたポケモンが使うワザのダメージは「-20」される。
758,ミミロル,MC,593/742,ポケモン/たね,,,,70.0,無,闘,,1.0,スキップ,●,10,
759,ミミロップ,MC,594/742,ポケモン/1進化,,,ミミロル,110.0,無,闘,,1.0,とびだしキック,●,,相手のベンチポケモン1匹に、50ダメージ。［ベンチは弱点・抵抗力を計算しない。］
759,ミミロップ,MC,594/742,ポケモン/1進化,,,ミミロル,110.0,無,闘,,1.0,かいてんげり,●●,60,
760,ヌイコグマ,M1S,055/063,ポケモン/たね,,,,70.0,無,闘,,2.0,なぐる,●,10,
760,ヌイコグマ,M1S,055/063,ポケモン/たね,,,,70.0,無,闘,,2.0,はねまわる,●●,20,
761,キテルグマ,M1S,056/063,ポケモン/1進化,,,ヌイコグマ,130.0,無,闘,,3.0,げんこつ,●●,50,
761,キテルグマ,M1S,056/063,ポケモン/1進化,,,ヌイコグマ,130.0,無,闘,,3.0,ひっさつラリアット,●●●,100,コインを2回投げ、すべてオモテなら、100ダメージ追加。
762,ブルー,MC,303/742,ポケモン/たね,,,,70.0,超,鋼,,1.0,たいあたり,超●,20,
763,グランブル,MC,304/742,ポケモン/1進化,,,ブルー,130.0,超,鋼,,2.0,かみつく,超●,50,
763,グランブル,MC,304/742,ポケモン/1進化,,,ブルー,130.0,超,鋼,,2.0,とどめをさす,超超●,90,相手のバトルポケモンにダメカンがのっているなら、90ダメージ追加。
764,クレセリア,MBD,003/021,ポケモン/たね,,,,120.0,超,悪,闘,1.0,みなぎるひかり,超,,自分の山札から「基本【超】エネルギー」を2枚まで選び、このポケモンにつける。そして山札を切る。
764,クレセリア,MBD,003/021,ポケモン/たね,,,,120.0,超,悪,闘,1.0,オーロラビーム,超超●,90,
765,メロエッタ,MBD,022/021,ポケモン/たね,,,,90.0,超,悪,闘,1.0,いやしのメロディ,超,,自分のベンチの【超】ポケモン1匹のHPを「120」回復する。
765,メロエッタ,MBD,022/021,ポケモン/たね,,,,90.0,超,悪,闘,1.0,マジカルショット,超●,50,
766,メガディアンシーex,MBD,005/021,ポケモン/たね,メガシンカex,,,270.0,超,鋼,,1.0,[特性]ダイヤコート,,,このポケモンが受けるワザのダメージは「-30」される。
766,メガディアンシーex,MBD,005/021,ポケモン/たね,メガシンカex,,,270.0,超,鋼,,1.0,ガーランドレイ,超超,120×,このポケモンについているエネルギーを2枚までトラッシュし、その枚数×120ダメージ。
767,ミミッキュ,MBD,006/021,ポケモン/たね,,,,70.0,超,鋼,,1.0,なかまをよぶ,●,,自分の山札から【たね】ポケモンを1枚選び、ベンチに出す。そして山札を切る。
767,ミミッキュ,MBD,006/021,ポケモン/たね,,,,70.0,超,鋼,,1.0,ひっかく,超,20,
768,マホミル,MBD,007/021,ポケモン/たね,,,,50.0,超,鋼,,1.0,ドレインキッス,超,10,このポケモンのHPを「10」回復する。
769,マホイップ,MBD,008/021,ポケモン/1進化,,,マホミル,90.0,超,鋼,,1.0,スイーツサークル,超,20×,自分の場のポケモンの数×20ダメージ。
770,ゴース,MC,442/742,ポケモン/たね,,,,70.0,悪,闘,,1.0,ちょっとうらむ,悪,10,
771,ゴースト,MC,444/742,ポケモン/1進化,,,ゴース,100.0,悪,闘,,1.0,ホロウショット,悪,40,
772,メガゲンガーex,MBG,003/021,ポケモン/2進化,メガシンカex,,ゴースト,350.0,悪,闘,,2.0,[特性]かげかくし,,,このポケモンがいるかぎり、自分の【悪】ポケモンが、相手の「ポケモン【ex】」からワザのダメージを受けて【きぜつ】したとき、とられるサイドは1枚少なくなる。この特性の効果は重ならない。
772,メガゲンガーex,MBG,003/021,ポケモン/2進化,メガシンカex,,ゴースト,350.0,悪,闘,,2.0,ヴォイドゲイル,悪悪,230,このポケモンについているエネルギーを1個選び、ベンチポケモンにつけ替える。
773,ヤミカラス,MBG,004/021,ポケモン/たね,,,,60.0,悪,雷,闘,1.0,おそいかかる,悪,10,コインを1回投げオモテなら、20ダメージ追加。
774,ドンカラス,MBG,005/021,ポケモン/1進化,,,ヤミカラス,130.0,悪,雷,闘,1.0,やみのかぜ,悪,30,
774,ドンカラス,MBG,005/021,ポケモン/1進化,,,ヤミカラス,130.0,悪,雷,闘,1.0,スナイプフェザー,悪悪●,,このポケモンについているエネルギーを2個トラッシュし、相手のポケモン1匹に、120ダメージ。［ベンチは弱点・抵抗力を計算しない。］
775,ヤミラミ,MBG,006/021,ポケモン/たね,,,,80.0,悪,草,,1.0,いきりクロー,悪,20,自分のベンチに【悪】タイプの【2進化】ポケモンがいるなら、70ダメージ追加。
776,アブソル,MBG,007/021,ポケモン/たね,,,,110.0,悪,草,,1.0,ひきつける,●,,自分の山札を2枚引く。
776,アブソル,MBG,007/021,ポケモン/たね,,,,110.0,悪,草,,1.0,ダークカッター,悪●,60,
777,ムゲンダイナ,MBG,008/021,ポケモン/たね,,,,150.0,悪,闘,,2.0,たたきこわす,悪悪,50,場に出ているスタジアムをトラッシュする。
777,ムゲンダイナ,MBG,008/021,ポケモン/たね,,,,150.0,悪,闘,,2.0,パワーラッシュ,悪悪悪,130,コインを1回投げウラなら、次の自分の番、このポケモンはワザが使えない。
778,ナゾノクサ,M2,001/080,ポケモン/たね,,,,50.0,草,炎,,1.0,タネばくだん,草,20,
779,クサイハナ,M2,002/080,ポケモン/1進化,,,ナゾノクサ,70.0,草,炎,,1.0,よだれまき,草,20,おたがいのベンチポケモン全員にも、それぞれ20ダメージ。［ベンチは弱点・抵抗力を計算しない。］
780,ラフレシア,M2,003/080,ポケモン/2進化,,,クサイハナ,150.0,草,炎,,2.0,かふんばくだん,草,30,相手のバトルポケモンを【どく】と【ねむり】にする。
780,ラフレシア,M2,003/080,ポケモン/2進化,,,クサイハナ,150.0,草,炎,,2.0,はつらつフラワー,草,60,この番に、このポケモンのHPを回復していたなら、120ダメージ追加。
781,メガヘラクロスex,M2,004/080,ポケモン/たね,メガシンカex,,,280.0,草,炎,,2.0,パンツァーホーン,草草,100,前の相手の番に、このポケモンが受けたワザのダメージと同じダメージ追加。
781,メガヘラクロスex,M2,004/080,ポケモン/たね,メガシンカex,,,280.0,草,炎,,2.0,やまどつき,草草草,170,相手の山札を上から2枚トラッシュする。
782,ハスボー,M2,005/080,ポケモン/たね,,,,70.0,草,炎,,1.0,ずつき,草●,30,
783,ハスブレロ,M2,006/080,ポケモン/1進化,,,ハスボー,90.0,草,炎,,1.0,メガドレイン,草●,30,このポケモンのHPを「30」回復する。
784,ルンパッパ,M2,007/080,ポケモン/2進化,,,ハスブレロ,160.0,草,炎,,2.0,[特性]エキサイトヒール,,,自分の場に【草】タイプの「メガシンカ【ex】」がいるなら、自分の番に1回使える。自分のポケモン1匹のHPを「60」回復する。
784,ルンパッパ,M2,007/080,ポケモン/2進化,,,ハスブレロ,160.0,草,炎,,2.0,つきたおし,草●,120,
785,ゲノセクト,M2,008/080,ポケモン/たね,,,,120.0,草,炎,,2.0,バグズキャノン,草,,相手のポケモン1匹に、このポケモンについている【草】エネルギーの数×20ダメージ。［ベンチは弱点・抵抗力を計算しない。］
785,ゲノセクト,M2,008/080,ポケモン/たね,,,,120.0,草,炎,,2.0,スピードアタック,草草●,110,
786,マメバッタ,M2,009/080,ポケモン/たね,,,,50.0,草,炎,,1.0,はねまくる,草,10×,コインを3回投げ、オモテの数×10ダメージ。
787,エクスレッグ,M2,010/080,ポケモン/1進化,,,マメバッタ,120.0,草,炎,,1.0,けたぐり,草,30,
787,エクスレッグ,M2,010/080,ポケモン/1進化,,,マメバッタ,120.0,草,炎,,1.0,ジャンプシュート,●●●,150,このポケモンと、ついているすべてのカードを、山札にもどして切る。
788,ヒトカゲ,M2,011/080,ポケモン/たね,,,,80.0,炎,水,,2.0,[特性]みがる,,,このポケモンにエネルギーがついていないなら、このポケモンは【にげる】ためのエネルギーが、すべてなくなる。
788,ヒトカゲ,M2,011/080,ポケモン/たね,,,,80.0,炎,水,,2.0,ひだね,炎,20,
789,リザード,M2,012/080,ポケモン/1進化,,,ヒトカゲ,110.0,炎,水,,2.0,ひをはく,炎,40,
790,メガリザードンXex,M2,013/080,ポケモン/2進化,メガシンカex,,リザード,360.0,炎,水,,2.0,インフェルノX,炎炎,90×,自分の場のポケモンについている【炎】エネルギーを好きなだけトラッシュし、その枚数×90ダメージ。
791,ファイヤー,M2,014/080,ポケモン/たね,,,,120.0,炎,水,,1.0,とうしのつばさ,炎,20,相手のバトルポケモンが「ポケモン【ex】」なら、90ダメージ追加。
792,ダルマッカ,M2,015/080,ポケモン/たね,,,,80.0,炎,水,,2.0,ブレイズボール,●●●,10,このポケモンについている【炎】エネルギーの数×20ダメージ追加。
793,ヒヒダルマ,M2,016/080,ポケモン/1進化,,,ダルマッカ,150.0,炎,水,,3.0,ブレイズボール,●●●●,40,このポケモンについている【炎】エネルギーの数×40ダメージ追加。
794,レシラム,M2,017/080,ポケモン/たね,,,,130.0,炎,水,,2.0,かえん,炎,30,
794,レシラム,M2,017/080,ポケモン/たね,,,,130.0,炎,水,,2.0,バーニングフレア,炎炎炎炎,240,このポケモンにも60ダメージ。
795,オドリドリex,M2,018/080,ポケモン/たね,ex,,,190.0,炎,水,,1.0,[特性]エキサイトターボ,,,自分の場に【炎】タイプの「メガシンカ【ex】」がいるなら、自分の番に何回でも使える。自分の手札から「基本【炎】エネルギー」を1枚選び、ベンチの【炎】ポケモンにつける。
795,オドリドリex,M2,018/080,ポケモン/たね,ex,,,190.0,炎,水,,1.0,ほのおのつばさ,炎炎●,110,
796,カルボウ,M2,019/080,ポケモン/たね,,,,70.0,炎,水,,2.0,ちからをあつめる,炎,,自分の山札から基本エネルギーを2枚まで選び、相手に見せて、手札に加える。そして山札を切る。
796,カルボウ,M2,019/080,ポケモン/たね,,,,70.0,炎,水,,2.0,チョップ,炎,10,
797,ソウブレイズ,M2,020/080,ポケモン/1進化,,,カルボウ,140.0,炎,水,,2.0,れんごくざん,炎,220,自分の手札から「基本【炎】エネルギー」を4枚選び、トラッシュする。4枚トラッシュできないなら、このワザは失敗。
798,パウワウ,M2,021/080,ポケモン/たね,,,,80.0,水,雷,,2.0,バブルドレイン,水●,20,このポケモンのHPを「20」回復する。
799,ジュゴン,M2,022/080,ポケモン/1進化,,,パウワウ,130.0,水,雷,,2.0,[特性]あついしぼう,,,このポケモンが、相手の【炎】または【水】ポケモンから受けるワザのダメージは「-30」される。
799,ジュゴン,M2,022/080,ポケモン/1進化,,,パウワウ,130.0,水,雷,,2.0,たたきつける,水●,70×,コインを2回投げ、オモテの数×70ダメージ。
800,ウリムー,M2,023/080,ポケモン/たね,,,,70.0,水,鋼,,2.0,ふむ,●,10,
800,ウリムー,M2,023/080,ポケモン/たね,,,,70.0,水,鋼,,2.0,スノーアイス,水●,20,
801,イノムー,M2,024/080,ポケモン/1進化,,,ウリムー,100.0,水,鋼,,3.0,つきあげる,●●,30,コインを1回投げオモテなら、30ダメージ追加。
801,イノムー,M2,024/080,ポケモン/1進化,,,ウリムー,100.0,水,鋼,,3.0,フロストスマッシュ,水●●,70,
802,マンムー,M2,025/080,ポケモン/2進化,,,イノムー,180.0,水,鋼,,4.0,ぶちこわす,●●●,120,場にスタジアムが出ているなら、120ダメージ追加。その後、そのスタジアムをトラッシュする。
802,マンムー,M2,025/080,ポケモン/2進化,,,イノムー,180.0,水,鋼,,4.0,ブリザードエッジ,水●●●,200,このポケモンについているエネルギーを2個選び、トラッシュする。
803,スイクン,M2,026/080,ポケモン/たね,,,,130.0,水,雷,,2.0,クリスタルフォール,水水,30,自分の場に【水】エネルギーが4個以上あるなら、90ダメージ追加。
804,ポッチャマ,M2,027/080,ポケモン/たね,,,,70.0,水,雷,,1.0,フレンドコール,●,,自分の山札からサポートを1枚選び、相手に見せて、手札に加える。そして山札を切る。
804,ポッチャマ,M2,027/080,ポケモン/たね,,,,70.0,水,雷,,1.0,たいあたり,●●,20,
805,ポッタイシ,M2,028/080,ポケモン/1進化,,,ポッチャマ,100.0,水,雷,,2.0,つつく,●,20,
805,ポッタイシ,M2,028/080,ポケモン/1進化,,,ポッチャマ,100.0,水,雷,,2.0,ねらってダイブ,●●●,,相手のベンチポケモン1匹に、70ダメージ。［ベンチは弱点・抵抗力を計算しない。］
806,ロトムex,M2,029/080,ポケモン/たね,ex,,,190.0,雷,闘,,1.0,[特性]マルチアダプタ,,,このポケモンがいるかぎり、名前に「ロトム」とつく自分のポケモン全員は、それぞれ「ポケモンのどうぐ」を2枚までつけられる。（この特性がなくなったとき、多くついている「ポケモンのどうぐ」をトラッシュする。）
806,ロトムex,M2,029/080,ポケモン/たね,ex,,,190.0,雷,闘,,1.0,10まんボルト,雷●,130,このポケモンについているエネルギーを、すべてトラッシュする。
807,ワンパチ,M2,030/080,ポケモン/たね,,,,70.0,雷,闘,,1.0,じゃれつく,雷●,20,コインを1回投げオモテなら、20ダメージ追加。
808,パルスワン,M2,031/080,ポケモン/1進化,,,ワンパチ,130.0,雷,闘,,1.0,エレキラン,雷●,70,コインを1回投げオモテなら、70ダメージ追加。
809,パモ,M2,032/080,ポケモン/たね,,,,60.0,雷,闘,,1.0,なきごえ,雷,,次の相手の番、このワザを受けたポケモンが使うワザのダメージは「-30」される。
809,パモ,M2,032/080,ポケモン/たね,,,,60.0,雷,闘,,1.0,プチでんき,雷,10,
810,パモット,M2,033/080,ポケモン/1進化,,,パモ,90.0,雷,闘,,1.0,ビリリパンチ,雷雷,60,
811,パーモット,M2,034/080,ポケモン/2進化,,,パモット,140.0,雷,闘,,1.0,ボルテージフィスト,雷雷,130,のぞむなら、このポケモンにも60ダメージを与え、相手のバトルポケモンを【マヒ】にする。
812,ムウマ,M2,035/080,ポケモン/たね,,,,70.0,超,悪,闘,1.0,ちょっとうらむ,超,20,
813,ムウマージex,M2,036/080,ポケモン/1進化,ex,,ムウマ,260.0,超,悪,闘,1.0,[特性]うずまくことだま,,,このポケモンがバトル場にいるかぎり、相手の番に、相手のバトルポケモンがベンチにもどるたび、新しく出てきたポケモンを【こんらん】にする。
813,ムウマージex,M2,036/080,ポケモン/1進化,ex,,ムウマ,260.0,超,悪,闘,1.0,シックスマジック,超超,150,のぞむなら、自分の手札が6枚になるように、山札を引く。
814,モンメン,M2,037/080,ポケモン/たね,,,,60.0,超,鋼,,1.0,もってくる,●,,自分の山札を1枚引く。
815,エルフーン,M2,038/080,ポケモン/1進化,,,モンメン,90.0,超,鋼,,1.0,いやしのわたげ,●,,自分のベンチポケモン1匹のHPを、すべて回復する。
815,エルフーン,M2,038/080,ポケモン/1進化,,,モンメン,90.0,超,鋼,,1.0,とんぼがえり,超,50,このポケモンをベンチポケモンと入れ替える。
816,ザシアン,M2,039/080,ポケモン/たね,,,,130.0,超,鋼,,2.0,リミットブレイク,超●,50,相手のサイドの残り枚数が3枚以下なら、90ダメージ追加。
817,アノクサ,M2,040/080,ポケモン/たね,,,,50.0,超,悪,闘,1.0,そっとのせる,超,,相手のポケモン1匹に、ダメカンを1個のせる。
818,アノホラグサ,M2,041/080,ポケモン/1進化,,,アノクサ,100.0,超,悪,闘,2.0,[特性]パニックプリズン,,,自分の番に、このカードを手札から出して進化させたとき、1回使える。相手のバトルポケモンを【こんらん】にする。
818,アノホラグサ,M2,041/080,ポケモン/1進化,,,アノクサ,100.0,超,悪,闘,2.0,ねんどうだん,超●●,80,
819,パルデア ケンタロス,M2,042/080,ポケモン/たね,,,,130.0,闘,超,,2.0,いかりのとっしん,闘,40×,自分の場の、ダメカンがのっている名前に「ケンタロス」とつくポケモンの数×40ダメージ。
819,パルデア ケンタロス,M2,042/080,ポケモン/たね,,,,130.0,闘,超,,2.0,すてみタックル,闘闘,70,このポケモンにも20ダメージ。
820,グライガー,M2,043/080,ポケモン/たね,,,,70.0,闘,草,,1.0,どくづき,闘,10,相手のバトルポケモンを【どく】にする。
821,グライオン,M2,044/080,ポケモン/1進化,,,グライガー,120.0,闘,草,,1.0,ポイズンサークル,闘,50,相手のバトルポケモンを【どく】にする。次の相手の番、このワザを受けたポケモンは、にげられない。
822,ナックラー,M2,045/080,ポケモン/たね,,,,70.0,闘,草,,1.0,にどずつき,闘,10×,コインを2回投げ、オモテの数×10ダメージ。
823,ビブラーバ,M2,046/080,ポケモン/1進化,,,ナックラー,90.0,闘,草,,1.0,ちょうしんどう,闘闘,60,
824,フライゴン,M2,047/080,ポケモン/2進化,,,ビブラーバ,150.0,闘,草,,1.0,[特性]すなのはばたき,,,自分の番に、このカードを手札から出して進化させたときと、このポケモンがバトル場で相手のワザのダメージを受けて【きぜつ】したとき、それぞれ1回使える。相手の山札を上から2枚トラッシュする。
824,フライゴン,M2,047/080,ポケモン/2進化,,,ビブラーバ,150.0,闘,草,,1.0,カッターウインド,闘闘,130,
825,ニューラ,M2,048/080,ポケモン/たね,,,,70.0,悪,草,,1.0,ツメをたてる,悪,10,
825,ニューラ,M2,048/080,ポケモン/たね,,,,70.0,悪,草,,1.0,ひっかく,悪悪,30,
826,マニューラ,M2,049/080,ポケモン/1進化,,,ニューラ,90.0,悪,草,,1.0,むくいのツメ,悪悪,20,このポケモンの残りHPが「50」以下なら、170ダメージ追加。
826,マニューラ,M2,049/080,ポケモン/1進化,,,ニューラ,90.0,悪,草,,1.0,いあいぎり,悪悪,60,
827,キバニア,M2,050/080,ポケモン/たね,,,,70.0,悪,草,,1.0,とつげき,悪,30,このポケモンにも10ダメージ。
828,メガサメハダーex,M2,051/080,ポケモン/1進化,メガシンカex,,キバニア,330.0,悪,草,,,よくばるキバ,悪,70,自分の山札を2枚引く。
828,メガサメハダーex,M2,051/080,ポケモン/1進化,メガシンカex,,キバニア,330.0,悪,草,,,ハングリージョー,悪悪,120,このポケモンにダメカンがのっているなら、150ダメージ追加。
829,ハブネーク,M2,052/080,ポケモン/たね,,,,120.0,悪,闘,,1.0,[特性]エキサイトパワー,,,自分の場に【悪】タイプの「メガシンカ【ex】」がいるなら、このポケモンが使うワザの、相手のバトルポケモンへのダメージは「+120」される。
829,ハブネーク,M2,052/080,ポケモン/たね,,,,120.0,悪,闘,,1.0,しっこくのキバ,悪悪悪,120,
830,メグロコ,M2,053/080,ポケモン/たね,,,,70.0,悪,草,,2.0,ぶつかる,悪,10,
830,メグロコ,M2,053/080,ポケモン/たね,,,,70.0,悪,草,,2.0,うしろげり,悪●,20,
831,ワルビル,M2,054/080,ポケモン/1進化,,,メグロコ,100.0,悪,草,,2.0,かみつく,悪,30,
831,ワルビル,M2,054/080,ポケモン/1進化,,,メグロコ,100.0,悪,草,,2.0,がちんこ,悪●●,60,
832,ワルビアル,M2,055/080,ポケモン/2進化,,,ワルビル,170.0,悪,草,,3.0,リベンジファング,悪,60,前の相手の番に、ワザのダメージで、自分のポケモンが【きぜつ】していたなら、160ダメージ追加。
832,ワルビアル,M2,055/080,ポケモン/2進化,,,ワルビル,170.0,悪,草,,3.0,ぶちかます,悪●●●,160,
833,エレズン,M2,056/080,ポケモン/たね,,,,70.0,悪,闘,,1.0,なかまをよぶ,悪,,自分の山札から【たね】ポケモンを2枚まで選び、ベンチに出す。そして山札を切る。
833,エレズン,M2,056/080,ポケモン/たね,,,,70.0,悪,闘,,1.0,やんちゃげり,悪●,20,
834,ストリンダー,M2,057/080,ポケモン/1進化,,,エレズン,140.0,悪,闘,,2.0,[特性]バッドアッパー,,,自分の番に1回使える。自分の山札から「基本【悪】エネルギー」を1枚選び、ベンチの【悪】ポケモンにつける。そして山札を切る。その後、つけたポケモンにダメカンを2個のせる。
834,ストリンダー,M2,057/080,ポケモン/1進化,,,エレズン,140.0,悪,闘,,2.0,ひっぱたく,悪悪●,100,
835,エンペルトex,M2,058/080,ポケモン/2進化,ex,,ポッタイシ,320.0,鋼,炎,草,2.0,[特性]こうていのかまえ,,,このポケモンは、相手のポケモンが使うワザの効果を受けない。
835,エンペルトex,M2,058/080,ポケモン/2進化,ex,,ポッタイシ,320.0,鋼,炎,草,2.0,アイアンフェザー,鋼鋼●,210,次の相手の番、このポケモンが受けるワザのダメージは「-60」される。
836,ドーミラー,M2,059/080,ポケモン/たね,,,,80.0,鋼,炎,草,2.0,てっぺき,●,,コインを1回投げオモテなら、次の相手の番、このポケモンはワザのダメージを受けない。
836,ドーミラー,M2,059/080,ポケモン/たね,,,,80.0,鋼,炎,草,2.0,ころがる,●●●,30,
837,ドータクン,M2,060/080,ポケモン/1進化,,,ドーミラー,140.0,鋼,炎,草,3.0,トリプルドロー,●,,自分の山札を3枚引く。
837,ドータクン,M2,060/080,ポケモン/1進化,,,ドーミラー,140.0,鋼,炎,草,3.0,どうぐおとし,●●●,40×,おたがいのポケモン全員についている「ポケモンのどうぐ」の数×40ダメージ。
838,トゲデマル,M2,061/080,ポケモン/たね,,,,80.0,鋼,炎,草,1.0,ともだちをさがす,●,,自分の山札からポケモンを1枚選び、相手に見せて、手札に加える。そして山札を切る。
838,トゲデマル,M2,061/080,ポケモン/たね,,,,80.0,鋼,炎,草,1.0,かじる,鋼,30,
839,ジュラルドン,M2,062/080,ポケモン/たね,,,,130.0,鋼,炎,草,2.0,はかいこうせん,鋼鋼鋼,70,相手のバトルポケモンについているエネルギーを1個選び、トラッシュする。
840,ブリジュラス,M2,063/080,ポケモン/1進化,,,ジュラルドン,180.0,鋼,炎,草,2.0,コーティングアタック,鋼鋼鋼,120,次の相手の番、このポケモンは【たね】ポケモンからワザのダメージを受けない。
841,プリン,M2,064/080,ポケモン/たね,,,,70.0,無,闘,,1.0,たまころがり,●,20×,ウラが出るまでコインを投げ、オモテの数×20ダメージ。
842,プクリン,M2,065/080,ポケモン/1進化,,,プリン,120.0,無,闘,,2.0,りんしょう,●●,40×,自分の場の、ワザ「りんしょう」を持つポケモンの数×40ダメージ。
842,プクリン,M2,065/080,ポケモン/1進化,,,プリン,120.0,無,闘,,2.0,ちきゅうなげ,●●●,100,
843,エイパム,M2,066/080,ポケモン/たね,,,,70.0,無,闘,,1.0,おどろかす,●●,20,相手の手札からオモテを見ないで1枚選び、そのカードのオモテを見て、相手の山札にもどして切る。
844,エテボース,M2,067/080,ポケモン/1進化,,,エイパム,110.0,無,闘,,1.0,ビンタ,●●,50,
844,エテボース,M2,067/080,ポケモン/1進化,,,エイパム,110.0,無,闘,,1.0,デュアルテール,●●●,,このポケモンについているエネルギーを2個トラッシュし、相手のポケモン2匹に、それぞれ60ダメージ。［ベンチは弱点・抵抗力を計算しない。］
845,ドーブル,M2,068/080,ポケモン/たね,,,,80.0,無,闘,,1.0,エナジースケッチ,●,,コインを3回投げ、オモテの数ぶんまで、自分のトラッシュから基本エネルギーを選び、ベンチポケモンに好きなようにつける。
845,ドーブル,M2,068/080,ポケモン/たね,,,,80.0,無,闘,,1.0,ひっかける,●●,40,
846,ジグザグマ,M2,069/080,ポケモン/たね,,,,70.0,無,闘,,1.0,ふいをつく,●,30,コインを1回投げウラなら、このワザは失敗。
847,マッスグマ,M2,070/080,ポケモン/1進化,,,ジグザグマ,100.0,無,闘,,1.0,[特性]エキサイトダッシュ,,,このポケモンがベンチにいて、自分の場に「メガシンカ【ex】」がいるなら、自分の番に1回使える。このポケモンをバトルポケモンと入れ替える。
847,マッスグマ,M2,070/080,ポケモン/1進化,,,ジグザグマ,100.0,無,闘,,1.0,きりさく,●,70,
848,ミミロル,M2,071/080,ポケモン/たね,,,,70.0,無,闘,,1.0,はしゃぐ,●,,このポケモンをベンチポケモンと入れ替える。
848,ミミロル,M2,071/080,ポケモン/たね,,,,70.0,無,闘,,1.0,キック,●●,20,
849,メガミミロップex,M2,072/080,ポケモン/1進化,メガシンカex,,ミミロル,330.0,無,闘,,1.0,しっぷうづき,●,60,この番に、このポケモンがベンチからバトル場に出ていたなら、170ダメージ追加。
849,メガミミロップex,M2,072/080,ポケモン/1進化,メガシンカex,,ミミロル,330.0,無,闘,,1.0,スパイクホッパー,●●,160,このワザのダメージは、相手のバトルポケモンにかかっている効果を計算しない。
850,ケムッソ,M2a,004/193,ポケモン/たね,,,,60.0,草,炎,,1.0,むしくい,草,20,
851,カラサリス,M2a,005/193,ポケモン/1進化,,,ケムッソ,90.0,草,炎,,3.0,[特性]ふえるまゆ,,,自分の番に、このカードを手札から出して進化させたとき、1回使える。自分の山札から「カラサリス」または「マユルド」を1枚選び、ベンチに出す。そして山札を切る。
851,カラサリス,M2a,005/193,ポケモン/1進化,,,ケムッソ,90.0,草,炎,,3.0,たいあたり,草,30,
852,アゲハント,M2a,006/193,ポケモン/2進化,,,カラサリス,130.0,草,炎,,1.0,しびれごな,草,40,コインを1回投げオモテなら、相手のバトルポケモンを【マヒ】にする。
852,アゲハント,M2a,006/193,ポケモン/2進化,,,カラサリス,130.0,草,炎,,1.0,エナジーストロー,草,80×,相手の手札を見て、その中にあるエネルギーの枚数×80ダメージ。
853,マユルド,M2a,007/193,ポケモン/1進化,,,ケムッソ,90.0,草,炎,,3.0,いれかわる,草,,このポケモンをベンチポケモンと入れ替える。
854,ドクケイル,M2a,008/193,ポケモン/2進化,,,マユルド,140.0,草,炎,,1.0,[特性]さざめくかぜ,,,自分の番に1回使える。コインを1回投げオモテなら、相手のバトルポケモンについているエネルギーを1個選び、相手の手札にもどす。
854,ドクケイル,M2a,008/193,ポケモン/2進化,,,マユルド,140.0,草,炎,,1.0,ゆうやみどく,草草,100,相手のバトルポケモンを【どく】と【ねむり】にする。
855,エンテイ,M2a,020/193,ポケモン/たね,,,,140.0,炎,水,,3.0,フレアフォール,炎炎,30,自分の場に【炎】エネルギーが4個以上あるなら、90ダメージ追加。
856,ドンメル,M2a,022/193,ポケモン/たね,,,,80.0,炎,水,,3.0,[特性]しゃくねつボディ,,,このポケモンが、バトル場で相手のポケモンからワザのダメージを受けたとき、ワザを使ったポケモンを【やけど】にする。
856,ドンメル,M2a,022/193,ポケモン/たね,,,,80.0,炎,水,,3.0,かえん,炎●,20,
857,バクーダ,M2a,023/193,ポケモン/1進化,,,ドンメル,140.0,炎,水,,3.0,やけどあぶり,炎,110,相手のバトルポケモンが【やけど】でないなら、このワザは失敗。
857,バクーダ,M2a,023/193,ポケモン/1進化,,,ドンメル,140.0,炎,水,,3.0,パワースタンプ,炎●●●,170,このポケモンについているエネルギーを2個選び、トラッシュする。
858,コダック,M2a,032/193,ポケモン/たね,,,,70.0,水,雷,,1.0,[特性]しめりけ,,,このポケモンがいるかぎり、おたがいのポケモン全員は、そのポケモン自身を【きぜつ】させる効果の特性が、すべてなくなる。
858,コダック,M2a,032/193,ポケモン/たね,,,,70.0,水,雷,,1.0,ぶつかる,●●,20,
859,ゴルダック,M2a,033/193,ポケモン/1進化,,,コダック,120.0,水,雷,,1.0,[特性]しめりけ,,,このポケモンがいるかぎり、おたがいのポケモン全員は、そのポケモン自身を【きぜつ】させる効果の特性が、すべてなくなる。
859,ゴルダック,M2a,033/193,ポケモン/1進化,,,コダック,120.0,水,雷,,1.0,ハイドロポンプ,●●●,60,このポケモンについている【水】エネルギーの数×20ダメージ追加。
860,ユキワラシ,M2a,035/193,ポケモン/たね,,,,70.0,水,鋼,,1.0,ひんやり,水,10,
861,メガユキメノコex,M2a,036/193,ポケモン/1進化,メガシンカex,,ユキワラシ,310.0,水,鋼,,1.0,うらみぶし,水,50×,相手の手札の枚数×50ダメージ。
861,メガユキメノコex,M2a,036/193,ポケモン/1進化,メガシンカex,,ユキワラシ,310.0,水,鋼,,1.0,アブソリュートスノー,水●●,150,相手のバトルポケモンを【ねむり】にする。
862,Nのバニプッチ,M2a,037/193,ポケモン/たね,,トレーナーのポケモン（N）,,60.0,水,鋼,,1.0,なかまをよぶ,●,,自分の山札から【たね】ポケモンを2枚まで選び、ベンチに出す。そして山札を切る。
862,Nのバニプッチ,M2a,037/193,ポケモン/たね,,トレーナーのポケモン（N）,,60.0,水,鋼,,1.0,スノーアイス,水●,20,
863,Nのバニリッチ,M2a,038/193,ポケモン/1進化,,トレーナーのポケモン（N）,Nのバニプッチ,100.0,水,鋼,,1.0,はねまわる,●,20,
863,Nのバニリッチ,M2a,038/193,ポケモン/1進化,,トレーナーのポケモン（N）,Nのバニプッチ,100.0,水,鋼,,1.0,ぜったいれいど,水●●,60,次の相手の番、このワザを受けたポケモンは、ワザが使えない。
864,Nのバイバニラ,M2a,039/193,ポケモン/2進化,,トレーナーのポケモン（N）,Nのバニリッチ,150.0,水,鋼,,2.0,かさねゆき,●●,,相手のポケモン全員に、それぞれのっているダメカンの数が2倍になるように、ダメカンをのせる。
864,Nのバイバニラ,M2a,039/193,ポケモン/2進化,,トレーナーのポケモン（N）,Nのバニリッチ,150.0,水,鋼,,2.0,ふぶき,水●●,120,相手のベンチポケモン全員にも、それぞれ10ダメージ。［ベンチは弱点・抵抗力を計算しない。］
865,ユキハミ,M2a,040/193,ポケモン/たね,,,,50.0,水,鋼,,1.0,つらら,水,20,
866,モスノウ,M2a,041/193,ポケモン/1進化,,,ユキハミ,110.0,水,鋼,,2.0,[特性]いざなうはね,,,このポケモンがバトル場にいるなら、自分の番に1回使える。おたがいのプレイヤーは、それぞれ山札を1枚引く。
866,モスノウ,M2a,041/193,ポケモン/1進化,,,ユキハミ,110.0,水,鋼,,2.0,コールドサイクロン,水水,90,このポケモンについている【水】エネルギーを1個選び、ベンチポケモンにつけ替える。
867,ブリザポス,M2a,042/193,ポケモン/たね,,,,130.0,水,鋼,,2.0,アイスショット,水,20,相手のベンチポケモン1匹にも、20ダメージ。［ベンチは弱点・抵抗力を計算しない。］
867,ブリザポス,M2a,042/193,ポケモン/たね,,,,130.0,水,鋼,,2.0,フロストタイフーン,水水水,130,次の自分の番、このポケモンは「フロストタイフーン」が使えない。
868,メガシビルドンex,M2a,049/193,ポケモン/2進化,メガシンカex,,シビビール,350.0,雷,闘,,2.0,ばくれつだん,雷雷,,相手のポケモン2匹に、それぞれ60ダメージ。［ベンチは弱点・抵抗力を計算しない。］
868,メガシビルドンex,M2a,049/193,ポケモン/2進化,メガシンカex,,シビビール,350.0,雷,闘,,2.0,ディザスターショック,雷雷雷,190,のぞむなら、このポケモンについている【雷】エネルギーを2個トラッシュし、相手のバトルポケモンを【マヒ】にする。
869,マッギョ,M2a,050/193,ポケモン/たね,,,,110.0,雷,闘,,2.0,とびつくわな,雷,30,次の相手の番、このワザを受けたポケモンは、にげられない。次の自分の番、このワザを受けたポケモンが受けるワザのダメージは「+100」される。
870,エリキテル,M2a,052/193,ポケモン/たね,,,,70.0,雷,闘,,1.0,エレキック,雷●,30,
871,エレザード,M2a,053/193,ポケモン/1進化,,,エリキテル,120.0,雷,闘,,1.0,[特性]エリマキはつでん,,,この番に、手札から「カナリィ」を出して使っていたなら、自分の番に1回使える。自分の山札から「基本【雷】エネルギー」を2枚まで選び、このポケモンにつける。そして山札を切る。
871,エレザード,M2a,053/193,ポケモン/1進化,,,エリキテル,120.0,雷,闘,,1.0,パワフルボルト,雷●●,70×,このポケモンについているエネルギーの数ぶんコインを投げ、オモテの数×70ダメージ。
872,カプ・コケコ,M2a,054/193,ポケモン/たね,,,,120.0,雷,闘,,1.0,ファストフライト,雷,,このワザは、先攻プレイヤーの最初の番でも使える。自分の手札をすべてトラッシュし、山札を5枚引く。
872,カプ・コケコ,M2a,054/193,ポケモン/たね,,,,120.0,雷,闘,,1.0,サンダーブラスト,雷雷●,130,このポケモンについているエネルギーを2個選び、トラッシュする。
873,ロケット団のタマタマ,M2a,061/193,ポケモン/たね,,トレーナーのポケモン（ロケット団・したっぱ・女）,,60.0,超,悪,闘,1.0,ねんじる,超,10,コインを1回投げオモテなら、20ダメージ追加。
874,ロケット団のナッシー,M2a,062/193,ポケモン/1進化,,トレーナーのポケモン（ロケット団・したっぱ・女）,ロケット団のタマタマ,140.0,超,悪,闘,3.0,トライキネシス,●●,,コインを3回投げ、すべてオモテなら、相手のポケモンを1匹選び、【きぜつ】させる。
874,ロケット団のナッシー,M2a,062/193,ポケモン/1進化,,トレーナーのポケモン（ロケット団・したっぱ・女）,ロケット団のタマタマ,140.0,超,悪,闘,3.0,すてみタックル,超●●,150,このポケモンにも30ダメージ。
875,ムウマ,M2a,067/193,ポケモン/たね,,,,60.0,超,悪,闘,1.0,かくせい,超,,このポケモンから進化するカードを、自分の山札から1枚選び、このポケモンにのせて進化させる。そして山札を切る。
876,ムウマージ,M2a,068/193,ポケモン/1進化,,,ムウマ,110.0,超,悪,闘,1.0,アサシンマジック,超●,60,相手のバトルポケモンが特殊状態なら、相手のベンチポケモン1匹に、ダメカンを6個のせる。
877,ロトム,M2a,076/193,ポケモン/たね,,,,60.0,超,悪,闘,1.0,ロトコール,●,,自分の山札から、名前に「ロトム」とつくポケモンを好きなだけ選び、ベンチに出す。そして山札を切る。
877,ロトム,M2a,076/193,ポケモン/たね,,,,60.0,超,悪,闘,1.0,ガジェットショー,●●,30×,自分のポケモン全員についている「ポケモンのどうぐ」の数×30ダメージ。
878,ホップのボクレー,M2a,077/193,ポケモン/たね,,トレーナーのポケモン（ホップ）,,70.0,超,悪,闘,2.0,はねてかわす,●,10,コインを1回投げオモテなら、次の相手の番、このポケモンはワザのダメージや効果を受けない。
879,ホップのオーロット,M2a,078/193,ポケモン/1進化,,トレーナーのポケモン（ホップ）,ホップのボクレー,140.0,超,悪,闘,2.0,ホラーリベンジ,●,30,前の相手の番に、ワザのダメージで、自分の「ホップのポケモン」が【きぜつ】していたなら、100ダメージ追加。
879,ホップのオーロット,M2a,078/193,ポケモン/1進化,,トレーナーのポケモン（ホップ）,ホップのボクレー,140.0,超,悪,闘,2.0,おいつめる,超●●,90,次の相手の番、このワザを受けたポケモンは、にげられない。
880,レイスポス,M2a,080/193,ポケモン/たね,,,,120.0,超,悪,闘,1.0,ホロウショット,超,30,
880,レイスポス,M2a,080/193,ポケモン/たね,,,,120.0,超,悪,闘,1.0,ファントムビット,超超●,,このポケモンについているエネルギーをすべてトラッシュし、相手のポケモン1匹に、ダメカンを12個のせる。
881,ロケット団のディグダ,M2a,082/193,ポケモン/たね,,トレーナーのポケモン（ロケット団・サカキ）,,60.0,闘,草,,1.0,もぐりまくる,闘,,ウラが出るまでコインを投げ、オモテの数ぶん、相手の山札を上からトラッシュする。
882,ロケット団のダグトリオ,M2a,083/193,ポケモン/1進化,,トレーナーのポケモン（ロケット団・サカキ）,ロケット団のディグダ,100.0,闘,草,,1.0,[特性]あなぼこ,,,このポケモンがいるかぎり、相手の番に、相手のバトルポケモンがベンチにもどるたび、そのポケモンにダメカンを2個のせる。
882,ロケット団のダグトリオ,M2a,083/193,ポケモン/1進化,,トレーナーのポケモン（ロケット団・サカキ）,ロケット団のディグダ,100.0,闘,草,,1.0,マッドショット,闘●,50,
883,アサナン,M2a,084/193,ポケモン/たね,,,,70.0,闘,超,,1.0,もってくる,●,,自分の山札を1枚引く。
883,アサナン,M2a,084/193,ポケモン/たね,,,,70.0,闘,超,,1.0,ひっぱたく,闘,10,
884,チャーレム,M2a,085/193,ポケモン/1進化,,,アサナン,120.0,闘,超,,1.0,セブンスキック,闘,150,自分の手札が7枚でないなら、このワザは失敗。
885,ヤンチャム,M2a,093/193,ポケモン/たね,,,,70.0,闘,超,,2.0,とつげき,●,20,このポケモンにも10ダメージ。
886,メガルチャブルex,M2a,094/193,ポケモン/たね,メガシンカex,,,250.0,闘,超,,1.0,[特性]ふんばりボディ,,,このポケモンが、ワザのダメージを受けて【きぜつ】するとき、自分はコインを1回投げる。オモテなら、このポケモンは【きぜつ】せず、残りHPが「10」の状態で場に残る。
886,メガルチャブルex,M2a,094/193,ポケモン/たね,メガシンカex,,,250.0,闘,超,,1.0,サマーソルトダイブ,闘闘●,120,場にスタジアムが出ているなら、140ダメージ追加。その後、そのスタジアムをトラッシュする。
887,タンドン,M2a,095/193,ポケモン/たね,,,,80.0,闘,草,,3.0,どろかけ,闘,20,
888,トロッゴン,M2a,096/193,ポケモン/1進化,,,タンドン,110.0,闘,草,,3.0,ガードプレス,闘,20,次の相手の番、このポケモンが受けるワザのダメージは「-20」される。
888,トロッゴン,M2a,096/193,ポケモン/1進化,,,タンドン,110.0,闘,草,,3.0,パワージェム,闘●●,60,
889,セキタンザン,M2a,097/193,ポケモン/2進化,,,トロッゴン,180.0,闘,草,,4.0,タールキャノン,闘,,相手のポケモン1匹に、140ダメージ。自分のトラッシュに「基本【闘】エネルギー」が10枚以上ないなら、このワザは失敗。［ベンチは弱点・抵抗力を計算しない。］
889,セキタンザン,M2a,097/193,ポケモン/2進化,,,トロッゴン,180.0,闘,草,,4.0,きょたいでつっこむ,闘●●●,220,このポケモンについているエネルギーを3個選び、トラッシュする。
890,イイネイヌ,M2a,098/193,ポケモン/たね,,,,140.0,闘,超,,3.0,なぐる,闘,20,
890,イイネイヌ,M2a,098/193,ポケモン/たね,,,,140.0,闘,超,,3.0,おれいまいり,闘闘●,80,前の相手の番に、相手がとったサイドの枚数×60ダメージ追加。
891,ロケット団のドンカラス,M2a,103/193,ポケモン/1進化,,トレーナーのポケモン（ロケット団・アテナ）,ロケット団のヤミカラス,130.0,悪,雷,闘,1.0,ロケットフェザー,●●,60×,自分の手札から、名前に「ロケット団」とつくサポートを好きなだけトラッシュし、その枚数×60ダメージ。
891,ロケット団のドンカラス,M2a,103/193,ポケモン/1進化,,トレーナーのポケモン（ロケット団・アテナ）,ロケット団のヤミカラス,130.0,悪,雷,闘,1.0,ぶちかます,悪●●,100,
892,ガラル ジグザグマ,M2a,105/193,ポケモン/たね,,,,70.0,悪,草,,1.0,かじる,悪,10,
893,ガラル マッスグマ,M2a,106/193,ポケモン/1進化,,,ガラル ジグザグマ,90.0,悪,草,,2.0,かじる,悪,20,
893,ガラル マッスグマ,M2a,106/193,ポケモン/1進化,,,ガラル ジグザグマ,90.0,悪,草,,2.0,ツメできりさく,悪●,50,
894,ガラル タチフサグマ,M2a,107/193,ポケモン/2進化,,,ガラル マッスグマ,170.0,悪,草,,2.0,スカーシャウト,悪●,70×,相手のバトルポケモンにのっているダメカンの数×70ダメージ。
894,ガラル タチフサグマ,M2a,107/193,ポケモン/2進化,,,ガラル マッスグマ,170.0,悪,草,,2.0,パンクスマッシュ,悪●●,160,このポケモンについているエネルギーを1個選び、トラッシュする。
895,ズルッグ,M2a,109/193,ポケモン/たね,,,,80.0,悪,草,,2.0,はたきおとす,悪●,20,相手の手札からオモテを見ないで1枚選び、トラッシュする。
896,メガズルズキンex,M2a,110/193,ポケモン/1進化,メガシンカex,,ズルッグ,330.0,悪,草,,2.0,[特性]はんげきトサカ,,,このポケモンが、バトル場で相手のポケモンからワザのダメージを受けたとき、ワザを使ったポケモンにダメカンを5個のせる。
896,メガズルズキンex,M2a,110/193,ポケモン/1進化,メガシンカex,,ズルッグ,330.0,悪,草,,2.0,アウトローレッグ,悪悪●,160,相手の手札からオモテを見ないで1枚選び、トラッシュする。相手の山札を上から1枚トラッシュする。
897,ゴロンダ,M2a,113/193,ポケモン/1進化,,,ヤンチャム,140.0,悪,草,,3.0,どつく,悪,40,
897,ゴロンダ,M2a,113/193,ポケモン/1進化,,,ヤンチャム,140.0,悪,草,,3.0,おやぶんパンチ,悪悪●,80,自分のベンチの「ヤンチャム」にダメカンがのっているなら、120ダメージ追加。
898,モモワロウ,M2a,115/193,ポケモン/たね,,,,80.0,悪,闘,,1.0,[特性]さいごのくさり,,,このポケモンが、相手のポケモンからワザのダメージを受けて【きぜつ】したとき、自分の山札から好きなカードを1枚選び、手札に加える。そして山札を切る。
898,モモワロウ,M2a,115/193,ポケモン/たね,,,,80.0,悪,闘,,1.0,もちラッシュ,悪,20,次の自分の番、このポケモンの「もちラッシュ」のダメージは「+50」される。
899,コマタナ,M2a,116/193,ポケモン/たね,,,,70.0,鋼,炎,草,1.0,つきとばす,鋼,10,相手のバトルポケモンをベンチポケモンと入れ替える。［バトル場に出すポケモンは相手が選ぶ。］
900,キリキザン,M2a,117/193,ポケモン/1進化,,,コマタナ,120.0,鋼,炎,草,1.0,クイックドロー,鋼,50,自分の山札を2枚引く。
901,ドドゲザン,M2a,118/193,ポケモン/2進化,,,キリキザン,170.0,鋼,炎,草,3.0,[特性]そうだいしょう,,,このポケモンが使うワザの、相手のバトルポケモンへのダメージは、相手がすでにとったサイド1枚につき「+30」される。
901,ドドゲザン,M2a,118/193,ポケモン/2進化,,,キリキザン,170.0,鋼,炎,草,3.0,もろはぎり,鋼鋼,180,このポケモンにも50ダメージ。
902,ミニリュウ,M2a,124/193,ポケモン/たね,,,,80.0,竜,,,2.0,ずつき,水雷,30,
903,ハクリュー,M2a,125/193,ポケモン/1進化,,,ミニリュウ,100.0,竜,,,2.0,[特性]しんかのみちびき,,,このポケモンにエネルギーがついているなら、自分の番に1回使える。自分の山札から進化ポケモンを1枚選び、相手に見せて、手札に加える。そして山札を切る。
903,ハクリュー,M2a,125/193,ポケモン/1進化,,,ミニリュウ,100.0,竜,,,2.0,しっぽのムチ,水雷,60,
904,メガカイリューex,M2a,126/193,ポケモン/2進化,メガシンカex,,ハクリュー,370.0,竜,,,2.0,[特性]スカイキャリー,,,自分の番に1回使える。自分のバトルポケモンをベンチポケモンと入れ替える。
904,メガカイリューex,M2a,126/193,ポケモン/2進化,メガシンカex,,ハクリュー,370.0,竜,,,2.0,リューノグライド,水雷雷,330,このポケモンについているエネルギーを2個選び、トラッシュする。
905,レックウザ,M2a,127/193,ポケモン/たね,,,,120.0,竜,,,1.0,アサルトブレイク,雷●,20,この番に、このポケモンがベンチからバトル場に出ていたなら、90ダメージ追加。
905,レックウザ,M2a,127/193,ポケモン/たね,,,,120.0,竜,,,1.0,ドラゴンクロー,炎雷●,130,
906,Nのゼクロム,M2a,129/193,ポケモン/たね,,トレーナーのポケモン（N）,,130.0,竜,,,2.0,ひきさく,●●●,70,このワザのダメージは、相手のバトルポケモンにかかっている効果を計算しない。
906,Nのゼクロム,M2a,129/193,ポケモン/たね,,トレーナーのポケモン（N）,,130.0,竜,,,2.0,ランページサンダー,炎雷雷●,250,次の自分の番、このポケモンはワザが使えない。
907,オンバット,M2a,130/193,ポケモン/たね,,,,70.0,竜,,,1.0,ガラクタはこび,●,,自分の山札から「ポケモンのどうぐ」を1枚選び、相手に見せて、手札に加える。そして山札を切る。
907,オンバット,M2a,130/193,ポケモン/たね,,,,70.0,竜,,,1.0,かみつく,超悪,30,
908,オンバーン,M2a,131/193,ポケモン/1進化,,,オンバット,120.0,竜,,,,こうそくいどう,●●,40,コインを1回投げオモテなら、次の相手の番、このポケモンはワザのダメージや効果を受けない。
908,オンバーン,M2a,131/193,ポケモン/1進化,,,オンバット,120.0,竜,,,,きょうかスラッシュ,超悪,70,このポケモンに「ポケモンのどうぐ」がついているなら、70ダメージ追加。
909,エリカのナゾノクサ,MC,001/742,ポケモン/たね,,トレーナーのポケモン（エリカ）,,60.0,草,炎,,1.0,とつげき,草,30,このポケモンにも10ダメージ。
910,エリカのクサイハナ,MC,002/742,ポケモン/1進化,,トレーナーのポケモン（エリカ）,エリカのナゾノクサ,90.0,草,炎,,1.0,どくをとばす,草●,50,相手のバトルポケモンを【どく】にする。
911,エリカのラフレシアex,MC,003/742,ポケモン/2進化,ex,トレーナーのポケモン（エリカ）,エリカのクサイハナ,310.0,草,炎,,2.0,[特性]うるわしのかおり,,,自分の番に1回使える。自分のポケモン全員のHPを、それぞれ「30」回復する。
911,エリカのラフレシアex,MC,003/742,ポケモン/2進化,ex,トレーナーのポケモン（エリカ）,エリカのクサイハナ,310.0,草,炎,,2.0,パウダーブルーム,草草●,160,相手のバトルポケモンを【どく】と【ねむり】にする。
912,エリカのマダツボミ,MC,006/742,ポケモン/たね,,トレーナーのポケモン（エリカ）,,60.0,草,炎,,1.0,つるでうつ,草,20,
913,エリカのウツドン,MC,007/742,ポケモン/1進化,,トレーナーのポケモン（エリカ）,エリカのマダツボミ,90.0,草,炎,,2.0,とかす,草,30,
913,エリカのウツドン,MC,007/742,ポケモン/1進化,,トレーナーのポケモン（エリカ）,エリカのマダツボミ,90.0,草,炎,,2.0,はっぱサイクロン,草●,70,次の自分の番、このポケモンはワザが使えない。
914,エリカのウツボット,MC,008/742,ポケモン/2進化,,トレーナーのポケモン（エリカ）,エリカのウツドン,150.0,草,炎,,3.0,はなぞのロンド,草●,40×,自分の場の「エリカのポケモン」の数×40ダメージ。
914,エリカのウツボット,MC,008/742,ポケモン/2進化,,トレーナーのポケモン（エリカ）,エリカのウツドン,150.0,草,炎,,3.0,ソーラービーム,草草●,130,
915,エリカのモンジャラ,MC,014/742,ポケモン/たね,,トレーナーのポケモン（エリカ）,,80.0,草,炎,,2.0,[特性]ひゃっかりょうらん,,,自分の番に1回使える。自分の山札から「エリカのポケモン」を1枚選び、相手に見せて、手札に加える。そして山札を切る。
915,エリカのモンジャラ,MC,014/742,ポケモン/たね,,トレーナーのポケモン（エリカ）,,80.0,草,炎,,2.0,しめつける,草●,50,コインを1回投げオモテなら、相手のバトルポケモンを【マヒ】にする。
916,ストライク,MC,015/742,ポケモン/たね,,,,90.0,草,炎,,1.0,きる,●,10,
916,ストライク,MC,015/742,ポケモン/たね,,,,90.0,草,炎,,1.0,スラッシュダウン,●●,60,次の自分の番、このポケモンは「スラッシュダウン」が使えない。
917,チコリータ,MC,016/742,ポケモン/たね,,,,70.0,草,炎,,1.0,なきごえ,●,,次の相手の番、このワザを受けたポケモンが使うワザのダメージは「-20」される。
917,チコリータ,MC,016/742,ポケモン/たね,,,,70.0,草,炎,,1.0,タネばくだん,草草,30,
918,ベイリーフ,MC,017/742,ポケモン/1進化,,,チコリータ,100.0,草,炎,,2.0,リーフステップ,草草,60,
919,メガメガニウムex,MC,018/742,ポケモン/2進化,メガシンカex,,ベイリーフ,360.0,草,炎,,2.0,ジャイアントブーケ,●●●,70,このポケモンについている【草】エネルギーの数×50ダメージ追加。
920,カプ・ブルル,MC,061/742,ポケモン/たね,,,,140.0,草,炎,,3.0,ウッドハンマー,草草●●,220,このポケモンにも30ダメージ。
921,カミッチュ,MC,063/742,ポケモン/1進化,,,カジッチュ,90.0,草,炎,,3.0,コーティングアタック,草,20,次の相手の番、このポケモンは【たね】ポケモンからワザのダメージを受けない。
922,ニャオハ,MC,065/742,ポケモン/たね,,,,60.0,草,炎,,1.0,ふみまくる,●,10×,コインを3回投げ、オモテの数×10ダメージ。
923,ニャローテ,MC,066/742,ポケモン/1進化,,,ニャオハ,90.0,草,炎,,1.0,マジカルリーフ,●●,30,コインを1回投げオモテなら、30ダメージ追加し、このポケモンのHPを「30」回復する。
924,マスカーニャ,MC,067/742,ポケモン/2進化,,,ニャローテ,160.0,草,炎,,1.0,[特性]ショータイム,,,このポケモンがベンチにいるなら、自分の番に1回使える。このポケモンをバトルポケモンと入れ替える。
924,マスカーニャ,MC,067/742,ポケモン/2進化,,,ニャローテ,160.0,草,炎,,1.0,ライジングブルーム,●●,90,相手のバトルポケモンが「ポケモン【ex】」なら、90ダメージ追加。
925,カプサイジ,MC,076/742,ポケモン/たね,,,,70.0,草,炎,,1.0,とびだしヘッド,●●,20,
926,ヒトカゲ,MC,083/742,ポケモン/たね,,,,80.0,炎,水,,1.0,ほのおのツメ,炎●,30,
927,リザード,MC,084/742,ポケモン/1進化,,,ヒトカゲ,100.0,炎,水,,1.0,ヒートブラスト,炎●,50,
928,メガリザードンYex,MC,085/742,ポケモン/2進化,メガシンカex,,リザード,360.0,炎,水,,1.0,プロージョンY,炎炎●,,このポケモンについているエネルギーを3個トラッシュし、相手のポケモン1匹に、280ダメージ。［ベンチは弱点・抵抗力を計算しない。］
929,ブーバー,MC,091/742,ポケモン/たね,,,,80.0,炎,水,,2.0,やきこがす,炎●,30,コインを1回投げオモテなら、相手のバトルポケモンを【やけど】にする。
930,ポカブ,MC,109/742,ポケモン/たね,,,,80.0,炎,水,,2.0,ひをはく,炎,20,
931,チャオブー,MC,111/742,ポケモン/1進化,,,ポカブ,110.0,炎,水,,3.0,ほのおでこがす,炎炎●,70,相手のバトルポケモンを【やけど】にする。
932,メガエンブオーex,MC,113/742,ポケモン/2進化,メガシンカex,,チャオブー,380.0,炎,水,,4.0,クリムゾンボム,炎炎●,320,このポケモンにも60ダメージ。
933,メラルバ,MC,121/742,ポケモン/たね,,,,70.0,炎,水,,2.0,ぶつかる,●,10,
933,メラルバ,MC,121/742,ポケモン/たね,,,,70.0,炎,水,,2.0,ひをはく,炎●,20,
934,マルヤクデ,MC,141/742,ポケモン/1進化,,,ヤクデ,130.0,炎,水,,2.0,もえるねっぱ,炎,130,自分のベンチポケモン全員にも、それぞれ30ダメージ。［ベンチは弱点・抵抗力を計算しない。］
934,マルヤクデ,MC,141/742,ポケモン/1進化,,,ヤクデ,130.0,炎,水,,2.0,ヒートブラスト,●●●,80,
935,ホゲータ,MC,142/742,ポケモン/たね,,,,80.0,炎,水,,2.0,ねつでこがす,炎●,20,相手のバトルポケモンを【やけど】にする。
936,アチゲータ,MC,143/742,ポケモン/1進化,,,ホゲータ,110.0,炎,水,,3.0,ヒートブレス,炎●,30,コインを1回投げオモテなら、50ダメージ追加。
937,ワニノコ,MC,165/742,ポケモン/たね,,,,80.0,水,雷,,1.0,ちょっとつっこむ,水水,40,このポケモンにも10ダメージ。
938,アリゲイツ,MC,167/742,ポケモン/1進化,,,ワニノコ,100.0,水,雷,,2.0,かみくだく,水水,50,コインを1回投げオモテなら、相手のバトルポケモンについているエネルギーを1個選び、トラッシュする。
939,メガオーダイルex,MC,169/742,ポケモン/2進化,メガシンカex,,アリゲイツ,370.0,水,雷,,3.0,キラークランチ,水水●,200,相手のバトルポケモンにダメカンがのっているなら、200ダメージ追加。
940,オニゴーリ,MC,187/742,ポケモン/1進化,,,ユキワラシ,120.0,水,鋼,,2.0,ダメージビート,水,20×,相手のバトルポケモンにのっているダメカンの数×20ダメージ。
940,オニゴーリ,MC,187/742,ポケモン/1進化,,,ユキワラシ,120.0,水,鋼,,2.0,クレイジーヘッズ,水●●,140,このポケモンについているエネルギーを1個選び、トラッシュする。
941,タマザラシ,MC,188/742,ポケモン/たね,,,,70.0,水,鋼,,2.0,こなゆき,水,10,相手のバトルポケモンを【ねむり】にする。
942,トドグラー,MC,189/742,ポケモン/1進化,,,タマザラシ,100.0,水,鋼,,3.0,つきたおし,水,30,
942,トドグラー,MC,189/742,ポケモン/1進化,,,タマザラシ,100.0,水,鋼,,3.0,アイスボール,水水,60,
943,トドゼルガ,MC,190/742,ポケモン/2進化,,,トドグラー,170.0,水,鋼,,3.0,とうけつファング,水,60,次の相手の番、ついているエネルギーが2個以下のポケモン全員は、ワザが使えない。（新しく場に出したポケモンもふくむ。）
943,トドゼルガ,MC,190/742,ポケモン/2進化,,,トドグラー,170.0,水,鋼,,3.0,メガトンフォール,水水,170,このポケモンにも50ダメージ。
944,レジアイスex,MC,192/742,ポケモン/たね,ex,,,230.0,水,鋼,,3.0,レジチャージ,●,,自分のトラッシュから「基本【水】エネルギー」を2枚まで選び、このポケモンにつける。
944,レジアイスex,MC,192/742,ポケモン/たね,ex,,,230.0,水,鋼,,3.0,アイスプリズン,水●●●,140,このポケモンについているエネルギーを2個トラッシュし、相手のバトルポケモンを【マヒ】にする。
945,ケロマツ,MC,206/742,ポケモン/たね,,,,60.0,水,雷,,1.0,みずかけ,水●,20,
946,ウッウ,MC,210/742,ポケモン/たね,,,,110.0,水,雷,,1.0,みずでっぽう,水,20,
946,ウッウ,MC,210/742,ポケモン/たね,,,,110.0,水,雷,,1.0,スピットシュート,●●●,,このポケモンについているエネルギーをすべてトラッシュし、相手のポケモン1匹に、120ダメージ。［ベンチは弱点・抵抗力を計算しない。］
947,クワッス,MC,211/742,ポケモン/たね,,,,60.0,水,雷,,1.0,つばめがえし,水,10,コインを1回投げオモテなら、20ダメージ追加。
948,ピカチュウ,MC,225/742,ポケモン/たね,,,,70.0,雷,闘,,1.0,しっぽでたたく,雷,10,
948,ピカチュウ,MC,225/742,ポケモン/たね,,,,70.0,雷,闘,,1.0,プチボルト,雷●,30,
949,ライチュウ,MC,226/742,ポケモン/1進化,,,ピカチュウ,130.0,雷,闘,,1.0,クイックアタック,雷,20,コインを1回投げオモテなら、50ダメージ追加。
949,ライチュウ,MC,226/742,ポケモン/1進化,,,ピカチュウ,130.0,雷,闘,,1.0,ストロングボルト,雷雷●,150,このポケモンについている【雷】エネルギーを1個選び、トラッシュする。
950,コイル,MC,231/742,ポケモン/たね,,,,60.0,雷,闘,,1.0,ピッカリだま,雷,20,
951,ビリリダマex,MC,233/742,ポケモン/たね,ex,,,170.0,雷,闘,,1.0,ひゃくれつボール,●●●,100,ウラが出るまでコインを投げ、オモテの数×100ダメージ追加。
952,サンダー,MC,239/742,ポケモン/たね,,,,110.0,雷,雷,闘,1.0,ついげきボルト,雷●,20,相手のバトルポケモンにのっているダメカンの数×10ダメージ追加。
952,サンダー,MC,239/742,ポケモン/たね,,,,110.0,雷,雷,闘,1.0,ドリルくちばし,雷●●,80,
953,サンダー,MC,240/742,ポケモン/たね,,,,120.0,雷,雷,闘,2.0,でんじは,雷,,コインを1回投げオモテなら、相手のバトルポケモンを【マヒ】にする。
953,サンダー,MC,240/742,ポケモン/たね,,,,120.0,雷,雷,闘,2.0,10まんボルト,雷雷●,190,このポケモンについているエネルギーを、すべてトラッシュする。
954,レントラーex,MC,246/742,ポケモン/2進化,ex,,ルクシオ,310.0,雷,闘,,1.0,つきさすがんこう,●●,120,相手の手札を見て、その中からカードを1枚選び、トラッシュする。
954,レントラーex,MC,246/742,ポケモン/2進化,ex,,ルクシオ,310.0,雷,闘,,1.0,ボルトストライク,雷雷,250,このポケモンについているエネルギーを、すべてトラッシュする。
955,エリキテル,MC,260/742,ポケモン/たね,,,,60.0,雷,闘,,1.0,もってくる,●,,自分の山札を1枚引く。
955,エリキテル,MC,260/742,ポケモン/たね,,,,60.0,雷,闘,,1.0,バチバチ,雷,10,
956,ゼラオラ,MC,267/742,ポケモン/たね,,,,120.0,雷,闘,,1.0,コンバットサンダー,雷●,20,相手のベンチポケモンの数×20ダメージ追加。
957,ミライドンex,MC,284/742,ポケモン/たね,ex,テラスタル(でんき),,220.0,雷,闘,,1.0,テラスタル,,,このポケモンは、ベンチにいるかぎり、ワザのダメージを受けない。
957,ミライドンex,MC,284/742,ポケモン/たね,ex,テラスタル(でんき),,220.0,雷,闘,,1.0,スラッシュクロー,雷,40,
957,ミライドンex,MC,284/742,ポケモン/たね,ex,テラスタル(でんき),,220.0,雷,闘,,1.0,ハドロンスパーク,雷雷●,120,相手のバトルポケモンが「ポケモン【ex】」なら、120ダメージ追加。
958,ピクシー,MC,286/742,ポケモン/1進化,,,ピッピ,120.0,超,鋼,,2.0,ゆびをふる,●●,,相手のバトルポケモンが持っているワザを1つ選び、このワザとして使う。
958,ピクシー,MC,286/742,ポケモン/1進化,,,ピッピ,120.0,超,鋼,,2.0,マジカルショット,超●●,100,
959,トゲピー,MC,291/742,ポケモン/たね,,,,50.0,超,鋼,,1.0,はたく,●●,30,
960,トゲチック,MC,292/742,ポケモン/1進化,,,トゲピー,90.0,超,鋼,,1.0,ドレインキッス,●●,30,このポケモンのHPを「30」回復する。
961,マリル,MC,295/742,ポケモン/たね,,,,70.0,超,鋼,,1.0,かくれる,●,,コインを1回投げオモテなら、次の相手の番、このポケモンはワザのダメージや効果を受けない。
961,マリル,MC,295/742,ポケモン/たね,,,,70.0,超,鋼,,1.0,はねまわる,超●,20,
962,マリルリex,MC,297/742,ポケモン/1進化,ex,,マリル,270.0,超,鋼,,2.0,[特性]シャボンあつめ,,,自分の番に何回でも使える。自分の場のポケモンについているエネルギーを1個選び、このポケモンにつけ替える。
962,マリルリex,MC,297/742,ポケモン/1進化,ex,,マリル,270.0,超,鋼,,2.0,エナジーバルーン,●●●,60,このポケモンについている【超】エネルギーの数×40ダメージ追加。
963,カゲボウズ,MC,307/742,ポケモン/たね,,,,60.0,超,悪,闘,1.0,ホロウショット,超,20,
964,オーベム,MC,327/742,ポケモン/1進化,,,リグレー,100.0,超,悪,闘,1.0,コスモビート,超,20×,自分の場のポケモンの数×20ダメージ。
965,ペロッパフ,MC,333/742,ポケモン/たね,,,,60.0,超,鋼,,1.0,ぶつかる,超,20,
966,ペロリーム,MC,334/742,ポケモン/1進化,,,ペロッパフ,120.0,超,鋼,,2.0,たいあたり,超,40,
966,ペロリーム,MC,334/742,ポケモン/1進化,,,ペロッパフ,120.0,超,鋼,,2.0,マジカルショット,超●,70,
967,パピモッチ,MC,347/742,ポケモン/たね,,,,60.0,超,鋼,,2.0,いいにおい,●,,自分の山札から【たね】ポケモンを1枚選び、ベンチに出す。そして山札を切る。
967,パピモッチ,MC,347/742,ポケモン/たね,,,,60.0,超,鋼,,2.0,ふむ,●,10,
968,バウッツェルex,MC,348/742,ポケモン/1進化,ex,,パピモッチ,250.0,超,鋼,,2.0,[特性]まんぷくタイム,,,自分の番に、このカードを手札から出して進化させたとき、1回使える。自分の進化ポケモン全員のHPを、すべて回復する。その後、回復したポケモンについているエネルギーを、すべてトラッシュする。
968,バウッツェルex,MC,348/742,ポケモン/1進化,ex,,パピモッチ,250.0,超,鋼,,2.0,ワンダーシャイン,●●,130,相手のバトルポケモンを【こんらん】にする。
969,サケブシッポex,MC,353/742,ポケモン/たね,ex,古代,,190.0,超,悪,闘,1.0,ぜっきょう,●,,このワザは、後攻プレイヤーの最初の番にだけ使える。次の相手の番、相手は手札からサポートを出して使えない。
969,サケブシッポex,MC,353/742,ポケモン/たね,ex,古代,,190.0,超,悪,闘,1.0,かみくだく,超●●,120,相手のバトルポケモンについているエネルギーを1個選び、トラッシュする。
970,キチキギス,MC,359/742,ポケモン/たね,,,,120.0,超,鋼,,1.0,[特性]アドレナフェロモン,,,このポケモンに【悪】エネルギーがついているなら、このポケモンがワザのダメージを受けるとき、自分はコインを1回投げる。オモテなら、このポケモンはそのダメージを受けない。
970,キチキギス,MC,359/742,ポケモン/たね,,,,120.0,超,鋼,,1.0,エナジーフェザー,超,30×,このポケモンについているエネルギーの数×30ダメージ。
971,テツノイワオ,MC,360/742,ポケモン/たね,,未来,,140.0,超,悪,闘,3.0,アジャストホーン,超●,170,自分の手札と相手の手札が同じ枚数でないなら、このワザは失敗。
972,カポエラー,MC,367/742,ポケモン/たね,,,,100.0,闘,超,,1.0,スピンドロー,●,,自分の手札をすべて山札にもどして切る。その後、山札を6枚引く。
972,カポエラー,MC,367/742,ポケモン/たね,,,,100.0,闘,超,,1.0,けたぐり,闘●,50,
973,グラードン,MC,375/742,ポケモン/たね,,,,140.0,闘,草,,3.0,ぶちかます,闘闘●,80,
973,グラードン,MC,375/742,ポケモン/たね,,,,140.0,闘,草,,3.0,メガトンフォール,闘闘●●,150,このポケモンにも30ダメージ。
974,リオル,MC,379/742,ポケモン/たね,,,,70.0,闘,超,,1.0,パンチ,闘●,30,
975,マッギョex,MC,394/742,ポケモン/たね,ex,,,210.0,闘,草,,2.0,かじりつく,闘,30,次の相手の番、このワザを受けたポケモンは、にげられない。
975,マッギョex,MC,394/742,ポケモン/たね,ex,,,210.0,闘,草,,2.0,びちびちトラップ,闘●●,100,このポケモンにダメカンがのっているなら、100ダメージ追加。
976,メレシー,MC,400/742,ポケモン/たね,,,,90.0,闘,草,,1.0,[特性]ダブルタイプ,,,このポケモンは、場にいるかぎり【闘】と【超】の2つのタイプになる。
976,メレシー,MC,400/742,ポケモン/たね,,,,90.0,闘,草,,1.0,カウンタージュエル,闘闘●,70,相手のサイドの残り枚数が2枚以下なら、100ダメージ追加。
977,マケンカニ,MC,401/742,ポケモン/たね,,,,90.0,闘,超,,3.0,はさむ,●●,20,
977,マケンカニ,MC,401/742,ポケモン/たね,,,,90.0,闘,超,,3.0,クラブハンマー,●●●,50,
978,ナゲツケサル,MC,407/742,ポケモン/たね,,,,110.0,闘,超,,1.0,れんけいスロー,闘●,20×,自分の場の【たね】ポケモンの数×20ダメージ。
979,コライドンex,MC,425/742,ポケモン/たね,ex,テラスタル(かくとう),,230.0,闘,超,,2.0,テラスタル,,,このポケモンは、ベンチにいるかぎり、ワザのダメージを受けない。
979,コライドンex,MC,425/742,ポケモン/たね,ex,テラスタル(かくとう),,230.0,闘,超,,2.0,ひひいろのキバ,闘●,50,前の相手の番に、ワザのダメージで、自分のポケモンが【きぜつ】していたなら、120ダメージ追加。
979,コライドンex,MC,425/742,ポケモン/たね,ex,テラスタル(かくとう),,230.0,闘,超,,2.0,インパクトブロー,闘闘●,200,次の自分の番、このポケモンは「インパクトブロー」が使えない。
980,フシデ,MC,460/742,ポケモン/たね,,,,80.0,悪,闘,,3.0,どくえき,悪,,相手のバトルポケモンを【どく】にする。
980,フシデ,MC,460/742,ポケモン/たね,,,,80.0,悪,闘,,3.0,かいてんアタック,悪●●,40,
981,ホイーガ,MC,461/742,ポケモン/1進化,,,フシデ,100.0,悪,闘,,3.0,ポイズンサークル,悪,,相手のバトルポケモンを【どく】にする。次の相手の番、このワザを受けたポケモンは、にげられない。
981,ホイーガ,MC,461/742,ポケモン/1進化,,,フシデ,100.0,悪,闘,,3.0,かいてんアタック,悪●●,60,
982,ペンドラー,MC,462/742,ポケモン/2進化,,,ホイーガ,170.0,悪,闘,,3.0,ひどうなひとさし,悪●,,相手のバトルポケモンの残りHPが「10」になるように、ダメカンをのせる。
982,ペンドラー,MC,462/742,ポケモン/2進化,,,ホイーガ,170.0,悪,闘,,3.0,ヘドロばくだん,悪●●,160,
983,バルチャイ,MC,474/742,ポケモン/たね,,,,70.0,悪,雷,闘,1.0,はばたく,●●,20,
984,バルジーナex,MC,475/742,ポケモン/1進化,ex,,バルチャイ,260.0,悪,雷,闘,1.0,ほねシュート,●●,,相手のポケモン1匹に、50ダメージ。［ベンチは弱点・抵抗力を計算しない。］
984,バルジーナex,MC,475/742,ポケモン/1進化,ex,,バルチャイ,260.0,悪,雷,闘,1.0,バルチャークロー,悪●●,160,相手の手札からオモテを見ないで1枚選び、トラッシュする。
985,フーパ,MC,482/742,ポケモン/たね,,,,120.0,悪,草,,2.0,くすねる,●,,自分の山札を2枚引く。
985,フーパ,MC,482/742,ポケモン/たね,,,,120.0,悪,草,,2.0,ナックルインパクト,悪悪●,130,次の自分の番、このポケモンはワザが使えない。
986,アラブルタケ,MC,487/742,ポケモン/たね,,古代,,120.0,悪,草,,3.0,どくをとばす,悪,,相手のバトルポケモンを【どく】にする。
986,アラブルタケ,MC,487/742,ポケモン/たね,,古代,,120.0,悪,草,,3.0,まくしなぐる,悪悪悪,50,相手のバトルポケモンにのっているダメカンの数×50ダメージ追加。
987,クチート,MC,495/742,ポケモン/たね,,,,90.0,鋼,炎,草,1.0,なかまをよぶ,●,,自分の山札から【たね】ポケモンを2枚まで選び、ベンチに出す。そして山札を切る。
987,クチート,MC,495/742,ポケモン/たね,,,,90.0,鋼,炎,草,1.0,かみつく,鋼●●,90,
988,レジスチルex,MC,499/742,ポケモン/たね,ex,,,230.0,鋼,炎,草,3.0,レジチャージ,●,,自分のトラッシュから「基本【鋼】エネルギー」を2枚まで選び、このポケモンにつける。
988,レジスチルex,MC,499/742,ポケモン/たね,ex,,,230.0,鋼,炎,草,3.0,プロテクトスチール,鋼●●●,140,次の相手の番、このポケモンが受けるワザのダメージは「-50」される。
989,ドーミラー,MC,500/742,ポケモン/たね,,,,60.0,鋼,炎,草,1.0,シールドアタック,鋼●,20,コインを1回投げオモテなら、20ダメージ追加。
990,トゲデマルex,MC,514/742,ポケモン/たね,ex,,,190.0,鋼,炎,草,1.0,しびればり,鋼,20,コインを1回投げオモテなら、相手のバトルポケモンを【マヒ】にする。
990,トゲデマルex,MC,514/742,ポケモン/たね,ex,,,190.0,鋼,炎,草,1.0,トゲトゲローリング,鋼●,80,前の自分の番に、このポケモンが「トゲトゲローリング」を使っていたなら、80ダメージ追加。
991,メルメタル,MC,518/742,ポケモン/1進化,,,メルタン,160.0,鋼,炎,草,4.0,ぶちかます,鋼鋼●,120,
991,メルメタル,MC,518/742,ポケモン/1進化,,,メルタン,160.0,鋼,炎,草,4.0,アイアンバッシュ,鋼鋼鋼鋼●,230,
992,ジュラルドン,MC,523/742,ポケモン/たね,,,,130.0,鋼,炎,草,2.0,がちんこ,鋼鋼,50,
992,ジュラルドン,MC,523/742,ポケモン/たね,,,,130.0,鋼,炎,草,2.0,ジュラルビーム,鋼鋼鋼,130,このポケモンについているエネルギーを2個選び、トラッシュする。
993,ミミズズex,MC,533/742,ポケモン/たね,ex,,,220.0,鋼,炎,草,4.0,[特性]ボコスカがえし,,,このポケモンが、相手のポケモンからワザのダメージを受けたとき、このポケモンについている【鋼】エネルギーの数×2個ぶんのダメカンを、ワザを使ったポケモンにのせる。
993,ミミズズex,MC,533/742,ポケモン/たね,ex,,,220.0,鋼,炎,草,4.0,がんせきふうじ,●●●●,150,次の相手の番、このワザを受けたポケモンは、にげられない。
994,オノンド,MC,542/742,ポケモン/1進化,,,キバゴ,100.0,竜,,,2.0,[特性]きんちょうかん,,,このポケモンは、相手が手札からグッズまたはサポートを出して使ったとき、その効果を受けない。
994,オノンド,MC,542/742,ポケモン/1進化,,,キバゴ,100.0,竜,,,2.0,りゅうのはどう,闘鋼,80,自分の山札を上から1枚トラッシュする。
995,オノノクス,MC,543/742,ポケモン/2進化,,,オノンド,170.0,竜,,,2.0,アックスダウン,闘,,相手のバトルポケモンに特殊エネルギーがついているなら、そのポケモンを【きぜつ】させる。
995,オノノクス,MC,543/742,ポケモン/2進化,,,オノンド,170.0,竜,,,2.0,りゅうのはどう,闘鋼,230,自分の山札を上から3枚トラッシュする。
996,アオキのノコッチ,MC,576/742,ポケモン/たね,,トレーナーのポケモン（アオキ）,,70.0,無,闘,,,つきあげる,●,10,コインを1回投げオモテなら、20ダメージ追加。
997,アオキのノココッチex,MC,577/742,ポケモン/1進化,ex,トレーナーのポケモン（アオキ）,アオキのノコッチ,270.0,無,闘,,3.0,おしごとラッシュ,●●●,80×,このポケモンについているエネルギーの数ぶんコインを投げ、オモテの数×80ダメージ。
998,ナマケロ,MC,581/742,ポケモン/たね,,,,60.0,無,闘,,2.0,のんびりする,●,,このポケモンのHPを「60」回復する。次の自分の番、このポケモンはにげられない。
999,ヤルキモノ,MC,582/742,ポケモン/1進化,,,ナマケロ,90.0,無,闘,,2.0,スラッシュクロー,●●,50,
1000,エネコ,MC,585/742,ポケモン/たね,,,,60.0,無,闘,,1.0,ねこキック,●,20,
1001,エネコロロ,MC,586/742,ポケモン/1進化,,,エネコ,100.0,無,闘,,1.0,ねこキック,●,40,
1001,エネコロロ,MC,586/742,ポケモン/1進化,,,エネコ,100.0,無,闘,,1.0,エナジークラッシュ,●●,40×,相手のポケモン全員についているエネルギーの数×40ダメージ。
1002,ザングースex,MC,588/742,ポケモン/たね,ex,,,200.0,無,闘,,1.0,スパイクドロー,●,20,自分の山札を2枚引く。
1002,ザングースex,MC,588/742,ポケモン/たね,ex,,,200.0,無,闘,,1.0,ワイルドシザー,●●●,180,このポケモンにも30ダメージ。
1003,アオキのムックル,MC,590/742,ポケモン/たね,,トレーナーのポケモン（アオキ）,,60.0,無,雷,闘,1.0,ちいさなおつかい,●,,自分の山札から基本エネルギーを2枚まで選び、相手に見せて、手札に加える。そして山札を切る。
1003,アオキのムックル,MC,590/742,ポケモン/たね,,トレーナーのポケモン（アオキ）,,60.0,無,雷,闘,1.0,かっくう,●,10,
1004,アオキのムクバード,MC,591/742,ポケモン/1進化,,トレーナーのポケモン（アオキ）,アオキのムックル,90.0,無,雷,闘,1.0,はばたく,●,20,
1004,アオキのムクバード,MC,591/742,ポケモン/1進化,,トレーナーのポケモン（アオキ）,アオキのムックル,90.0,無,雷,闘,1.0,するどいはね,●●,50,
1005,アオキのムクホーク,MC,592/742,ポケモン/2進化,,トレーナーのポケモン（アオキ）,アオキのムクバード,150.0,無,雷,闘,1.0,からげんき,●,60,このポケモンが【どく】または【やけど】なら、100ダメージ追加。
1005,アオキのムクホーク,MC,592/742,ポケモン/2進化,,トレーナーのポケモン（アオキ）,アオキのムクバード,150.0,無,雷,闘,1.0,フェザーストライク,●●●,150,このポケモンについているエネルギーを2個トラッシュし、相手のベンチポケモン1匹にも、50ダメージ。［ベンチは弱点・抵抗力を計算しない。］
1006,メガタブンネex,MC,602/742,ポケモン/たね,メガシンカex,,,270.0,無,闘,,1.0,カレイドワルツ,●,,コインを3回投げ、オモテの数×2枚ぶんまで、自分の山札から基本エネルギーを選び、自分のポケモンに好きなようにつける。そして山札を切る。
1006,メガタブンネex,MC,602/742,ポケモン/たね,メガシンカex,,,270.0,無,闘,,1.0,イヤーフォース,●●●,20,相手のバトルポケモンについているエネルギーの数×80ダメージ追加。
1007,アオキのワシボン,MC,608/742,ポケモン/たね,,トレーナーのポケモン（アオキ）,,70.0,無,雷,闘,1.0,きずをつつく,●●,20,相手のバトルポケモンにダメカンがのっているなら、80ダメージ追加。
1008,アオキのウォーグル,MC,609/742,ポケモン/1進化,,トレーナーのポケモン（アオキ）,アオキのワシボン,130.0,無,雷,闘,1.0,わしづかみ,●●,50,次の相手の番、このワザを受けたポケモンは、にげられない。
1008,アオキのウォーグル,MC,609/742,ポケモン/1進化,,トレーナーのポケモン（アオキ）,アオキのワシボン,130.0,無,雷,闘,1.0,ブレイブバード,●●●,120,このポケモンにも30ダメージ。
1009,アオキのネッコアラ,MC,619/742,ポケモン/たね,,トレーナーのポケモン（アオキ）,,90.0,無,闘,,2.0,[特性]むきりょくチャージ,,,このポケモンがベンチにいるなら、自分の番に1回使える。自分の手札からエネルギーを1枚選び、バトル場の「アオキのポケモン」につける。
1009,アオキのネッコアラ,MC,619/742,ポケモン/たね,,トレーナーのポケモン（アオキ）,,90.0,無,闘,,2.0,いねむりドロー,●,,このポケモンを【ねむり】にする。自分の山札を2枚引く。
1010,ジジーロン,MC,621/742,ポケモン/たね,,,,130.0,無,闘,,2.0,ひっぱたく,●●,50,
1010,ジジーロン,MC,621/742,ポケモン/たね,,,,130.0,無,闘,,2.0,ドラゴンストライク,●●●,120,次の自分の番、このポケモンは「ドラゴンストライク」が使えない。
1011,イトマル,M3,001/080,ポケモン/たね,,,,60.0,草,炎,,1.0,ねばるいと,草,10,次の相手の番、このワザを受けたポケモンは、にげられない。
1012,アリアドス,M3,002/080,ポケモン/1進化,,,イトマル,110.0,草,炎,,1.0,ポイズンサークル,草,50,相手のバトルポケモンを【どく】にする。次の相手の番、このワザを受けたポケモンは、にげられない。
1013,シェイミ,M3,003/080,ポケモン/たね,,,,70.0,草,炎,,,はなをとどける,草,,自分の山札からエネルギーを1枚選び、ベンチの【草】ポケモンにつける。そして山札を切る。
1013,シェイミ,M3,003/080,ポケモン/たね,,,,70.0,草,炎,,,リーフステップ,草,30,
1014,ツタージャ,M3,004/080,ポケモン/たね,,,,70.0,草,炎,,1.0,とつげき,草,30,このポケモンにも10ダメージ。
1015,ジャノビー,M3,005/080,ポケモン/1進化,,,ツタージャ,100.0,草,炎,,1.0,ソーラーカッター,草,40,
1016,ジャローダ,M3,006/080,ポケモン/2進化,,,ジャノビー,160.0,草,炎,,2.0,ロイヤルコマンド,草,20×,自分の場のポケモンの数×20ダメージ。
1016,ジャローダ,M3,006/080,ポケモン/2進化,,,ジャノビー,160.0,草,炎,,2.0,ソーラーワインダー,草草草,100,自分のトラッシュに「メイのはげまし」があるなら、150ダメージ追加。
1017,コフキムシ,M3,007/080,ポケモン/たね,,,,40.0,草,炎,,1.0,かじる,草,20,
1018,コフーライ,M3,008/080,ポケモン/1進化,,,コフキムシ,80.0,草,炎,,3.0,かくれる,草,,コインを1回投げオモテなら、次の相手の番、このポケモンはワザのダメージや効果を受けない。
1019,ビビヨン,M3,009/080,ポケモン/2進化,,,コフーライ,120.0,草,炎,,1.0,[特性]おおきなはね,,,自分の番に1回使える。相手は相手自身の手札をすべてウラにして切り、山札の下にもどす。その後、相手は山札を4枚引く。
1019,ビビヨン,M3,009/080,ポケモン/2進化,,,コフーライ,120.0,草,炎,,1.0,ふきぬける,草,60,場にスタジアムが出ているなら、60ダメージ追加。
1020,モクロー,M3,010/080,ポケモン/たね,,,,80.0,草,炎,,2.0,ともだちをさがす,草,,自分の山札からポケモンを1枚選び、相手に見せて、手札に加える。そして山札を切る。
1020,モクロー,M3,010/080,ポケモン/たね,,,,80.0,草,炎,,2.0,たいあたり,●●●,30,
1021,フクスロー,M3,011/080,ポケモン/1進化,,,モクロー,100.0,草,炎,,2.0,このは,草,20,
1021,フクスロー,M3,011/080,ポケモン/1進化,,,モクロー,100.0,草,炎,,2.0,フェザーショット,●●●,,このポケモンについているエネルギーをすべてトラッシュし、相手のポケモン1匹に、90ダメージ。［ベンチは弱点・抵抗力を計算しない。］
1022,ジュナイパーex,M3,012/080,ポケモン/2進化,ex,,フクスロー,320.0,草,炎,,2.0,[特性]スナイパーアイ,,,相手の手札が4枚なら、このポケモンはワザを使うための【無】エネルギーが、すべてなくなる。
1022,ジュナイパーex,M3,012/080,ポケモン/2進化,ex,,フクスロー,320.0,草,炎,,2.0,クラッシュアロー,草●●●,240,相手のバトルポケモンについているエネルギーを1個選び、トラッシュする。
1023,ヒノヤコマ,M3,013/080,ポケモン/1進化,,,ヤヤコマ,90.0,炎,雷,闘,1.0,ほのお,炎炎,60,
1024,ファイアロー,M3,014/080,ポケモン/2進化,,,ヒノヤコマ,150.0,炎,雷,闘,1.0,[特性]スカイハント,,,自分の番に1回使える。コインを1回投げオモテなら、相手の手札からオモテを見ないで1枚選び、トラッシュする。
1024,ファイアロー,M3,014/080,ポケモン/2進化,,,ヒノヤコマ,150.0,炎,雷,闘,1.0,ほのおのつばさ,炎炎,110,
1025,ヤトウモリ,M3,015/080,ポケモン/たね,,,,70.0,炎,水,,1.0,ほのおのツメ,炎,20,
1026,エンニュートex,M3,016/080,ポケモン/1進化,ex,,ヤトウモリ,260.0,炎,水,,1.0,わるだくみ,炎,,自分の山札から好きなカードを2枚まで選び、手札に加える。そして山札を切る。
1026,エンニュートex,M3,016/080,ポケモン/1進化,ex,,ヤトウモリ,260.0,炎,水,,1.0,フェイタルネイル,炎炎,100,相手のバトルポケモンを【どく】と【やけど】にする。このポケモンをベンチポケモンと入れ替える。
1027,バクガメス,M3,017/080,ポケモン/たね,,,,120.0,炎,水,,2.0,[特性]こうらのトゲ,,,このポケモンが、バトル場で相手のポケモンからワザのダメージを受けたとき、ワザを使ったポケモンについているエネルギーを1個選び、トラッシュする。
1027,バクガメス,M3,017/080,ポケモン/たね,,,,120.0,炎,水,,2.0,ヒートブレス,炎炎●,80,コインを1回投げオモテなら、80ダメージ追加。
1028,パウワウ,M3,018/080,ポケモン/たね,,,,80.0,水,雷,,2.0,みずかけ,水,10,
1028,パウワウ,M3,018/080,ポケモン/たね,,,,80.0,水,雷,,2.0,スプラッシュ,水水,30,
1029,ジュゴン,M3,019/080,ポケモン/1進化,,,パウワウ,130.0,水,雷,,2.0,[特性]おしながす,,,自分の番に何回でも使える。自分のベンチポケモンについている【水】エネルギーを1個選び、バトルポケモンにつけ替える。
1029,ジュゴン,M3,019/080,ポケモン/1進化,,,パウワウ,130.0,水,雷,,2.0,スプラッシュ,水水,60,
1030,ヒトデマン,M3,020/080,ポケモン/たね,,,,70.0,水,雷,,1.0,みずでっぽう,水,20,
1031,メガスターミーex,M3,021/080,ポケモン/1進化,メガシンカex,,ヒトデマン,330.0,水,雷,,2.0,ジェットブロー,水,120,相手のベンチポケモン1匹にも、50ダメージ。［ベンチは弱点・抵抗力を計算しない。］
1031,メガスターミーex,M3,021/080,ポケモン/1進化,メガシンカex,,ヒトデマン,330.0,水,雷,,2.0,ネビュラビーム,●●●,210,このワザのダメージは、弱点・抵抗力と、相手のバトルポケモンにかかっている効果を計算しない。
1032,アマルス,M3,022/080,ポケモン/1進化,,,古びたヒレの化石,100.0,水,鋼,,3.0,こごえるかぜ,水●,50,相手のバトルポケモンを【ねむり】にする。
1033,アマルルガ,M3,023/080,ポケモン/2進化,,,アマルス,170.0,水,鋼,,3.0,[特性]ツンドラウォール,,,このポケモンがいるかぎり、【水】エネルギーがついている自分のポケモン全員が、相手のポケモンから受けるワザのダメージは「-50」される。この特性の効果は重ならない。
1033,アマルルガ,M3,023/080,ポケモン/2進化,,,アマルス,170.0,水,鋼,,3.0,いてつくれいき,水水●,150,次の相手の番、このワザを受けたポケモンは、ワザが使えない。
1034,ボルケニオン,M3,024/080,ポケモン/たね,,,,130.0,水,雷,,3.0,かいりき,水●,50,
1034,ボルケニオン,M3,024/080,ポケモン/たね,,,,130.0,水,雷,,3.0,パワフルスチーム,水水●,90×,このポケモンについている【水】エネルギーの数ぶんコインを投げ、オモテの数×90ダメージ。
1035,コリンク,M3,025/080,ポケモン/たね,,,,70.0,雷,闘,,1.0,ダブルひっかき,雷,10×,コインを2回投げ、オモテの数×10ダメージ。
1036,ルクシオ,M3,026/080,ポケモン/1進化,,,コリンク,90.0,雷,闘,,1.0,[特性]とうしのおたけび,,,相手のバトルポケモンが「ポケモン【ex】」なら、このポケモンは、最初の自分の番や、出したばかりの番でも進化できる。
1036,ルクシオ,M3,026/080,ポケモン/1進化,,,コリンク,90.0,雷,闘,,1.0,バチバチ,雷●,40,
1037,レントラー,M3,027/080,ポケモン/2進化,,,ルクシオ,150.0,雷,闘,,,せめたてる,雷●,70×,自分がすでにとったサイドの枚数×70ダメージ。
1037,レントラー,M3,027/080,ポケモン/2進化,,,ルクシオ,150.0,雷,闘,,,ストロングボルト,雷●●,200,このポケモンについているエネルギーを2個選び、トラッシュする。
1038,デデンネ,M3,028/080,ポケモン/たね,,,,70.0,雷,闘,,1.0,しっぽはつでん,雷,,相手のポケモン全員についているエネルギーの数ぶんまで、自分のトラッシュから「基本【雷】エネルギー」を選び、自分の【雷】ポケモンに好きなようにつける。
1038,デデンネ,M3,028/080,ポケモン/たね,,,,70.0,雷,闘,,1.0,でんきショック,雷●,30,コインを1回投げオモテなら、相手のバトルポケモンを【マヒ】にする。
1039,ピッピ,M3,029/080,ポケモン/たね,,,,70.0,超,鋼,,1.0,このゆびとまれ,超,,相手のベンチポケモンを1匹選び、バトルポケモンと入れ替える。
1039,ピッピ,M3,029/080,ポケモン/たね,,,,70.0,超,鋼,,1.0,はねまわる,超超,30,
1040,メガピクシーex,M3,030/080,ポケモン/1進化,メガシンカex,,ピッピ,320.0,超,鋼,,1.0,[特性]ひかりのつばさ,,,このポケモンは、相手のポケモンから特性の効果を受けない。
1040,メガピクシーex,M3,030/080,ポケモン/1進化,メガシンカex,,ピッピ,320.0,超,鋼,,1.0,シューティングムーン,超超,120,のぞむなら、自分の手札からエネルギーを4枚までトラッシュし、その枚数×40ダメージ追加。
1041,クチート,M3,031/080,ポケモン/たね,,,,110.0,超,鋼,,2.0,ダブルイーター,超●,60×,自分の手札からエネルギーを2枚までトラッシュし、その枚数×60ダメージ。
1042,ニャスパー,M3,032/080,ポケモン/たね,,,,60.0,超,悪,闘,1.0,ひとやすみ,●,,このポケモンのHPを「20」回復する。
1042,ニャスパー,M3,032/080,ポケモン/たね,,,,60.0,超,悪,闘,1.0,ふむ,超,10,
1043,ニャオニクス,M3,033/080,ポケモン/1進化,,,ニャスパー,100.0,超,悪,闘,1.0,まどわす,超,,相手のバトルポケモンを【こんらん】にする。
1043,ニャオニクス,M3,033/080,ポケモン/1進化,,,ニャスパー,100.0,超,悪,闘,1.0,サイコキネシス,超,30,相手のバトルポケモンについているエネルギーの数×30ダメージ追加。
1044,シュシュプ,M3,034/080,ポケモン/たね,,,,70.0,超,鋼,,1.0,あまいかおり,●,,自分のポケモン1匹のHPを「30」回復する。
1044,シュシュプ,M3,034/080,ポケモン/たね,,,,70.0,超,鋼,,1.0,ぶつかる,超,10,
1045,フレフワン,M3,035/080,ポケモン/1進化,,,シュシュプ,120.0,超,鋼,,1.0,[特性]かおりあつめ,,,自分の番に1回使える。自分の山札から「基本【超】エネルギー」を2枚まで選び、相手に見せて、手札に加える。そして山札を切る。
1045,フレフワン,M3,035/080,ポケモン/1進化,,,シュシュプ,120.0,超,鋼,,1.0,ドレインキッス,超●,50,このポケモンのHPを「30」回復する。
1046,ノズパス,M3,036/080,ポケモン/たね,,,,90.0,闘,草,,3.0,いわころがり,闘闘,40,
1047,ダイノーズ,M3,037/080,ポケモン/1進化,,,ノズパス,140.0,闘,草,,3.0,いわころがり,闘闘,60,
1047,ダイノーズ,M3,037/080,ポケモン/1進化,,,ノズパス,140.0,闘,草,,3.0,ノーズボンバー,闘闘闘●,260,このポケモンについているエネルギーを3個選び、トラッシュする。
1048,ヒポポタス,M3,038/080,ポケモン/たね,,,,100.0,闘,草,,4.0,すなかけ,闘,10,次の相手の番、このワザを受けたポケモンがワザを使うとき、相手はコインを1回投げる。ウラならそのワザは失敗。
1048,ヒポポタス,M3,038/080,ポケモン/たね,,,,100.0,闘,草,,4.0,かみつく,闘●●,60,
1049,カバルドン,M3,039/080,ポケモン/1進化,,,ヒポポタス,150.0,闘,草,,4.0,たつまきふんしゃ,闘闘●,80,この番に、手札から「タラゴン」を出して使っていたなら、相手の山札を上から3枚トラッシュする。
1049,カバルドン,M3,039/080,ポケモン/1進化,,,ヒポポタス,150.0,闘,草,,4.0,ヘビーインパクト,闘闘●●,130,
1050,ランドロス,M3,040/080,ポケモン/たね,,,,120.0,闘,草,,1.0,がんせきおとし,闘闘,50,このワザのダメージは抵抗力を計算しない。
1050,ランドロス,M3,040/080,ポケモン/たね,,,,120.0,闘,草,,1.0,スクリューナックル,闘闘●,120,このポケモンについているエネルギーを1個選び、手札にもどす。
1051,カメテテ,M3,041/080,ポケモン/たね,,,,80.0,闘,草,,2.0,ダブルドロー,闘,,自分の山札を2枚引く。
1051,カメテテ,M3,041/080,ポケモン/たね,,,,80.0,闘,草,,2.0,ひっかく,闘闘,30,
1052,ガメノデス,M3,042/080,ポケモン/1進化,,,カメテテ,130.0,闘,草,,2.0,[特性]ストーンアームズ,,,自分の番に1回使える。自分の手札から「基本【闘】エネルギー」を1枚選び、自分の【闘】ポケモンにつける。
1052,ガメノデス,M3,042/080,ポケモン/1進化,,,カメテテ,130.0,闘,草,,2.0,ぶちかます,闘闘●,80,
1053,チゴラス,M3,043/080,ポケモン/1進化,,,古びたアゴの化石,100.0,闘,草,,3.0,いきりたつ,闘●,20×,このポケモンにのっているダメカンの数×20ダメージ。
1054,ガチゴラス,M3,044/080,ポケモン/2進化,,,チゴラス,180.0,闘,草,,3.0,[特性]ティラノガッツ,,,このポケモンに特殊エネルギーがついているなら、このポケモンは最大HPが「+150」される。
1054,ガチゴラス,M3,044/080,ポケモン/2進化,,,チゴラス,180.0,闘,草,,3.0,あばれまくる,闘●,160,ウラが出るまでコインを投げ、オモテの数ぶん、相手の山札を上からトラッシュする。
1055,ルチャブル,M3,045/080,ポケモン/たね,,,,70.0,闘,超,,,リベンジキック,闘,30,自分のベンチポケモンにダメカンがのっているなら、60ダメージ追加。
1056,メガジガルデex,M3,046/080,ポケモン/たね,メガシンカex,,,310.0,闘,草,,2.0,ガイアウェーブ,闘闘闘,200,次の相手の番、このポケモンが受けるワザのダメージは「-30」される。
1056,メガジガルデex,M3,046/080,ポケモン/たね,メガシンカex,,,310.0,闘,草,,2.0,ムニキスゼロ,闘闘闘闘闘,,相手のポケモン全員に対して、それぞれ1回ずつコインを投げ、オモテが出たポケモン全員に、それぞれ150ダメージ。［ベンチは弱点・抵抗力を計算しない。］
1057,ゴース,M3,047/080,ポケモン/たね,,,,70.0,悪,闘,,1.0,ふいをつく,悪,30,コインを1回投げウラなら、このワザは失敗。
1058,ゴースト,M3,048/080,ポケモン/1進化,,,ゴース,100.0,悪,闘,,1.0,のろう,悪,,相手のバトルポケモンに、ダメカンを3個のせる。
1059,ゲンガー,M3,049/080,ポケモン/2進化,,,ゴースト,130.0,悪,闘,,1.0,[特性]むげんのかげ,,,このポケモンが、相手のポケモンからワザのダメージを受けて【きぜつ】したとき、トラッシュせず、手札にもどす。（ポケモン以外のカードは、すべてトラッシュする。）
1059,ゲンガー,M3,049/080,ポケモン/2進化,,,ゴースト,130.0,悪,闘,,1.0,マインドジャック,悪,10,相手のベンチポケモンの数×30ダメージ追加。
1060,スコルピ,M3,050/080,ポケモン/たね,,,,80.0,悪,闘,,2.0,どくづき,悪悪,20,相手のバトルポケモンを【どく】にする。
1061,ドラピオン,M3,051/080,ポケモン/1進化,,,スコルピ,140.0,悪,闘,,3.0,たたきつぶす,悪悪,60,
1061,ドラピオン,M3,051/080,ポケモン/1進化,,,スコルピ,140.0,悪,闘,,3.0,ハザードテール,悪悪悪,100,このポケモンにも70ダメージ。相手のバトルポケモンを【どく】と【マヒ】にする。
1062,イベルタルex,M3,052/080,ポケモン/たね,ex,,,210.0,悪,雷,闘,1.0,デスソウル,悪悪●,,残りHPが「50」以下の相手のポケモン全員を、それぞれ【きぜつ】させる。
1062,イベルタルex,M3,052/080,ポケモン/たね,ex,,,210.0,悪,雷,闘,1.0,ダークストライク,悪悪●,210,次の自分の番、このポケモンは「ダークストライク」が使えない。
1063,パオジアン,M3,053/080,ポケモン/たね,,,,120.0,悪,草,,1.0,ひるがえす,悪,20,のぞむなら、このポケモンをベンチポケモンと入れ替える。
1063,パオジアン,M3,053/080,ポケモン/たね,,,,120.0,悪,草,,1.0,ライジングブレード,悪悪●,80,相手のバトルポケモンが「ポケモン【ex】」なら、80ダメージ追加。
1064,メガエアームドex,M3,054/080,ポケモン/たね,メガシンカex,,,260.0,鋼,雷,闘,,ソニックリッパー,鋼鋼●,,このポケモンについているエネルギーをすべて山札にもどして切り、相手のポケモン1匹に、220ダメージ。［ベンチは弱点・抵抗力を計算しない。］
1065,ヒトツキ,M3,055/080,ポケモン/たね,,,,70.0,鋼,炎,草,2.0,いあいぎり,●,10,
1066,ニダンギル,M3,056/080,ポケモン/1進化,,,ヒトツキ,100.0,鋼,炎,草,2.0,ソードウェポン,●●,60×,自分の手札から「ヒトツキ」「ニダンギル」「ギルガルド」を好きなだけ相手に見せて、その枚数×60ダメージ。
1067,ギルガルド,M3,057/080,ポケモン/2進化,,,ニダンギル,150.0,鋼,炎,草,3.0,きりさく,●●●,80,
1067,ギルガルド,M3,057/080,ポケモン/2進化,,,ニダンギル,150.0,鋼,炎,草,3.0,メタルスラッシュ,鋼●●●,230,次の自分の番、このポケモンはワザが使えない。
1068,クレッフィ,M3,058/080,ポケモン/たね,,,,70.0,鋼,炎,草,1.0,メモリーロック,鋼,30,相手のバトルポケモンが持つワザを1つ選ぶ。次の相手の番、このワザを受けたポケモンは、選ばれたワザが使えない。
1069,コラッタ,M3,059/080,ポケモン/たね,,,,40.0,無,闘,,1.0,とっしん,●,30,このポケモンにも10ダメージ。
1070,ラッタ,M3,060/080,ポケモン/1進化,,,コラッタ,90.0,無,闘,,1.0,こそげおとす,●,20,ダメージを与える前に、相手のバトルポケモンについている「ポケモンのどうぐ」をトラッシュする。
1070,ラッタ,M3,060/080,ポケモン/1進化,,,コラッタ,90.0,無,闘,,1.0,ぎゃくしゅうまえば,●,40×,自分のベンチの「コラッタ」全員にのっているダメカンの数×40ダメージ。
1071,ニャースex,M3,061/080,ポケモン/たね,ex,,,170.0,無,闘,,1.0,[特性]おくのてキャッチ,,,自分の番に、このカードを手札からベンチに出したとき、1回使える。自分の山札からサポートを1枚選び、相手に見せて、手札に加える。そして山札を切る。この番、名前に「おくのて」とつく特性を使っていたなら、この特性は使えない。
1071,ニャースex,M3,061/080,ポケモン/たね,ex,,,170.0,無,闘,,1.0,しっぽをまく,●●●,60,このポケモンと、ついているすべてのカードを、手札にもどす。
1072,カビゴン,M3,062/080,ポケモン/たね,,,,160.0,無,闘,,4.0,おおぐい,●,,ウラが出るまでコインを投げ、オモテの数ぶんまで、自分の山札から基本エネルギーを選び、このポケモンにつける。そして山札を切る。
1072,カビゴン,M3,062/080,ポケモン/たね,,,,160.0,無,闘,,4.0,たおれこむ,●●●●,160,このポケモンを【ねむり】にする。
1073,ホルビー,M3,063/080,ポケモン/たね,,,,70.0,無,闘,,1.0,けとばす,●,10,
1074,ホルード,M3,064/080,ポケモン/1進化,,,ホルビー,150.0,無,闘,,4.0,じしん,●,140,自分のベンチポケモン全員にも、それぞれ30ダメージ。［ベンチは弱点・抵抗力を計算しない。］
1074,ホルード,M3,064/080,ポケモン/1進化,,,ホルビー,150.0,無,闘,,4.0,はりたおす,●●●,100,
1075,ヤヤコマ,M3,065/080,ポケモン/たね,,,,60.0,無,雷,闘,1.0,とりぶえ,●,,自分の山札から、抵抗力が【闘】タイプのポケモンを2枚まで選び、相手に見せて、手札に加える。そして山札を切る。
1075,ヤヤコマ,M3,065/080,ポケモン/たね,,,,60.0,無,雷,闘,1.0,つつく,●●,20,
1076,トリミアン,M3,066/080,ポケモン/たね,,,,90.0,無,闘,,1.0,ハンドカット,●,,相手の手札を、オモテを見ないで5枚になるように、トラッシュする。
1076,トリミアン,M3,066/080,ポケモン/たね,,,,90.0,無,闘,,1.0,ずつき,●,30,
1077,ロトりぼう,PROMO,160/SV-P,グッズ,,,,,,,,,,,,自分の山札を上から4枚見て、その中からサポートを好きなだけ選び、相手に見せて、手札に加える。残りのカードは山札にもどして切る。
1078,あなあけスコップ,PROMO,005/M-P,グッズ,,,,,,,,,,,,自分の山札を上から2枚トラッシュする。
1079,ふしぎなアメ,MC,655/742,グッズ,,,,,,,,,,,,自分の手札から【2進化】ポケモンを1枚選び、そのポケモンへと進化する自分の場の【たね】ポケモンにのせ、【1進化】をとばして進化させる。（最初の自分の番や、出したばかりのポケモンには使えない。）
1080,アンフェアスタンプ,MC,633/742,グッズ,ACE SPEC,,,,,,,,,,,"このカードは、前の相手の番に、自分のポケモンが【きぜつ】していなければ使えない。

おたがいのプレイヤーは、それぞれ手札をすべて山札にもどして切る。その後、自分は5枚、相手は2枚、山札を引く。"
1081,改造ハンマー,M2a,148/193,グッズ,,,,,,,,,,,,相手の場のポケモンについている特殊エネルギーを1個選び、トラッシュする。
1082,ハイパーアロマ,MC,650/742,グッズ,ACE SPEC,,,,,,,,,,,自分の山札から【1進化】ポケモンを3枚まで選び、相手に見せて、手札に加える。そして山札を切る。
1083,ラブラブボール,SV5a,058/066,グッズ,,,,,,,,,,,,自分の山札から、相手の場のポケモンと同じ名前のポケモンを1枚選び、相手に見せて、手札に加える。そして山札を切る。
1084,おとりよせボックス,SV5K,061/071,グッズ,,,,,,,,,,,,"このカードを使ったら、自分の番は終わる。

自分の山札からグッズを2枚まで選び、相手に見せて、手札に加える。そして山札を切る。"
1085,覚醒のドラム,MC,642/742,グッズ,ACE SPEC,古代,,,,,,,,,,自分の場の「古代」のポケモンの数ぶん、山札を引く。
1086,なかよしポフィン,MC,648/742,グッズ,,,,,,,,,,,,自分の山札から、HPが「70」以下の【たね】ポケモンを2枚まで選び、ベンチに出す。そして山札を切る。
1087,ハンドトリマー,MC,653/742,グッズ,,,,,,,,,,,,おたがいのプレイヤーは、それぞれ自分の手札が5枚になるようにトラッシュする。（トラッシュは相手から行う。手札が5枚以下のプレイヤーはトラッシュしない。）
1088,プライムキャッチャー,MC,656/742,グッズ,ACE SPEC,,,,,,,,,,,相手のベンチポケモンを1匹選び、バトルポケモンと入れ替える。その後、自分のバトルポケモンをベンチポケモンと入れ替える。
1089,リブートポッド,MC,671/742,グッズ,ACE SPEC,未来,,,,,,,,,,自分の「未来」のポケモン全員に、トラッシュから基本エネルギーを1枚ずつつける。
1090,鬼の仮面,MC,641/742,グッズ,,,,,,,,,,,,自分のトラッシュから、名前に「オーガポン」とつく「ポケモン【ex】」を1枚選び、自分の場の、名前に「オーガポン」とつく「ポケモン【ex】」1匹と入れ替える（ついているカード・ダメカン・特殊状態・効果などは、すべて引きつぐ）。入れ替えたポケモンはトラッシュする。
1091,おはやし笛,SV6,091/101,グッズ,,,,,,,,,,,,相手の山札を上から5枚オモテにして、その中から【たね】ポケモンを好きなだけ選び、相手のベンチに出す。残りのカードは山札にもどして切る。
1092,シークレットボックス,SV6,092/101,グッズ,ACE SPEC,,,,,,,,,,,"このカードは、自分の手札を3枚トラッシュしなければ使えない。
 
自分の山札から「グッズ」「ポケモンのどうぐ」「サポート」「スタジアム」を1枚ずつ選び、相手に見せて、手札に加える。そして山札を切る。"
1093,ポケモン回収サイクロン,MC,664/742,グッズ,ACE SPEC,,,,,,,,,,,自分の場のポケモンを1匹選び、そのポケモンと、ついているすべてのカードを、手札にもどす。
1094,むしとりセット,MC,667/742,グッズ,,,,,,,,,,,,自分の山札を上から7枚見て、その中から【草】ポケモンと「基本【草】エネルギー」を合計2枚まで選び、相手に見せて、手札に加える。残りのカードは山札にもどして切る。
1095,デンジャラス光線,MC,647/742,グッズ,ACE SPEC,,,,,,,,,,,相手のバトルポケモンを【やけど】と【こんらん】にする。
1096,ポケバイタルA,MC,661/742,グッズ,ACE SPEC,,,,,,,,,,,"自分のポケモン1匹のHPを「150」回復する。

このカードは、トラッシュにあるかぎり、手札に加えられず、山札にもどせない。"
1097,夜のタンカ,MC,670/742,グッズ,,,,,,,,,,,,自分のトラッシュからポケモンまたは基本エネルギーを1枚選び、相手に見せて、手札に加える。
1098,ガラスのラッパ,M2a,149/193,グッズ,,,,,,,,,,,,"このカードは、自分の場に「テラスタル」のポケモンがいるときにしか使えない。

自分のベンチの【無】ポケモンを2匹まで選び、トラッシュから基本エネルギーを1枚ずつつける。"
1099,古びたねっこの化石,SV7,090/102,グッズ,,化石,リリーラへ進化,60.0,,,,,,,,"このカードは、HP60の【無】タイプの【たね】ポケモンとして、場に出せる。このカードは、特殊状態にならず、にげられない。
自分の番の中でなら、場に出ているこのカードをトラッシュできる。"
1099,古びたねっこの化石,SV7,090/102,グッズ,,化石,リリーラへ進化,60.0,,,,,[特性]げんしのねっこ,,,このポケモンがバトル場にいるかぎり、相手の【たね】ポケモンは、ワザを使うためのエネルギーが、【無】エネルギー1個ぶん多くなる。
1100,エネルギー転送PRO,SV7a,052/064,グッズ,ACE SPEC,,,,,,,,,,,自分の山札から、それぞれちがうタイプの基本エネルギーを好きなだけ選び、相手に見せて、手札に加える。そして山札を切る。
1101,おたすけベル,SV7a,053/064,グッズ,,,,,,,,,,,,"このカードは、後攻プレイヤーの最初の番しか使えない。

自分の山札からサポートを1枚選び、相手に見せて、手札に加える。そして山札を切る。"
1102,ダークボール,SV7a,054/064,グッズ,,,,,,,,,,,,自分の山札を下から7枚見て、その中からポケモンを1枚選び、相手に見せて、手札に加える。残りのカードは山札にもどして切る。
1103,ぼうがいレター,SV7a,055/064,グッズ,,,,,,,,,,,,相手は相手自身の手札を数えたあと、すべてウラにして切り、山札の下にもどす。その後、相手はもどした枚数ぶん、山札を引く。
1104,メガトンブロアー,SV7a,056/064,グッズ,ACE SPEC,,,,,,,,,,,相手のポケモン全員についている「ポケモンのどうぐ」と「特殊エネルギー」と、場に出ている「スタジアム」を、すべてトラッシュする。
1105,竜の秘薬,MC,672/742,グッズ,,,,,,,,,,,,自分のバトル場の【竜】ポケモンのHPを「60」回復する。
1106,推理セット,MC,645/742,グッズ,,,,,,,,,,,,自分の山札を上から3枚見て、好きな順番に入れ替えて、山札の上にもどす。または、そのカードをすべてウラにして切り、山札の下にもどす。
1107,スクランブルスイッチ,MC,646/742,グッズ,ACE SPEC,,,,,,,,,,,自分のバトルポケモンをベンチポケモンと入れ替える。その後、ベンチに入れ替えたポケモンについているエネルギーを好きなだけ選び、新しいバトルポケモンにつけ替える。
1108,のんびりじゃらし,MC,649/742,グッズ,,,,,,,,,,,,"このカードは、後攻プレイヤーの最初の番しか使えない。

相手の場のポケモンについているエネルギーを1個選び、相手の手札にもどす。"
1109,ミラクルインカム,SV8,097/106,グッズ,ACE SPEC,,,,,,,,,,,自分のトラッシュからサポートを2枚まで選び、相手に見せて、手札に加える。
1110,つりざおMAX,SV8a,142/187,グッズ,ACE SPEC,,,,,,,,,,,自分のトラッシュからポケモンと基本エネルギーを合計5枚まで選び、相手に見せて、手札に加える。
1111,トレジャーガジェット,SV8a,146/187,グッズ,ACE SPEC,,,,,,,,,,,自分の山札から「ポケモンのどうぐ」を5枚まで選び、相手に見せて、手札に加える。そして山札を切る。
1112,いいきずぐすり,MC,634/742,グッズ,,,,,,,,,,,,自分のポケモン1匹のHPを「60」回復する。その後、回復したポケモンについているエネルギーを1個選び、トラッシュする。
1113,Nのポイントアップ,MC,635/742,グッズ,,,,,,,,,,,,自分のトラッシュから基本エネルギーを1枚選び、ベンチの「Nのポケモン」につける。
1114,とりかえチケット,SV9,090/100,グッズ,,,,,,,,,,,,自分のサイドを数えたあと、すべてウラにして切り、山札の下にもどす。その後、もどした枚数ぶん、山札を上からサイドとして置く。
1115,ホップのバッグ,MC,666/742,グッズ,,,,,,,,,,,,自分の山札から【たね】ポケモンの「ホップのポケモン」を2枚まで選び、ベンチに出す。そして山札を切る。
1116,エネルギーつけかえ,MC,638/742,グッズ,,,,,,,,,,,,自分の場のポケモンについている基本エネルギーを1個選び、自分の別のポケモンにつけ替える。
1117,きずぐすり,MC,643/742,グッズ,,,,,,,,,,,,自分のポケモン1匹のHPを「30」回復する。
1118,エネルギー回収,MC,636/742,グッズ,,,,,,,,,,,,自分のトラッシュから基本エネルギーを2枚まで選び、相手に見せて、手札に加える。
1119,エネルギー転送,MC,639/742,グッズ,,,,,,,,,,,,自分の山札から基本エネルギーを1枚選び、相手に見せて、手札に加える。そして山札を切る。
1120,クラッシュハンマー,MC,644/742,グッズ,,,,,,,,,,,,コインを1回投げオモテなら、相手の場のポケモンについているエネルギーを1個選び、トラッシュする。
1121,ハイパーボール,MC,651/742,グッズ,,,,,,,,,,,,"このカードは、自分の手札を2枚トラッシュしなければ使えない。

自分の山札からポケモンを1枚選び、相手に見せて、手札に加える。そして山札を切る。"
1122,ポケギア3.0,MC,660/742,グッズ,,,,,,,,,,,,自分の山札を上から7枚見て、その中からサポートを1枚選び、相手に見せて、手札に加える。残りのカードは山札にもどして切る。
1123,ポケモンいれかえ,MC,663/742,グッズ,,,,,,,,,,,,自分のバトルポケモンをベンチポケモンと入れ替える。
1124,ポケモンキャッチャー,MC,665/742,グッズ,,,,,,,,,,,,コインを1回投げオモテなら、相手のベンチポケモンを1匹選び、バトルポケモンと入れ替える。
1125,マスターボール,SVHM,032/053,グッズ,ACE SPEC,,,,,,,,,,,自分の山札からポケモンを1枚選び、相手に見せて、手札に加える。そして山札を切る。
1126,プレシャスキャリー,MC,658/742,グッズ,ACE SPEC,,,,,,,,,,,自分の山札から【たね】ポケモンを好きなだけ選び、ベンチに出す。そして山札を切る。
1127,テラスタルオーブ,M2a,152/193,グッズ,,,,,,,,,,,,自分の山札から「テラスタル」のポケモンを1枚選び、相手に見せて、手札に加える。そして山札を切る。
1128,パーフェクトミキサー,SVLS,014/022,グッズ,ACE SPEC,,,,,,,,,,,自分の山札から好きなカードを5枚まで選び、トラッシュする。そして山札を切る。
1129,せいなるはい,M2a,150/193,グッズ,,,,,,,,,,,,自分のトラッシュからポケモンを5枚まで選び、相手に見せて、山札にもどして切る。
1130,ペパーのサンドウィッチ,MC,659/742,グッズ,,,,,,,,,,,,自分のバトルポケモンのHPを「30」回復する。そのポケモンが「ペパーのポケモン」なら、回復するHPは「100」になる。
1131,ロケット団のおじゃまロボ,SV10,087/098,グッズ,,,,,,,,,,,,ウラになっている相手のサイド1枚と、相手の手札からオモテを見ないで1枚選び、それぞれオモテを見る。のぞむなら、選んだカードを相手に入れ替えさせる。（対戦が終わるまで、そのサイドはオモテのまま。）
1132,ロケット団のスーパーボール,MC,673/742,グッズ,,,,,,,,,,,,コインを1回投げる。オモテなら進化ポケモンの「ロケット団のポケモン」、ウラなら【たね】ポケモンの「ロケット団のポケモン」を自分の山札から1枚選び、相手に見せて、手札に加える。そして山札を切る。
1133,ロケット団のびっくりボム,MC,674/742,グッズ,,,,,,,,,,,,コインを1回投げオモテなら、相手のポケモン1匹に、ダメカンを2個のせる。ウラなら、自分のバトルポケモンに、ダメカンを2個のせる。
1134,ロケット団のレシーバー,MC,675/742,グッズ,,,,,,,,,,,,自分の山札から、名前に「ロケット団」とつくサポートを1枚選び、相手に見せて、手札に加える。そして山札を切る。
1135,エネルギーコイン,MC,637/742,グッズ,,,,,,,,,,,,コインを2回投げ、すべてオモテなら、自分の山札から基本エネルギーを1枚選び、自分のポケモンにつける。そして山札を切る。
1136,古びたふたの化石,SV11B,080/086,グッズ,,化石,プロトーガへ進化,60.0,,,,,,,,"このカードは、HP60の【無】タイプの【たね】ポケモンとして、場に出せる。このカードは、特殊状態にならず、にげられない。
自分の番の中でなら、場に出ているこのカードをトラッシュできる。"
1136,古びたふたの化石,SV11B,080/086,グッズ,,化石,プロトーガへ進化,60.0,,,,,[特性]ふたのまもり,,,このポケモンは、相手のポケモンが使うワザの効果を受けない。
1137,ツールスクラッパー,MA,017/043,グッズ,,,,,,,,,,,,おたがいの場のポケモンについている「ポケモンのどうぐ」を2枚まで選び、トラッシュする。
1138,古びたはねの化石,MC,657/742,グッズ,,化石,アーケンへ進化,60.0,,,,,,,,"このカードは、HP60の【無】タイプの【たね】ポケモンとして、場に出せる。このカードは、特殊状態にならず、にげられない。
自分の番の中でなら、場に出ているこのカードをトラッシュできる。"
1138,古びたはねの化石,MC,657/742,グッズ,,化石,アーケンへ進化,60.0,,,,,[特性]はねのまもり,,,このポケモンは、ベンチにいるかぎり、相手のポケモンからワザのダメージを受けない。
1139,エネルギーリサイクル,MC,640/742,グッズ,,,,,,,,,,,,自分のトラッシュから基本エネルギーを5枚まで選び、相手に見せて、山札にもどして切る。
1140,アイアンディフェンダー,MC,631/742,グッズ,,,,,,,,,,,,次の相手の番、自分の【鋼】ポケモン全員が、相手のポケモンから受けるワザのダメージは「-30」される。（新しく場に出したポケモンもふくむ。）
1141,パワープロテイン,MC,652/742,グッズ,,,,,,,,,,,,この番、自分の【闘】ポケモンが使うワザの、相手のバトルポケモンへのダメージは「+30」される。
1142,ファイトゴング,MC,654/742,グッズ,,,,,,,,,,,,自分の山札から【闘】タイプの【たね】ポケモンまたは「基本【闘】エネルギー」を1枚選び、相手に見せて、手札に加える。そして山札を切る。
1143,むしよけスプレー,MC,668/742,グッズ,,,,,,,,,,,,相手のバトルポケモンをベンチポケモンと入れ替える。［バトル場に出すポケモンは相手が選ぶ。］
1144,あやしい時計,MC,632/742,グッズ,,,,,,,,,,,,自分の進化している【超】ポケモンを1匹選び、「進化カード」を好きなだけはがして退化させる。はがしたカードは、手札にもどす。［退化したポケモンは、その番に進化できない。］
1145,メガシグナル,MBG,015/021,グッズ,,,,,,,,,,,,自分の山札から「メガシンカ【ex】」を1枚選び、相手に見せて、手札に加える。そして山札を切る。
1146,ワンダーパッチ,MBD,015/021,グッズ,,,,,,,,,,,,自分のトラッシュから「基本【超】エネルギー」を1枚選び、ベンチの【超】ポケモンにつける。
1147,ジャンボアイス,M2,073/080,グッズ,,,,,,,,,,,,エネルギーが3個以上ついている自分のバトルポケモンのHPを「80」回復する。
1148,ヒートバーナー,M2,074/080,グッズ,,,,,,,,,,,,"このカードは、自分の手札から「基本【炎】エネルギー」を1枚トラッシュしなければ使えない。

相手の場のポケモンについている「ポケモンのどうぐ」「特殊エネルギー」と場に出ている「スタジアム」の中から1枚選び、トラッシュする。"
1149,エネはたき,M3,067/080,グッズ,,,,,,,,,,,,相手の手札を見て、その中からエネルギーを1枚選び、相手の山札の下にもどす。
1150,古びたアゴの化石,M3,068/080,グッズ,,化石,チゴラスへ進化,60.0,,,,,,,,"このカードは、HP60の【無】タイプの【たね】ポケモンとして、場に出せる。このカードは、特殊状態にならず、にげられない。
自分の番の中でなら、場に出ているこのカードをトラッシュできる。"
1150,古びたアゴの化石,M3,068/080,グッズ,,化石,チゴラスへ進化,60.0,,,,,[特性]いかくのアゴ,,,このポケモンがバトル場にいるかぎり、相手のバトルポケモンが使うワザのダメージは「-30」される。
1151,古びたヒレの化石,M3,069/080,グッズ,,化石,アマルスへ進化,60.0,,,,,,,,"このカードは、HP60の【無】タイプの【たね】ポケモンとして、場に出せる。このカードは、特殊状態にならず、にげられない。
自分の番の中でなら、場に出ているこのカードをトラッシュできる。"
1151,古びたヒレの化石,M3,069/080,グッズ,,化石,アマルスへ進化,60.0,,,,,[特性]ヒレのまもり,,,このポケモンは、相手が手札からサポートを出して使ったとき、その効果を受けない。
1152,ポケパッド,M3,070/080,グッズ,,,,,,,,,,,,自分の山札からポケモン（「ルールを持つポケモン」をのぞく）を1枚選び、相手に見せて、手札に加える。そして山札を切る。
1153,ミアレガレット,M3,071/080,グッズ,,,,,,,,,,,,自分のバトルポケモンのHPを「20」回復し、特殊状態も1つ回復する。
1154,ロケット団のさいみん装置,PROMO,267/SV-P,ポケモンのどうぐ,,,,,,,,,,,,このカードをつけている「ロケット団のポケモン」が、バトル場で相手のポケモンからワザのダメージを受けたとき、ワザを使ったポケモンを【ねむり】にする。
1155,サバイブギプス,SV5a,059/066,ポケモンのどうぐ,ACE SPEC,,,,,,,,,,,このカードをつけているポケモンのHPがまんたんの状態で、相手のポケモンからワザのダメージを受けて【きぜつ】するとき、そのポケモンは【きぜつ】せず、残りHPが「10」の状態で場に残る。その後、このカードをトラッシュする。
1156,ラッキーメット,SV5a,060/066,ポケモンのどうぐ,,,,,,,,,,,,このカードをつけているポケモンが、バトル場で相手のポケモンからワザのダメージを受けたとき、自分の山札を2枚引く。
1157,緊急ボード,SVN,026/045,ポケモンのどうぐ,,,,,,,,,,,,このカードをつけているポケモンは、【にげる】ためのエネルギーが1個ぶん少なくなる。そのポケモンの残りHPが「30」以下なら、【にげる】ためのエネルギーは、すべてなくなる。
1158,マキシマムベルト,MC,691/742,ポケモンのどうぐ,ACE SPEC,,,,,,,,,,,このカードをつけているポケモンが使うワザの、相手のバトル場の「ポケモン【ex】」へのダメージは「+50」される。
1159,ヒーローマント,MC,687/742,ポケモンのどうぐ,ACE SPEC,,,,,,,,,,,このカードをつけているポケモンの最大HPは「+100」される。
1160,ヘビーバトン,SV5M,066/071,ポケモンのどうぐ,,,,,,,,,,,,このカードをつけている【にげる】ためのエネルギーが4個のポケモンが、バトル場で相手のポケモンからワザのダメージを受けて【きぜつ】したとき、そのポケモンについている基本エネルギーを3枚まで選び、自分のベンチポケモンに好きなようにつけ替える。
1161,ハンディサーキュレーター,SV6,095/101,ポケモンのどうぐ,,,,,,,,,,,,このカードをつけているポケモンが、バトル場で相手のポケモンからワザのダメージを受けたとき、ワザを使ったポケモンについているエネルギーを1個選び、相手のベンチポケモンにつけ替える。
1162,くさりもち,MC,681/742,ポケモンのどうぐ,,,,,,,,,,,,このカードをつけている【どく】のポケモンが使うワザの、相手のバトルポケモンへのダメージは「+40」される。
1163,力の砂時計,MC,683/742,ポケモンのどうぐ,,,,,,,,,,,,自分の番の終わりに、このカードをつけているポケモンがバトル場にいるなら、自分のトラッシュから基本エネルギーを1枚選び、そのポケモンにつけてよい。
1164,ウタンのみ,MC,677/742,ポケモンのどうぐ,,,,,,,,,,,,このカードをつけているポケモンが、相手の【超】ポケモンからワザのダメージを受けるとき、そのダメージは「-60」され、このカードをトラッシュする。
1165,きらめく結晶,MC,680/742,ポケモンのどうぐ,ACE SPEC,,,,,,,,,,,このカードをつけている「テラスタル」のポケモンがワザを使うとき、そのワザを使うためのエネルギーは、1個ぶん少なくなる。（少なくなるのは、どのタイプのエネルギーでもよい。）
1166,重力玉,SV7,095/102,ポケモンのどうぐ,,,,,,,,,,,,このカードをつけているポケモンがバトル場にいるかぎり、おたがいのバトルポケモンの【にげる】ためのエネルギーは、それぞれ1個ぶん多くなる。
1167,デラックスボム,MC,684/742,ポケモンのどうぐ,ACE SPEC,,,,,,,,,,,このカードをつけているポケモンが、バトル場で相手のポケモンからワザのダメージを受けたとき、ワザを使ったポケモンにダメカンを12個のせる。その後、このカードをトラッシュする。
1168,カウンターゲイン,MC,679/742,ポケモンのどうぐ,,,,,,,,,,,,自分のサイドの残り枚数が、相手のサイドの残り枚数より多いなら、このカードをつけているポケモンがワザを使うためのエネルギーは、【無】エネルギー1個ぶん少なくなる。
1169,希望のアミュレット,SV8,098/106,ポケモンのどうぐ,ACE SPEC,,,,,,,,,,,このカードをつけているポケモンが、相手のポケモンからワザのダメージを受けて【きぜつ】したとき、自分の山札から好きなカードを3枚まで選び、手札に加える。そして山札を切る。
1170,ハバンのみ,MC,686/742,ポケモンのどうぐ,,,,,,,,,,,,このカードをつけているポケモンが、相手の【竜】ポケモンからワザのダメージを受けるとき、そのダメージは「-60」され、このカードをトラッシュする。
1171,ホップのこだわりハチマキ,MC,690/742,ポケモンのどうぐ,,,,,,,,,,,,このカードをつけている「ホップのポケモン」は、ワザを使うためのエネルギーが【無】エネルギー1個ぶん少なくなり、そのポケモンが使うワザの、相手のバトルポケモンへのダメージは「+30」される。
1172,リーリエのしんじゅ,MC,692/742,ポケモンのどうぐ,,,,,,,,,,,,このカードをつけている「リーリエのポケモン」が、相手のポケモンからワザのダメージを受けて【きぜつ】したとき、とられるサイドは1枚少なくなる。
1173,シロナのパワーウエイト,MC,682/742,ポケモンのどうぐ,,,,,,,,,,,,このカードをつけている「シロナのポケモン」の最大HPは「+70」される。
1174,ふうせん,MC,688/742,ポケモンのどうぐ,,,,,,,,,,,,このカードをつけているポケモンは、【にげる】ためのエネルギーが2個ぶん少なくなる。
1175,ブレイブバングル,MC,689/742,ポケモンのどうぐ,,,,,,,,,,,,このカードをつけているポケモン（「ルールを持つポケモン」をのぞく）が使うワザの、相手のバトル場の「ポケモン【ex】」へのダメージは「+30」される。
1176,パンクメット,MBG,017/021,ポケモンのどうぐ,,,,,,,,,,,,このカードをつけている【悪】ポケモンが、バトル場で相手のポケモンからワザのダメージを受けたとき、ワザを使ったポケモンにダメカンを4個のせる。
1177,せいなるおまもり,M2,075/080,ポケモンのどうぐ,,,,,,,,,,,,このカードをつけているポケモンが、相手の特性を持つポケモンから受けるワザのダメージは「-30」される。
1178,でんきだま,M2a,163/193,ポケモンのどうぐ,,,,,,,,,,,,このカードをつけている「ピカチュウ【ex】」が使うワザの、相手のバトル場の「ポケモン【ex】」へのダメージは「+50」される。
1179,ぶあついうろこ,M2a,164/193,ポケモンのどうぐ,,,,,,,,,,,,このカードをつけている【竜】ポケモンが、相手の【草】【炎】【水】【雷】ポケモンから受けるワザのダメージは「-50」される。
1180,コアメモリ,M3,072/080,ポケモンのどうぐ,,ワザマシン,,,,,,,,,,このカードをつけている「メガジガルデ【ex】」は、このカードに書かれているワザを使える。［ワザを使うためのエネルギーは必要。］
1180,コアメモリ,M3,072/080,ポケモンのどうぐ,,ワザマシン,,,,,,,ジオバスター,闘闘闘闘,350,このポケモンについているエネルギーを、すべてトラッシュする。
1181,ビリオとネア,PROMO,170/SV-P,サポート,,,,,,,,,,,,自分の山札を2枚引く。その後、自分の手札が10枚以上あるなら、さらに2枚引く。
1182,ボスの指令,MC,724/742,サポート,,,,,,,,,,,,相手のベンチポケモンを1匹選び、バトルポケモンと入れ替える。
1183,サザレ,MC,709/742,サポート,,,,,,,,,,,,自分の手札からポケモンを2枚まで選び、相手に見せて、山札にもどす。その後、もどした枚数ぶんまで、自分の山札からポケモンを選び、相手に見せて、手札に加える。そして山札を切る。
1184,スイレンのお世話,MC,712/742,サポート,,,,,,,,,,,,自分のトラッシュからポケモン（「ルールを持つポケモン」をのぞく）と基本エネルギーを合計3枚まで選び、相手に見せて、手札に加える。
1185,探検家の先導,MC,717/742,サポート,,古代,,,,,,,,,,自分の山札を上から6枚見て、その中からカードを2枚選び、手札に加える。残りのカードはトラッシュする。
1186,ビワ,SV5K,068/071,サポート,,,,,,,,,,,,相手の手札を見て、その中からグッズを2枚まで選び、トラッシュする。
1187,マツバの確信,MC,727/742,サポート,,,,,,,,,,,,"このカードは、自分の手札を1枚トラッシュしなければ使えない。

相手のベンチポケモンの数ぶん、自分の山札を引く。"
1188,暗号マニアの解読,MC,698/742,サポート,,未来,,,,,,,,,,自分の山札から好きなカードを2枚選ぶ。残りの山札を切り、選んだカードを好きな順番に入れ替えて、山札の上にもどす。
1189,セイジ,MC,714/742,サポート,,,,,,,,,,,,自分の場のポケモン1匹から進化するカード（特性を持つポケモンをのぞく）を、自分の山札から1枚選び、そのポケモンにのせて進化させる。そして山札を切る。（対戦準備で出したポケモンや、この番出したばかりのポケモンにも使える。）
1190,ベルのまごころ,MC,723/742,サポート,,,,,,,,,,,,残りHPが「30」以下の自分のポケモン1匹のHPを、すべて回復する。
1191,スグリ,MC,713/742,サポート,,,,,,,,,,,,"このカードは、2つの効果から1つを選んで使う。

◆自分のバトルポケモンをベンチポケモンと入れ替える。

◆この番、自分のポケモンが使うワザの、相手のバトル場の「ポケモン【ex】・【V】」へのダメージは「+30」される。"
1192,ゼイユ,MC,715/742,サポート,,,,,,,,,,,,"このカードは、先攻プレイヤーの最初の番でも使える。

自分の手札をすべてトラッシュし、山札を5枚引く。"
1193,ハッサク,MC,721/742,サポート,,,,,,,,,,,,"このカードは、前の相手の番に、自分のポケモンが【きぜつ】していなければ使えない。

自分の山札を上から8枚見て、その中からカードを3枚まで選び、手札に加える。残りのカードは山札にもどして切る。"
1194,アクロマの執念,SV8a,164/187,サポート,,,,,,,,,,,,自分の山札からスタジアムとエネルギーを1枚ずつ選び、相手に見せて、手札に加える。そして山札を切る。
1195,アンズの秘技,MC,699/742,サポート,,,,,,,,,,,,自分の【悪】ポケモンを2匹まで選び、自分の山札から「基本【悪】エネルギー」を1枚ずつつける。そして山札を切る。バトルポケモンにつけた場合、そのポケモンを【どく】にする。
1196,カシオペア,SV6a,061/064,サポート,,,,,,,,,,,,"このカードは、自分の手札がこのカード1枚だけのときにしか使えない。

自分の山札から好きなカードを2枚まで選び、手札に加える。そして山札を切る。"
1197,クセロシキのたくらみ,MC,705/742,サポート,,,,,,,,,,,,相手は相手自身の手札を、3枚になるようにトラッシュする。
1198,アカマツ,MC,696/742,サポート,,,,,,,,,,,,自分の山札から、それぞれちがうタイプの基本エネルギーを2枚まで選び、相手に見せて、どちらか1枚を手札に加え、残りのエネルギーを自分のポケモンにつける。そして山札を切る。
1199,タロ,MC,716/742,サポート,,,,,,,,,,,,自分の手札をすべて山札にもどして切る。その後、山札を4枚引く。相手のサイドの残り枚数が3枚以下なら、引く枚数は8枚になる。
1200,ハイダイ,MC,720/742,サポート,,,,,,,,,,,,自分の手札を2枚選び、好きな順番に入れ替えて、山札の下にもどす。その後、山札を4枚引く。（自分の手札を2枚もどせないなら、このカードは使えない。）
1201,ブライア,MC,722/742,サポート,,,,,,,,,,,,"このカードは、相手のサイドの残り枚数が2枚のときにしか使えない。

この番、自分の「テラスタル」のポケモンが使うワザのダメージで、相手のバトルポケモンが【きぜつ】したなら、サイドを1枚多くとる。"
1202,カキツバタ,MC,703/742,サポート,,,,,,,,,,,,自分の山札を上から7枚見て、その中からポケモンとトレーナーズを1枚ずつ選び、相手に見せて、手札に加える。残りのカードは山札にもどして切る。
1203,サーファー,MC,708/742,サポート,,,,,,,,,,,,自分のバトルポケモンをベンチポケモンと入れ替える。その後、自分の手札が5枚になるように、山札を引く。
1204,ルチアのアピール,MC,730/742,サポート,,,,,,,,,,,,相手のベンチの【たね】ポケモンを1匹選び、バトルポケモンと入れ替える。その後、新しく出てきたポケモンを【こんらん】にする。
1205,シアノ,SV8,102/106,サポート,,,,,,,,,,,,自分の山札から「ポケモン【ex】」を3枚まで選び、相手に見せて、手札に加える。そして山札を切る。
1206,アオキの手際,MC,695/742,サポート,,,,,,,,,,,,自分の手札をすべてトラッシュし、自分の山札から「ポケモン」「サポート」「基本エネルギー」を1枚ずつ選び、相手に見せて、手札に加える。そして山札を切る。
1207,ネリネ,SV8a,173/187,サポート,,,,,,,,,,,,自分の山札を4枚引く。このカードを使った番の終わりに、自分の手札が5枚以上あるなら、自分の手札をすべてトラッシュする。
1208,アイリスの闘志,MC,694/742,サポート,,,,,,,,,,,,"このカードは、自分の手札を1枚トラッシュしなければ使えない。

自分の手札が6枚になるように、山札を引く。"
1209,怖いお兄さん,SV9,095/100,サポート,,,,,,,,,,,,相手のポケモンを1匹選び、そのポケモンについている「ポケモンのどうぐ」と「特殊エネルギー」を1枚ずつトラッシュする。
1210,タケシのスカウト,SV9,096/100,サポート,,,,,,,,,,,,自分の山札から【たね】ポケモンを2枚まで、または進化ポケモンを1枚選び、相手に見せて、手札に加える。そして山札を切る。
1211,からておうの稽古,MC,704/742,サポート,,,,,,,,,,,,この番、自分のポケモンが使うワザの、相手のバトル場の「ポケモン【ex】」へのダメージは「+40」される。
1212,コック,MC,706/742,サポート,,,,,,,,,,,,自分のバトルポケモンのHPを「70」回復する。
1213,ジャッジマン,MC,711/742,サポート,,,,,,,,,,,,おたがいのプレイヤーは、それぞれ手札をすべて山札にもどして切る。その後、それぞれ山札を4枚引く。
1214,MCの盛り上げ,SV9a,061/063,サポート,,,,,,,,,,,,自分の山札を2枚引く。相手のサイドの残り枚数が3枚以下なら、さらに2枚引く。
1215,ヒビキの冒険,M2a,174/193,サポート,,,,,,,,,,,,自分の山札から「ヒビキのポケモン」と「基本【炎】エネルギー」を合計3枚まで選び、相手に見せて、手札に加える。そして山札を切る。
1216,ロケット団のアテナ,MC,731/742,サポート,,,,,,,,,,,,自分の手札が5枚になるように、山札を引く。自分の場のポケモン全員が「ロケット団のポケモン」なら、8枚になるように引く。
1217,ロケット団のアポロ,MC,732/742,サポート,,,,,,,,,,,,"このカードは、前の相手の番に、自分の「ロケット団のポケモン」が【きぜつ】していなければ使えない。

おたがいのプレイヤーは、それぞれ手札をすべて山札にもどして切る。その後、自分は5枚、相手は3枚、山札を引く。"
1218,ロケット団のサカキ,MC,733/742,サポート,,,,,,,,,,,,自分のバトル場の「ロケット団のポケモン」を、ベンチの「ロケット団のポケモン」と入れ替える。その後、相手のベンチポケモンを1匹選び、バトルポケモンと入れ替える。
1219,ロケット団のラムダ,MC,734/742,サポート,,,,,,,,,,,,自分の山札からトレーナーズを1枚選び、相手に見せて、手札に加える。そして山札を切る。
1220,ロケット団のランス,MC,735/742,サポート,,,,,,,,,,,,"このカードは、先攻プレイヤーの最初の番でも使える。

自分の山札から【たね】ポケモンの「ロケット団のポケモン」を3枚まで選び、相手に見せて、手札に加える。そして山札を切る。"
1221,Nの筋書き,MC,701/742,サポート,,,,,,,,,,,,自分のベンチポケモンについているエネルギーを2個まで選び、バトルポケモンにつけ替える。
1222,マコモ,MC,725/742,サポート,,,,,,,,,,,,自分のポケモン全員のHPを、それぞれ「40」回復する。
1223,クラウン,SV11W,083/086,サポート,,,,,,,,,,,,おたがいのプレイヤーは、それぞれ手札をすべて山札にもどして切る。その後、自分はコインを1回投げ、オモテなら自分は5枚、相手は3枚、山札を引く。ウラなら自分は3枚、相手は5枚、山札を引く。
1224,チェレン,SV11W,084/086,サポート,,,,,,,,,,,,自分の山札を3枚引く。
1225,トウコ,MC,718/742,サポート,,,,,,,,,,,,自分の山札から進化ポケモンとエネルギーを1枚ずつ選び、相手に見せて、手札に加える。そして山札を切る。
1226,マチスの取引,MC,726/742,サポート,,,,,,,,,,,,「おたがいのプレイヤーは、それぞれサイドを1枚とる。」をのぞむか、相手にたずねる。相手がのぞむなら、おたがいのプレイヤーは、それぞれサイドを1枚とる。のぞまないなら、自分は山札を4枚引く。
1227,リーリエの決心,MC,729/742,サポート,,,,,,,,,,,,自分の手札をすべて山札にもどして切る。その後、山札を6枚引く。自分のサイドの残り枚数が6枚なら、引く枚数は8枚になる。
1228,アセロラのいたずら,MC,697/742,サポート,,,,,,,,,,,,"このカードは、相手のサイドの残り枚数が2枚以下のときにしか使えない。
 
 自分の場のポケモンを1匹選ぶ。次の相手の番、そのポケモンは相手の「ポケモン【ex】」からワザのダメージや効果を受けない。"
1229,ミツルの思いやり,MA,040/043,サポート,,,,,,,,,,,,自分の「メガシンカ【ex】」1匹のHPを、すべて回復する。その後、回復したポケモンについているエネルギーを、すべて手札にもどす。
1230,ギーマの一手,M2,076/080,サポート,,,,,,,,,,,,自分の山札を上から7枚見て、その中から【悪】ポケモンを1枚選び、ベンチに出す。残りのカードはすべてウラにして切り、山札の下にもどす。（最初の自分の番には使えない。）
1231,ヒカリ,M2,077/080,サポート,,,,,,,,,,,,自分の山札から「【たね】ポケモン」「【1進化】ポケモン」「【2進化】ポケモン」を1枚ずつ選び、相手に見せて、手札に加える。そして山札を切る。
1232,ひふきやろう,M2,078/080,サポート,,,,,,,,,,,,自分の山札から「基本【炎】エネルギー」を7枚まで選び、相手に見せて、手札に加える。そして山札を切る。
1233,カナリィ,M2a,170/193,サポート,,,,,,,,,,,,"このカードは、自分の手札を1枚トラッシュしなければ使えない。

自分の山札から【雷】ポケモンを4枚まで選び、相手に見せて、手札に加える。そして山札を切る。"
1234,バーベナとヘレナ,M2a,173/193,サポート,,,,,,,,,,,,"このカードは、自分の場に「Nのヒヒダルマ」「Nのゾロアーク【ex】」「Nのバイバニラ」「Nのギギギアル」「Nのレシラム」「Nのゼクロム」がいなければ使えない。

この番、自分の「Nのポケモン」が使うワザのダメージで、相手のバトルポケモンが【きぜつ】したなら、サイドを3枚多くとる。"
1235,ウエートレス,MC,700/742,サポート,,,,,,,,,,,,自分の山札を上から6枚見て、その中から基本エネルギーを1枚選び、自分のポケモンにつける。残りのカードは山札にもどして切る。
1236,ガイ,MC,702/742,サポート,,,,,,,,,,,,自分の山札を3枚引く。
1237,ゴヨウ,MC,707/742,サポート,,,,,,,,,,,,おたがいのプレイヤーは、それぞれ自分の手札をすべてウラにして切り、山札の下にもどす。その後、おたがいのプレイヤーは、それぞれコインを1回投げ、オモテなら6枚、ウラなら3枚、山札を引く。
1238,タラゴン,M3,073/080,サポート,,,,,,,,,,,,自分のトラッシュから【闘】ポケモンと「基本【闘】エネルギー」を合計4枚まで選び、相手に見せて、手札に加える。
1239,ピュール,M3,074/080,サポート,,,,,,,,,,,,自分の手札が5枚になるように、山札を引く。のぞむなら、山札を引く前に、自分の手札を好きなだけトラッシュする。
1240,メイのはげまし,M3,075/080,サポート,,,,,,,,,,,,"このカードは、自分のサイドの残り枚数が、相手のサイドの残り枚数より多いときにしか使えない。

自分のトラッシュから基本エネルギーを2枚まで選び、自分の【2進化】ポケモン1匹につける。"
1241,ユカリ,M3,076/080,サポート,,,,,,,,,,,,自分の【超】ポケモン1匹のHPを「150」回復する。
1242,公民館,SV5a,065/066,スタジアム,,,,,,,,,,,,この番、手札からサポートを出して使っていたプレイヤーは、自分の番ごとに1回、自分のポケモン全員のHPを、それぞれ「10」回復してよい。
1243,危険な密林,SV5K,070/071,スタジアム,,,,,,,,,,,,おたがいの【どく】のポケモン（【悪】ポケモンをのぞく）全員は、【どく】でのせるダメカンの数がそれぞれ2個多くなる。
1244,フルメタルラボ,SV5M,070/071,スタジアム,,,,,,,,,,,,おたがいの【鋼】ポケモンが、相手のポケモンから受けるワザのダメージは「-30」される。
1245,お祭り会場,SV8a,180/187,スタジアム,,,,,,,,,,,,エネルギーがついているおたがいのポケモン全員は、特殊状態にならず、受けている特殊状態は、すべて回復する。
1246,ジャミングタワー,SVN,039/045,スタジアム,,,,,,,,,,,,おたがいのポケモン全員についている「ポケモンのどうぐ」の効果は、すべてなくなる。
1247,ニュートラルセンター,SV8a,184/187,スタジアム,ACE SPEC,,,,,,,,,,,"おたがいのポケモン（「ルールを持つポケモン」をのぞく）全員は、相手の「ポケモン【ex】・【V】」からワザのダメージを受けない。

このカードは、トラッシュにあるかぎり、手札に加えられず、山札にもどせない。"
1248,夜のアカデミー,SV6a,064/064,スタジアム,,,,,,,,,,,,おたがいのプレイヤーは、自分の番ごとに1回、自分の手札を1枚選び、山札の上にもどしてよい。
1249,偉大な大樹,SV7,101/102,スタジアム,ACE SPEC,,,,,,,,,,,おたがいのプレイヤーは、自分の番ごとに1回、自分の場の【たね】ポケモン1匹から進化する【1進化】ポケモンを、自分の山札から1枚選び、そのポケモンにのせて進化させてよい。進化したなら、続けて【2進化】ポケモンを1枚選び、進化させてよい。そして山札を切る。（最初の自分の番や、出したばかりの【たね】ポケモンは進化させられない。）
1250,ゼロの大空洞,M2a,184/193,スタジアム,,,,,,,,,,,,"自分の場に「テラスタル」のポケモンがいるプレイヤーが、ベンチに出せるポケモンの数は8匹になる。

（このカードがトラッシュされたときか、自分の場に「テラスタル」のポケモンがいなくなったとき、ベンチが5匹になるまでトラッシュする。おたがいにトラッシュするなら、このカードの持ち主から行う。）"
1251,エキサイトスタジアム,PROMO,251/SV-P,スタジアム,,,,,,,,,,,,おたがいの場の【たね】ポケモン全員の最大HPは、それぞれ「+30」される。
1252,グラビティーマウンテン,M2a,183/193,スタジアム,,,,,,,,,,,,おたがいの場の【2進化】ポケモン全員の最大HPは、それぞれ「-30」される。
1253,Nの城,M2a,181/193,スタジアム,,,,,,,,,,,,おたがいの場の「Nのポケモン」全員の【にげる】ためのエネルギーは、すべてなくなる。
1254,ハッコウシティ,M2a,185/193,スタジアム,,,,,,,,,,,,おたがいのプレイヤーは、自分の番ごとに1回、自分のトラッシュから「基本【雷】エネルギー」を2枚まで選び、相手に見せて、手札に加えてよい。
1255,ハロンタウン,M2a,186/193,スタジアム,,,,,,,,,,,,おたがいの「ホップのポケモン」が使うワザの、相手のバトルポケモンへのダメージは「+30」される。
1256,ロケット団の監視塔,M2a,189/193,スタジアム,,,,,,,,,,,,おたがいの場の【無】ポケモン全員の特性は、すべてなくなる。
1257,ロケット団のファクトリー,M2a,190/193,スタジアム,,,,,,,,,,,,この番に、手札から、名前に「ロケット団」とつくサポートを出して使っていたプレイヤーは、自分の番ごとに1回、自分の山札を2枚引いてよい。
1258,いしのどうくつ,SVOD,018/018,スタジアム,,,,,,,,,,,,おたがいの「ダイゴのポケモン」全員が、相手のポケモンから受けるワザのダメージは「-30」される。
1259,スパイクタウンジム,SVOM,019/019,スタジアム,,,,,,,,,,,,おたがいのプレイヤーは、自分の番ごとに1回、自分の山札から「マリィのポケモン」を1枚選び、相手に見せて、手札に加えてよい。そして山札を切る。
1260,危ない廃墟,M1L,063/063,スタジアム,,,,,,,,,,,,おたがいのプレイヤーは、それぞれ、自分の番に、【たね】ポケモン（【悪】ポケモンをのぞく）をベンチに出すたび、そのポケモンにダメカンを2個のせる。
1261,活力の森,M2a,182/193,スタジアム,,,,,,,,,,,,おたがいの【草】ポケモン全員は、出したばかりの番（最初の自分の番をのぞく）でも【草】ポケモンに進化できる。
1262,なみのりビーチ,M1S,062/063,スタジアム,,,,,,,,,,,,おたがいのプレイヤーは、自分の番ごとに1回、自分のバトル場の【水】ポケモンを、ベンチの【水】ポケモンと入れ替えてよい。
1263,ミステリーガーデン,MBD,021/021,スタジアム,,,,,,,,,,,,おたがいのプレイヤーは、自分の番ごとに1回、手札からエネルギーを1枚トラッシュするなら、自分の手札の枚数が、自分の場の【超】ポケモンの数と同じ枚数になるように、山札を引いてよい。
1264,バトルコロシアム,M2,079/080,スタジアム,,,,,,,,,,,,おたがいのベンチポケモン全員は、相手のワザや特性の効果で、ダメカンがのらない。［ワザのダメージは受ける。］
1265,めまいの谷,M2,080/080,スタジアム,,,,,,,,,,,,おたがいの【こんらん】のポケモンは、進化・退化しても【こんらん】が回復しない。
1266,夜の鉱山,M2a,188/193,スタジアム,,,,,,,,,,,,おたがいの場の「テラスタル」のポケモン全員は、ワザを使うためのエネルギーが、それぞれ【無】エネルギー1個ぶん多くなる。
1267,ミアレシティ,M3,077/080,スタジアム,,,,,,,,,,,,おたがいのプレイヤーは、自分の番ごとに1回、自分の山札から【たね】ポケモンを1枚選び、ベンチに出してよい。そして山札を切る。この効果を使ったなら、自分の番は終わる。
1268,ニトロ【炎】エネルギー,M4,081/083,特殊エネルギー,,,,,炎,,,,,,,"このカードは、ポケモンについているかぎり、【炎】エネルギー1個ぶんとしてはたらく。

このカードをつけている【炎】ポケモンが使うワザの効果で、このカードがトラッシュされたなら、ワザのダメージや効果のあとに、手札にもどす。"
1269,バブル【水】エネルギー,M4,082/083,特殊エネルギー,,,,,水,,,,,,,"このカードは、ポケモンについているかぎり、【水】エネルギー1個ぶんとしてはたらく。

このカードをつけている【水】ポケモンは、特殊状態にならず、受けている特殊状態は、すべて回復する。"
1270,マグネット【鋼】エネルギー,M4,083/083,特殊エネルギー,,,,,鋼,,,,,,,"このカードは、ポケモンについているかぎり、【鋼】エネルギー1個ぶんとしてはたらく。

このカードをつけている【鋼】ポケモンは、【にげる】ためのエネルギーが、すべてなくなる。"
1271,ボルト【雷】エネルギー,M5,080/081,特殊エネルギー,,,,,雷,,,,,,,"このカードは、ポケモンについているかぎり、【雷】エネルギー1個ぶんとしてはたらく。
 
 このカードをつけている【雷】ポケモンが使うワザの、相手のバトルポケモンへのダメージは「+20」される。"
1272,シャドー【悪】エネルギー,M5,081/081,特殊エネルギー,,,,,悪,,,,,,,"このカードは、ポケモンについているかぎり、【悪】エネルギー1個ぶんとしてはたらく。
 
 このカードをつけている【悪】ポケモンは、ベンチにいるかぎり、相手のワザのダメージを受けない。"
1273,ビードル,M4,001/083,ポケモン/たね,,,,50.0,草,炎,,1.0,ふいをつく,草,30,コインを1回投げウラなら、このワザは失敗。
1274,コクーン,M4,002/083,ポケモン/1進化,,,ビードル,80.0,草,炎,,3.0,[特性]かたいからだ,,,このポケモンが受けるワザのダメージは「-20」される。
1274,コクーン,M4,002/083,ポケモン/1進化,,,ビードル,80.0,草,炎,,3.0,ぶらさがる,草,20,
1275,スピアーex,M4,003/083,ポケモン/2進化,ex,,コクーン,310.0,草,炎,,1.0,ビーランブル,草,110×,自分の場の「スピアー（『ポケモン【ex】』をふくむ）」の数×110ダメージ。
1276,マスキッパ,M4,004/083,ポケモン/たね,,,,110.0,草,炎,,2.0,まるかじり,●●●,80+,相手のバトルポケモンの【にげる】ためのエネルギーがないなら、80ダメージ追加。
1277,ハリマロン,M4,005/083,ポケモン/たね,,,,70.0,草,炎,,2.0,たたく,草,10,
1277,ハリマロン,M4,005/083,ポケモン/たね,,,,70.0,草,炎,,2.0,トゲでさす,草草,30,
1278,ハリボーグ,M4,006/083,ポケモン/1進化,,,ハリマロン,100.0,草,炎,,3.0,リーフチャージ,草,20,自分の山札から「基本【草】エネルギー」を1枚選び、このポケモンにつける。そして山札を切る。
1278,ハリボーグ,M4,006/083,ポケモン/1進化,,,ハリマロン,100.0,草,炎,,3.0,つるのムチ,草草●,80,
1279,ブリガロン,M4,007/083,ポケモン/2進化,,,ハリボーグ,180.0,草,炎,,4.0,[特性]ニードルアーマー,,,このポケモンが、バトル場で相手のポケモンからワザのダメージを受けたとき、このポケモンについている【草】エネルギーの数×3個ぶんのダメカンを、ワザを使ったポケモンにのせる。
1279,ブリガロン,M4,007/083,ポケモン/2進化,,,ハリボーグ,180.0,草,炎,,4.0,かこいこむ,草草●,160,次の相手の番、このワザを受けたポケモンは、にげられない。
1280,ロコン,M4,008/083,ポケモン/たね,,,,70.0,炎,水,,1.0,こがす,炎,,相手のバトルポケモンを【やけど】にする。
1281,キュウコン,M4,009/083,ポケモン/1進化,,,ロコン,120.0,炎,水,,1.0,きゅうびうつし,炎,,自分のベンチポケモンを1匹選び、選んだポケモンにのっているダメカンをすべて、相手のバトルポケモンにのせ替える。
1281,キュウコン,M4,009/083,ポケモン/1進化,,,ロコン,120.0,炎,水,,1.0,おにび,炎炎,70,
1282,ホウオウ,M4,010/083,ポケモン/たね,,,,130.0,炎,水,,2.0,さいきのほのお,炎,,自分のトラッシュから【たね】ポケモンを3枚まで選び、ベンチに出す。
1282,ホウオウ,M4,010/083,ポケモン/たね,,,,130.0,炎,水,,2.0,ぐれんのつばさ,炎炎炎,130,このポケモンについている【炎】エネルギーを1個選び、トラッシュする。
1283,フォッコ,M4,011/083,ポケモン/たね,,,,70.0,炎,水,,1.0,なかまをよぶ,●,,自分の山札から【たね】ポケモンを2枚まで選び、ベンチに出す。そして山札を切る。
1283,フォッコ,M4,011/083,ポケモン/たね,,,,70.0,炎,水,,1.0,ひをはく,炎,10,
1284,テールナー,M4,012/083,ポケモン/1進化,,,フォッコ,100.0,炎,水,,1.0,かえんほうしゃ,炎炎,80,このポケモンについているエネルギーを1個選び、トラッシュする。
1285,マフォクシー,M4,013/083,ポケモン/2進化,,,テールナー,160.0,炎,水,,2.0,[特性]フレアマジック,,,自分の番に、自分の手札から「基本【炎】エネルギー」を1枚トラッシュするなら、1回使える。自分の手札が7枚になるように、山札を引く。
1285,マフォクシー,M4,013/083,ポケモン/2進化,,,テールナー,160.0,炎,水,,2.0,エナジーストーム,炎炎,30×,おたがいのポケモン全員についているエネルギーの数×30ダメージ。
1286,シシコ,M4,014/083,ポケモン/たね,,,,70.0,炎,水,,1.0,たいあたり,●,10,
1287,メガカエンジシex,M4,015/083,ポケモン/1進化,メガシンカex,,シシコ,340.0,炎,水,,2.0,ほえたてる,炎●,80,次の相手の番、このワザを受けたポケモンが使うワザのダメージは「-50」される。
1287,メガカエンジシex,M4,015/083,ポケモン/1進化,メガシンカex,,シシコ,340.0,炎,水,,2.0,ビッグバンファイヤー,炎炎●,290-,このポケモンにのっているダメカンの数×10ダメージぶん、このワザのダメージは小さくなる。
1288,テッポウオ,M4,016/083,ポケモン/たね,,,,70.0,水,雷,,1.0,するどいひれ,水,20,
1289,オクタン,M4,017/083,ポケモン/1進化,,,テッポウオ,110.0,水,雷,,2.0,すみふんしゃ,水,30,次の相手の番、このワザを受けたポケモンがワザを使うとき、相手はコインを2回投げる。1回でもウラなら、そのワザは失敗。
1289,オクタン,M4,017/083,ポケモン/1進化,,,テッポウオ,110.0,水,雷,,2.0,あばれまわる,水●,120,このポケモンを【こんらん】にする。
1290,デリバード,M4,018/083,ポケモン/たね,,,,90.0,水,鋼,,1.0,ハッピープレゼント,●,,おたがいのプレイヤーは、のぞむなら、それぞれ自分の手札から基本エネルギーを3枚まで選び、自分のポケモンに好きなようにつける。（相手から行う。）
1290,デリバード,M4,018/083,ポケモン/たね,,,,90.0,水,鋼,,1.0,はばたく,●●,40,
1291,ケルディオ,M4,019/083,ポケモン/たね,,,,110.0,水,雷,,1.0,つきぬける,水,20,相手のベンチポケモン1匹にも、20ダメージ。［ベンチは弱点・抵抗力を計算しない。］
1291,ケルディオ,M4,019/083,ポケモン/たね,,,,110.0,水,雷,,1.0,エネリフレクト,水水,70,このポケモンについているエネルギーを1個選び、ベンチポケモンにつけ替える。
1292,ケロマツ,M4,020/083,ポケモン/たね,,,,70.0,水,雷,,1.0,もってくる,●,,自分の山札を1枚引く。
1292,ケロマツ,M4,020/083,ポケモン/たね,,,,70.0,水,雷,,1.0,みずでっぽう,水,10,
1293,ゲコガシラ,M4,021/083,ポケモン/1進化,,,ケロマツ,100.0,水,雷,,1.0,よびよせのじゅつ,水,,自分の山札からポケモンを3枚まで選び、相手に見せて、手札に加える。そして山札を切る。
1293,ゲコガシラ,M4,021/083,ポケモン/1進化,,,ケロマツ,100.0,水,雷,,1.0,アクアエッジ,水水,50,
1294,メガゲッコウガex,M4,022/083,ポケモン/2進化,メガシンカex,,ゲコガシラ,350.0,水,雷,,1.0,[特性]ひっさつしゅりけん,,,このポケモンがバトル場にいて、自分の番に、自分の手札から「基本【水】エネルギー」を1枚トラッシュするなら、1回使える。相手のポケモン1匹に、ダメカンを6個のせる。
1294,メガゲッコウガex,M4,022/083,ポケモン/2進化,メガシンカex,,ゲコガシラ,350.0,水,雷,,1.0,ニンジャスピナー,水水,120+,のぞむなら、このポケモンについている【水】エネルギーを1個手札にもどし、80ダメージ追加。
1295,カチコール,M4,023/083,ポケモン/たね,,,,80.0,水,鋼,,2.0,ひんやり,水,10,
1295,カチコール,M4,023/083,ポケモン/たね,,,,80.0,水,鋼,,2.0,こおりのいぶき,水●●,50,
1296,クレベース,M4,024/083,ポケモン/1進化,,,カチコール,160.0,水,鋼,,4.0,ひょうざんくずし,水,60×,自分の山札を上から6枚トラッシュし、その中にある「基本【水】エネルギー」の枚数×60ダメージ。
1296,クレベース,M4,024/083,ポケモン/1進化,,,カチコール,160.0,水,鋼,,4.0,フロストスタンプ,水水●●,160,
1297,コソクムシ,M4,025/083,ポケモン/たね,,,,70.0,水,雷,,2.0,かじる,水,10,
1297,コソクムシ,M4,025/083,ポケモン/たね,,,,70.0,水,雷,,2.0,どつく,●●,20,
1298,グソクムシャ,M4,026/083,ポケモン/1進化,,,コソクムシ,140.0,水,雷,,2.0,きゅうしょぎり,水,30,このワザのダメージで、相手のポケモンが【きぜつ】したなら、次の相手の番、このポケモンはワザのダメージや効果を受けない。
1298,グソクムシャ,M4,026/083,ポケモン/1進化,,,コソクムシ,140.0,水,雷,,2.0,そこぢから,●●●,150,次の自分の番、このポケモンはワザが使えない。
1299,メリープ,M4,027/083,ポケモン/たね,,,,70.0,雷,闘,,2.0,でんじは,雷●,20,コインを1回投げオモテなら、相手のバトルポケモンを【マヒ】にする。
1300,モココ,M4,028/083,ポケモン/1進化,,,メリープ,90.0,雷,闘,,2.0,でんじしょうがい,雷●,40,次の相手の番、相手は手札からグッズを出して使えない。
1301,デンリュウ,M4,029/083,ポケモン/2進化,,,モココ,160.0,雷,闘,,2.0,[特性]シンクロパルス,,,自分の手札と相手の手札が同じ枚数なら、このポケモンが使うワザの、相手のバトルポケモンへのダメージは「+80」される。
1301,デンリュウ,M4,029/083,ポケモン/2進化,,,モココ,160.0,雷,闘,,2.0,フラッシュボルト,雷●,140,次の自分の番、このポケモンは「フラッシュボルト」が使えない。
1302,エモンガ,M4,030/083,ポケモン/たね,,,,70.0,雷,闘,,1.0,ちいさなおつかい,●,,自分の山札から基本エネルギーを2枚まで選び、相手に見せて、手札に加える。そして山札を切る。
1302,エモンガ,M4,030/083,ポケモン/たね,,,,70.0,雷,闘,,1.0,スカイリターン,雷,30,このポケモンと、ついているすべてのカードを、手札にもどす。
1303,デオキシス,M4,031/083,ポケモン/たね,,,,110.0,超,悪,闘,1.0,ゲノムチャージ,●,,自分の山札から「基本【超】エネルギー」を2枚まで選び、このポケモンにつける。そして山札を切る。
1303,デオキシス,M4,031/083,ポケモン/たね,,,,110.0,超,悪,闘,1.0,サイコキネシス,超超●,80+,相手のバトルポケモンについているエネルギーの数×20ダメージ追加。
1304,デオキシス,M4,032/083,ポケモン/たね,,,,120.0,超,悪,闘,2.0,サイコスピア,超超超,120,このワザを使うためのエネルギーより、2個多くエネルギーがついているなら、相手のベンチポケモン1匹にも、120ダメージ。［ベンチは弱点・抵抗力を計算しない。］
1305,デオキシス,M4,033/083,ポケモン/たね,,,,130.0,超,悪,闘,3.0,サイコプロテクト,超超●,80,次の相手の番、このポケモンは特性を持つポケモンからワザのダメージを受けない。
1306,デオキシス,M4,034/083,ポケモン/たね,,,,100.0,超,悪,闘,,サイコスピード,超,30,のぞむなら、自分の手札が5枚になるように、山札を引く。
1307,メガフラエッテex,M4,035/083,ポケモン/たね,メガシンカex,,,250.0,超,鋼,,1.0,やさしいひかり,超,,おたがいのポケモン全員のHPを、それぞれ「30」回復する。
1307,メガフラエッテex,M4,035/083,ポケモン/たね,メガシンカex,,,250.0,超,鋼,,1.0,エタニティブルーム,超超超,200,自分の山札から「基本【超】エネルギー」を4枚まで選び、ベンチポケモンに好きなようにつける。そして山札を切る。
1308,ニャスパー,M4,036/083,ポケモン/たね,,,,60.0,超,悪,闘,1.0,バディアタック,超,10+,この番に、手札から「マチエール」を出して使っていたなら、60ダメージ追加。
1309,ニャオニクス,M4,037/083,ポケモン/1進化,,,ニャスパー,100.0,超,悪,闘,1.0,トリックステップ,超●,80,のぞむなら、相手のバトルポケモンについているエネルギーを1個選び、相手のベンチポケモンにつけ替える。
1310,ボクレー,M4,038/083,ポケモン/たね,,,,70.0,超,悪,闘,2.0,[特性]うらみしんか,,,自分の番に1回使える。このポケモンから進化するカードを、自分の手札から1枚選び、このポケモンにのせて進化させる。その後、進化させたポケモンに、ダメカンを2個のせる。（最初の自分の番には使えない。）
1310,ボクレー,M4,038/083,ポケモン/たね,,,,70.0,超,悪,闘,2.0,つぶやく,超,10,
1311,オーロット,M4,039/083,ポケモン/1進化,,,ボクレー,130.0,超,悪,闘,3.0,のろいのねっこ,超,30,次の相手の番、このワザを受けたポケモンは、手札から出すエネルギーをつけられない。
1311,オーロット,M4,039/083,ポケモン/1進化,,,ボクレー,130.0,超,悪,闘,3.0,オーバーペイン,超超,60+,相手のポケモン全員にのっているダメカンの数×10ダメージ追加。
1312,バケッチャ,M4,040/083,ポケモン/たね,,,,60.0,超,悪,闘,2.0,ふむ,超,20,
1313,パンプジンex,M4,041/083,ポケモン/1進化,ex,,バケッチャ,270.0,超,悪,闘,2.0,ホラーロンド,超,30+,ダメカンがのっている自分のベンチポケモンの数×50ダメージ追加。
1313,パンプジンex,M4,041/083,ポケモン/1進化,ex,,バケッチャ,270.0,超,悪,闘,2.0,ゴーストタッチ,超超,140,相手の手札からオモテを見ないで1枚選び、トラッシュする。
1314,ゼルネアス,M4,042/083,ポケモン/たね,,,,130.0,超,鋼,,2.0,ジオストーム,超超超,30×,自分のポケモン全員についている【超】エネルギーの数×30ダメージ。
1315,ウソッキー,M4,043/083,ポケモン/たね,,,,110.0,闘,草,,1.0,しれんのたび,●,,自分の山札から「変化の書」を2枚まで選び、相手に見せて、手札に加える。そして山札を切る。
1315,ウソッキー,M4,043/083,ポケモン/たね,,,,110.0,闘,草,,1.0,いわとばし,闘,30,このワザのダメージは抵抗力を計算しない。
1316,ゴマゾウ,M4,044/083,ポケモン/たね,,,,80.0,闘,草,,2.0,どろかけ,闘,10,
1316,ゴマゾウ,M4,044/083,ポケモン/たね,,,,80.0,闘,草,,2.0,ころがる,●●●,40,
1317,ドンファン,M4,045/083,ポケモン/1進化,,,ゴマゾウ,150.0,闘,草,,3.0,たたみかける,闘,20,次の自分の番、このポケモンが使うワザの、相手のバトルポケモンへのダメージは「+120」される。
1317,ドンファン,M4,045/083,ポケモン/1進化,,,ゴマゾウ,150.0,闘,草,,3.0,スマッシュヘッド,闘●●●,180,このポケモンについているエネルギーを2個選び、トラッシュする。
1318,ヤジロン,M4,046/083,ポケモン/たね,,,,70.0,闘,草,,2.0,れんぞくスピン,闘,30×,ウラが出るまでコインを投げ、オモテの数×30ダメージ。
1319,ネンドール,M4,047/083,ポケモン/1進化,,,ヤジロン,120.0,闘,草,,2.0,たいかこうせん,闘,50,相手の進化しているバトルポケモンから、「進化カード」を1枚はがして退化させる。はがしたカードは、相手の手札にもどす。
1320,ズバット,M4,048/083,ポケモン/たね,,,,40.0,悪,雷,闘,,ちょうおんぱ,悪,,相手のバトルポケモンを【こんらん】にする。
1321,ゴルバット,M4,049/083,ポケモン/1進化,,,ズバット,80.0,悪,雷,闘,1.0,おんみつひこう,悪,30,次の相手の番、このポケモンは【たね】ポケモンからワザのダメージを受けない。
1322,クロバット,M4,050/083,ポケモン/2進化,,,ゴルバット,130.0,悪,雷,闘,1.0,[特性]よるこうさく,,,このポケモンがバトル場にいるなら、自分の番に1回使える。自分の山札から好きなカードを1枚選ぶ。残りの山札を切り、選んだカードを山札の上にもどす。
1322,クロバット,M4,050/083,ポケモン/2進化,,,ゴルバット,130.0,悪,雷,闘,1.0,どくおんぱ,悪,80,相手のバトルポケモンを【どく】と【こんらん】にする。
1323,ハリーセン,M4,051/083,ポケモン/たね,,,,90.0,悪,闘,,1.0,[特性]どくのトゲ,,,このポケモンが、バトル場で相手のポケモンからワザのダメージを受けたとき、ワザを使ったポケモンを【どく】にする。
1323,ハリーセン,M4,051/083,ポケモン/たね,,,,90.0,悪,闘,,1.0,ベノムショック,悪,30+,相手のバトルポケモンが【どく】なら、50ダメージ追加。
1324,スカンプー,M4,052/083,ポケモン/たね,,,,70.0,悪,闘,,2.0,ひっかく,悪,20,
1325,スカタンク,M4,053/083,ポケモン/1進化,,,スカンプー,110.0,悪,闘,,2.0,うしろげり,悪,40,
1325,スカタンク,M4,053/083,ポケモン/1進化,,,スカンプー,110.0,悪,闘,,2.0,スマッシュターン,悪悪●,100,このポケモンをベンチポケモンと入れ替える。
1326,ヤブクロン,M4,054/083,ポケモン/たね,,,,70.0,悪,闘,,2.0,アシッドボム,悪,10,コインを1回投げオモテなら、相手のバトルポケモンについているエネルギーを1個選び、トラッシュする。
1327,ダストダス,M4,055/083,ポケモン/1進化,,,ヤブクロン,140.0,悪,闘,,3.0,[特性]ゴミダウナー,,,このポケモンがいるかぎり、「ポケモンのどうぐ」がついている相手のバトルポケモンが使うワザのダメージは「-20」される。
1327,ダストダス,M4,055/083,ポケモン/1進化,,,ヤブクロン,140.0,悪,闘,,3.0,ヘドロばくだん,悪悪●,100,
1328,クズモー,M4,056/083,ポケモン/たね,,,,70.0,悪,闘,,1.0,ひっかける,●,10,
1329,ダンバル,M4,057/083,ポケモン/たね,,,,70.0,鋼,炎,草,1.0,ずつき,鋼,10,
1329,ダンバル,M4,057/083,ポケモン/たね,,,,70.0,鋼,炎,草,1.0,ビーム,鋼●,20,
1330,メタング,M4,058/083,ポケモン/1進化,,,ダンバル,100.0,鋼,炎,草,2.0,メタルクロー,鋼,30,
1330,メタング,M4,058/083,ポケモン/1進化,,,ダンバル,100.0,鋼,炎,草,2.0,ガードプレス,鋼鋼●,70,次の相手の番、このポケモンが受けるワザのダメージは「-30」される。
1331,メタグロス,M4,059/083,ポケモン/2進化,,,メタング,180.0,鋼,炎,草,3.0,はねかえす,鋼,60,相手のバトルポケモンをベンチポケモンと入れ替える。［バトル場に出すポケモンは相手が選ぶ。］
1331,メタグロス,M4,059/083,ポケモン/2進化,,,メタング,180.0,鋼,炎,草,3.0,メタリックハンマー,鋼鋼鋼●,150+,のぞむなら、このポケモンについている【鋼】エネルギーを3個トラッシュし、150ダメージ追加。
1332,テッシード,M4,060/083,ポケモン/たね,,,,70.0,鋼,炎,草,2.0,ころがりタックル,鋼鋼,40,
1333,ナットレイ,M4,061/083,ポケモン/1進化,,,テッシード,130.0,鋼,炎,草,3.0,[特性]どっきりおとし,,,相手の番に、このカードが相手のワザ・特性・グッズ・サポートの効果で山札からトラッシュされたとき、相手の山札を上から8枚トラッシュする。
1333,ナットレイ,M4,061/083,ポケモン/1進化,,,テッシード,130.0,鋼,炎,草,3.0,スペシャルウィップ,鋼鋼,70+,このポケモンに特殊エネルギーがついているなら、70ダメージ追加。
1334,コバルオンex,M4,062/083,ポケモン/たね,ex,,,210.0,鋼,炎,草,2.0,[特性]メタルロード,,,自分の番に、このポケモンがベンチからバトル場に出たとき、1回使える。自分の場のポケモンについている【鋼】エネルギーを好きなだけ選び、このポケモンにつけ替える。
1334,コバルオンex,M4,062/083,ポケモン/たね,ex,,,210.0,鋼,炎,草,2.0,パワータックル,鋼鋼●,200,次の自分の番、このポケモンはワザが使えない。
1335,メガドラミドロex,M4,063/083,ポケモン/1進化,メガシンカex,,クズモー,330.0,竜,,,2.0,ふしょくえき,●●,,相手のポケモン全員についている「ポケモンのどうぐ」と「特殊エネルギー」を、すべてトラッシュする。
1335,メガドラミドロex,M4,063/083,ポケモン/1進化,メガシンカex,,クズモー,330.0,竜,,,2.0,デッドリーポイズン,水悪,,相手のバトルポケモンを【どく】にする。この【どく】でのせるダメカンの数は16個になる。
1336,ヌメラ,M4,064/083,ポケモン/たね,,,,60.0,竜,,,2.0,すいとる,水超,30,このポケモンのHPを「30」回復する。
1337,ヌメイル,M4,065/083,ポケモン/1進化,,,ヌメラ,90.0,竜,,,3.0,ひっぱたく,水超,70,
1338,ヌメルゴン,M4,066/083,ポケモン/2進化,,,ヌメイル,160.0,竜,,,3.0,[特性]ぬめぬめスリップ,,,このポケモンがいるかぎり、相手のバトルポケモンが【にげる】とき、相手はコインを1回投げる。ウラなら、【にげる】ためのエネルギーはトラッシュせず、入れ替えをしない。この特性の効果は重ならない。
1338,ヌメルゴン,M4,066/083,ポケモン/2進化,,,ヌメイル,160.0,竜,,,3.0,りゅうのはどう,水超,160,自分の山札を上から1枚トラッシュする。
1339,ケンタロス,M4,067/083,ポケモン/たね,,,,130.0,無,闘,,2.0,むれでねらう,●●,,相手のポケモンを1匹選び、自分の場の、名前に「ケンタロス」とつくポケモンの数ぶんコインを投げる。選んだポケモンに、オモテの数×50ダメージ。［ベンチは弱点・抵抗力を計算しない。］
1340,ミネズミ,M4,068/083,ポケモン/たね,,,,70.0,無,闘,,1.0,[特性]かんしのめ,,,このポケモンがいるかぎり、おたがいのポケモン全員にのっているダメカンは、別のポケモンにのせ替えられない。
1340,ミネズミ,M4,068/083,ポケモン/たね,,,,70.0,無,闘,,1.0,かみつく,●,10,
1341,ミルホッグ,M4,069/083,ポケモン/1進化,,,ミネズミ,100.0,無,闘,,1.0,ぬきうちチェック,●,,コインを3回投げる。オモテが出たなら、相手の手札を見て、その中からカードをオモテの数ぶん選び、相手の山札にもどして切る。
1341,ミルホッグ,M4,069/083,ポケモン/1進化,,,ミネズミ,100.0,無,闘,,1.0,けたぐり,●,50,
1342,チラーミィ,M4,070/083,ポケモン/たね,,,,70.0,無,闘,,1.0,とっしん,●,30,このポケモンにも10ダメージ。
1343,チラチーノex,M4,071/083,ポケモン/1進化,ex,,チラーミィ,240.0,無,闘,,1.0,[特性]なめらかコート,,,このポケモンがワザのダメージを受けるとき、自分はコインを1回投げる。オモテなら、このポケモンはそのダメージを受けない。
1343,チラチーノex,M4,071/083,ポケモン/1進化,ex,,チラーミィ,240.0,無,闘,,1.0,エナジービンタ,●,40×,このポケモンについているエネルギーの数×40ダメージ。
1344,トロピウス,M5,001/081,ポケモン/たね,,,,110.0,草,炎,,1.0,かじつのかおり,●,,自分の山札を上から6枚見て、その中からポケモンを好きなだけ選び、相手に見せて、手札に加える。残りのカードは山札にもどして切る。
1344,トロピウス,M5,001/081,ポケモン/たね,,,,110.0,草,炎,,1.0,ソーラービーム,草●,60,
1345,アゴジムシ,M5,002/081,ポケモン/たね,,,,70.0,草,炎,,2.0,いとをはく,●,10,コインを1回投げオモテなら、相手のバトルポケモンを【マヒ】にする。
1346,カリキリ,M5,003/081,ポケモン/たね,,,,70.0,草,炎,,1.0,とつげき,草,30,このポケモンにも10ダメージ。
1347,ラランテスex,M5,004/081,ポケモン/1進化,ex,,カリキリ,260.0,草,炎,,1.0,はつらつカッター,草,60+,この番に、このポケモンのHPを回復していたなら、200ダメージ追加。
1347,ラランテスex,M5,004/081,ポケモン/1進化,ex,,カリキリ,260.0,草,炎,,1.0,リーフガード,草●,140,次の相手の番、このポケモンが受けるワザのダメージは「-50」される。
1348,チャデス,M5,005/081,ポケモン/たね,,,,30.0,草,炎,,,[特性]ばけがくれ,,,このポケモンは、相手のワザや特性の効果を受けない。
1348,チャデス,M5,005/081,ポケモン/たね,,,,30.0,草,炎,,,ひっそりのせる,●,,相手のバトルポケモンに、ダメカンを1個のせる。
1349,ヤバソチャ,M5,006/081,ポケモン/1進化,,,チャデス,60.0,草,炎,,1.0,[特性]ばけがくれ,,,このポケモンは、相手のワザや特性の効果を受けない。
1349,ヤバソチャ,M5,006/081,ポケモン/1進化,,,チャデス,60.0,草,炎,,1.0,まっちゃスピン,●,,自分のトラッシュに、特性「ばけがくれ」を持つポケモンが6枚以上あるなら、相手のポケモン全員に、それぞれダメカンを4個のせる。
1350,ヒードラン,M5,007/081,ポケモン/たね,,,,140.0,炎,水,,4.0,こがす,炎,,相手のバトルポケモンを【やけど】にする。
1350,ヒードラン,M5,007/081,ポケモン/たね,,,,140.0,炎,水,,4.0,ようがんウォール,炎炎●,120,次の相手の番、このポケモンは【やけど】のポケモンからワザのダメージを受けない。
1351,ヤクデ,M5,008/081,ポケモン/たね,,,,80.0,炎,水,,2.0,のやき,炎,,相手の山札を上から1枚トラッシュする。
1351,ヤクデ,M5,008/081,ポケモン/たね,,,,80.0,炎,水,,2.0,バグパニック,●●●,50×,自分の山札を下から7枚オモテにして、その中にある、ワザ「バグパニック」を持つポケモンの枚数×50ダメージ。オモテにしたポケモンは山札にもどして切る。残りのカードはトラッシュする。
1352,マルヤクデ,M5,009/081,ポケモン/1進化,,,ヤクデ,140.0,炎,水,,3.0,のやき,炎,,相手の山札を上から2枚トラッシュする。
1352,マルヤクデ,M5,009/081,ポケモン/1進化,,,ヤクデ,140.0,炎,水,,3.0,ヒートタックル,炎●●●,160,このポケモンにも30ダメージ。
1353,カルボウ,M5,010/081,ポケモン/たね,,,,80.0,炎,水,,2.0,ぜんりょくパンチ,炎,40,コインを1回投げウラなら、このワザは失敗。
1354,グレンアルマ,M5,011/081,ポケモン/1進化,,,カルボウ,140.0,炎,水,,2.0,フレイムレギオン,炎,40+,【炎】エネルギーがついている自分のベンチポケモンの数×40ダメージ追加。
1355,トサキント,M5,012/081,ポケモン/たね,,,,70.0,水,雷,,1.0,つきさす,●●,30,
1356,アズマオウ,M5,013/081,ポケモン/1進化,,,トサキント,110.0,水,雷,,1.0,ハイドロショット,●●●,,相手のポケモン1匹に、このポケモンについている【水】エネルギーの数×30ダメージ。［ベンチは弱点・抵抗力を計算しない。］
1357,ホエルコ,M5,014/081,ポケモン/たね,,,,130.0,水,雷,,4.0,みずでっぽう,水水,40,
1357,ホエルコ,M5,014/081,ポケモン/たね,,,,130.0,水,雷,,4.0,スプラッシュ,水水水,80,
1358,ホエルオーex,M5,015/081,ポケモン/1進化,ex,,ホエルコ,380.0,水,雷,,4.0,なみのり,水水水,120,
1358,ホエルオーex,M5,015/081,ポケモン/1進化,ex,,ホエルコ,380.0,水,雷,,4.0,フォーリングダウン,水水水水水,270,このポケモンを【ねむり】にする。
1359,ジーランス,M5,016/081,ポケモン/たね,,,,100.0,水,雷,,1.0,フォッシルビート,●,10+,名前に「古びた」とつく自分のベンチポケモンの数×30ダメージ追加。
1360,アシマリ,M5,017/081,ポケモン/たね,,,,70.0,水,雷,,1.0,はたく,水,20,
1361,オシャマリ,M5,018/081,ポケモン/1進化,,,アシマリ,90.0,水,雷,,2.0,ハイパーボイス,水,40,
1362,アシレーヌ,M5,019/081,ポケモン/2進化,,,オシャマリ,150.0,水,雷,,2.0,[特性]まんたんメロディ,,,自分の番に、このカードを手札から出して進化させたとき、1回使える。自分のポケモン1匹のHPを、すべて回復する。
1362,アシレーヌ,M5,019/081,ポケモン/2進化,,,オシャマリ,150.0,水,雷,,2.0,アクアリターン,水●,120,このポケモンと、ついているすべてのカードを、山札にもどして切る。
1363,ナミイルカ,M5,020/081,ポケモン/たね,,,,80.0,水,雷,,2.0,ドレインフィン,水水,20,このポケモンのHPを「20」回復する。
1364,イルカマン,M5,021/081,ポケモン/1進化,,,ナミイルカ,150.0,水,雷,,2.0,ジャスティスナックル,水水,80+,相手のサイドの残り枚数が1枚なら、200ダメージ追加。
1365,ラクライ,M5,022/081,ポケモン/たね,,,,70.0,雷,闘,,1.0,もってくる,雷,,自分の山札を1枚引く。
1365,ラクライ,M5,022/081,ポケモン/たね,,,,70.0,雷,闘,,1.0,たいあたり,雷雷,30,
1366,ライボルト,M5,023/081,ポケモン/1進化,,,ラクライ,120.0,雷,闘,,1.0,フラッシュバリア,雷雷,50,次の相手の番、このポケモンは進化ポケモンからワザのダメージを受けない。
1366,ライボルト,M5,023/081,ポケモン/1進化,,,ラクライ,120.0,雷,闘,,1.0,ソニックエッジ,雷雷雷,110,このワザのダメージは、相手のバトルポケモンにかかっている効果を計算しない。
1367,デンヂムシ,M5,024/081,ポケモン/1進化,,,アゴジムシ,100.0,雷,闘,,2.0,はさむ,雷,30,
1367,デンヂムシ,M5,024/081,ポケモン/1進化,,,アゴジムシ,100.0,雷,闘,,2.0,ぶつかる,雷雷,50,
1368,クワガノン,M5,025/081,ポケモン/2進化,,,デンヂムシ,160.0,雷,闘,,2.0,クイックダイブ,雷,,相手のポケモン1匹に、50ダメージ。［ベンチは弱点・抵抗力を計算しない。］
1368,クワガノン,M5,025/081,ポケモン/2進化,,,デンヂムシ,160.0,雷,闘,,2.0,ギガレールガン,雷雷,260,このポケモンに「ボルト【雷】エネルギー」がついていないなら、このワザは失敗。
1369,メガゼラオラex,M5,026/081,ポケモン/たね,メガシンカex,,,270.0,雷,闘,,1.0,サンダーフィスト,雷,60×,このポケモンについている【雷】エネルギーの数×60ダメージ。
1369,メガゼラオラex,M5,026/081,ポケモン/たね,メガシンカex,,,270.0,雷,闘,,1.0,ゼプトターン,雷雷雷,150,このポケモンをベンチポケモンと入れ替える。
1370,ミライドン,M5,027/081,ポケモン/たね,,,,120.0,雷,闘,,1.0,[特性]フォトンコード,,,このポケモンが、バトル場で相手のポケモンからワザのダメージを受けて【きぜつ】したとき、このポケモンについている「基本【雷】エネルギー」を2枚まで選び、ベンチポケモン1匹につけ替える。
1370,ミライドン,M5,027/081,ポケモン/たね,,,,120.0,雷,闘,,1.0,かみなり,雷雷,90,このポケモンにも30ダメージ。
1371,ヤドン,M5,028/081,ポケモン/たね,,,,70.0,超,悪,闘,2.0,すてほうだい,超,,自分の手札を好きなだけ選び、トラッシュする。
1371,ヤドン,M5,028/081,ポケモン/たね,,,,70.0,超,悪,闘,2.0,ずつき,●●,20,
1372,ヤドラン,M5,029/081,ポケモン/1進化,,,ヤドン,130.0,超,悪,闘,3.0,スッカラカン,超,50+,自分の手札が1枚もないなら、160ダメージ追加。
1372,ヤドラン,M5,029/081,ポケモン/1進化,,,ヤドン,130.0,超,悪,闘,3.0,しねんのずつき,●●●,110,
1373,ルージュラ,M5,030/081,ポケモン/たね,,,,100.0,超,悪,闘,1.0,きょうれつキッス,超,,次の相手の番の終わりに、このワザを受けたポケモンと、ついているすべてのカードを、トラッシュする。
1373,ルージュラ,M5,030/081,ポケモン/たね,,,,100.0,超,悪,闘,1.0,ねんりき,超●,50,コインを1回投げオモテなら、相手のバトルポケモンを【マヒ】にする。
1374,カゲボウズ,M5,031/081,ポケモン/たね,,,,50.0,超,悪,闘,1.0,[特性]ばけがくれ,,,このポケモンは、相手のワザや特性の効果を受けない。
1374,カゲボウズ,M5,031/081,ポケモン/たね,,,,50.0,超,悪,闘,1.0,ぶらさがる,超,10,
1375,ジュペッタ,M5,032/081,ポケモン/1進化,,,カゲボウズ,80.0,超,悪,闘,1.0,[特性]ばけがくれ,,,このポケモンは、相手のワザや特性の効果を受けない。
1375,ジュペッタ,M5,032/081,ポケモン/1進化,,,カゲボウズ,80.0,超,悪,闘,1.0,にんぎょうキャッチ,超,80,のぞむなら、自分の山札から好きなカードを1枚選び、手札に加える。そして山札を切る。
1376,ミカルゲ,M5,033/081,ポケモン/たね,,,,60.0,超,悪,闘,1.0,たましいエンド,超,,自分のトラッシュに、特性「ばけがくれ」を持つポケモンが13枚以上あるなら、相手のポケモンを2匹選び、それぞれのっているダメカンの数が4倍になるように、ダメカンをのせる。
1377,ヒトモシ,M5,034/081,ポケモン/たね,,,,70.0,超,悪,闘,1.0,おにび,超,20,
1378,ランプラー,M5,035/081,ポケモン/1進化,,,ヒトモシ,90.0,超,悪,闘,1.0,ふえるあかり,超,,自分の山札から「ランプラー」を3枚まで選び、ベンチに出す。そして山札を切る。
1379,メガシャンデラex,M5,036/081,ポケモン/2進化,メガシンカex,,ランプラー,350.0,超,悪,闘,2.0,[特性]じゅばくのほのお,,,このポケモンがいるかぎり、相手のバトルポケモンは、【にげる】ためのエネルギーが1個ぶん多くなる。
1379,メガシャンデラex,M5,036/081,ポケモン/2進化,メガシンカex,,ランプラー,350.0,超,悪,闘,2.0,ファントムメイズ,超超,130+,相手のバトルポケモンの【にげる】ためのエネルギーの数×50ダメージ追加。
1380,ダダリン,M5,037/081,ポケモン/たね,,,,140.0,超,悪,闘,3.0,むねんのイカリ,超,30+,自分のトラッシュに、特性「ばけがくれ」を持つポケモンが4枚以上あるなら、140ダメージ追加。
1381,マーシャドー,M5,038/081,ポケモン/たね,,,,90.0,超,悪,闘,1.0,かげむすび,超,30×,相手のバトルポケモンの【にげる】ためのエネルギーの数×30ダメージ。
1382,コノヨザル,M5,039/081,ポケモン/2進化,,,オコリザル,150.0,超,悪,闘,2.0,[特性]くちないからだ,,,このポケモンが、ワザのダメージを受けて【きぜつ】するとき、自分はコインを1回投げる。オモテなら、このポケモンは【きぜつ】せず、残りHPが「10」の状態で場に残る。
1382,コノヨザル,M5,039/081,ポケモン/2進化,,,オコリザル,150.0,超,悪,闘,2.0,ゴーストブロー,超超,100,相手のベンチポケモン1匹に、ダメカンを5個のせる。
1383,マンキー,M5,040/081,ポケモン/たね,,,,50.0,闘,超,,1.0,けたぐり,●,20,
1384,オコリザル,M5,041/081,ポケモン/1進化,,,マンキー,110.0,闘,超,,2.0,どつく,●●,50,
1385,ズガイドス,M5,042/081,ポケモン/1進化,,,古びたずがいの化石,100.0,闘,草,,2.0,つきとばす,闘闘,70,相手のバトルポケモンをベンチポケモンと入れ替える。［バトル場に出すポケモンは相手が選ぶ。］
1386,ラムパルドex,M5,043/081,ポケモン/2進化,ex,,ズガイドス,330.0,闘,草,,2.0,[特性]はかいのずつき,,,このポケモンがバトル場にいるなら、自分の番に1回使える。コインを1回投げオモテなら、相手のバトルポケモンについているエネルギーを1個選び、トラッシュする。
1386,ラムパルドex,M5,043/081,ポケモン/2進化,ex,,ズガイドス,330.0,闘,草,,2.0,ランページハンマー,闘闘,150,次の自分の番、このポケモンが使うワザの、相手のバトルポケモンへのダメージは「+150」される。
1387,モグリュー,M5,044/081,ポケモン/たね,,,,70.0,闘,草,,2.0,なかまをよぶ,●,,自分の山札から【たね】ポケモンを2枚まで選び、ベンチに出す。そして山札を切る。
1387,モグリュー,M5,044/081,ポケモン/たね,,,,70.0,闘,草,,2.0,ツメをたてる,●●●,50,
1388,コライドン,M5,045/081,ポケモン/たね,,,,130.0,闘,超,,2.0,バトルクロー,闘,30+,相手のバトルポケモンが進化ポケモンなら、30ダメージ追加。
1388,コライドン,M5,045/081,ポケモン/たね,,,,130.0,闘,超,,2.0,ガイアインパクト,闘闘●,190,このポケモンについているエネルギーを、すべてトラッシュする。
1389,メガダークライex,M5,046/081,ポケモン/たね,メガシンカex,,,280.0,悪,草,,2.0,ナイトレイド,悪悪,110+,自分のベンチポケモンにダメカンがのっているなら、110ダメージ追加。
1389,メガダークライex,M5,046/081,ポケモン/たね,メガシンカex,,,280.0,悪,草,,2.0,アビスアイ,悪悪悪,,相手のバトルポケモンが特殊状態なら、そのポケモンを【きぜつ】させる。
1390,バルチャイ,M5,047/081,ポケモン/たね,,,,70.0,悪,雷,闘,1.0,はばたく,悪,10,
1390,バルチャイ,M5,047/081,ポケモン/たね,,,,70.0,悪,雷,闘,1.0,かぜおこし,悪●,20,
1391,バルジーナ,M5,048/081,ポケモン/1進化,,,バルチャイ,120.0,悪,雷,闘,2.0,ボーンスナイプ,悪,,特殊エネルギーがついている相手のポケモン1匹に、70ダメージ。［ベンチは弱点・抵抗力を計算しない。］
1391,バルジーナ,M5,048/081,ポケモン/1進化,,,バルチャイ,120.0,悪,雷,闘,2.0,ブラストウインド,悪悪●,120,
1392,マーイーカ,M5,049/081,ポケモン/たね,,,,60.0,悪,草,,1.0,ちょうたつ,悪,,自分の山札からグッズを1枚選び、相手に見せて、手札に加える。そして山札を切る。
1392,マーイーカ,M5,049/081,ポケモン/たね,,,,60.0,悪,草,,1.0,かいてんアタック,悪悪,30,
1393,カラマネロ,M5,050/081,ポケモン/1進化,,,マーイーカ,120.0,悪,草,,2.0,まどわす,悪,,相手のバトルポケモンを【こんらん】にする。
1393,カラマネロ,M5,050/081,ポケモン/1進化,,,マーイーカ,120.0,悪,草,,2.0,ブレインクラッシュ,悪,130,相手のバトルポケモンが【こんらん】でないなら、このワザは失敗。
1394,クスネ,M5,051/081,ポケモン/たね,,,,70.0,悪,草,,1.0,かじる,悪,10,
1394,クスネ,M5,051/081,ポケモン/たね,,,,70.0,悪,草,,1.0,うしろげり,悪●,30,
1395,フォクスライ,M5,052/081,ポケモン/1進化,,,クスネ,100.0,悪,草,,1.0,スキルシーフ,●●,,自分の手札が1枚もないなら、相手の場のポケモンが持つワザを1つ選び、このワザとして使う。
1395,フォクスライ,M5,052/081,ポケモン/1進化,,,クスネ,100.0,悪,草,,1.0,するどいキバ,悪●●,80,
1396,モルペコex,M5,053/081,ポケモン/たね,ex,,,180.0,悪,草,,1.0,ホイールドロー,悪,,自分の手札をすべて山札にもどして切る。その後、山札を6枚引く。
1396,モルペコex,M5,053/081,ポケモン/たね,ex,,,180.0,悪,草,,1.0,はらぺこボンバー,悪悪,40+,このポケモンにのっているダメカンの数×40ダメージ追加。
1397,ザルード,M5,054/081,ポケモン/たね,,,,130.0,悪,草,,2.0,うしろなげ,悪,30,自分のベンチポケモン1匹にも、30ダメージ。［ベンチは弱点・抵抗力を計算しない。］
1397,ザルード,M5,054/081,ポケモン/たね,,,,130.0,悪,草,,2.0,シャドーウィップ,悪悪悪,100+,自分のベンチポケモンに「シャドー【悪】エネルギー」がついているなら、70ダメージ追加。
1398,オラチフ,M5,055/081,ポケモン/たね,,,,70.0,悪,草,,2.0,かみつく,悪悪,40,
1399,マフィティフ,M5,056/081,ポケモン/1進化,,,オラチフ,140.0,悪,草,,3.0,かみつく,悪悪,60,
1399,マフィティフ,M5,056/081,ポケモン/1進化,,,オラチフ,140.0,悪,草,,3.0,とびこみヘッド,悪悪悪,210,次の相手の番、このポケモンが受けるワザのダメージは「+100」される。
1400,イーユイ,M5,057/081,ポケモン/たね,,,,90.0,悪,草,,1.0,うずまくねたみ,悪,20+,このポケモンにダメカンが2個以上のっているなら、90ダメージ追加。このワザのダメージは弱点を計算しない。
1401,エアームド,M5,058/081,ポケモン/たね,,,,120.0,鋼,雷,闘,1.0,スチールカッター,鋼,40×,自分の手札から「基本【鋼】エネルギー」を2枚までトラッシュし、その枚数×40ダメージ。
1402,タテトプス,M5,059/081,ポケモン/1進化,,,古びたたての化石,100.0,鋼,炎,草,3.0,くだく,鋼●,50,相手のバトルポケモンについているエネルギーを1個選び、トラッシュする。
1403,トリデプス,M5,060/081,ポケモン/2進化,,,タテトプス,160.0,鋼,炎,草,4.0,[特性]たいこのぼうへき,,,このポケモンがベンチにいるかぎり、自分のポケモン全員は、ついているエネルギーが2個以下の相手のポケモンからワザのダメージを受けない。
1403,トリデプス,M5,060/081,ポケモン/2進化,,,タテトプス,160.0,鋼,炎,草,4.0,ぶちかます,鋼鋼●,160,
1404,ドーミラー,M5,061/081,ポケモン/たね,,,,80.0,鋼,炎,草,3.0,ミラーアタック,鋼,10+,相手のバトルポケモンが【鋼】ポケモンなら、30ダメージ追加。
1405,ドータクン,M5,062/081,ポケモン/1進化,,,ドーミラー,130.0,鋼,炎,草,3.0,ひっぱたく,鋼,40,
1405,ドータクン,M5,062/081,ポケモン/1進化,,,ドーミラー,130.0,鋼,炎,草,3.0,メタルブロック,鋼鋼●,120,次の相手の番、このポケモンが進化ポケモンから受けるワザのダメージは「-100」される。
1406,メガドリュウズex,M5,063/081,ポケモン/1進化,メガシンカex,,モグリュー,340.0,鋼,炎,草,4.0,ほりくずす,鋼鋼,90,相手の山札を上から2枚トラッシュする。
1406,メガドリュウズex,M5,063/081,ポケモン/1進化,メガシンカex,,モグリュー,340.0,鋼,炎,草,4.0,マキシマムドリル,鋼鋼鋼,200+,このワザを使うためのエネルギーより、2個多くエネルギーがついているなら、130ダメージ追加。
1407,ツツケラ,M5,064/081,ポケモン/たね,,,,70.0,無,雷,闘,1.0,にどづき,●,10×,コインを2回投げ、オモテの数×10ダメージ。
1408,ケララッパ,M5,065/081,ポケモン/1進化,,,ツツケラ,90.0,無,雷,闘,1.0,そらをとぶ,●,30,コインを1回投げウラなら、このワザは失敗。オモテなら、次の相手の番、このポケモンはワザのダメージや効果を受けない。
1409,ドデカバシ,M5,066/081,ポケモン/2進化,,,ケララッパ,150.0,無,雷,闘,2.0,[特性]スカイドロー,,,自分の番に1回使える。自分の山札を1枚引く。
1409,ドデカバシ,M5,066/081,ポケモン/2進化,,,ケララッパ,150.0,無,雷,闘,2.0,フェザーロンド,●,60+,おたがいのベンチポケモンの数×20ダメージ追加。
1410,タイプ：ヌル,M5,067/081,ポケモン/たね,,,,110.0,無,闘,,2.0,パワーエッジ,●●,40,
1411,シルヴァディ,M5,068/081,ポケモン/1進化,,,タイプ：ヌル,140.0,無,闘,,2.0,[特性]バディコール,,,自分の手札が1枚もないなら、自分の番に1回使える。自分の山札からサポートを1枚選び、相手に見せて、手札に加える。そして山札を切る。
1411,シルヴァディ,M5,068/081,ポケモン/1進化,,,タイプ：ヌル,140.0,無,闘,,2.0,エアスラッシュ,●●●,130,このポケモンについているエネルギーを1個選び、トラッシュする。
1412,オトシドリ,M5,069/081,ポケモン/たね,,,,100.0,無,雷,闘,1.0,おとどけチャレンジ,●●,,コインを2回投げ、すべてオモテなら、自分の山札からポケモンを1枚選び、ベンチに出す。そして山札を切る。
1412,オトシドリ,M5,069/081,ポケモン/たね,,,,100.0,無,雷,闘,1.0,スピードウイング,●●●,100,
1413,スペシャルレッドカード,M4,072/083,グッズ,,,,,,,,,,,,"このカードは、相手のサイドの残り枚数が3枚以下のときにしか使えない。

相手は相手自身の手札をすべてウラにして切り、山札の下にもどす。その後、相手は山札を3枚引く。"
1414,大漁ネット,M4,073/083,グッズ,,,,,,,,,,,,自分のトラッシュから【水】ポケモンと「基本【水】エネルギー」をそれぞれ3枚まで選び、相手に見せて、山札にもどして切る。
1415,変化の書,M4,074/083,グッズ,,,,,,,,,,,,"「変化の書」は、2枚同時にしか使えない。（効果は、2枚で1回はたらく。）

自分のトラッシュから【たね】ポケモンを1枚選び、自分の場の【たね】ポケモン1匹と入れ替える（ついているカード・ダメカン・特殊状態・効果などは、すべて引きつぐ）。入れ替えたポケモンはトラッシュする。"
1416,ダークベル,M5,070/081,グッズ,,,,,,,,,,,,おたがいのバトルポケモン（【悪】ポケモンをのぞく）を、それぞれ【こんらん】にする。
1417,古びたずがいの化石,M5,071/081,グッズ,,化石,ズガイドスへ進化,60.0,,,,,,,,"このカードは、HP60の【無】タイプの【たね】ポケモンとして、場に出せる。このカードは、特殊状態にならず、にげられない。
 自分の番の中でなら、場に出ているこのカードをトラッシュできる。"
1417,古びたずがいの化石,M5,071/081,グッズ,,化石,ズガイドスへ進化,60.0,,,,,[特性]ずがいのトゲ,,,このポケモンが、バトル場で相手のポケモンからワザのダメージを受けたとき、ワザを使ったポケモンにダメカンを3個のせる。
1418,古びたたての化石,M5,072/081,グッズ,,化石,タテトプスへ進化,60.0,,,,,,,,"このカードは、HP60の【無】タイプの【たね】ポケモンとして、場に出せる。このカードは、特殊状態にならず、にげられない。
 自分の番の中でなら、場に出ているこのカードをトラッシュできる。"
1418,古びたたての化石,M5,072/081,グッズ,,化石,タテトプスへ進化,60.0,,,,,[特性]たてのまもり,,,このポケモンがバトル場にいるかぎり、自分のポケモン全員が、相手のポケモンから受けるワザのダメージは「-10」される。
1419,ごうかいボム,M5,073/081,ポケモンのどうぐ,,,,,,,,,,,,このカードをつけているポケモン（「メガシンカ【ex】」をのぞく）が、バトル場で相手の「メガシンカ【ex】」から「240」以上のワザのダメージを受けたとき、ワザを使ったポケモンにダメカンを12個のせる。その後、このカードをトラッシュする。
1420,リトライバッジ,M5,074/081,ポケモンのどうぐ,,,,,,,,,,,,自分の番ごとに1回、このカードをつけている【無】ポケモンのワザで自分がコインを投げたとき、そのコインの結果をすべてなくし、はじめからコインを投げなおしてよい。
1421,AZの安らぎ,M4,075/083,サポート,,,,,,,,,,,,自分のバトルポケモンをベンチポケモンと入れ替える。「ポケモン【ex】」をベンチに入れ替えた場合、そのポケモンのHPを「80」回復する。
1422,ジプソ,M4,076/083,サポート,,,,,,,,,,,,自分のトラッシュから「基本【鋼】エネルギー」を2枚まで選び、自分の【鋼】ポケモン1匹につける。
1423,ホミカの演奏,M4,077/083,サポート,,,,,,,,,,,,次の相手の番、相手の【どく】のポケモンは、にげられない。（新しく【どく】にしたポケモンもふくむ。）
1424,マチエール,M4,078/083,サポート,,,,,,,,,,,,相手の手札を見て、その中にあるポケモンの枚数ぶん、自分の山札を引く。
1425,カスミの元気,M5,075/081,サポート,,,,,,,,,,,,"このカードを使ったなら、自分の番は終わる。
 
 自分の山札から「基本【水】エネルギー」を4枚まで選び、自分のポケモン1匹につける。そして山札を切る。"
1426,グラジオの決戦,M5,076/081,サポート,,,,,,,,,,,,"このカードは、自分の手札がこのカード1枚だけのときにしか使えない。
 
 この番、自分のポケモン（「ルールを持つポケモン」をのぞく）が使うワザの、相手のバトルポケモンへのダメージは「+80」される。"
1427,サビ組のしたっぱ,M5,077/081,サポート,,,,,,,,,,,,"このカードは、前の相手の番に、自分のポケモンが【きぜつ】していなければ使えない。
 
 相手の場のポケモンについているエネルギーを1個選び、トラッシュする。"
1428,ムク,M5,078/081,サポート,,,,,,,,,,,,自分の手札からポケモン（「ルールを持つポケモン」をのぞく）を2枚までトラッシュし、その枚数×3枚ぶん、山札を引く。
1429,アンジュフラエッテ,M4,079/083,スタジアム,,,,,,,,,,,,"このカードは、場に出ている「プリズムタワー」をトラッシュしなければ場に出せず、「プリズムタワー」を出した番でも場に出せる。

おたがいの場の「メガフラエッテ【ex】」全員は、それぞれ最大HPが「+150」される。"
1430,プリズムタワー,M4,080/083,スタジアム,,,,,,,,,,,,おたがいのプレイヤーは、自分の番ごとに1回、自分の手札を2枚トラッシュするなら、自分の山札を1枚引いてよい。
1431,化石採掘場,M5,079/081,スタジアム,,,,,,,,,,,,おたがいのプレイヤーは、自分の番ごとに1回、自分の山札から、名前に「古びた」とつくグッズを2枚まで選び、ベンチに出してよい。そして山札を切る。
