game,step,seat,select_context,zone,position,card,count
1,0,0,IS_FIRST,my_unseen,,Basic {D} Energy,9
1,0,0,IS_FIRST,my_unseen,,Froslass,3
1,0,0,IS_FIRST,my_unseen,,Munkidori,3
1,0,0,IS_FIRST,my_unseen,,Budew,1
1,0,0,IS_FIRST,my_unseen,,Shaymin,1
1,0,0,IS_FIRST,my_unseen,,Marnie's Impidimp,3
1,0,0,IS_FIRST,my_unseen,,Marnie's Morgrem,2
1,0,0,IS_FIRST,my_unseen,,Marnie's Grimmsnarl ex,3
1,0,0,IS_FIRST,my_unseen,,Yveltal,1
1,0,0,IS_FIRST,my_unseen,,Snorunt,3
1,0,0,IS_FIRST,my_unseen,,Rare Candy,2
1,0,0,IS_FIRST,my_unseen,,Buddy-Buddy Poffin,4
1,0,0,IS_FIRST,my_unseen,,Night Stretcher,2
1,0,0,IS_FIRST,my_unseen,,Precious Trolley,1
1,0,0,IS_FIRST,my_unseen,,Tool Scrapper,1
1,0,0,IS_FIRST,my_unseen,,Poké Pad,4
1,0,0,IS_FIRST,my_unseen,,Air Balloon,1
1,0,0,IS_FIRST,my_unseen,,Boss’s Orders,2
1,0,0,IS_FIRST,my_unseen,,Team Rocket's Petrel,4
1,0,0,IS_FIRST,my_unseen,,Lillie's Determination,4
1,0,0,IS_FIRST,my_unseen,,Spikemuth Gym,4
1,0,0,IS_FIRST,my_unseen,,Special Red Card,1
1,0,0,IS_FIRST,my_unseen,,Gwynn,1
1,1,0,SETUP_ACTIVE_POKEMON,hand,0,Precious Trolley,1
1,1,0,SETUP_ACTIVE_POKEMON,hand,1,Munkidori,1
1,1,0,SETUP_ACTIVE_POKEMON,hand,2,Shaymin,1
1,1,0,SETUP_ACTIVE_POKEMON,hand,3,Munkidori,1
1,1,0,SETUP_ACTIVE_POKEMON,hand,4,Buddy-Buddy Poffin,1
1,1,0,SETUP_ACTIVE_POKEMON,hand,5,Snorunt,1
1,1,0,SETUP_ACTIVE_POKEMON,hand,6,Snorunt,1
1,1,0,SETUP_ACTIVE_POKEMON,my_unseen,,Basic {D} Energy,9
1,1,0,SETUP_ACTIVE_POKEMON,my_unseen,,Froslass,3
1,1,0,SETUP_ACTIVE_POKEMON,my_unseen,,Munkidori,1
1,1,0,SETUP_ACTIVE_POKEMON,my_unseen,,Budew,1
1,1,0,SETUP_ACTIVE_POKEMON,my_unseen,,Marnie's Impidimp,3
1,1,0,SETUP_ACTIVE_POKEMON,my_unseen,,Marnie's Morgrem,2
1,1,0,SETUP_ACTIVE_POKEMON,my_unseen,,Marnie's Grimmsnarl ex,3
1,1,0,SETUP_ACTIVE_POKEMON,my_unseen,,Yveltal,1
1,1,0,SETUP_ACTIVE_POKEMON,my_unseen,,Snorunt,1
1,1,0,SETUP_ACTIVE_POKEMON,my_unseen,,Rare Candy,2
1,1,0,SETUP_ACTIVE_POKEMON,my_unseen,,Buddy-Buddy Poffin,3
1,1,0,SETUP_ACTIVE_POKEMON,my_unseen,,Night Stretcher,2
1,1,0,SETUP_ACTIVE_POKEMON,my_unseen,,Tool Scrapper,1
1,1,0,SETUP_ACTIVE_POKEMON,my_unseen,,Poké Pad,4
1,1,0,SETUP_ACTIVE_POKEMON,my_unseen,,Air Balloon,1
1,1,0,SETUP_ACTIVE_POKEMON,my_unseen,,Boss’s Orders,2
1,1,0,SETUP_ACTIVE_POKEMON,my_unseen,,Team Rocket's Petrel,4
1,1,0,SETUP_ACTIVE_POKEMON,my_unseen,,Lillie's Determination,4
1,1,0,SETUP_ACTIVE_POKEMON,my_unseen,,Spikemuth Gym,4
1,1,0,SETUP_ACTIVE_POKEMON,my_unseen,,Special Red Card,1
1,1,0,SETUP_ACTIVE_POKEMON,my_unseen,,Gwynn,1
1,2,1,SETUP_ACTIVE_POKEMON,hand,0,Ultra Ball,1
1,2,1,SETUP_ACTIVE_POKEMON,hand,1,Poké Pad,1
1,2,1,SETUP_ACTIVE_POKEMON,hand,2,Munkidori,1
1,2,1,SETUP_ACTIVE_POKEMON,hand,3,Dreepy,1
1,2,1,SETUP_ACTIVE_POKEMON,hand,4,Basic {D} Energy,1
1,2,1,SETUP_ACTIVE_POKEMON,hand,5,Poké Pad,1
1,2,1,SETUP_ACTIVE_POKEMON,hand,6,Jamming Tower,1
1,2,1,SETUP_ACTIVE_POKEMON,my_unseen,,Basic {R} Energy,4
1,2,1,SETUP_ACTIVE_POKEMON,my_unseen,,Basic {P} Energy,4
1,2,1,SETUP_ACTIVE_POKEMON,my_unseen,,Basic {D} Energy,1
1,2,1,SETUP_ACTIVE_POKEMON,my_unseen,,Chi-Yu,1
1,2,1,SETUP_ACTIVE_POKEMON,my_unseen,,Munkidori,1
1,2,1,SETUP_ACTIVE_POKEMON,my_unseen,,Dreepy,3
1,2,1,SETUP_ACTIVE_POKEMON,my_unseen,,Drakloak,4
1,2,1,SETUP_ACTIVE_POKEMON,my_unseen,,Dragapult ex,3
1,2,1,SETUP_ACTIVE_POKEMON,my_unseen,,Fezandipiti ex,1
1,2,1,SETUP_ACTIVE_POKEMON,my_unseen,,Budew,2
1,2,1,SETUP_ACTIVE_POKEMON,my_unseen,,Meowth ex,1
1,2,1,SETUP_ACTIVE_POKEMON,my_unseen,,Unfair Stamp,1
1,2,1,SETUP_ACTIVE_POKEMON,my_unseen,,Buddy-Buddy Poffin,4
1,2,1,SETUP_ACTIVE_POKEMON,my_unseen,,Night Stretcher,2
1,2,1,SETUP_ACTIVE_POKEMON,my_unseen,,Crushing Hammer,4
1,2,1,SETUP_ACTIVE_POKEMON,my_unseen,,Ultra Ball,3
1,2,1,SETUP_ACTIVE_POKEMON,my_unseen,,Poké Pad,2
1,2,1,SETUP_ACTIVE_POKEMON,my_unseen,,Boss’s Orders,3
1,2,1,SETUP_ACTIVE_POKEMON,my_unseen,,Crispin,3
1,2,1,SETUP_ACTIVE_POKEMON,my_unseen,,Judge,1
1,2,1,SETUP_ACTIVE_POKEMON,my_unseen,,Lillie's Determination,4
1,2,1,SETUP_ACTIVE_POKEMON,my_unseen,,Jamming Tower,1
1,3,0,DRAW_COUNT,hand,0,Precious Trolley,1
1,3,0,DRAW_COUNT,hand,1,Munkidori,1
1,3,0,DRAW_COUNT,hand,2,Shaymin,1
1,3,0,DRAW_COUNT,hand,3,Buddy-Buddy Poffin,1
1,3,0,DRAW_COUNT,hand,4,Snorunt,1
1,3,0,DRAW_COUNT,hand,5,Snorunt,1
1,3,0,DRAW_COUNT,my_unseen,,Basic {D} Energy,9
1,3,0,DRAW_COUNT,my_unseen,,Froslass,3
1,3,0,DRAW_COUNT,my_unseen,,Munkidori,2
1,3,0,DRAW_COUNT,my_unseen,,Budew,1
1,3,0,DRAW_COUNT,my_unseen,,Marnie's Impidimp,3
1,3,0,DRAW_COUNT,my_unseen,,Marnie's Morgrem,2
1,3,0,DRAW_COUNT,my_unseen,,Marnie's Grimmsnarl ex,3
1,3,0,DRAW_COUNT,my_unseen,,Yveltal,1
1,3,0,DRAW_COUNT,my_unseen,,Snorunt,1
1,3,0,DRAW_COUNT,my_unseen,,Rare Candy,2
1,3,0,DRAW_COUNT,my_unseen,,Buddy-Buddy Poffin,3
1,3,0,DRAW_COUNT,my_unseen,,Night Stretcher,2
1,3,0,DRAW_COUNT,my_unseen,,Tool Scrapper,1
1,3,0,DRAW_COUNT,my_unseen,,Poké Pad,4
1,3,0,DRAW_COUNT,my_unseen,,Air Balloon,1
1,3,0,DRAW_COUNT,my_unseen,,Boss’s Orders,2
1,3,0,DRAW_COUNT,my_unseen,,Team Rocket's Petrel,4
1,3,0,DRAW_COUNT,my_unseen,,Lillie's Determination,4
1,3,0,DRAW_COUNT,my_unseen,,Spikemuth Gym,4
1,3,0,DRAW_COUNT,my_unseen,,Special Red Card,1
1,3,0,DRAW_COUNT,my_unseen,,Gwynn,1
1,4,1,SETUP_BENCH_POKEMON,hand,0,Ultra Ball,1
1,4,1,SETUP_BENCH_POKEMON,hand,1,Poké Pad,1
1,4,1,SETUP_BENCH_POKEMON,hand,2,Munkidori,1
1,4,1,SETUP_BENCH_POKEMON,hand,3,Basic {D} Energy,1
1,4,1,SETUP_BENCH_POKEMON,hand,4,Poké Pad,1
1,4,1,SETUP_BENCH_POKEMON,hand,5,Jamming Tower,1
1,4,1,SETUP_BENCH_POKEMON,my_unseen,,Basic {R} Energy,4
1,4,1,SETUP_BENCH_POKEMON,my_unseen,,Basic {P} Energy,4
1,4,1,SETUP_BENCH_POKEMON,my_unseen,,Basic {D} Energy,1
1,4,1,SETUP_BENCH_POKEMON,my_unseen,,Chi-Yu,1
1,4,1,SETUP_BENCH_POKEMON,my_unseen,,Munkidori,1
1,4,1,SETUP_BENCH_POKEMON,my_unseen,,Dreepy,4
1,4,1,SETUP_BENCH_POKEMON,my_unseen,,Drakloak,4
1,4,1,SETUP_BENCH_POKEMON,my_unseen,,Dragapult ex,3
1,4,1,SETUP_BENCH_POKEMON,my_unseen,,Fezandipiti ex,1
1,4,1,SETUP_BENCH_POKEMON,my_unseen,,Budew,2
1,4,1,SETUP_BENCH_POKEMON,my_unseen,,Meowth ex,1
1,4,1,SETUP_BENCH_POKEMON,my_unseen,,Unfair Stamp,1
1,4,1,SETUP_BENCH_POKEMON,my_unseen,,Buddy-Buddy Poffin,4
1,4,1,SETUP_BENCH_POKEMON,my_unseen,,Night Stretcher,2
1,4,1,SETUP_BENCH_POKEMON,my_unseen,,Crushing Hammer,4
1,4,1,SETUP_BENCH_POKEMON,my_unseen,,Ultra Ball,3
1,4,1,SETUP_BENCH_POKEMON,my_unseen,,Poké Pad,2
1,4,1,SETUP_BENCH_POKEMON,my_unseen,,Boss’s Orders,3
1,4,1,SETUP_BENCH_POKEMON,my_unseen,,Crispin,3
1,4,1,SETUP_BENCH_POKEMON,my_unseen,,Judge,1
1,4,1,SETUP_BENCH_POKEMON,my_unseen,,Lillie's Determination,4
1,4,1,SETUP_BENCH_POKEMON,my_unseen,,Jamming Tower,1
1,5,0,SETUP_BENCH_POKEMON,hand,0,Precious Trolley,1
1,5,0,SETUP_BENCH_POKEMON,hand,1,Munkidori,1
1,5,0,SETUP_BENCH_POKEMON,hand,2,Shaymin,1
1,5,0,SETUP_BENCH_POKEMON,hand,3,Buddy-Buddy Poffin,1
1,5,0,SETUP_BENCH_POKEMON,hand,4,Snorunt,1
1,5,0,SETUP_BENCH_POKEMON,hand,5,Snorunt,1
1,5,0,SETUP_BENCH_POKEMON,hand,6,Marnie's Grimmsnarl ex,1
1,5,0,SETUP_BENCH_POKEMON,my_unseen,,Basic {D} Energy,9
1,5,0,SETUP_BENCH_POKEMON,my_unseen,,Froslass,3
1,5,0,SETUP_BENCH_POKEMON,my_unseen,,Munkidori,2
1,5,0,SETUP_BENCH_POKEMON,my_unseen,,Budew,1
1,5,0,SETUP_BENCH_POKEMON,my_unseen,,Marnie's Impidimp,3
1,5,0,SETUP_BENCH_POKEMON,my_unseen,,Marnie's Morgrem,2
1,5,0,SETUP_BENCH_POKEMON,my_unseen,,Marnie's Grimmsnarl ex,2
1,5,0,SETUP_BENCH_POKEMON,my_unseen,,Yveltal,1
1,5,0,SETUP_BENCH_POKEMON,my_unseen,,Snorunt,1
1,5,0,SETUP_BENCH_POKEMON,my_unseen,,Rare Candy,2
1,5,0,SETUP_BENCH_POKEMON,my_unseen,,Buddy-Buddy Poffin,3
1,5,0,SETUP_BENCH_POKEMON,my_unseen,,Night Stretcher,2
1,5,0,SETUP_BENCH_POKEMON,my_unseen,,Tool Scrapper,1
1,5,0,SETUP_BENCH_POKEMON,my_unseen,,Poké Pad,4
1,5,0,SETUP_BENCH_POKEMON,my_unseen,,Air Balloon,1
1,5,0,SETUP_BENCH_POKEMON,my_unseen,,Boss’s Orders,2
1,5,0,SETUP_BENCH_POKEMON,my_unseen,,Team Rocket's Petrel,4
1,5,0,SETUP_BENCH_POKEMON,my_unseen,,Lillie's Determination,4
1,5,0,SETUP_BENCH_POKEMON,my_unseen,,Spikemuth Gym,4
1,5,0,SETUP_BENCH_POKEMON,my_unseen,,Special Red Card,1
1,5,0,SETUP_BENCH_POKEMON,my_unseen,,Gwynn,1
1,6,1,MAIN,hand,0,Ultra Ball,1
1,6,1,MAIN,hand,1,Poké Pad,1
1,6,1,MAIN,hand,2,Basic {D} Energy,1
1,6,1,MAIN,hand,3,Poké Pad,1
1,6,1,MAIN,hand,4,Jamming Tower,1
1,6,1,MAIN,hand,5,Basic {R} Energy,1
1,6,1,MAIN,my_unseen,,Basic {R} Energy,3
1,6,1,MAIN,my_unseen,,Basic {P} Energy,4
1,6,1,MAIN,my_unseen,,Basic {D} Energy,1
1,6,1,MAIN,my_unseen,,Chi-Yu,1
1,6,1,MAIN,my_unseen,,Munkidori,1
1,6,1,MAIN,my_unseen,,Dreepy,3
1,6,1,MAIN,my_unseen,,Drakloak,4
1,6,1,MAIN,my_unseen,,Dragapult ex,3
1,6,1,MAIN,my_unseen,,Fezandipiti ex,1
1,6,1,MAIN,my_unseen,,Budew,2
1,6,1,MAIN,my_unseen,,Meowth ex,1
1,6,1,MAIN,my_unseen,,Unfair Stamp,1
1,6,1,MAIN,my_unseen,,Buddy-Buddy Poffin,4
1,6,1,MAIN,my_unseen,,Night Stretcher,2
1,6,1,MAIN,my_unseen,,Crushing Hammer,4
1,6,1,MAIN,my_unseen,,Ultra Ball,3
1,6,1,MAIN,my_unseen,,Poké Pad,2
1,6,1,MAIN,my_unseen,,Boss’s Orders,3
1,6,1,MAIN,my_unseen,,Crispin,3
1,6,1,MAIN,my_unseen,,Judge,1
1,6,1,MAIN,my_unseen,,Lillie's Determination,4
1,6,1,MAIN,my_unseen,,Jamming Tower,1
1,7,0,MAIN,hand,0,Precious Trolley,1
1,7,0,MAIN,hand,1,Buddy-Buddy Poffin,1
1,7,0,MAIN,hand,2,Marnie's Grimmsnarl ex,1
1,7,0,MAIN,hand,3,Yveltal,1
1,7,0,MAIN,my_unseen,,Basic {D} Energy,9
1,7,0,MAIN,my_unseen,,Froslass,3
1,7,0,MAIN,my_unseen,,Munkidori,1
1,7,0,MAIN,my_unseen,,Budew,1
1,7,0,MAIN,my_unseen,,Marnie's Impidimp,3
1,7,0,MAIN,my_unseen,,Marnie's Morgrem,2
1,7,0,MAIN,my_unseen,,Marnie's Grimmsnarl ex,2
1,7,0,MAIN,my_unseen,,Snorunt,1
1,7,0,MAIN,my_unseen,,Rare Candy,2
1,7,0,MAIN,my_unseen,,Buddy-Buddy Poffin,3
1,7,0,MAIN,my_unseen,,Night Stretcher,2
1,7,0,MAIN,my_unseen,,Tool Scrapper,1
1,7,0,MAIN,my_unseen,,Poké Pad,4
1,7,0,MAIN,my_unseen,,Air Balloon,1
1,7,0,MAIN,my_unseen,,Boss’s Orders,2
1,7,0,MAIN,my_unseen,,Team Rocket's Petrel,4
1,7,0,MAIN,my_unseen,,Lillie's Determination,4
1,7,0,MAIN,my_unseen,,Spikemuth Gym,4
1,7,0,MAIN,my_unseen,,Special Red Card,1
1,7,0,MAIN,my_unseen,,Gwynn,1
1,8,0,MAIN,hand,0,Precious Trolley,1
1,8,0,MAIN,hand,1,Buddy-Buddy Poffin,1
1,8,0,MAIN,hand,2,Marnie's Grimmsnarl ex,1
1,8,0,MAIN,my_unseen,,Basic {D} Energy,9
1,8,0,MAIN,my_unseen,,Froslass,3
1,8,0,MAIN,my_unseen,,Munkidori,1
1,8,0,MAIN,my_unseen,,Budew,1
1,8,0,MAIN,my_unseen,,Marnie's Impidimp,3
1,8,0,MAIN,my_unseen,,Marnie's Morgrem,2
1,8,0,MAIN,my_unseen,,Marnie's Grimmsnarl ex,2
1,8,0,MAIN,my_unseen,,Snorunt,1
1,8,0,MAIN,my_unseen,,Rare Candy,2
1,8,0,MAIN,my_unseen,,Buddy-Buddy Poffin,3
1,8,0,MAIN,my_unseen,,Night Stretcher,2
1,8,0,MAIN,my_unseen,,Tool Scrapper,1
1,8,0,MAIN,my_unseen,,Poké Pad,4
1,8,0,MAIN,my_unseen,,Air Balloon,1
1,8,0,MAIN,my_unseen,,Boss’s Orders,2
1,8,0,MAIN,my_unseen,,Team Rocket's Petrel,4
1,8,0,MAIN,my_unseen,,Lillie's Determination,4
1,8,0,MAIN,my_unseen,,Spikemuth Gym,4
1,8,0,MAIN,my_unseen,,Special Red Card,1
1,8,0,MAIN,my_unseen,,Gwynn,1
1,9,1,MAIN,hand,0,Ultra Ball,1
1,9,1,MAIN,hand,1,Poké Pad,1
1,9,1,MAIN,hand,2,Basic {D} Energy,1
1,9,1,MAIN,hand,3,Poké Pad,1
1,9,1,MAIN,hand,4,Jamming Tower,1
1,9,1,MAIN,hand,5,Basic {R} Energy,1
1,9,1,MAIN,hand,6,Dreepy,1
1,9,1,MAIN,my_unseen,,Basic {R} Energy,3
1,9,1,MAIN,my_unseen,,Basic {P} Energy,4
1,9,1,MAIN,my_unseen,,Basic {D} Energy,1
1,9,1,MAIN,my_unseen,,Chi-Yu,1
1,9,1,MAIN,my_unseen,,Munkidori,1
1,9,1,MAIN,my_unseen,,Dreepy,2
1,9,1,MAIN,my_unseen,,Drakloak,4
1,9,1,MAIN,my_unseen,,Dragapult ex,3
1,9,1,MAIN,my_unseen,,Fezandipiti ex,1
1,9,1,MAIN,my_unseen,,Budew,2
1,9,1,MAIN,my_unseen,,Meowth ex,1
1,9,1,MAIN,my_unseen,,Unfair Stamp,1
1,9,1,MAIN,my_unseen,,Buddy-Buddy Poffin,4
1,9,1,MAIN,my_unseen,,Night Stretcher,2
1,9,1,MAIN,my_unseen,,Crushing Hammer,4
1,9,1,MAIN,my_unseen,,Ultra Ball,3
1,9,1,MAIN,my_unseen,,Poké Pad,2
1,9,1,MAIN,my_unseen,,Boss’s Orders,3
1,9,1,MAIN,my_unseen,,Crispin,3
1,9,1,MAIN,my_unseen,,Judge,1
1,9,1,MAIN,my_unseen,,Lillie's Determination,4
1,9,1,MAIN,my_unseen,,Jamming Tower,1
1,10,1,MAIN,hand,0,Ultra Ball,1
1,10,1,MAIN,hand,1,Poké Pad,1
1,10,1,MAIN,hand,2,Basic {D} Energy,1
1,10,1,MAIN,hand,3,Poké Pad,1
1,10,1,MAIN,hand,4,Jamming Tower,1
1,10,1,MAIN,hand,5,Dreepy,1
1,10,1,MAIN,my_unseen,,Basic {R} Energy,3
1,10,1,MAIN,my_unseen,,Basic {P} Energy,4
1,10,1,MAIN,my_unseen,,Basic {D} Energy,1
1,10,1,MAIN,my_unseen,,Chi-Yu,1
1,10,1,MAIN,my_unseen,,Munkidori,1
1,10,1,MAIN,my_unseen,,Dreepy,2
1,10,1,MAIN,my_unseen,,Drakloak,4
1,10,1,MAIN,my_unseen,,Dragapult ex,3
1,10,1,MAIN,my_unseen,,Fezandipiti ex,1
1,10,1,MAIN,my_unseen,,Budew,2
1,10,1,MAIN,my_unseen,,Meowth ex,1
1,10,1,MAIN,my_unseen,,Unfair Stamp,1
1,10,1,MAIN,my_unseen,,Buddy-Buddy Poffin,4
1,10,1,MAIN,my_unseen,,Night Stretcher,2
1,10,1,MAIN,my_unseen,,Crushing Hammer,4
1,10,1,MAIN,my_unseen,,Ultra Ball,3
1,10,1,MAIN,my_unseen,,Poké Pad,2
1,10,1,MAIN,my_unseen,,Boss’s Orders,3
1,10,1,MAIN,my_unseen,,Crispin,3
1,10,1,MAIN,my_unseen,,Judge,1
1,10,1,MAIN,my_unseen,,Lillie's Determination,4
1,10,1,MAIN,my_unseen,,Jamming Tower,1
1,11,1,TO_HAND,hand,0,Ultra Ball,1
1,11,1,TO_HAND,hand,1,Poké Pad,1
1,11,1,TO_HAND,hand,2,Basic {D} Energy,1
1,11,1,TO_HAND,hand,3,Jamming Tower,1
1,11,1,TO_HAND,hand,4,Dreepy,1
1,11,1,TO_HAND,my_unseen,,Basic {R} Energy,3
1,11,1,TO_HAND,my_unseen,,Basic {P} Energy,4
1,11,1,TO_HAND,my_unseen,,Basic {D} Energy,1
1,11,1,TO_HAND,my_unseen,,Chi-Yu,1
1,11,1,TO_HAND,my_unseen,,Munkidori,1
1,11,1,TO_HAND,my_unseen,,Dreepy,2
1,11,1,TO_HAND,my_unseen,,Drakloak,4
1,11,1,TO_HAND,my_unseen,,Dragapult ex,3
1,11,1,TO_HAND,my_unseen,,Fezandipiti ex,1
1,11,1,TO_HAND,my_unseen,,Budew,2
1,11,1,TO_HAND,my_unseen,,Meowth ex,1
1,11,1,TO_HAND,my_unseen,,Unfair Stamp,1
1,11,1,TO_HAND,my_unseen,,Buddy-Buddy Poffin,4
1,11,1,TO_HAND,my_unseen,,Night Stretcher,2
1,11,1,TO_HAND,my_unseen,,Crushing Hammer,4
1,11,1,TO_HAND,my_unseen,,Ultra Ball,3
1,11,1,TO_HAND,my_unseen,,Poké Pad,2
1,11,1,TO_HAND,my_unseen,,Boss’s Orders,3
1,11,1,TO_HAND,my_unseen,,Crispin,3
1,11,1,TO_HAND,my_unseen,,Judge,1
1,11,1,TO_HAND,my_unseen,,Lillie's Determination,4
1,11,1,TO_HAND,my_unseen,,Jamming Tower,1
1,12,1,MAIN,hand,0,Ultra Ball,1
1,12,1,MAIN,hand,1,Poké Pad,1
1,12,1,MAIN,hand,2,Basic {D} Energy,1
1,12,1,MAIN,hand,3,Jamming Tower,1
1,12,1,MAIN,hand,4,Dreepy,1
1,12,1,MAIN,hand,5,Chi-Yu,1
1,12,1,MAIN,my_discard,,Poké Pad,1
1,12,1,MAIN,my_unseen,,Basic {R} Energy,3
1,12,1,MAIN,my_unseen,,Basic {P} Energy,4
1,12,1,MAIN,my_unseen,,Basic {D} Energy,1
1,12,1,MAIN,my_unseen,,Munkidori,1
1,12,1,MAIN,my_unseen,,Dreepy,2
1,12,1,MAIN,my_unseen,,Drakloak,4
1,12,1,MAIN,my_unseen,,Dragapult ex,3
1,12,1,MAIN,my_unseen,,Fezandipiti ex,1
1,12,1,MAIN,my_unseen,,Budew,2
1,12,1,MAIN,my_unseen,,Meowth ex,1
1,12,1,MAIN,my_unseen,,Unfair Stamp,1
1,12,1,MAIN,my_unseen,,Buddy-Buddy Poffin,4
1,12,1,MAIN,my_unseen,,Night Stretcher,2
1,12,1,MAIN,my_unseen,,Crushing Hammer,4
1,12,1,MAIN,my_unseen,,Ultra Ball,3
1,12,1,MAIN,my_unseen,,Poké Pad,2
1,12,1,MAIN,my_unseen,,Boss’s Orders,3
1,12,1,MAIN,my_unseen,,Crispin,3
1,12,1,MAIN,my_unseen,,Judge,1
1,12,1,MAIN,my_unseen,,Lillie's Determination,4
1,12,1,MAIN,my_unseen,,Jamming Tower,1
1,13,1,MAIN,hand,0,Ultra Ball,1
1,13,1,MAIN,hand,1,Poké Pad,1
1,13,1,MAIN,hand,2,Basic {D} Energy,1
1,13,1,MAIN,hand,3,Jamming Tower,1
1,13,1,MAIN,hand,4,Dreepy,1
1,13,1,MAIN,my_discard,,Poké Pad,1
1,13,1,MAIN,my_unseen,,Basic {R} Energy,3
1,13,1,MAIN,my_unseen,,Basic {P} Energy,4
1,13,1,MAIN,my_unseen,,Basic {D} Energy,1
1,13,1,MAIN,my_unseen,,Munkidori,1
1,13,1,MAIN,my_unseen,,Dreepy,2
1,13,1,MAIN,my_unseen,,Drakloak,4
1,13,1,MAIN,my_unseen,,Dragapult ex,3
1,13,1,MAIN,my_unseen,,Fezandipiti ex,1
1,13,1,MAIN,my_unseen,,Budew,2
1,13,1,MAIN,my_unseen,,Meowth ex,1
1,13,1,MAIN,my_unseen,,Unfair Stamp,1
1,13,1,MAIN,my_unseen,,Buddy-Buddy Poffin,4
1,13,1,MAIN,my_unseen,,Night Stretcher,2
1,13,1,MAIN,my_unseen,,Crushing Hammer,4
1,13,1,MAIN,my_unseen,,Ultra Ball,3
1,13,1,MAIN,my_unseen,,Poké Pad,2
1,13,1,MAIN,my_unseen,,Boss’s Orders,3
1,13,1,MAIN,my_unseen,,Crispin,3
1,13,1,MAIN,my_unseen,,Judge,1
1,13,1,MAIN,my_unseen,,Lillie's Determination,4
1,13,1,MAIN,my_unseen,,Jamming Tower,1
1,14,1,MAIN,hand,0,Ultra Ball,1
1,14,1,MAIN,hand,1,Poké Pad,1
1,14,1,MAIN,hand,2,Basic {D} Energy,1
1,14,1,MAIN,hand,3,Jamming Tower,1
1,14,1,MAIN,my_discard,,Poké Pad,1
1,14,1,MAIN,my_unseen,,Basic {R} Energy,3
1,14,1,MAIN,my_unseen,,Basic {P} Energy,4
1,14,1,MAIN,my_unseen,,Basic {D} Energy,1
1,14,1,MAIN,my_unseen,,Munkidori,1
1,14,1,MAIN,my_unseen,,Dreepy,2
1,14,1,MAIN,my_unseen,,Drakloak,4
1,14,1,MAIN,my_unseen,,Dragapult ex,3
1,14,1,MAIN,my_unseen,,Fezandipiti ex,1
1,14,1,MAIN,my_unseen,,Budew,2
1,14,1,MAIN,my_unseen,,Meowth ex,1
1,14,1,MAIN,my_unseen,,Unfair Stamp,1
1,14,1,MAIN,my_unseen,,Buddy-Buddy Poffin,4
1,14,1,MAIN,my_unseen,,Night Stretcher,2
1,14,1,MAIN,my_unseen,,Crushing Hammer,4
1,14,1,MAIN,my_unseen,,Ultra Ball,3
1,14,1,MAIN,my_unseen,,Poké Pad,2
1,14,1,MAIN,my_unseen,,Boss’s Orders,3
1,14,1,MAIN,my_unseen,,Crispin,3
1,14,1,MAIN,my_unseen,,Judge,1
1,14,1,MAIN,my_unseen,,Lillie's Determination,4
1,14,1,MAIN,my_unseen,,Jamming Tower,1
1,15,1,DISCARD,hand,0,Poké Pad,1
1,15,1,DISCARD,hand,1,Basic {D} Energy,1
1,15,1,DISCARD,hand,2,Jamming Tower,1
1,15,1,DISCARD,my_discard,,Poké Pad,1
1,15,1,DISCARD,my_unseen,,Basic {R} Energy,3
1,15,1,DISCARD,my_unseen,,Basic {P} Energy,4
1,15,1,DISCARD,my_unseen,,Basic {D} Energy,1
1,15,1,DISCARD,my_unseen,,Munkidori,1
1,15,1,DISCARD,my_unseen,,Dreepy,2
1,15,1,DISCARD,my_unseen,,Drakloak,4
1,15,1,DISCARD,my_unseen,,Dragapult ex,3
1,15,1,DISCARD,my_unseen,,Fezandipiti ex,1
1,15,1,DISCARD,my_unseen,,Budew,2
1,15,1,DISCARD,my_unseen,,Meowth ex,1
1,15,1,DISCARD,my_unseen,,Unfair Stamp,1
1,15,1,DISCARD,my_unseen,,Buddy-Buddy Poffin,4
1,15,1,DISCARD,my_unseen,,Night Stretcher,2
1,15,1,DISCARD,my_unseen,,Crushing Hammer,4
1,15,1,DISCARD,my_unseen,,Ultra Ball,3
1,15,1,DISCARD,my_unseen,,Poké Pad,2
1,15,1,DISCARD,my_unseen,,Boss’s Orders,3
1,15,1,DISCARD,my_unseen,,Crispin,3
1,15,1,DISCARD,my_unseen,,Judge,1
1,15,1,DISCARD,my_unseen,,Lillie's Determination,4
1,15,1,DISCARD,my_unseen,,Jamming Tower,1
1,16,1,TO_HAND,hand,0,Jamming Tower,1
1,16,1,TO_HAND,my_discard,,Basic {D} Energy,1
1,16,1,TO_HAND,my_discard,,Poké Pad,2
1,16,1,TO_HAND,my_unseen,,Basic {R} Energy,3
1,16,1,TO_HAND,my_unseen,,Basic {P} Energy,4
1,16,1,TO_HAND,my_unseen,,Basic {D} Energy,1
1,16,1,TO_HAND,my_unseen,,Munkidori,1
1,16,1,TO_HAND,my_unseen,,Dreepy,2
1,16,1,TO_HAND,my_unseen,,Drakloak,4
1,16,1,TO_HAND,my_unseen,,Dragapult ex,3
1,16,1,TO_HAND,my_unseen,,Fezandipiti ex,1
1,16,1,TO_HAND,my_unseen,,Budew,2
1,16,1,TO_HAND,my_unseen,,Meowth ex,1
1,16,1,TO_HAND,my_unseen,,Unfair Stamp,1
1,16,1,TO_HAND,my_unseen,,Buddy-Buddy Poffin,4
1,16,1,TO_HAND,my_unseen,,Night Stretcher,2
1,16,1,TO_HAND,my_unseen,,Crushing Hammer,4
1,16,1,TO_HAND,my_unseen,,Ultra Ball,3
1,16,1,TO_HAND,my_unseen,,Poké Pad,2
1,16,1,TO_HAND,my_unseen,,Boss’s Orders,3
1,16,1,TO_HAND,my_unseen,,Crispin,3
1,16,1,TO_HAND,my_unseen,,Judge,1
1,16,1,TO_HAND,my_unseen,,Lillie's Determination,4
1,16,1,TO_HAND,my_unseen,,Jamming Tower,1
1,17,1,MAIN,hand,0,Jamming Tower,1
1,17,1,MAIN,my_discard,,Basic {D} Energy,1
1,17,1,MAIN,my_discard,,Ultra Ball,1
1,17,1,MAIN,my_discard,,Poké Pad,2
1,17,1,MAIN,my_unseen,,Basic {R} Energy,3
1,17,1,MAIN,my_unseen,,Basic {P} Energy,4
1,17,1,MAIN,my_unseen,,Basic {D} Energy,1
1,17,1,MAIN,my_unseen,,Munkidori,1
1,17,1,MAIN,my_unseen,,Dreepy,2
1,17,1,MAIN,my_unseen,,Drakloak,4
1,17,1,MAIN,my_unseen,,Dragapult ex,3
1,17,1,MAIN,my_unseen,,Fezandipiti ex,1
1,17,1,MAIN,my_unseen,,Budew,2
1,17,1,MAIN,my_unseen,,Meowth ex,1
1,17,1,MAIN,my_unseen,,Unfair Stamp,1
1,17,1,MAIN,my_unseen,,Buddy-Buddy Poffin,4
1,17,1,MAIN,my_unseen,,Night Stretcher,2
1,17,1,MAIN,my_unseen,,Crushing Hammer,4
1,17,1,MAIN,my_unseen,,Ultra Ball,3
1,17,1,MAIN,my_unseen,,Poké Pad,2
1,17,1,MAIN,my_unseen,,Boss’s Orders,3
1,17,1,MAIN,my_unseen,,Crispin,3
1,17,1,MAIN,my_unseen,,Judge,1
1,17,1,MAIN,my_unseen,,Lillie's Determination,4
1,17,1,MAIN,my_unseen,,Jamming Tower,1
1,18,0,MAIN,hand,0,Precious Trolley,1
1,18,0,MAIN,hand,1,Buddy-Buddy Poffin,1
1,18,0,MAIN,hand,2,Marnie's Grimmsnarl ex,1
1,18,0,MAIN,hand,3,Lillie's Determination,1
1,18,0,MAIN,opp_discard,,Basic {D} Energy,1
1,18,0,MAIN,opp_discard,,Ultra Ball,1
1,18,0,MAIN,opp_discard,,Poké Pad,2
1,18,0,MAIN,my_unseen,,Basic {D} Energy,9
1,18,0,MAIN,my_unseen,,Froslass,3
1,18,0,MAIN,my_unseen,,Munkidori,1
1,18,0,MAIN,my_unseen,,Budew,1
1,18,0,MAIN,my_unseen,,Marnie's Impidimp,3
1,18,0,MAIN,my_unseen,,Marnie's Morgrem,2
1,18,0,MAIN,my_unseen,,Marnie's Grimmsnarl ex,2
1,18,0,MAIN,my_unseen,,Snorunt,1
1,18,0,MAIN,my_unseen,,Rare Candy,2
1,18,0,MAIN,my_unseen,,Buddy-Buddy Poffin,3
1,18,0,MAIN,my_unseen,,Night Stretcher,2
1,18,0,MAIN,my_unseen,,Tool Scrapper,1
1,18,0,MAIN,my_unseen,,Poké Pad,4
1,18,0,MAIN,my_unseen,,Air Balloon,1
1,18,0,MAIN,my_unseen,,Boss’s Orders,2
1,18,0,MAIN,my_unseen,,Team Rocket's Petrel,4
1,18,0,MAIN,my_unseen,,Lillie's Determination,3
1,18,0,MAIN,my_unseen,,Spikemuth Gym,4
1,18,0,MAIN,my_unseen,,Special Red Card,1
1,18,0,MAIN,my_unseen,,Gwynn,1
1,19,1,MAIN,hand,0,Jamming Tower,1
1,19,1,MAIN,hand,1,Crispin,1
1,19,1,MAIN,my_discard,,Basic {D} Energy,1
1,19,1,MAIN,my_discard,,Ultra Ball,1
1,19,1,MAIN,my_discard,,Poké Pad,2
1,19,1,MAIN,my_unseen,,Basic {R} Energy,3
1,19,1,MAIN,my_unseen,,Basic {P} Energy,4
1,19,1,MAIN,my_unseen,,Basic {D} Energy,1
1,19,1,MAIN,my_unseen,,Munkidori,1
1,19,1,MAIN,my_unseen,,Dreepy,2
1,19,1,MAIN,my_unseen,,Drakloak,4
1,19,1,MAIN,my_unseen,,Dragapult ex,3
1,19,1,MAIN,my_unseen,,Fezandipiti ex,1
1,19,1,MAIN,my_unseen,,Budew,2
1,19,1,MAIN,my_unseen,,Meowth ex,1
1,19,1,MAIN,my_unseen,,Unfair Stamp,1
1,19,1,MAIN,my_unseen,,Buddy-Buddy Poffin,4
1,19,1,MAIN,my_unseen,,Night Stretcher,2
1,19,1,MAIN,my_unseen,,Crushing Hammer,4
1,19,1,MAIN,my_unseen,,Ultra Ball,3
1,19,1,MAIN,my_unseen,,Poké Pad,2
1,19,1,MAIN,my_unseen,,Boss’s Orders,3
1,19,1,MAIN,my_unseen,,Crispin,2
1,19,1,MAIN,my_unseen,,Judge,1
1,19,1,MAIN,my_unseen,,Lillie's Determination,4
1,19,1,MAIN,my_unseen,,Jamming Tower,1
1,20,1,MAIN,hand,0,Crispin,1
1,20,1,MAIN,my_discard,,Basic {D} Energy,1
1,20,1,MAIN,my_discard,,Ultra Ball,1
1,20,1,MAIN,my_discard,,Poké Pad,2
1,20,1,MAIN,my_unseen,,Basic {R} Energy,3
1,20,1,MAIN,my_unseen,,Basic {P} Energy,4
1,20,1,MAIN,my_unseen,,Basic {D} Energy,1
1,20,1,MAIN,my_unseen,,Munkidori,1
1,20,1,MAIN,my_unseen,,Dreepy,2
1,20,1,MAIN,my_unseen,,Drakloak,4
1,20,1,MAIN,my_unseen,,Dragapult ex,3
1,20,1,MAIN,my_unseen,,Fezandipiti ex,1
1,20,1,MAIN,my_unseen,,Budew,2
1,20,1,MAIN,my_unseen,,Meowth ex,1
1,20,1,MAIN,my_unseen,,Unfair Stamp,1
1,20,1,MAIN,my_unseen,,Buddy-Buddy Poffin,4
1,20,1,MAIN,my_unseen,,Night Stretcher,2
1,20,1,MAIN,my_unseen,,Crushing Hammer,4
1,20,1,MAIN,my_unseen,,Ultra Ball,3
1,20,1,MAIN,my_unseen,,Poké Pad,2
1,20,1,MAIN,my_unseen,,Boss’s Orders,3
1,20,1,MAIN,my_unseen,,Crispin,2
1,20,1,MAIN,my_unseen,,Judge,1
1,20,1,MAIN,my_unseen,,Lillie's Determination,4
1,20,1,MAIN,my_unseen,,Jamming Tower,1
1,21,1,TO_HAND,my_discard,,Basic {D} Energy,1
1,21,1,TO_HAND,my_discard,,Ultra Ball,1
1,21,1,TO_HAND,my_discard,,Poké Pad,2
1,21,1,TO_HAND,my_unseen,,Basic {R} Energy,3
1,21,1,TO_HAND,my_unseen,,Basic {P} Energy,4
1,21,1,TO_HAND,my_unseen,,Basic {D} Energy,1
1,21,1,TO_HAND,my_unseen,,Munkidori,1
1,21,1,TO_HAND,my_unseen,,Dreepy,2
1,21,1,TO_HAND,my_unseen,,Drakloak,4
1,21,1,TO_HAND,my_unseen,,Dragapult ex,3
1,21,1,TO_HAND,my_unseen,,Fezandipiti ex,1
1,21,1,TO_HAND,my_unseen,,Budew,2
1,21,1,TO_HAND,my_unseen,,Meowth ex,1
1,21,1,TO_HAND,my_unseen,,Unfair Stamp,1
1,21,1,TO_HAND,my_unseen,,Buddy-Buddy Poffin,4
1,21,1,TO_HAND,my_unseen,,Night Stretcher,2
1,21,1,TO_HAND,my_unseen,,Crushing Hammer,4
1,21,1,TO_HAND,my_unseen,,Ultra Ball,3
1,21,1,TO_HAND,my_unseen,,Poké Pad,2
1,21,1,TO_HAND,my_unseen,,Boss’s Orders,3
1,21,1,TO_HAND,my_unseen,,Crispin,2
1,21,1,TO_HAND,my_unseen,,Judge,1
1,21,1,TO_HAND,my_unseen,,Lillie's Determination,4
1,21,1,TO_HAND,my_unseen,,Jamming Tower,1
1,22,1,MAIN,my_discard,,Basic {D} Energy,1
1,22,1,MAIN,my_discard,,Ultra Ball,1
1,22,1,MAIN,my_discard,,Poké Pad,2
1,22,1,MAIN,my_discard,,Crispin,1
1,22,1,MAIN,my_unseen,,Basic {R} Energy,3
1,22,1,MAIN,my_unseen,,Basic {P} Energy,4
1,22,1,MAIN,my_unseen,,Basic {D} Energy,1
1,22,1,MAIN,my_unseen,,Munkidori,1
1,22,1,MAIN,my_unseen,,Dreepy,2
1,22,1,MAIN,my_unseen,,Drakloak,4
1,22,1,MAIN,my_unseen,,Dragapult ex,3
1,22,1,MAIN,my_unseen,,Fezandipiti ex,1
1,22,1,MAIN,my_unseen,,Budew,2
1,22,1,MAIN,my_unseen,,Meowth ex,1
1,22,1,MAIN,my_unseen,,Unfair Stamp,1
1,22,1,MAIN,my_unseen,,Buddy-Buddy Poffin,4
1,22,1,MAIN,my_unseen,,Night Stretcher,2
1,22,1,MAIN,my_unseen,,Crushing Hammer,4
1,22,1,MAIN,my_unseen,,Ultra Ball,3
1,22,1,MAIN,my_unseen,,Poké Pad,2
1,22,1,MAIN,my_unseen,,Boss’s Orders,3
1,22,1,MAIN,my_unseen,,Crispin,2
1,22,1,MAIN,my_unseen,,Judge,1
1,22,1,MAIN,my_unseen,,Lillie's Determination,4
1,22,1,MAIN,my_unseen,,Jamming Tower,1
1,23,0,MAIN,hand,0,Precious Trolley,1
1,23,0,MAIN,hand,1,Buddy-Buddy Poffin,1
1,23,0,MAIN,hand,2,Marnie's Grimmsnarl ex,1
1,23,0,MAIN,hand,3,Lillie's Determination,1
1,23,0,MAIN,hand,4,Night Stretcher,1
1,23,0,MAIN,opp_discard,,Basic {D} Energy,1
1,23,0,MAIN,opp_discard,,Ultra Ball,1
1,23,0,MAIN,opp_discard,,Poké Pad,2
1,23,0,MAIN,opp_discard,,Crispin,1
1,23,0,MAIN,my_unseen,,Basic {D} Energy,9
1,23,0,MAIN,my_unseen,,Froslass,3
1,23,0,MAIN,my_unseen,,Munkidori,1
1,23,0,MAIN,my_unseen,,Budew,1
1,23,0,MAIN,my_unseen,,Marnie's Impidimp,3
1,23,0,MAIN,my_unseen,,Marnie's Morgrem,2
1,23,0,MAIN,my_unseen,,Marnie's Grimmsnarl ex,2
1,23,0,MAIN,my_unseen,,Snorunt,1
1,23,0,MAIN,my_unseen,,Rare Candy,2
1,23,0,MAIN,my_unseen,,Buddy-Buddy Poffin,3
1,23,0,MAIN,my_unseen,,Night Stretcher,1
1,23,0,MAIN,my_unseen,,Tool Scrapper,1
1,23,0,MAIN,my_unseen,,Poké Pad,4
1,23,0,MAIN,my_unseen,,Air Balloon,1
1,23,0,MAIN,my_unseen,,Boss’s Orders,2
1,23,0,MAIN,my_unseen,,Team Rocket's Petrel,4
1,23,0,MAIN,my_unseen,,Lillie's Determination,3
1,23,0,MAIN,my_unseen,,Spikemuth Gym,4
1,23,0,MAIN,my_unseen,,Special Red Card,1
1,23,0,MAIN,my_unseen,,Gwynn,1
1,24,1,MAIN,hand,0,Basic {R} Energy,1
1,24,1,MAIN,my_discard,,Basic {D} Energy,1
1,24,1,MAIN,my_discard,,Ultra Ball,1
1,24,1,MAIN,my_discard,,Poké Pad,2
1,24,1,MAIN,my_discard,,Crispin,1
1,24,1,MAIN,my_unseen,,Basic {R} Energy,2
1,24,1,MAIN,my_unseen,,Basic {P} Energy,4
1,24,1,MAIN,my_unseen,,Basic {D} Energy,1
1,24,1,MAIN,my_unseen,,Munkidori,1
1,24,1,MAIN,my_unseen,,Dreepy,2
1,24,1,MAIN,my_unseen,,Drakloak,4
1,24,1,MAIN,my_unseen,,Dragapult ex,3
1,24,1,MAIN,my_unseen,,Fezandipiti ex,1
1,24,1,MAIN,my_unseen,,Budew,2
1,24,1,MAIN,my_unseen,,Meowth ex,1
1,24,1,MAIN,my_unseen,,Unfair Stamp,1
1,24,1,MAIN,my_unseen,,Buddy-Buddy Poffin,4
1,24,1,MAIN,my_unseen,,Night Stretcher,2
1,24,1,MAIN,my_unseen,,Crushing Hammer,4
1,24,1,MAIN,my_unseen,,Ultra Ball,3
1,24,1,MAIN,my_unseen,,Poké Pad,2
1,24,1,MAIN,my_unseen,,Boss’s Orders,3
1,24,1,MAIN,my_unseen,,Crispin,2
1,24,1,MAIN,my_unseen,,Judge,1
1,24,1,MAIN,my_unseen,,Lillie's Determination,4
1,24,1,MAIN,my_unseen,,Jamming Tower,1
1,25,1,MAIN,my_discard,,Basic {D} Energy,1
1,25,1,MAIN,my_discard,,Ultra Ball,1
1,25,1,MAIN,my_discard,,Poké Pad,2
1,25,1,MAIN,my_discard,,Crispin,1
1,25,1,MAIN,my_unseen,,Basic {R} Energy,2
1,25,1,MAIN,my_unseen,,Basic {P} Energy,4
1,25,1,MAIN,my_unseen,,Basic {D} Energy,1
1,25,1,MAIN,my_unseen,,Munkidori,1
1,25,1,MAIN,my_unseen,,Dreepy,2
1,25,1,MAIN,my_unseen,,Drakloak,4
1,25,1,MAIN,my_unseen,,Dragapult ex,3
1,25,1,MAIN,my_unseen,,Fezandipiti ex,1
1,25,1,MAIN,my_unseen,,Budew,2
1,25,1,MAIN,my_unseen,,Meowth ex,1
1,25,1,MAIN,my_unseen,,Unfair Stamp,1
1,25,1,MAIN,my_unseen,,Buddy-Buddy Poffin,4
1,25,1,MAIN,my_unseen,,Night Stretcher,2
1,25,1,MAIN,my_unseen,,Crushing Hammer,4
1,25,1,MAIN,my_unseen,,Ultra Ball,3
1,25,1,MAIN,my_unseen,,Poké Pad,2
1,25,1,MAIN,my_unseen,,Boss’s Orders,3
1,25,1,MAIN,my_unseen,,Crispin,2
1,25,1,MAIN,my_unseen,,Judge,1
1,25,1,MAIN,my_unseen,,Lillie's Determination,4
1,25,1,MAIN,my_unseen,,Jamming Tower,1
1,26,0,MAIN,hand,0,Precious Trolley,1
1,26,0,MAIN,hand,1,Buddy-Buddy Poffin,1
1,26,0,MAIN,hand,2,Marnie's Grimmsnarl ex,1
1,26,0,MAIN,hand,3,Lillie's Determination,1
1,26,0,MAIN,hand,4,Night Stretcher,1
1,26,0,MAIN,hand,5,Air Balloon,1
1,26,0,MAIN,opp_discard,,Basic {D} Energy,1
1,26,0,MAIN,opp_discard,,Ultra Ball,1
1,26,0,MAIN,opp_discard,,Poké Pad,2
1,26,0,MAIN,opp_discard,,Crispin,1
1,26,0,MAIN,my_unseen,,Basic {D} Energy,9
1,26,0,MAIN,my_unseen,,Froslass,3
1,26,0,MAIN,my_unseen,,Munkidori,1
1,26,0,MAIN,my_unseen,,Budew,1
1,26,0,MAIN,my_unseen,,Marnie's Impidimp,3
1,26,0,MAIN,my_unseen,,Marnie's Morgrem,2
1,26,0,MAIN,my_unseen,,Marnie's Grimmsnarl ex,2
1,26,0,MAIN,my_unseen,,Snorunt,1
1,26,0,MAIN,my_unseen,,Rare Candy,2
1,26,0,MAIN,my_unseen,,Buddy-Buddy Poffin,3
1,26,0,MAIN,my_unseen,,Night Stretcher,1
1,26,0,MAIN,my_unseen,,Tool Scrapper,1
1,26,0,MAIN,my_unseen,,Poké Pad,4
1,26,0,MAIN,my_unseen,,Boss’s Orders,2
1,26,0,MAIN,my_unseen,,Team Rocket's Petrel,4
1,26,0,MAIN,my_unseen,,Lillie's Determination,3
1,26,0,MAIN,my_unseen,,Spikemuth Gym,4
1,26,0,MAIN,my_unseen,,Special Red Card,1
1,26,0,MAIN,my_unseen,,Gwynn,1
1,27,0,MAIN,hand,0,Precious Trolley,1
1,27,0,MAIN,hand,1,Buddy-Buddy Poffin,1
1,27,0,MAIN,hand,2,Marnie's Grimmsnarl ex,1
1,27,0,MAIN,hand,3,Lillie's Determination,1
1,27,0,MAIN,hand,4,Night Stretcher,1
1,27,0,MAIN,opp_discard,,Basic {D} Energy,1
1,27,0,MAIN,opp_discard,,Ultra Ball,1
1,27,0,MAIN,opp_discard,,Poké Pad,2
1,27,0,MAIN,opp_discard,,Crispin,1
1,27,0,MAIN,my_unseen,,Basic {D} Energy,9
1,27,0,MAIN,my_unseen,,Froslass,3
1,27,0,MAIN,my_unseen,,Munkidori,1
1,27,0,MAIN,my_unseen,,Budew,1
1,27,0,MAIN,my_unseen,,Marnie's Impidimp,3
1,27,0,MAIN,my_unseen,,Marnie's Morgrem,2
1,27,0,MAIN,my_unseen,,Marnie's Grimmsnarl ex,2
1,27,0,MAIN,my_unseen,,Snorunt,1
1,27,0,MAIN,my_unseen,,Rare Candy,2
1,27,0,MAIN,my_unseen,,Buddy-Buddy Poffin,3
1,27,0,MAIN,my_unseen,,Night Stretcher,1
1,27,0,MAIN,my_unseen,,Tool Scrapper,1
1,27,0,MAIN,my_unseen,,Poké Pad,4
1,27,0,MAIN,my_unseen,,Boss’s Orders,2
1,27,0,MAIN,my_unseen,,Team Rocket's Petrel,4
1,27,0,MAIN,my_unseen,,Lillie's Determination,3
1,27,0,MAIN,my_unseen,,Spikemuth Gym,4
1,27,0,MAIN,my_unseen,,Special Red Card,1
1,27,0,MAIN,my_unseen,,Gwynn,1
1,28,1,MAIN,hand,0,Lillie's Determination,1
1,28,1,MAIN,my_discard,,Basic {D} Energy,1
1,28,1,MAIN,my_discard,,Ultra Ball,1
1,28,1,MAIN,my_discard,,Poké Pad,2
1,28,1,MAIN,my_discard,,Crispin,1
1,28,1,MAIN,my_unseen,,Basic {R} Energy,2
1,28,1,MAIN,my_unseen,,Basic {P} Energy,4
1,28,1,MAIN,my_unseen,,Basic {D} Energy,1
1,28,1,MAIN,my_unseen,,Munkidori,1
1,28,1,MAIN,my_unseen,,Dreepy,2
1,28,1,MAIN,my_unseen,,Drakloak,4
1,28,1,MAIN,my_unseen,,Dragapult ex,3
1,28,1,MAIN,my_unseen,,Fezandipiti ex,1
1,28,1,MAIN,my_unseen,,Budew,2
1,28,1,MAIN,my_unseen,,Meowth ex,1
1,28,1,MAIN,my_unseen,,Unfair Stamp,1
1,28,1,MAIN,my_unseen,,Buddy-Buddy Poffin,4
1,28,1,MAIN,my_unseen,,Night Stretcher,2
1,28,1,MAIN,my_unseen,,Crushing Hammer,4
1,28,1,MAIN,my_unseen,,Ultra Ball,3
1,28,1,MAIN,my_unseen,,Poké Pad,2
1,28,1,MAIN,my_unseen,,Boss’s Orders,3
1,28,1,MAIN,my_unseen,,Crispin,2
1,28,1,MAIN,my_unseen,,Judge,1
1,28,1,MAIN,my_unseen,,Lillie's Determination,3
1,28,1,MAIN,my_unseen,,Jamming Tower,1
1,29,1,MAIN,hand,0,Budew,1
1,29,1,MAIN,hand,1,Poké Pad,1
1,29,1,MAIN,hand,2,Crispin,1
1,29,1,MAIN,hand,3,Buddy-Buddy Poffin,1
1,29,1,MAIN,hand,4,Basic {P} Energy,1
1,29,1,MAIN,hand,5,Crispin,1
1,29,1,MAIN,hand,6,Dragapult ex,1
1,29,1,MAIN,hand,7,Buddy-Buddy Poffin,1
1,29,1,MAIN,my_discard,,Basic {D} Energy,1
1,29,1,MAIN,my_discard,,Ultra Ball,1
1,29,1,MAIN,my_discard,,Poké Pad,2
1,29,1,MAIN,my_discard,,Crispin,1
1,29,1,MAIN,my_discard,,Lillie's Determination,1
1,29,1,MAIN,my_unseen,,Basic {R} Energy,2
1,29,1,MAIN,my_unseen,,Basic {P} Energy,3
1,29,1,MAIN,my_unseen,,Basic {D} Energy,1
1,29,1,MAIN,my_unseen,,Munkidori,1
1,29,1,MAIN,my_unseen,,Dreepy,2
1,29,1,MAIN,my_unseen,,Drakloak,4
1,29,1,MAIN,my_unseen,,Dragapult ex,2
1,29,1,MAIN,my_unseen,,Fezandipiti ex,1
1,29,1,MAIN,my_unseen,,Budew,1
1,29,1,MAIN,my_unseen,,Meowth ex,1
1,29,1,MAIN,my_unseen,,Unfair Stamp,1
1,29,1,MAIN,my_unseen,,Buddy-Buddy Poffin,2
1,29,1,MAIN,my_unseen,,Night Stretcher,2
1,29,1,MAIN,my_unseen,,Crushing Hammer,4
1,29,1,MAIN,my_unseen,,Ultra Ball,3
1,29,1,MAIN,my_unseen,,Poké Pad,1
1,29,1,MAIN,my_unseen,,Boss’s Orders,3
1,29,1,MAIN,my_unseen,,Judge,1
1,29,1,MAIN,my_unseen,,Lillie's Determination,3
1,29,1,MAIN,my_unseen,,Jamming Tower,1
1,30,1,MAIN,hand,0,Budew,1
1,30,1,MAIN,hand,1,Poké Pad,1
1,30,1,MAIN,hand,2,Crispin,1
1,30,1,MAIN,hand,3,Buddy-Buddy Poffin,1
1,30,1,MAIN,hand,4,Crispin,1
1,30,1,MAIN,hand,5,Dragapult ex,1
1,30,1,MAIN,hand,6,Buddy-Buddy Poffin,1
1,30,1,MAIN,my_discard,,Basic {D} Energy,1
1,30,1,MAIN,my_discard,,Ultra Ball,1
1,30,1,MAIN,my_discard,,Poké Pad,2
1,30,1,MAIN,my_discard,,Crispin,1
1,30,1,MAIN,my_discard,,Lillie's Determination,1
1,30,1,MAIN,my_unseen,,Basic {R} Energy,2
1,30,1,MAIN,my_unseen,,Basic {P} Energy,3
1,30,1,MAIN,my_unseen,,Basic {D} Energy,1
1,30,1,MAIN,my_unseen,,Munkidori,1
1,30,1,MAIN,my_unseen,,Dreepy,2
1,30,1,MAIN,my_unseen,,Drakloak,4
1,30,1,MAIN,my_unseen,,Dragapult ex,2
1,30,1,MAIN,my_unseen,,Fezandipiti ex,1
1,30,1,MAIN,my_unseen,,Budew,1
1,30,1,MAIN,my_unseen,,Meowth ex,1
1,30,1,MAIN,my_unseen,,Unfair Stamp,1
1,30,1,MAIN,my_unseen,,Buddy-Buddy Poffin,2
1,30,1,MAIN,my_unseen,,Night Stretcher,2
1,30,1,MAIN,my_unseen,,Crushing Hammer,4
1,30,1,MAIN,my_unseen,,Ultra Ball,3
1,30,1,MAIN,my_unseen,,Poké Pad,1
1,30,1,MAIN,my_unseen,,Boss’s Orders,3
1,30,1,MAIN,my_unseen,,Judge,1
1,30,1,MAIN,my_unseen,,Lillie's Determination,3
1,30,1,MAIN,my_unseen,,Jamming Tower,1
1,31,1,TO_BENCH,hand,0,Budew,1
1,31,1,TO_BENCH,hand,1,Poké Pad,1
1,31,1,TO_BENCH,hand,2,Crispin,1
1,31,1,TO_BENCH,hand,3,Crispin,1
1,31,1,TO_BENCH,hand,4,Dragapult ex,1
1,31,1,TO_BENCH,hand,5,Buddy-Buddy Poffin,1
1,31,1,TO_BENCH,my_discard,,Basic {D} Energy,1
1,31,1,TO_BENCH,my_discard,,Ultra Ball,1
1,31,1,TO_BENCH,my_discard,,Poké Pad,2
1,31,1,TO_BENCH,my_discard,,Crispin,1
1,31,1,TO_BENCH,my_discard,,Lillie's Determination,1
1,31,1,TO_BENCH,my_unseen,,Basic {R} Energy,2
1,31,1,TO_BENCH,my_unseen,,Basic {P} Energy,3
1,31,1,TO_BENCH,my_unseen,,Basic {D} Energy,1
1,31,1,TO_BENCH,my_unseen,,Munkidori,1
1,31,1,TO_BENCH,my_unseen,,Dreepy,2
1,31,1,TO_BENCH,my_unseen,,Drakloak,4
1,31,1,TO_BENCH,my_unseen,,Dragapult ex,2
1,31,1,TO_BENCH,my_unseen,,Fezandipiti ex,1
1,31,1,TO_BENCH,my_unseen,,Budew,1
1,31,1,TO_BENCH,my_unseen,,Meowth ex,1
1,31,1,TO_BENCH,my_unseen,,Unfair Stamp,1
1,31,1,TO_BENCH,my_unseen,,Buddy-Buddy Poffin,2
1,31,1,TO_BENCH,my_unseen,,Night Stretcher,2
1,31,1,TO_BENCH,my_unseen,,Crushing Hammer,4
1,31,1,TO_BENCH,my_unseen,,Ultra Ball,3
1,31,1,TO_BENCH,my_unseen,,Poké Pad,1
1,31,1,TO_BENCH,my_unseen,,Boss’s Orders,3
1,31,1,TO_BENCH,my_unseen,,Judge,1
1,31,1,TO_BENCH,my_unseen,,Lillie's Determination,3
1,31,1,TO_BENCH,my_unseen,,Jamming Tower,1
1,32,1,MAIN,hand,0,Budew,1
1,32,1,MAIN,hand,1,Poké Pad,1
1,32,1,MAIN,hand,2,Crispin,1
1,32,1,MAIN,hand,3,Crispin,1
1,32,1,MAIN,hand,4,Dragapult ex,1
1,32,1,MAIN,hand,5,Buddy-Buddy Poffin,1
1,32,1,MAIN,my_discard,,Basic {D} Energy,1
1,32,1,MAIN,my_discard,,Buddy-Buddy Poffin,1
1,32,1,MAIN,my_discard,,Ultra Ball,1
1,32,1,MAIN,my_discard,,Poké Pad,2
1,32,1,MAIN,my_discard,,Crispin,1
1,32,1,MAIN,my_discard,,Lillie's Determination,1
1,32,1,MAIN,my_unseen,,Basic {R} Energy,2
1,32,1,MAIN,my_unseen,,Basic {P} Energy,3
1,32,1,MAIN,my_unseen,,Basic {D} Energy,1
1,32,1,MAIN,my_unseen,,Munkidori,1
1,32,1,MAIN,my_unseen,,Dreepy,2
1,32,1,MAIN,my_unseen,,Drakloak,4
1,32,1,MAIN,my_unseen,,Dragapult ex,2
1,32,1,MAIN,my_unseen,,Fezandipiti ex,1
1,32,1,MAIN,my_unseen,,Budew,1
1,32,1,MAIN,my_unseen,,Meowth ex,1
1,32,1,MAIN,my_unseen,,Unfair Stamp,1
1,32,1,MAIN,my_unseen,,Buddy-Buddy Poffin,2
1,32,1,MAIN,my_unseen,,Night Stretcher,2
1,32,1,MAIN,my_unseen,,Crushing Hammer,4
1,32,1,MAIN,my_unseen,,Ultra Ball,3
1,32,1,MAIN,my_unseen,,Poké Pad,1
1,32,1,MAIN,my_unseen,,Boss’s Orders,3
1,32,1,MAIN,my_unseen,,Judge,1
1,32,1,MAIN,my_unseen,,Lillie's Determination,3
1,32,1,MAIN,my_unseen,,Jamming Tower,1
1,33,1,TO_HAND,hand,0,Budew,1
1,33,1,TO_HAND,hand,1,Crispin,1
1,33,1,TO_HAND,hand,2,Crispin,1
1,33,1,TO_HAND,hand,3,Dragapult ex,1
1,33,1,TO_HAND,hand,4,Buddy-Buddy Poffin,1
1,33,1,TO_HAND,my_discard,,Basic {D} Energy,1
1,33,1,TO_HAND,my_discard,,Buddy-Buddy Poffin,1
1,33,1,TO_HAND,my_discard,,Ultra Ball,1
1,33,1,TO_HAND,my_discard,,Poké Pad,2
1,33,1,TO_HAND,my_discard,,Crispin,1
1,33,1,TO_HAND,my_discard,,Lillie's Determination,1
1,33,1,TO_HAND,my_unseen,,Basic {R} Energy,2
1,33,1,TO_HAND,my_unseen,,Basic {P} Energy,3
1,33,1,TO_HAND,my_unseen,,Basic {D} Energy,1
1,33,1,TO_HAND,my_unseen,,Munkidori,1
1,33,1,TO_HAND,my_unseen,,Dreepy,2
1,33,1,TO_HAND,my_unseen,,Drakloak,4
1,33,1,TO_HAND,my_unseen,,Dragapult ex,2
1,33,1,TO_HAND,my_unseen,,Fezandipiti ex,1
1,33,1,TO_HAND,my_unseen,,Budew,1
1,33,1,TO_HAND,my_unseen,,Meowth ex,1
1,33,1,TO_HAND,my_unseen,,Unfair Stamp,1
1,33,1,TO_HAND,my_unseen,,Buddy-Buddy Poffin,2
1,33,1,TO_HAND,my_unseen,,Night Stretcher,2
1,33,1,TO_HAND,my_unseen,,Crushing Hammer,4
1,33,1,TO_HAND,my_unseen,,Ultra Ball,3
1,33,1,TO_HAND,my_unseen,,Poké Pad,1
1,33,1,TO_HAND,my_unseen,,Boss’s Orders,3
1,33,1,TO_HAND,my_unseen,,Judge,1
1,33,1,TO_HAND,my_unseen,,Lillie's Determination,3
1,33,1,TO_HAND,my_unseen,,Jamming Tower,1
1,34,1,MAIN,hand,0,Budew,1
1,34,1,MAIN,hand,1,Crispin,1
1,34,1,MAIN,hand,2,Crispin,1
1,34,1,MAIN,hand,3,Dragapult ex,1
1,34,1,MAIN,hand,4,Buddy-Buddy Poffin,1
1,34,1,MAIN,my_discard,,Basic {D} Energy,1
1,34,1,MAIN,my_discard,,Buddy-Buddy Poffin,1
1,34,1,MAIN,my_discard,,Ultra Ball,1
1,34,1,MAIN,my_discard,,Poké Pad,3
1,34,1,MAIN,my_discard,,Crispin,1
1,34,1,MAIN,my_discard,,Lillie's Determination,1
1,34,1,MAIN,my_unseen,,Basic {R} Energy,2
1,34,1,MAIN,my_unseen,,Basic {P} Energy,3
1,34,1,MAIN,my_unseen,,Basic {D} Energy,1
1,34,1,MAIN,my_unseen,,Munkidori,1
1,34,1,MAIN,my_unseen,,Dreepy,2
1,34,1,MAIN,my_unseen,,Drakloak,4
1,34,1,MAIN,my_unseen,,Dragapult ex,2
1,34,1,MAIN,my_unseen,,Fezandipiti ex,1
1,34,1,MAIN,my_unseen,,Budew,1
1,34,1,MAIN,my_unseen,,Meowth ex,1
1,34,1,MAIN,my_unseen,,Unfair Stamp,1
1,34,1,MAIN,my_unseen,,Buddy-Buddy Poffin,2
1,34,1,MAIN,my_unseen,,Night Stretcher,2
1,34,1,MAIN,my_unseen,,Crushing Hammer,4
1,34,1,MAIN,my_unseen,,Ultra Ball,3
1,34,1,MAIN,my_unseen,,Poké Pad,1
1,34,1,MAIN,my_unseen,,Boss’s Orders,3
1,34,1,MAIN,my_unseen,,Judge,1
1,34,1,MAIN,my_unseen,,Lillie's Determination,3
1,34,1,MAIN,my_unseen,,Jamming Tower,1
1,35,0,MAIN,hand,0,Precious Trolley,1
1,35,0,MAIN,hand,1,Buddy-Buddy Poffin,1
1,35,0,MAIN,hand,2,Marnie's Grimmsnarl ex,1
1,35,0,MAIN,hand,3,Lillie's Determination,1
1,35,0,MAIN,hand,4,Night Stretcher,1
1,35,0,MAIN,hand,5,Team Rocket's Petrel,1
1,35,0,MAIN,opp_discard,,Basic {D} Energy,1
1,35,0,MAIN,opp_discard,,Buddy-Buddy Poffin,1
1,35,0,MAIN,opp_discard,,Ultra Ball,1
1,35,0,MAIN,opp_discard,,Poké Pad,3
1,35,0,MAIN,opp_discard,,Crispin,1
1,35,0,MAIN,opp_discard,,Lillie's Determination,1
1,35,0,MAIN,my_unseen,,Basic {D} Energy,9
1,35,0,MAIN,my_unseen,,Froslass,3
1,35,0,MAIN,my_unseen,,Munkidori,1
1,35,0,MAIN,my_unseen,,Budew,1
1,35,0,MAIN,my_unseen,,Marnie's Impidimp,3
1,35,0,MAIN,my_unseen,,Marnie's Morgrem,2
1,35,0,MAIN,my_unseen,,Marnie's Grimmsnarl ex,2
1,35,0,MAIN,my_unseen,,Snorunt,1
1,35,0,MAIN,my_unseen,,Rare Candy,2
1,35,0,MAIN,my_unseen,,Buddy-Buddy Poffin,3
1,35,0,MAIN,my_unseen,,Night Stretcher,1
1,35,0,MAIN,my_unseen,,Tool Scrapper,1
1,35,0,MAIN,my_unseen,,Poké Pad,4
1,35,0,MAIN,my_unseen,,Boss’s Orders,2
1,35,0,MAIN,my_unseen,,Team Rocket's Petrel,3
1,35,0,MAIN,my_unseen,,Lillie's Determination,3
1,35,0,MAIN,my_unseen,,Spikemuth Gym,4
1,35,0,MAIN,my_unseen,,Special Red Card,1
1,35,0,MAIN,my_unseen,,Gwynn,1
1,36,0,MAIN,hand,0,Poké Pad,1
1,36,0,MAIN,hand,1,Snorunt,1
1,36,0,MAIN,hand,2,Night Stretcher,1
1,36,0,MAIN,hand,3,Buddy-Buddy Poffin,1
1,36,0,MAIN,hand,4,Marnie's Grimmsnarl ex,1
1,36,0,MAIN,hand,5,Spikemuth Gym,1
1,36,0,MAIN,hand,6,Rare Candy,1
1,36,0,MAIN,hand,7,Basic {D} Energy,1
1,36,0,MAIN,my_discard,,Lillie's Determination,1
1,36,0,MAIN,opp_discard,,Basic {D} Energy,1
1,36,0,MAIN,opp_discard,,Buddy-Buddy Poffin,1
1,36,0,MAIN,opp_discard,,Ultra Ball,1
1,36,0,MAIN,opp_discard,,Poké Pad,3
1,36,0,MAIN,opp_discard,,Crispin,1
1,36,0,MAIN,opp_discard,,Lillie's Determination,1
1,36,0,MAIN,my_unseen,,Basic {D} Energy,8
1,36,0,MAIN,my_unseen,,Froslass,3
1,36,0,MAIN,my_unseen,,Munkidori,1
1,36,0,MAIN,my_unseen,,Budew,1
1,36,0,MAIN,my_unseen,,Marnie's Impidimp,3
1,36,0,MAIN,my_unseen,,Marnie's Morgrem,2
1,36,0,MAIN,my_unseen,,Marnie's Grimmsnarl ex,2
1,36,0,MAIN,my_unseen,,Rare Candy,1
1,36,0,MAIN,my_unseen,,Buddy-Buddy Poffin,3
1,36,0,MAIN,my_unseen,,Night Stretcher,1
1,36,0,MAIN,my_unseen,,Precious Trolley,1
1,36,0,MAIN,my_unseen,,Tool Scrapper,1
1,36,0,MAIN,my_unseen,,Poké Pad,3
1,36,0,MAIN,my_unseen,,Boss’s Orders,2
1,36,0,MAIN,my_unseen,,Team Rocket's Petrel,4
1,36,0,MAIN,my_unseen,,Lillie's Determination,3
1,36,0,MAIN,my_unseen,,Spikemuth Gym,3
1,36,0,MAIN,my_unseen,,Special Red Card,1
1,36,0,MAIN,my_unseen,,Gwynn,1
1,37,0,MAIN,hand,0,Poké Pad,1
1,37,0,MAIN,hand,1,Snorunt,1
1,37,0,MAIN,hand,2,Night Stretcher,1
1,37,0,MAIN,hand,3,Buddy-Buddy Poffin,1
1,37,0,MAIN,hand,4,Marnie's Grimmsnarl ex,1
1,37,0,MAIN,hand,5,Spikemuth Gym,1
1,37,0,MAIN,hand,6,Rare Candy,1
1,37,0,MAIN,my_discard,,Lillie's Determination,1
1,37,0,MAIN,opp_discard,,Basic {D} Energy,1
1,37,0,MAIN,opp_discard,,Buddy-Buddy Poffin,1
1,37,0,MAIN,opp_discard,,Ultra Ball,1
1,37,0,MAIN,opp_discard,,Poké Pad,3
1,37,0,MAIN,opp_discard,,Crispin,1
1,37,0,MAIN,opp_discard,,Lillie's Determination,1
1,37,0,MAIN,my_unseen,,Basic {D} Energy,8
1,37,0,MAIN,my_unseen,,Froslass,3
1,37,0,MAIN,my_unseen,,Munkidori,1
1,37,0,MAIN,my_unseen,,Budew,1
1,37,0,MAIN,my_unseen,,Marnie's Impidimp,3
1,37,0,MAIN,my_unseen,,Marnie's Morgrem,2
1,37,0,MAIN,my_unseen,,Marnie's Grimmsnarl ex,2
1,37,0,MAIN,my_unseen,,Rare Candy,1
1,37,0,MAIN,my_unseen,,Buddy-Buddy Poffin,3
1,37,0,MAIN,my_unseen,,Night Stretcher,1
1,37,0,MAIN,my_unseen,,Precious Trolley,1
1,37,0,MAIN,my_unseen,,Tool Scrapper,1
1,37,0,MAIN,my_unseen,,Poké Pad,3
1,37,0,MAIN,my_unseen,,Boss’s Orders,2
1,37,0,MAIN,my_unseen,,Team Rocket's Petrel,4
1,37,0,MAIN,my_unseen,,Lillie's Determination,3
1,37,0,MAIN,my_unseen,,Spikemuth Gym,3
1,37,0,MAIN,my_unseen,,Special Red Card,1
1,37,0,MAIN,my_unseen,,Gwynn,1
1,38,0,TO_HAND,hand,0,Snorunt,1
1,38,0,TO_HAND,hand,1,Night Stretcher,1
1,38,0,TO_HAND,hand,2,Buddy-Buddy Poffin,1
1,38,0,TO_HAND,hand,3,Marnie's Grimmsnarl ex,1
1,38,0,TO_HAND,hand,4,Spikemuth Gym,1
1,38,0,TO_HAND,hand,5,Rare Candy,1
1,38,0,TO_HAND,my_discard,,Lillie's Determination,1
1,38,0,TO_HAND,opp_discard,,Basic {D} Energy,1
1,38,0,TO_HAND,opp_discard,,Buddy-Buddy Poffin,1
1,38,0,TO_HAND,opp_discard,,Ultra Ball,1
1,38,0,TO_HAND,opp_discard,,Poké Pad,3
1,38,0,TO_HAND,opp_discard,,Crispin,1
1,38,0,TO_HAND,opp_discard,,Lillie's Determination,1
1,38,0,TO_HAND,my_unseen,,Basic {D} Energy,8
1,38,0,TO_HAND,my_unseen,,Froslass,3
1,38,0,TO_HAND,my_unseen,,Munkidori,1
1,38,0,TO_HAND,my_unseen,,Budew,1
1,38,0,TO_HAND,my_unseen,,Marnie's Impidimp,3
1,38,0,TO_HAND,my_unseen,,Marnie's Morgrem,2
1,38,0,TO_HAND,my_unseen,,Marnie's Grimmsnarl ex,2
1,38,0,TO_HAND,my_unseen,,Rare Candy,1
1,38,0,TO_HAND,my_unseen,,Buddy-Buddy Poffin,3
1,38,0,TO_HAND,my_unseen,,Night Stretcher,1
1,38,0,TO_HAND,my_unseen,,Precious Trolley,1
1,38,0,TO_HAND,my_unseen,,Tool Scrapper,1
1,38,0,TO_HAND,my_unseen,,Poké Pad,3
1,38,0,TO_HAND,my_unseen,,Boss’s Orders,2
1,38,0,TO_HAND,my_unseen,,Team Rocket's Petrel,4
1,38,0,TO_HAND,my_unseen,,Lillie's Determination,3
1,38,0,TO_HAND,my_unseen,,Spikemuth Gym,3
1,38,0,TO_HAND,my_unseen,,Special Red Card,1
1,38,0,TO_HAND,my_unseen,,Gwynn,1
1,39,0,MAIN,hand,0,Snorunt,1
1,39,0,MAIN,hand,1,Night Stretcher,1
1,39,0,MAIN,hand,2,Buddy-Buddy Poffin,1
1,39,0,MAIN,hand,3,Marnie's Grimmsnarl ex,1
1,39,0,MAIN,hand,4,Spikemuth Gym,1
1,39,0,MAIN,hand,5,Rare Candy,1
1,39,0,MAIN,hand,6,Munkidori,1
1,39,0,MAIN,my_discard,,Poké Pad,1
1,39,0,MAIN,my_discard,,Lillie's Determination,1
1,39,0,MAIN,opp_discard,,Basic {D} Energy,1
1,39,0,MAIN,opp_discard,,Buddy-Buddy Poffin,1
1,39,0,MAIN,opp_discard,,Ultra Ball,1
1,39,0,MAIN,opp_discard,,Poké Pad,3
1,39,0,MAIN,opp_discard,,Crispin,1
1,39,0,MAIN,opp_discard,,Lillie's Determination,1
1,39,0,MAIN,my_unseen,,Basic {D} Energy,8
1,39,0,MAIN,my_unseen,,Froslass,3
1,39,0,MAIN,my_unseen,,Budew,1
1,39,0,MAIN,my_unseen,,Marnie's Impidimp,3
1,39,0,MAIN,my_unseen,,Marnie's Morgrem,2
1,39,0,MAIN,my_unseen,,Marnie's Grimmsnarl ex,2
1,39,0,MAIN,my_unseen,,Rare Candy,1
1,39,0,MAIN,my_unseen,,Buddy-Buddy Poffin,3
1,39,0,MAIN,my_unseen,,Night Stretcher,1
1,39,0,MAIN,my_unseen,,Precious Trolley,1
1,39,0,MAIN,my_unseen,,Tool Scrapper,1
1,39,0,MAIN,my_unseen,,Poké Pad,3
1,39,0,MAIN,my_unseen,,Boss’s Orders,2
1,39,0,MAIN,my_unseen,,Team Rocket's Petrel,4
1,39,0,MAIN,my_unseen,,Lillie's Determination,3
1,39,0,MAIN,my_unseen,,Spikemuth Gym,3
1,39,0,MAIN,my_unseen,,Special Red Card,1
1,39,0,MAIN,my_unseen,,Gwynn,1
1,40,1,MAIN,hand,0,Budew,1
1,40,1,MAIN,hand,1,Crispin,1
1,40,1,MAIN,hand,2,Crispin,1
1,40,1,MAIN,hand,3,Dragapult ex,1
1,40,1,MAIN,hand,4,Buddy-Buddy Poffin,1
1,40,1,MAIN,hand,5,Lillie's Determination,1
1,40,1,MAIN,my_discard,,Basic {D} Energy,1
1,40,1,MAIN,my_discard,,Buddy-Buddy Poffin,1
1,40,1,MAIN,my_discard,,Ultra Ball,1
1,40,1,MAIN,my_discard,,Poké Pad,3
1,40,1,MAIN,my_discard,,Crispin,1
1,40,1,MAIN,my_discard,,Lillie's Determination,1
1,40,1,MAIN,opp_discard,,Poké Pad,1
1,40,1,MAIN,opp_discard,,Lillie's Determination,1
1,40,1,MAIN,my_unseen,,Basic {R} Energy,2
1,40,1,MAIN,my_unseen,,Basic {P} Energy,3
1,40,1,MAIN,my_unseen,,Basic {D} Energy,1
1,40,1,MAIN,my_unseen,,Munkidori,1
1,40,1,MAIN,my_unseen,,Dreepy,2
1,40,1,MAIN,my_unseen,,Drakloak,4
1,40,1,MAIN,my_unseen,,Dragapult ex,2
1,40,1,MAIN,my_unseen,,Fezandipiti ex,1
1,40,1,MAIN,my_unseen,,Budew,1
1,40,1,MAIN,my_unseen,,Meowth ex,1
1,40,1,MAIN,my_unseen,,Unfair Stamp,1
1,40,1,MAIN,my_unseen,,Buddy-Buddy Poffin,2
1,40,1,MAIN,my_unseen,,Night Stretcher,2
1,40,1,MAIN,my_unseen,,Crushing Hammer,4
1,40,1,MAIN,my_unseen,,Ultra Ball,3
1,40,1,MAIN,my_unseen,,Poké Pad,1
1,40,1,MAIN,my_unseen,,Boss’s Orders,3
1,40,1,MAIN,my_unseen,,Judge,1
1,40,1,MAIN,my_unseen,,Lillie's Determination,2
1,40,1,MAIN,my_unseen,,Jamming Tower,1
1,41,0,MAIN,hand,0,Snorunt,1
1,41,0,MAIN,hand,1,Night Stretcher,1
1,41,0,MAIN,hand,2,Buddy-Buddy Poffin,1
1,41,0,MAIN,hand,3,Marnie's Grimmsnarl ex,1
1,41,0,MAIN,hand,4,Spikemuth Gym,1
1,41,0,MAIN,hand,5,Rare Candy,1
1,41,0,MAIN,hand,6,Munkidori,1
1,41,0,MAIN,hand,7,Lillie's Determination,1
1,41,0,MAIN,my_discard,,Poké Pad,1
1,41,0,MAIN,my_discard,,Lillie's Determination,1
1,41,0,MAIN,opp_discard,,Basic {D} Energy,1
1,41,0,MAIN,opp_discard,,Buddy-Buddy Poffin,1
1,41,0,MAIN,opp_discard,,Ultra Ball,1
1,41,0,MAIN,opp_discard,,Poké Pad,3
1,41,0,MAIN,opp_discard,,Crispin,1
1,41,0,MAIN,opp_discard,,Lillie's Determination,1
1,41,0,MAIN,my_unseen,,Basic {D} Energy,8
1,41,0,MAIN,my_unseen,,Froslass,3
1,41,0,MAIN,my_unseen,,Budew,1
1,41,0,MAIN,my_unseen,,Marnie's Impidimp,3
1,41,0,MAIN,my_unseen,,Marnie's Morgrem,2
1,41,0,MAIN,my_unseen,,Marnie's Grimmsnarl ex,2
1,41,0,MAIN,my_unseen,,Rare Candy,1
1,41,0,MAIN,my_unseen,,Buddy-Buddy Poffin,3
1,41,0,MAIN,my_unseen,,Night Stretcher,1
1,41,0,MAIN,my_unseen,,Precious Trolley,1
1,41,0,MAIN,my_unseen,,Tool Scrapper,1
1,41,0,MAIN,my_unseen,,Poké Pad,3
1,41,0,MAIN,my_unseen,,Boss’s Orders,2
1,41,0,MAIN,my_unseen,,Team Rocket's Petrel,4
1,41,0,MAIN,my_unseen,,Lillie's Determination,2
1,41,0,MAIN,my_unseen,,Spikemuth Gym,3
1,41,0,MAIN,my_unseen,,Special Red Card,1
1,41,0,MAIN,my_unseen,,Gwynn,1
1,42,1,MAIN,hand,0,Budew,1
1,42,1,MAIN,hand,1,Crispin,1
1,42,1,MAIN,hand,2,Crispin,1
1,42,1,MAIN,hand,3,Dragapult ex,1
1,42,1,MAIN,hand,4,Buddy-Buddy Poffin,1
1,42,1,MAIN,hand,5,Lillie's Determination,1
1,42,1,MAIN,hand,6,Boss’s Orders,1
1,42,1,MAIN,my_discard,,Basic {D} Energy,1
1,42,1,MAIN,my_discard,,Buddy-Buddy Poffin,1
1,42,1,MAIN,my_discard,,Ultra Ball,1
1,42,1,MAIN,my_discard,,Poké Pad,3
1,42,1,MAIN,my_discard,,Crispin,1
1,42,1,MAIN,my_discard,,Lillie's Determination,1
1,42,1,MAIN,opp_discard,,Poké Pad,1
1,42,1,MAIN,opp_discard,,Lillie's Determination,1
1,42,1,MAIN,my_unseen,,Basic {R} Energy,2
1,42,1,MAIN,my_unseen,,Basic {P} Energy,3
1,42,1,MAIN,my_unseen,,Basic {D} Energy,1
1,42,1,MAIN,my_unseen,,Munkidori,1
1,42,1,MAIN,my_unseen,,Dreepy,2
1,42,1,MAIN,my_unseen,,Drakloak,4
1,42,1,MAIN,my_unseen,,Dragapult ex,2
1,42,1,MAIN,my_unseen,,Fezandipiti ex,1
1,42,1,MAIN,my_unseen,,Budew,1
1,42,1,MAIN,my_unseen,,Meowth ex,1
1,42,1,MAIN,my_unseen,,Unfair Stamp,1
1,42,1,MAIN,my_unseen,,Buddy-Buddy Poffin,2
1,42,1,MAIN,my_unseen,,Night Stretcher,2
1,42,1,MAIN,my_unseen,,Crushing Hammer,4
1,42,1,MAIN,my_unseen,,Ultra Ball,3
1,42,1,MAIN,my_unseen,,Poké Pad,1
1,42,1,MAIN,my_unseen,,Boss’s Orders,2
1,42,1,MAIN,my_unseen,,Judge,1
1,42,1,MAIN,my_unseen,,Lillie's Determination,2
1,42,1,MAIN,my_unseen,,Jamming Tower,1
1,43,0,MAIN,hand,0,Snorunt,1
1,43,0,MAIN,hand,1,Night Stretcher,1
1,43,0,MAIN,hand,2,Buddy-Buddy Poffin,1
1,43,0,MAIN,hand,3,Marnie's Grimmsnarl ex,1
1,43,0,MAIN,hand,4,Spikemuth Gym,1
1,43,0,MAIN,hand,5,Rare Candy,1
1,43,0,MAIN,hand,6,Munkidori,1
1,43,0,MAIN,hand,7,Lillie's Determination,1
1,43,0,MAIN,hand,8,Boss’s Orders,1
1,43,0,MAIN,my_discard,,Poké Pad,1
1,43,0,MAIN,my_discard,,Lillie's Determination,1
1,43,0,MAIN,opp_discard,,Basic {D} Energy,1
1,43,0,MAIN,opp_discard,,Buddy-Buddy Poffin,1
1,43,0,MAIN,opp_discard,,Ultra Ball,1
1,43,0,MAIN,opp_discard,,Poké Pad,3
1,43,0,MAIN,opp_discard,,Crispin,1
1,43,0,MAIN,opp_discard,,Lillie's Determination,1
1,43,0,MAIN,my_unseen,,Basic {D} Energy,8
1,43,0,MAIN,my_unseen,,Froslass,3
1,43,0,MAIN,my_unseen,,Budew,1
1,43,0,MAIN,my_unseen,,Marnie's Impidimp,3
1,43,0,MAIN,my_unseen,,Marnie's Morgrem,2
1,43,0,MAIN,my_unseen,,Marnie's Grimmsnarl ex,2
1,43,0,MAIN,my_unseen,,Rare Candy,1
1,43,0,MAIN,my_unseen,,Buddy-Buddy Poffin,3
1,43,0,MAIN,my_unseen,,Night Stretcher,1
1,43,0,MAIN,my_unseen,,Precious Trolley,1
1,43,0,MAIN,my_unseen,,Tool Scrapper,1
1,43,0,MAIN,my_unseen,,Poké Pad,3
1,43,0,MAIN,my_unseen,,Boss’s Orders,1
1,43,0,MAIN,my_unseen,,Team Rocket's Petrel,4
1,43,0,MAIN,my_unseen,,Lillie's Determination,2
1,43,0,MAIN,my_unseen,,Spikemuth Gym,3
1,43,0,MAIN,my_unseen,,Special Red Card,1
1,43,0,MAIN,my_unseen,,Gwynn,1
1,44,0,SWITCH,hand,0,Snorunt,1
1,44,0,SWITCH,hand,1,Night Stretcher,1
1,44,0,SWITCH,hand,2,Buddy-Buddy Poffin,1
1,44,0,SWITCH,hand,3,Marnie's Grimmsnarl ex,1
1,44,0,SWITCH,hand,4,Spikemuth Gym,1
1,44,0,SWITCH,hand,5,Rare Candy,1
1,44,0,SWITCH,hand,6,Munkidori,1
1,44,0,SWITCH,hand,7,Lillie's Determination,1
1,44,0,SWITCH,my_discard,,Poké Pad,1
1,44,0,SWITCH,my_discard,,Lillie's Determination,1
1,44,0,SWITCH,opp_discard,,Basic {D} Energy,1
1,44,0,SWITCH,opp_discard,,Buddy-Buddy Poffin,1
1,44,0,SWITCH,opp_discard,,Ultra Ball,1
1,44,0,SWITCH,opp_discard,,Poké Pad,3
1,44,0,SWITCH,opp_discard,,Crispin,1
1,44,0,SWITCH,opp_discard,,Lillie's Determination,1
1,44,0,SWITCH,my_unseen,,Basic {D} Energy,8
1,44,0,SWITCH,my_unseen,,Froslass,3
1,44,0,SWITCH,my_unseen,,Budew,1
1,44,0,SWITCH,my_unseen,,Marnie's Impidimp,3
1,44,0,SWITCH,my_unseen,,Marnie's Morgrem,2
1,44,0,SWITCH,my_unseen,,Marnie's Grimmsnarl ex,2
1,44,0,SWITCH,my_unseen,,Rare Candy,1
1,44,0,SWITCH,my_unseen,,Buddy-Buddy Poffin,3
1,44,0,SWITCH,my_unseen,,Night Stretcher,1
1,44,0,SWITCH,my_unseen,,Precious Trolley,1
1,44,0,SWITCH,my_unseen,,Tool Scrapper,1
1,44,0,SWITCH,my_unseen,,Poké Pad,3
1,44,0,SWITCH,my_unseen,,Boss’s Orders,1
1,44,0,SWITCH,my_unseen,,Team Rocket's Petrel,4
1,44,0,SWITCH,my_unseen,,Lillie's Determination,2
1,44,0,SWITCH,my_unseen,,Spikemuth Gym,3
1,44,0,SWITCH,my_unseen,,Special Red Card,1
1,44,0,SWITCH,my_unseen,,Gwynn,1
1,45,0,MAIN,hand,0,Snorunt,1
1,45,0,MAIN,hand,1,Night Stretcher,1
1,45,0,MAIN,hand,2,Buddy-Buddy Poffin,1
1,45,0,MAIN,hand,3,Marnie's Grimmsnarl ex,1
1,45,0,MAIN,hand,4,Spikemuth Gym,1
1,45,0,MAIN,hand,5,Rare Candy,1
1,45,0,MAIN,hand,6,Munkidori,1
1,45,0,MAIN,hand,7,Lillie's Determination,1
1,45,0,MAIN,my_discard,,Poké Pad,1
1,45,0,MAIN,my_discard,,Boss’s Orders,1
1,45,0,MAIN,my_discard,,Lillie's Determination,1
1,45,0,MAIN,opp_discard,,Basic {D} Energy,1
1,45,0,MAIN,opp_discard,,Buddy-Buddy Poffin,1
1,45,0,MAIN,opp_discard,,Ultra Ball,1
1,45,0,MAIN,opp_discard,,Poké Pad,3
1,45,0,MAIN,opp_discard,,Crispin,1
1,45,0,MAIN,opp_discard,,Lillie's Determination,1
1,45,0,MAIN,my_unseen,,Basic {D} Energy,8
1,45,0,MAIN,my_unseen,,Froslass,3
1,45,0,MAIN,my_unseen,,Budew,1
1,45,0,MAIN,my_unseen,,Marnie's Impidimp,3
1,45,0,MAIN,my_unseen,,Marnie's Morgrem,2
1,45,0,MAIN,my_unseen,,Marnie's Grimmsnarl ex,2
1,45,0,MAIN,my_unseen,,Rare Candy,1
1,45,0,MAIN,my_unseen,,Buddy-Buddy Poffin,3
1,45,0,MAIN,my_unseen,,Night Stretcher,1
1,45,0,MAIN,my_unseen,,Precious Trolley,1
1,45,0,MAIN,my_unseen,,Tool Scrapper,1
1,45,0,MAIN,my_unseen,,Poké Pad,3
1,45,0,MAIN,my_unseen,,Boss’s Orders,1
1,45,0,MAIN,my_unseen,,Team Rocket's Petrel,4
1,45,0,MAIN,my_unseen,,Lillie's Determination,2
1,45,0,MAIN,my_unseen,,Spikemuth Gym,3
1,45,0,MAIN,my_unseen,,Special Red Card,1
1,45,0,MAIN,my_unseen,,Gwynn,1
1,46,0,DISCARD_ENERGY,hand,0,Snorunt,1
1,46,0,DISCARD_ENERGY,hand,1,Night Stretcher,1
1,46,0,DISCARD_ENERGY,hand,2,Buddy-Buddy Poffin,1
1,46,0,DISCARD_ENERGY,hand,3,Marnie's Grimmsnarl ex,1
1,46,0,DISCARD_ENERGY,hand,4,Spikemuth Gym,1
1,46,0,DISCARD_ENERGY,hand,5,Rare Candy,1
1,46,0,DISCARD_ENERGY,hand,6,Munkidori,1
1,46,0,DISCARD_ENERGY,hand,7,Lillie's Determination,1
1,46,0,DISCARD_ENERGY,my_discard,,Poké Pad,1
1,46,0,DISCARD_ENERGY,my_discard,,Boss’s Orders,1
1,46,0,DISCARD_ENERGY,my_discard,,Lillie's Determination,1
1,46,0,DISCARD_ENERGY,opp_discard,,Basic {D} Energy,1
1,46,0,DISCARD_ENERGY,opp_discard,,Buddy-Buddy Poffin,1
1,46,0,DISCARD_ENERGY,opp_discard,,Ultra Ball,1
1,46,0,DISCARD_ENERGY,opp_discard,,Poké Pad,3
1,46,0,DISCARD_ENERGY,opp_discard,,Crispin,1
1,46,0,DISCARD_ENERGY,opp_discard,,Lillie's Determination,1
1,46,0,DISCARD_ENERGY,my_unseen,,Basic {D} Energy,8
1,46,0,DISCARD_ENERGY,my_unseen,,Froslass,3
1,46,0,DISCARD_ENERGY,my_unseen,,Budew,1
1,46,0,DISCARD_ENERGY,my_unseen,,Marnie's Impidimp,3
1,46,0,DISCARD_ENERGY,my_unseen,,Marnie's Morgrem,2
1,46,0,DISCARD_ENERGY,my_unseen,,Marnie's Grimmsnarl ex,2
1,46,0,DISCARD_ENERGY,my_unseen,,Rare Candy,1
1,46,0,DISCARD_ENERGY,my_unseen,,Buddy-Buddy Poffin,3
1,46,0,DISCARD_ENERGY,my_unseen,,Night Stretcher,1
1,46,0,DISCARD_ENERGY,my_unseen,,Precious Trolley,1
1,46,0,DISCARD_ENERGY,my_unseen,,Tool Scrapper,1
1,46,0,DISCARD_ENERGY,my_unseen,,Poké Pad,3
1,46,0,DISCARD_ENERGY,my_unseen,,Boss’s Orders,1
1,46,0,DISCARD_ENERGY,my_unseen,,Team Rocket's Petrel,4
1,46,0,DISCARD_ENERGY,my_unseen,,Lillie's Determination,2
1,46,0,DISCARD_ENERGY,my_unseen,,Spikemuth Gym,3
1,46,0,DISCARD_ENERGY,my_unseen,,Special Red Card,1
1,46,0,DISCARD_ENERGY,my_unseen,,Gwynn,1
1,47,0,SWITCH,hand,0,Snorunt,1
1,47,0,SWITCH,hand,1,Night Stretcher,1
1,47,0,SWITCH,hand,2,Buddy-Buddy Poffin,1
1,47,0,SWITCH,hand,3,Marnie's Grimmsnarl ex,1
1,47,0,SWITCH,hand,4,Spikemuth Gym,1
1,47,0,SWITCH,hand,5,Rare Candy,1
1,47,0,SWITCH,hand,6,Munkidori,1
1,47,0,SWITCH,hand,7,Lillie's Determination,1
1,47,0,SWITCH,my_discard,,Basic {D} Energy,1
1,47,0,SWITCH,my_discard,,Poké Pad,1
1,47,0,SWITCH,my_discard,,Boss’s Orders,1
1,47,0,SWITCH,my_discard,,Lillie's Determination,1
1,47,0,SWITCH,opp_discard,,Basic {D} Energy,1
1,47,0,SWITCH,opp_discard,,Buddy-Buddy Poffin,1
1,47,0,SWITCH,opp_discard,,Ultra Ball,1
1,47,0,SWITCH,opp_discard,,Poké Pad,3
1,47,0,SWITCH,opp_discard,,Crispin,1
1,47,0,SWITCH,opp_discard,,Lillie's Determination,1
1,47,0,SWITCH,my_unseen,,Basic {D} Energy,8
1,47,0,SWITCH,my_unseen,,Froslass,3
1,47,0,SWITCH,my_unseen,,Budew,1
1,47,0,SWITCH,my_unseen,,Marnie's Impidimp,3
1,47,0,SWITCH,my_unseen,,Marnie's Morgrem,2
1,47,0,SWITCH,my_unseen,,Marnie's Grimmsnarl ex,2
1,47,0,SWITCH,my_unseen,,Rare Candy,1
1,47,0,SWITCH,my_unseen,,Buddy-Buddy Poffin,3
1,47,0,SWITCH,my_unseen,,Night Stretcher,1
1,47,0,SWITCH,my_unseen,,Precious Trolley,1
1,47,0,SWITCH,my_unseen,,Tool Scrapper,1
1,47,0,SWITCH,my_unseen,,Poké Pad,3
1,47,0,SWITCH,my_unseen,,Boss’s Orders,1
1,47,0,SWITCH,my_unseen,,Team Rocket's Petrel,4
1,47,0,SWITCH,my_unseen,,Lillie's Determination,2
1,47,0,SWITCH,my_unseen,,Spikemuth Gym,3
1,47,0,SWITCH,my_unseen,,Special Red Card,1
1,47,0,SWITCH,my_unseen,,Gwynn,1
1,48,0,MAIN,hand,0,Snorunt,1
1,48,0,MAIN,hand,1,Night Stretcher,1
1,48,0,MAIN,hand,2,Buddy-Buddy Poffin,1
1,48,0,MAIN,hand,3,Marnie's Grimmsnarl ex,1
1,48,0,MAIN,hand,4,Spikemuth Gym,1
1,48,0,MAIN,hand,5,Rare Candy,1
1,48,0,MAIN,hand,6,Munkidori,1
1,48,0,MAIN,hand,7,Lillie's Determination,1
1,48,0,MAIN,my_discard,,Basic {D} Energy,1
1,48,0,MAIN,my_discard,,Poké Pad,1
1,48,0,MAIN,my_discard,,Boss’s Orders,1
1,48,0,MAIN,my_discard,,Lillie's Determination,1
1,48,0,MAIN,opp_discard,,Basic {D} Energy,1
1,48,0,MAIN,opp_discard,,Buddy-Buddy Poffin,1
1,48,0,MAIN,opp_discard,,Ultra Ball,1
1,48,0,MAIN,opp_discard,,Poké Pad,3
1,48,0,MAIN,opp_discard,,Crispin,1
1,48,0,MAIN,opp_discard,,Lillie's Determination,1
1,48,0,MAIN,my_unseen,,Basic {D} Energy,8
1,48,0,MAIN,my_unseen,,Froslass,3
1,48,0,MAIN,my_unseen,,Budew,1
1,48,0,MAIN,my_unseen,,Marnie's Impidimp,3
1,48,0,MAIN,my_unseen,,Marnie's Morgrem,2
1,48,0,MAIN,my_unseen,,Marnie's Grimmsnarl ex,2
1,48,0,MAIN,my_unseen,,Rare Candy,1
1,48,0,MAIN,my_unseen,,Buddy-Buddy Poffin,3
1,48,0,MAIN,my_unseen,,Night Stretcher,1
1,48,0,MAIN,my_unseen,,Precious Trolley,1
1,48,0,MAIN,my_unseen,,Tool Scrapper,1
1,48,0,MAIN,my_unseen,,Poké Pad,3
1,48,0,MAIN,my_unseen,,Boss’s Orders,1
1,48,0,MAIN,my_unseen,,Team Rocket's Petrel,4
1,48,0,MAIN,my_unseen,,Lillie's Determination,2
1,48,0,MAIN,my_unseen,,Spikemuth Gym,3
1,48,0,MAIN,my_unseen,,Special Red Card,1
1,48,0,MAIN,my_unseen,,Gwynn,1
1,49,0,TO_HAND,hand,0,Snorunt,1
1,49,0,TO_HAND,hand,1,Buddy-Buddy Poffin,1
1,49,0,TO_HAND,hand,2,Marnie's Grimmsnarl ex,1
1,49,0,TO_HAND,hand,3,Spikemuth Gym,1
1,49,0,TO_HAND,hand,4,Rare Candy,1
1,49,0,TO_HAND,hand,5,Munkidori,1
1,49,0,TO_HAND,hand,6,Lillie's Determination,1
1,49,0,TO_HAND,my_discard,,Basic {D} Energy,1
1,49,0,TO_HAND,my_discard,,Poké Pad,1
1,49,0,TO_HAND,my_discard,,Boss’s Orders,1
1,49,0,TO_HAND,my_discard,,Lillie's Determination,1
1,49,0,TO_HAND,opp_discard,,Basic {D} Energy,1
1,49,0,TO_HAND,opp_discard,,Buddy-Buddy Poffin,1
1,49,0,TO_HAND,opp_discard,,Ultra Ball,1
1,49,0,TO_HAND,opp_discard,,Poké Pad,3
1,49,0,TO_HAND,opp_discard,,Crispin,1
1,49,0,TO_HAND,opp_discard,,Lillie's Determination,1
1,49,0,TO_HAND,my_unseen,,Basic {D} Energy,8
1,49,0,TO_HAND,my_unseen,,Froslass,3
1,49,0,TO_HAND,my_unseen,,Budew,1
1,49,0,TO_HAND,my_unseen,,Marnie's Impidimp,3
1,49,0,TO_HAND,my_unseen,,Marnie's Morgrem,2
1,49,0,TO_HAND,my_unseen,,Marnie's Grimmsnarl ex,2
1,49,0,TO_HAND,my_unseen,,Rare Candy,1
1,49,0,TO_HAND,my_unseen,,Buddy-Buddy Poffin,3
1,49,0,TO_HAND,my_unseen,,Night Stretcher,1
1,49,0,TO_HAND,my_unseen,,Precious Trolley,1
1,49,0,TO_HAND,my_unseen,,Tool Scrapper,1
1,49,0,TO_HAND,my_unseen,,Poké Pad,3
1,49,0,TO_HAND,my_unseen,,Boss’s Orders,1
1,49,0,TO_HAND,my_unseen,,Team Rocket's Petrel,4
1,49,0,TO_HAND,my_unseen,,Lillie's Determination,2
1,49,0,TO_HAND,my_unseen,,Spikemuth Gym,3
1,49,0,TO_HAND,my_unseen,,Special Red Card,1
1,49,0,TO_HAND,my_unseen,,Gwynn,1
1,50,0,MAIN,hand,0,Snorunt,1
1,50,0,MAIN,hand,1,Buddy-Buddy Poffin,1
1,50,0,MAIN,hand,2,Marnie's Grimmsnarl ex,1
1,50,0,MAIN,hand,3,Spikemuth Gym,1
1,50,0,MAIN,hand,4,Rare Candy,1
1,50,0,MAIN,hand,5,Munkidori,1
1,50,0,MAIN,hand,6,Lillie's Determination,1
1,50,0,MAIN,hand,7,Basic {D} Energy,1
1,50,0,MAIN,my_discard,,Night Stretcher,1
1,50,0,MAIN,my_discard,,Poké Pad,1
1,50,0,MAIN,my_discard,,Boss’s Orders,1
1,50,0,MAIN,my_discard,,Lillie's Determination,1
1,50,0,MAIN,opp_discard,,Basic {D} Energy,1
1,50,0,MAIN,opp_discard,,Buddy-Buddy Poffin,1
1,50,0,MAIN,opp_discard,,Ultra Ball,1
1,50,0,MAIN,opp_discard,,Poké Pad,3
1,50,0,MAIN,opp_discard,,Crispin,1
1,50,0,MAIN,opp_discard,,Lillie's Determination,1
1,50,0,MAIN,my_unseen,,Basic {D} Energy,8
1,50,0,MAIN,my_unseen,,Froslass,3
1,50,0,MAIN,my_unseen,,Budew,1
1,50,0,MAIN,my_unseen,,Marnie's Impidimp,3
1,50,0,MAIN,my_unseen,,Marnie's Morgrem,2
1,50,0,MAIN,my_unseen,,Marnie's Grimmsnarl ex,2
1,50,0,MAIN,my_unseen,,Rare Candy,1
1,50,0,MAIN,my_unseen,,Buddy-Buddy Poffin,3
1,50,0,MAIN,my_unseen,,Night Stretcher,1
1,50,0,MAIN,my_unseen,,Precious Trolley,1
1,50,0,MAIN,my_unseen,,Tool Scrapper,1
1,50,0,MAIN,my_unseen,,Poké Pad,3
1,50,0,MAIN,my_unseen,,Boss’s Orders,1
1,50,0,MAIN,my_unseen,,Team Rocket's Petrel,4
1,50,0,MAIN,my_unseen,,Lillie's Determination,2
1,50,0,MAIN,my_unseen,,Spikemuth Gym,3
1,50,0,MAIN,my_unseen,,Special Red Card,1
1,50,0,MAIN,my_unseen,,Gwynn,1
1,51,0,MAIN,hand,0,Snorunt,1
1,51,0,MAIN,hand,1,Buddy-Buddy Poffin,1
1,51,0,MAIN,hand,2,Marnie's Grimmsnarl ex,1
1,51,0,MAIN,hand,3,Spikemuth Gym,1
1,51,0,MAIN,hand,4,Rare Candy,1
1,51,0,MAIN,hand,5,Munkidori,1
1,51,0,MAIN,hand,6,Lillie's Determination,1
1,51,0,MAIN,my_discard,,Night Stretcher,1
1,51,0,MAIN,my_discard,,Poké Pad,1
1,51,0,MAIN,my_discard,,Boss’s Orders,1
1,51,0,MAIN,my_discard,,Lillie's Determination,1
1,51,0,MAIN,opp_discard,,Basic {D} Energy,1
1,51,0,MAIN,opp_discard,,Buddy-Buddy Poffin,1
1,51,0,MAIN,opp_discard,,Ultra Ball,1
1,51,0,MAIN,opp_discard,,Poké Pad,3
1,51,0,MAIN,opp_discard,,Crispin,1
1,51,0,MAIN,opp_discard,,Lillie's Determination,1
1,51,0,MAIN,my_unseen,,Basic {D} Energy,8
1,51,0,MAIN,my_unseen,,Froslass,3
1,51,0,MAIN,my_unseen,,Budew,1
1,51,0,MAIN,my_unseen,,Marnie's Impidimp,3
1,51,0,MAIN,my_unseen,,Marnie's Morgrem,2
1,51,0,MAIN,my_unseen,,Marnie's Grimmsnarl ex,2
1,51,0,MAIN,my_unseen,,Rare Candy,1
1,51,0,MAIN,my_unseen,,Buddy-Buddy Poffin,3
1,51,0,MAIN,my_unseen,,Night Stretcher,1
1,51,0,MAIN,my_unseen,,Precious Trolley,1
1,51,0,MAIN,my_unseen,,Tool Scrapper,1
1,51,0,MAIN,my_unseen,,Poké Pad,3
1,51,0,MAIN,my_unseen,,Boss’s Orders,1
1,51,0,MAIN,my_unseen,,Team Rocket's Petrel,4
1,51,0,MAIN,my_unseen,,Lillie's Determination,2
1,51,0,MAIN,my_unseen,,Spikemuth Gym,3
1,51,0,MAIN,my_unseen,,Special Red Card,1
1,51,0,MAIN,my_unseen,,Gwynn,1
1,52,0,MAIN,hand,0,Snorunt,1
1,52,0,MAIN,hand,1,Buddy-Buddy Poffin,1
1,52,0,MAIN,hand,2,Marnie's Grimmsnarl ex,1
1,52,0,MAIN,hand,3,Rare Candy,1
1,52,0,MAIN,hand,4,Munkidori,1
1,52,0,MAIN,hand,5,Lillie's Determination,1
1,52,0,MAIN,my_discard,,Night Stretcher,1
1,52,0,MAIN,my_discard,,Poké Pad,1
1,52,0,MAIN,my_discard,,Boss’s Orders,1
1,52,0,MAIN,my_discard,,Lillie's Determination,1
1,52,0,MAIN,opp_discard,,Basic {D} Energy,1
1,52,0,MAIN,opp_discard,,Buddy-Buddy Poffin,1
1,52,0,MAIN,opp_discard,,Ultra Ball,1
1,52,0,MAIN,opp_discard,,Poké Pad,3
1,52,0,MAIN,opp_discard,,Crispin,1
1,52,0,MAIN,opp_discard,,Lillie's Determination,1
1,52,0,MAIN,opp_discard,,Jamming Tower,1
1,52,0,MAIN,my_unseen,,Basic {D} Energy,8
1,52,0,MAIN,my_unseen,,Froslass,3
1,52,0,MAIN,my_unseen,,Budew,1
1,52,0,MAIN,my_unseen,,Marnie's Impidimp,3
1,52,0,MAIN,my_unseen,,Marnie's Morgrem,2
1,52,0,MAIN,my_unseen,,Marnie's Grimmsnarl ex,2
1,52,0,MAIN,my_unseen,,Rare Candy,1
1,52,0,MAIN,my_unseen,,Buddy-Buddy Poffin,3
1,52,0,MAIN,my_unseen,,Night Stretcher,1
1,52,0,MAIN,my_unseen,,Precious Trolley,1
1,52,0,MAIN,my_unseen,,Tool Scrapper,1
1,52,0,MAIN,my_unseen,,Poké Pad,3
1,52,0,MAIN,my_unseen,,Boss’s Orders,1
1,52,0,MAIN,my_unseen,,Team Rocket's Petrel,4
1,52,0,MAIN,my_unseen,,Lillie's Determination,2
1,52,0,MAIN,my_unseen,,Spikemuth Gym,3
1,52,0,MAIN,my_unseen,,Special Red Card,1
1,52,0,MAIN,my_unseen,,Gwynn,1
1,53,0,TO_HAND,hand,0,Snorunt,1
1,53,0,TO_HAND,hand,1,Buddy-Buddy Poffin,1
1,53,0,TO_HAND,hand,2,Marnie's Grimmsnarl ex,1
1,53,0,TO_HAND,hand,3,Rare Candy,1
1,53,0,TO_HAND,hand,4,Munkidori,1
1,53,0,TO_HAND,hand,5,Lillie's Determination,1
1,53,0,TO_HAND,my_discard,,Night Stretcher,1
1,53,0,TO_HAND,my_discard,,Poké Pad,1
1,53,0,TO_HAND,my_discard,,Boss’s Orders,1
1,53,0,TO_HAND,my_discard,,Lillie's Determination,1
1,53,0,TO_HAND,opp_discard,,Basic {D} Energy,1
1,53,0,TO_HAND,opp_discard,,Buddy-Buddy Poffin,1
1,53,0,TO_HAND,opp_discard,,Ultra Ball,1
1,53,0,TO_HAND,opp_discard,,Poké Pad,3
1,53,0,TO_HAND,opp_discard,,Crispin,1
1,53,0,TO_HAND,opp_discard,,Lillie's Determination,1
1,53,0,TO_HAND,opp_discard,,Jamming Tower,1
1,53,0,TO_HAND,my_unseen,,Basic {D} Energy,8
1,53,0,TO_HAND,my_unseen,,Froslass,3
1,53,0,TO_HAND,my_unseen,,Budew,1
1,53,0,TO_HAND,my_unseen,,Marnie's Impidimp,3
1,53,0,TO_HAND,my_unseen,,Marnie's Morgrem,2
1,53,0,TO_HAND,my_unseen,,Marnie's Grimmsnarl ex,2
1,53,0,TO_HAND,my_unseen,,Rare Candy,1
1,53,0,TO_HAND,my_unseen,,Buddy-Buddy Poffin,3
1,53,0,TO_HAND,my_unseen,,Night Stretcher,1
1,53,0,TO_HAND,my_unseen,,Precious Trolley,1
1,53,0,TO_HAND,my_unseen,,Tool Scrapper,1
1,53,0,TO_HAND,my_unseen,,Poké Pad,3
1,53,0,TO_HAND,my_unseen,,Boss’s Orders,1
1,53,0,TO_HAND,my_unseen,,Team Rocket's Petrel,4
1,53,0,TO_HAND,my_unseen,,Lillie's Determination,2
1,53,0,TO_HAND,my_unseen,,Spikemuth Gym,3
1,53,0,TO_HAND,my_unseen,,Special Red Card,1
1,53,0,TO_HAND,my_unseen,,Gwynn,1
1,54,0,MAIN,hand,0,Snorunt,1
1,54,0,MAIN,hand,1,Buddy-Buddy Poffin,1
1,54,0,MAIN,hand,2,Marnie's Grimmsnarl ex,1
1,54,0,MAIN,hand,3,Rare Candy,1
1,54,0,MAIN,hand,4,Munkidori,1
1,54,0,MAIN,hand,5,Lillie's Determination,1
1,54,0,MAIN,my_discard,,Night Stretcher,1
1,54,0,MAIN,my_discard,,Poké Pad,1
1,54,0,MAIN,my_discard,,Boss’s Orders,1
1,54,0,MAIN,my_discard,,Lillie's Determination,1
1,54,0,MAIN,opp_discard,,Basic {D} Energy,1
1,54,0,MAIN,opp_discard,,Buddy-Buddy Poffin,1
1,54,0,MAIN,opp_discard,,Ultra Ball,1
1,54,0,MAIN,opp_discard,,Poké Pad,3
1,54,0,MAIN,opp_discard,,Crispin,1
1,54,0,MAIN,opp_discard,,Lillie's Determination,1
1,54,0,MAIN,opp_discard,,Jamming Tower,1
1,54,0,MAIN,my_unseen,,Basic {D} Energy,8
1,54,0,MAIN,my_unseen,,Froslass,3
1,54,0,MAIN,my_unseen,,Budew,1
1,54,0,MAIN,my_unseen,,Marnie's Impidimp,3
1,54,0,MAIN,my_unseen,,Marnie's Morgrem,2
1,54,0,MAIN,my_unseen,,Marnie's Grimmsnarl ex,2
1,54,0,MAIN,my_unseen,,Rare Candy,1
1,54,0,MAIN,my_unseen,,Buddy-Buddy Poffin,3
1,54,0,MAIN,my_unseen,,Night Stretcher,1
1,54,0,MAIN,my_unseen,,Precious Trolley,1
1,54,0,MAIN,my_unseen,,Tool Scrapper,1
1,54,0,MAIN,my_unseen,,Poké Pad,3
1,54,0,MAIN,my_unseen,,Boss’s Orders,1
1,54,0,MAIN,my_unseen,,Team Rocket's Petrel,4
1,54,0,MAIN,my_unseen,,Lillie's Determination,2
1,54,0,MAIN,my_unseen,,Spikemuth Gym,3
1,54,0,MAIN,my_unseen,,Special Red Card,1
1,54,0,MAIN,my_unseen,,Gwynn,1
1,55,1,MAIN,hand,0,Budew,1
1,55,1,MAIN,hand,1,Crispin,1
1,55,1,MAIN,hand,2,Crispin,1
1,55,1,MAIN,hand,3,Dragapult ex,1
1,55,1,MAIN,hand,4,Buddy-Buddy Poffin,1
1,55,1,MAIN,hand,5,Lillie's Determination,1
1,55,1,MAIN,hand,6,Boss’s Orders,1
1,55,1,MAIN,hand,7,Dragapult ex,1
1,55,1,MAIN,my_discard,,Basic {D} Energy,1
1,55,1,MAIN,my_discard,,Buddy-Buddy Poffin,1
1,55,1,MAIN,my_discard,,Ultra Ball,1
1,55,1,MAIN,my_discard,,Poké Pad,3
1,55,1,MAIN,my_discard,,Crispin,1
1,55,1,MAIN,my_discard,,Lillie's Determination,1
1,55,1,MAIN,my_discard,,Jamming Tower,1
1,55,1,MAIN,opp_discard,,Night Stretcher,1
1,55,1,MAIN,opp_discard,,Poké Pad,1
1,55,1,MAIN,opp_discard,,Boss’s Orders,1
1,55,1,MAIN,opp_discard,,Lillie's Determination,1
1,55,1,MAIN,my_unseen,,Basic {R} Energy,2
1,55,1,MAIN,my_unseen,,Basic {P} Energy,3
1,55,1,MAIN,my_unseen,,Basic {D} Energy,1
1,55,1,MAIN,my_unseen,,Munkidori,1
1,55,1,MAIN,my_unseen,,Dreepy,2
1,55,1,MAIN,my_unseen,,Drakloak,4
1,55,1,MAIN,my_unseen,,Dragapult ex,1
1,55,1,MAIN,my_unseen,,Fezandipiti ex,1
1,55,1,MAIN,my_unseen,,Budew,1
1,55,1,MAIN,my_unseen,,Meowth ex,1
1,55,1,MAIN,my_unseen,,Unfair Stamp,1
1,55,1,MAIN,my_unseen,,Buddy-Buddy Poffin,2
1,55,1,MAIN,my_unseen,,Night Stretcher,2
1,55,1,MAIN,my_unseen,,Crushing Hammer,4
1,55,1,MAIN,my_unseen,,Ultra Ball,3
1,55,1,MAIN,my_unseen,,Poké Pad,1
1,55,1,MAIN,my_unseen,,Boss’s Orders,2
1,55,1,MAIN,my_unseen,,Judge,1
1,55,1,MAIN,my_unseen,,Lillie's Determination,2
1,55,1,MAIN,my_unseen,,Jamming Tower,1
1,56,1,TO_HAND,hand,0,Budew,1
1,56,1,TO_HAND,hand,1,Crispin,1
1,56,1,TO_HAND,hand,2,Dragapult ex,1
1,56,1,TO_HAND,hand,3,Buddy-Buddy Poffin,1
1,56,1,TO_HAND,hand,4,Lillie's Determination,1
1,56,1,TO_HAND,hand,5,Boss’s Orders,1
1,56,1,TO_HAND,hand,6,Dragapult ex,1
1,56,1,TO_HAND,my_discard,,Basic {D} Energy,1
1,56,1,TO_HAND,my_discard,,Buddy-Buddy Poffin,1
1,56,1,TO_HAND,my_discard,,Ultra Ball,1
1,56,1,TO_HAND,my_discard,,Poké Pad,3
1,56,1,TO_HAND,my_discard,,Crispin,1
1,56,1,TO_HAND,my_discard,,Lillie's Determination,1
1,56,1,TO_HAND,my_discard,,Jamming Tower,1
1,56,1,TO_HAND,opp_discard,,Night Stretcher,1
1,56,1,TO_HAND,opp_discard,,Poké Pad,1
1,56,1,TO_HAND,opp_discard,,Boss’s Orders,1
1,56,1,TO_HAND,opp_discard,,Lillie's Determination,1
1,56,1,TO_HAND,my_unseen,,Basic {R} Energy,2
1,56,1,TO_HAND,my_unseen,,Basic {P} Energy,3
1,56,1,TO_HAND,my_unseen,,Basic {D} Energy,1
1,56,1,TO_HAND,my_unseen,,Munkidori,1
1,56,1,TO_HAND,my_unseen,,Dreepy,2
1,56,1,TO_HAND,my_unseen,,Drakloak,4
1,56,1,TO_HAND,my_unseen,,Dragapult ex,1
1,56,1,TO_HAND,my_unseen,,Fezandipiti ex,1
1,56,1,TO_HAND,my_unseen,,Budew,1
1,56,1,TO_HAND,my_unseen,,Meowth ex,1
1,56,1,TO_HAND,my_unseen,,Unfair Stamp,1
1,56,1,TO_HAND,my_unseen,,Buddy-Buddy Poffin,2
1,56,1,TO_HAND,my_unseen,,Night Stretcher,2
1,56,1,TO_HAND,my_unseen,,Crushing Hammer,4
1,56,1,TO_HAND,my_unseen,,Ultra Ball,3
1,56,1,TO_HAND,my_unseen,,Poké Pad,1
1,56,1,TO_HAND,my_unseen,,Boss’s Orders,2
1,56,1,TO_HAND,my_unseen,,Judge,1
1,56,1,TO_HAND,my_unseen,,Lillie's Determination,2
1,56,1,TO_HAND,my_unseen,,Jamming Tower,1
1,57,1,MAIN,hand,0,Budew,1
1,57,1,MAIN,hand,1,Crispin,1
1,57,1,MAIN,hand,2,Dragapult ex,1
1,57,1,MAIN,hand,3,Buddy-Buddy Poffin,1
1,57,1,MAIN,hand,4,Lillie's Determination,1
1,57,1,MAIN,hand,5,Boss’s Orders,1
1,57,1,MAIN,hand,6,Dragapult ex,1
1,57,1,MAIN,my_discard,,Basic {D} Energy,1
1,57,1,MAIN,my_discard,,Buddy-Buddy Poffin,1
1,57,1,MAIN,my_discard,,Ultra Ball,1
1,57,1,MAIN,my_discard,,Poké Pad,3
1,57,1,MAIN,my_discard,,Crispin,2
1,57,1,MAIN,my_discard,,Lillie's Determination,1
1,57,1,MAIN,my_discard,,Jamming Tower,1
1,57,1,MAIN,opp_discard,,Night Stretcher,1
1,57,1,MAIN,opp_discard,,Poké Pad,1
1,57,1,MAIN,opp_discard,,Boss’s Orders,1
1,57,1,MAIN,opp_discard,,Lillie's Determination,1
1,57,1,MAIN,my_unseen,,Basic {R} Energy,2
1,57,1,MAIN,my_unseen,,Basic {P} Energy,3
1,57,1,MAIN,my_unseen,,Basic {D} Energy,1
1,57,1,MAIN,my_unseen,,Munkidori,1
1,57,1,MAIN,my_unseen,,Dreepy,2
1,57,1,MAIN,my_unseen,,Drakloak,4
1,57,1,MAIN,my_unseen,,Dragapult ex,1
1,57,1,MAIN,my_unseen,,Fezandipiti ex,1
1,57,1,MAIN,my_unseen,,Budew,1
1,57,1,MAIN,my_unseen,,Meowth ex,1
1,57,1,MAIN,my_unseen,,Unfair Stamp,1
1,57,1,MAIN,my_unseen,,Buddy-Buddy Poffin,2
1,57,1,MAIN,my_unseen,,Night Stretcher,2
1,57,1,MAIN,my_unseen,,Crushing Hammer,4
1,57,1,MAIN,my_unseen,,Ultra Ball,3
1,57,1,MAIN,my_unseen,,Poké Pad,1
1,57,1,MAIN,my_unseen,,Boss’s Orders,2
1,57,1,MAIN,my_unseen,,Judge,1
1,57,1,MAIN,my_unseen,,Lillie's Determination,2
1,57,1,MAIN,my_unseen,,Jamming Tower,1
1,58,0,MAIN,hand,0,Snorunt,1
1,58,0,MAIN,hand,1,Buddy-Buddy Poffin,1
1,58,0,MAIN,hand,2,Marnie's Grimmsnarl ex,1
1,58,0,MAIN,hand,3,Rare Candy,1
1,58,0,MAIN,hand,4,Munkidori,1
1,58,0,MAIN,hand,5,Lillie's Determination,1
1,58,0,MAIN,hand,6,Poké Pad,1
1,58,0,MAIN,my_discard,,Night Stretcher,1
1,58,0,MAIN,my_discard,,Poké Pad,1
1,58,0,MAIN,my_discard,,Boss’s Orders,1
1,58,0,MAIN,my_discard,,Lillie's Determination,1
1,58,0,MAIN,opp_discard,,Basic {D} Energy,1
1,58,0,MAIN,opp_discard,,Buddy-Buddy Poffin,1
1,58,0,MAIN,opp_discard,,Ultra Ball,1
1,58,0,MAIN,opp_discard,,Poké Pad,3
1,58,0,MAIN,opp_discard,,Crispin,2
1,58,0,MAIN,opp_discard,,Lillie's Determination,1
1,58,0,MAIN,opp_discard,,Jamming Tower,1
1,58,0,MAIN,my_unseen,,Basic {D} Energy,8
1,58,0,MAIN,my_unseen,,Froslass,3
1,58,0,MAIN,my_unseen,,Budew,1
1,58,0,MAIN,my_unseen,,Marnie's Impidimp,3
1,58,0,MAIN,my_unseen,,Marnie's Morgrem,2
1,58,0,MAIN,my_unseen,,Marnie's Grimmsnarl ex,2
1,58,0,MAIN,my_unseen,,Rare Candy,1
1,58,0,MAIN,my_unseen,,Buddy-Buddy Poffin,3
1,58,0,MAIN,my_unseen,,Night Stretcher,1
1,58,0,MAIN,my_unseen,,Precious Trolley,1
1,58,0,MAIN,my_unseen,,Tool Scrapper,1
1,58,0,MAIN,my_unseen,,Poké Pad,2
1,58,0,MAIN,my_unseen,,Boss’s Orders,1
1,58,0,MAIN,my_unseen,,Team Rocket's Petrel,4
1,58,0,MAIN,my_unseen,,Lillie's Determination,2
1,58,0,MAIN,my_unseen,,Spikemuth Gym,3
1,58,0,MAIN,my_unseen,,Special Red Card,1
1,58,0,MAIN,my_unseen,,Gwynn,1
1,59,0,TO_HAND,hand,0,Snorunt,1
1,59,0,TO_HAND,hand,1,Buddy-Buddy Poffin,1
1,59,0,TO_HAND,hand,2,Marnie's Grimmsnarl ex,1
1,59,0,TO_HAND,hand,3,Rare Candy,1
1,59,0,TO_HAND,hand,4,Munkidori,1
1,59,0,TO_HAND,hand,5,Lillie's Determination,1
1,59,0,TO_HAND,hand,6,Poké Pad,1
1,59,0,TO_HAND,my_discard,,Night Stretcher,1
1,59,0,TO_HAND,my_discard,,Poké Pad,1
1,59,0,TO_HAND,my_discard,,Boss’s Orders,1
1,59,0,TO_HAND,my_discard,,Lillie's Determination,1
1,59,0,TO_HAND,opp_discard,,Basic {D} Energy,1
1,59,0,TO_HAND,opp_discard,,Buddy-Buddy Poffin,1
1,59,0,TO_HAND,opp_discard,,Ultra Ball,1
1,59,0,TO_HAND,opp_discard,,Poké Pad,3
1,59,0,TO_HAND,opp_discard,,Crispin,2
1,59,0,TO_HAND,opp_discard,,Lillie's Determination,1
1,59,0,TO_HAND,opp_discard,,Jamming Tower,1
1,59,0,TO_HAND,my_unseen,,Basic {D} Energy,8
1,59,0,TO_HAND,my_unseen,,Froslass,3
1,59,0,TO_HAND,my_unseen,,Budew,1
1,59,0,TO_HAND,my_unseen,,Marnie's Impidimp,3
1,59,0,TO_HAND,my_unseen,,Marnie's Morgrem,2
1,59,0,TO_HAND,my_unseen,,Marnie's Grimmsnarl ex,2
1,59,0,TO_HAND,my_unseen,,Rare Candy,1
1,59,0,TO_HAND,my_unseen,,Buddy-Buddy Poffin,3
1,59,0,TO_HAND,my_unseen,,Night Stretcher,1
1,59,0,TO_HAND,my_unseen,,Precious Trolley,1
1,59,0,TO_HAND,my_unseen,,Tool Scrapper,1
1,59,0,TO_HAND,my_unseen,,Poké Pad,2
1,59,0,TO_HAND,my_unseen,,Boss’s Orders,1
1,59,0,TO_HAND,my_unseen,,Team Rocket's Petrel,4
1,59,0,TO_HAND,my_unseen,,Lillie's Determination,2
1,59,0,TO_HAND,my_unseen,,Spikemuth Gym,3
1,59,0,TO_HAND,my_unseen,,Special Red Card,1
1,59,0,TO_HAND,my_unseen,,Gwynn,1
1,60,0,MAIN,hand,0,Snorunt,1
1,60,0,MAIN,hand,1,Buddy-Buddy Poffin,1
1,60,0,MAIN,hand,2,Marnie's Grimmsnarl ex,1
1,60,0,MAIN,hand,3,Rare Candy,1
1,60,0,MAIN,hand,4,Munkidori,1
1,60,0,MAIN,hand,5,Lillie's Determination,1
1,60,0,MAIN,hand,6,Poké Pad,1
1,60,0,MAIN,my_discard,,Night Stretcher,1
1,60,0,MAIN,my_discard,,Poké Pad,1
1,60,0,MAIN,my_discard,,Boss’s Orders,1
1,60,0,MAIN,my_discard,,Lillie's Determination,1
1,60,0,MAIN,opp_discard,,Basic {D} Energy,1
1,60,0,MAIN,opp_discard,,Buddy-Buddy Poffin,1
1,60,0,MAIN,opp_discard,,Ultra Ball,1
1,60,0,MAIN,opp_discard,,Poké Pad,3
1,60,0,MAIN,opp_discard,,Crispin,2
1,60,0,MAIN,opp_discard,,Lillie's Determination,1
1,60,0,MAIN,opp_discard,,Jamming Tower,1
1,60,0,MAIN,my_unseen,,Basic {D} Energy,8
1,60,0,MAIN,my_unseen,,Froslass,3
1,60,0,MAIN,my_unseen,,Budew,1
1,60,0,MAIN,my_unseen,,Marnie's Impidimp,3
1,60,0,MAIN,my_unseen,,Marnie's Morgrem,2
1,60,0,MAIN,my_unseen,,Marnie's Grimmsnarl ex,2
1,60,0,MAIN,my_unseen,,Rare Candy,1
1,60,0,MAIN,my_unseen,,Buddy-Buddy Poffin,3
1,60,0,MAIN,my_unseen,,Night Stretcher,1
1,60,0,MAIN,my_unseen,,Precious Trolley,1
1,60,0,MAIN,my_unseen,,Tool Scrapper,1
1,60,0,MAIN,my_unseen,,Poké Pad,2
1,60,0,MAIN,my_unseen,,Boss’s Orders,1
1,60,0,MAIN,my_unseen,,Team Rocket's Petrel,4
1,60,0,MAIN,my_unseen,,Lillie's Determination,2
1,60,0,MAIN,my_unseen,,Spikemuth Gym,3
1,60,0,MAIN,my_unseen,,Special Red Card,1
1,60,0,MAIN,my_unseen,,Gwynn,1
1,61,1,MAIN,hand,0,Budew,1
1,61,1,MAIN,hand,1,Crispin,1
1,61,1,MAIN,hand,2,Dragapult ex,1
1,61,1,MAIN,hand,3,Buddy-Buddy Poffin,1
1,61,1,MAIN,hand,4,Lillie's Determination,1
1,61,1,MAIN,hand,5,Boss’s Orders,1
1,61,1,MAIN,hand,6,Dragapult ex,1
1,61,1,MAIN,hand,7,Basic {P} Energy,1
1,61,1,MAIN,hand,8,Crushing Hammer,1
1,61,1,MAIN,hand,9,Fezandipiti ex,1
1,61,1,MAIN,my_discard,,Basic {D} Energy,1
1,61,1,MAIN,my_discard,,Buddy-Buddy Poffin,1
1,61,1,MAIN,my_discard,,Ultra Ball,1
1,61,1,MAIN,my_discard,,Poké Pad,3
1,61,1,MAIN,my_discard,,Crispin,2
1,61,1,MAIN,my_discard,,Lillie's Determination,1
1,61,1,MAIN,my_discard,,Jamming Tower,1
1,61,1,MAIN,opp_discard,,Night Stretcher,1
1,61,1,MAIN,opp_discard,,Poké Pad,1
1,61,1,MAIN,opp_discard,,Boss’s Orders,1
1,61,1,MAIN,opp_discard,,Lillie's Determination,1
1,61,1,MAIN,my_unseen,,Basic {R} Energy,2
1,61,1,MAIN,my_unseen,,Basic {P} Energy,2
1,61,1,MAIN,my_unseen,,Basic {D} Energy,1
1,61,1,MAIN,my_unseen,,Munkidori,1
1,61,1,MAIN,my_unseen,,Dreepy,2
1,61,1,MAIN,my_unseen,,Drakloak,4
1,61,1,MAIN,my_unseen,,Dragapult ex,1
1,61,1,MAIN,my_unseen,,Budew,1
1,61,1,MAIN,my_unseen,,Meowth ex,1
1,61,1,MAIN,my_unseen,,Unfair Stamp,1
1,61,1,MAIN,my_unseen,,Buddy-Buddy Poffin,2
1,61,1,MAIN,my_unseen,,Night Stretcher,2
1,61,1,MAIN,my_unseen,,Crushing Hammer,3
1,61,1,MAIN,my_unseen,,Ultra Ball,3
1,61,1,MAIN,my_unseen,,Poké Pad,1
1,61,1,MAIN,my_unseen,,Boss’s Orders,2
1,61,1,MAIN,my_unseen,,Judge,1
1,61,1,MAIN,my_unseen,,Lillie's Determination,2
1,61,1,MAIN,my_unseen,,Jamming Tower,1
1,62,1,MAIN,hand,0,Crushing Hammer,1
1,62,1,MAIN,hand,1,Drakloak,1
1,62,1,MAIN,hand,2,Night Stretcher,1
1,62,1,MAIN,hand,3,Poké Pad,1
1,62,1,MAIN,hand,4,Munkidori,1
1,62,1,MAIN,hand,5,Crushing Hammer,1
1,62,1,MAIN,hand,6,Buddy-Buddy Poffin,1
1,62,1,MAIN,hand,7,Dragapult ex,1
1,62,1,MAIN,my_discard,,Basic {D} Energy,1
1,62,1,MAIN,my_discard,,Buddy-Buddy Poffin,1
1,62,1,MAIN,my_discard,,Ultra Ball,1
1,62,1,MAIN,my_discard,,Poké Pad,3
1,62,1,MAIN,my_discard,,Crispin,2
1,62,1,MAIN,my_discard,,Lillie's Determination,2
1,62,1,MAIN,my_discard,,Jamming Tower,1
1,62,1,MAIN,opp_discard,,Night Stretcher,1
1,62,1,MAIN,opp_discard,,Poké Pad,1
1,62,1,MAIN,opp_discard,,Boss’s Orders,1
1,62,1,MAIN,opp_discard,,Lillie's Determination,1
1,62,1,MAIN,my_unseen,,Basic {R} Energy,2
1,62,1,MAIN,my_unseen,,Basic {P} Energy,3
1,62,1,MAIN,my_unseen,,Basic {D} Energy,1
1,62,1,MAIN,my_unseen,,Dreepy,2
1,62,1,MAIN,my_unseen,,Drakloak,3
1,62,1,MAIN,my_unseen,,Dragapult ex,2
1,62,1,MAIN,my_unseen,,Fezandipiti ex,1
1,62,1,MAIN,my_unseen,,Budew,2
1,62,1,MAIN,my_unseen,,Meowth ex,1
1,62,1,MAIN,my_unseen,,Unfair Stamp,1
1,62,1,MAIN,my_unseen,,Buddy-Buddy Poffin,2
1,62,1,MAIN,my_unseen,,Night Stretcher,1
1,62,1,MAIN,my_unseen,,Crushing Hammer,2
1,62,1,MAIN,my_unseen,,Ultra Ball,3
1,62,1,MAIN,my_unseen,,Boss’s Orders,3
1,62,1,MAIN,my_unseen,,Crispin,1
1,62,1,MAIN,my_unseen,,Judge,1
1,62,1,MAIN,my_unseen,,Lillie's Determination,2
1,62,1,MAIN,my_unseen,,Jamming Tower,1
1,63,0,MAIN,hand,0,Snorunt,1
1,63,0,MAIN,hand,1,Buddy-Buddy Poffin,1
1,63,0,MAIN,hand,2,Marnie's Grimmsnarl ex,1
1,63,0,MAIN,hand,3,Rare Candy,1
1,63,0,MAIN,hand,4,Munkidori,1
1,63,0,MAIN,hand,5,Lillie's Determination,1
1,63,0,MAIN,hand,6,Poké Pad,1
1,63,0,MAIN,hand,7,Basic {D} Energy,1
1,63,0,MAIN,my_discard,,Night Stretcher,1
1,63,0,MAIN,my_discard,,Poké Pad,1
1,63,0,MAIN,my_discard,,Boss’s Orders,1
1,63,0,MAIN,my_discard,,Lillie's Determination,1
1,63,0,MAIN,opp_discard,,Basic {D} Energy,1
1,63,0,MAIN,opp_discard,,Buddy-Buddy Poffin,1
1,63,0,MAIN,opp_discard,,Ultra Ball,1
1,63,0,MAIN,opp_discard,,Poké Pad,3
1,63,0,MAIN,opp_discard,,Crispin,2
1,63,0,MAIN,opp_discard,,Lillie's Determination,2
1,63,0,MAIN,opp_discard,,Jamming Tower,1
1,63,0,MAIN,my_unseen,,Basic {D} Energy,7
1,63,0,MAIN,my_unseen,,Froslass,3
1,63,0,MAIN,my_unseen,,Budew,1
1,63,0,MAIN,my_unseen,,Marnie's Impidimp,3
1,63,0,MAIN,my_unseen,,Marnie's Morgrem,2
1,63,0,MAIN,my_unseen,,Marnie's Grimmsnarl ex,2
1,63,0,MAIN,my_unseen,,Rare Candy,1
1,63,0,MAIN,my_unseen,,Buddy-Buddy Poffin,3
1,63,0,MAIN,my_unseen,,Night Stretcher,1
1,63,0,MAIN,my_unseen,,Precious Trolley,1
1,63,0,MAIN,my_unseen,,Tool Scrapper,1
1,63,0,MAIN,my_unseen,,Poké Pad,2
1,63,0,MAIN,my_unseen,,Boss’s Orders,1
1,63,0,MAIN,my_unseen,,Team Rocket's Petrel,4
1,63,0,MAIN,my_unseen,,Lillie's Determination,2
1,63,0,MAIN,my_unseen,,Spikemuth Gym,3
1,63,0,MAIN,my_unseen,,Special Red Card,1
1,63,0,MAIN,my_unseen,,Gwynn,1
1,64,0,MAIN,hand,0,Snorunt,1
1,64,0,MAIN,hand,1,Buddy-Buddy Poffin,1
1,64,0,MAIN,hand,2,Marnie's Grimmsnarl ex,1
1,64,0,MAIN,hand,3,Rare Candy,1
1,64,0,MAIN,hand,4,Munkidori,1
1,64,0,MAIN,hand,5,Lillie's Determination,1
1,64,0,MAIN,hand,6,Poké Pad,1
1,64,0,MAIN,my_discard,,Night Stretcher,1
1,64,0,MAIN,my_discard,,Poké Pad,1
1,64,0,MAIN,my_discard,,Boss’s Orders,1
1,64,0,MAIN,my_discard,,Lillie's Determination,1
1,64,0,MAIN,opp_discard,,Basic {D} Energy,1
1,64,0,MAIN,opp_discard,,Buddy-Buddy Poffin,1
1,64,0,MAIN,opp_discard,,Ultra Ball,1
1,64,0,MAIN,opp_discard,,Poké Pad,3
1,64,0,MAIN,opp_discard,,Crispin,2
1,64,0,MAIN,opp_discard,,Lillie's Determination,2
1,64,0,MAIN,opp_discard,,Jamming Tower,1
1,64,0,MAIN,my_unseen,,Basic {D} Energy,7
1,64,0,MAIN,my_unseen,,Froslass,3
1,64,0,MAIN,my_unseen,,Budew,1
1,64,0,MAIN,my_unseen,,Marnie's Impidimp,3
1,64,0,MAIN,my_unseen,,Marnie's Morgrem,2
1,64,0,MAIN,my_unseen,,Marnie's Grimmsnarl ex,2
1,64,0,MAIN,my_unseen,,Rare Candy,1
1,64,0,MAIN,my_unseen,,Buddy-Buddy Poffin,3
1,64,0,MAIN,my_unseen,,Night Stretcher,1
1,64,0,MAIN,my_unseen,,Precious Trolley,1
1,64,0,MAIN,my_unseen,,Tool Scrapper,1
1,64,0,MAIN,my_unseen,,Poké Pad,2
1,64,0,MAIN,my_unseen,,Boss’s Orders,1
1,64,0,MAIN,my_unseen,,Team Rocket's Petrel,4
1,64,0,MAIN,my_unseen,,Lillie's Determination,2
1,64,0,MAIN,my_unseen,,Spikemuth Gym,3
1,64,0,MAIN,my_unseen,,Special Red Card,1
1,64,0,MAIN,my_unseen,,Gwynn,1
1,65,0,MAIN,hand,0,Buddy-Buddy Poffin,1
1,65,0,MAIN,hand,1,Spikemuth Gym,1
1,65,0,MAIN,hand,2,Special Red Card,1
1,65,0,MAIN,hand,3,Poké Pad,1
1,65,0,MAIN,hand,4,Buddy-Buddy Poffin,1
1,65,0,MAIN,hand,5,Froslass,1
1,65,0,MAIN,hand,6,Marnie's Impidimp,1
1,65,0,MAIN,hand,7,Buddy-Buddy Poffin,1
1,65,0,MAIN,my_discard,,Night Stretcher,1
1,65,0,MAIN,my_discard,,Poké Pad,1
1,65,0,MAIN,my_discard,,Boss’s Orders,1
1,65,0,MAIN,my_discard,,Lillie's Determination,2
1,65,0,MAIN,opp_discard,,Basic {D} Energy,1
1,65,0,MAIN,opp_discard,,Buddy-Buddy Poffin,1
1,65,0,MAIN,opp_discard,,Ultra Ball,1
1,65,0,MAIN,opp_discard,,Poké Pad,3
1,65,0,MAIN,opp_discard,,Crispin,2
1,65,0,MAIN,opp_discard,,Lillie's Determination,2
1,65,0,MAIN,opp_discard,,Jamming Tower,1
1,65,0,MAIN,my_unseen,,Basic {D} Energy,7
1,65,0,MAIN,my_unseen,,Froslass,2
1,65,0,MAIN,my_unseen,,Munkidori,1
1,65,0,MAIN,my_unseen,,Budew,1
1,65,0,MAIN,my_unseen,,Marnie's Impidimp,2
1,65,0,MAIN,my_unseen,,Marnie's Morgrem,2
1,65,0,MAIN,my_unseen,,Marnie's Grimmsnarl ex,3
1,65,0,MAIN,my_unseen,,Snorunt,1
1,65,0,MAIN,my_unseen,,Rare Candy,2
1,65,0,MAIN,my_unseen,,Buddy-Buddy Poffin,1
1,65,0,MAIN,my_unseen,,Night Stretcher,1
1,65,0,MAIN,my_unseen,,Precious Trolley,1
1,65,0,MAIN,my_unseen,,Tool Scrapper,1
1,65,0,MAIN,my_unseen,,Poké Pad,2
1,65,0,MAIN,my_unseen,,Boss’s Orders,1
1,65,0,MAIN,my_unseen,,Team Rocket's Petrel,4
1,65,0,MAIN,my_unseen,,Lillie's Determination,2
1,65,0,MAIN,my_unseen,,Spikemuth Gym,2
1,65,0,MAIN,my_unseen,,Gwynn,1
1,66,1,MAIN,hand,0,Crushing Hammer,1
1,66,1,MAIN,hand,1,Drakloak,1
1,66,1,MAIN,hand,2,Night Stretcher,1
1,66,1,MAIN,hand,3,Poké Pad,1
1,66,1,MAIN,hand,4,Munkidori,1
1,66,1,MAIN,hand,5,Crushing Hammer,1
1,66,1,MAIN,hand,6,Buddy-Buddy Poffin,1
1,66,1,MAIN,hand,7,Dragapult ex,1
1,66,1,MAIN,hand,8,Crushing Hammer,1
1,66,1,MAIN,my_discard,,Basic {D} Energy,1
1,66,1,MAIN,my_discard,,Buddy-Buddy Poffin,1
1,66,1,MAIN,my_discard,,Ultra Ball,1
1,66,1,MAIN,my_discard,,Poké Pad,3
1,66,1,MAIN,my_discard,,Crispin,2
1,66,1,MAIN,my_discard,,Lillie's Determination,2
1,66,1,MAIN,my_discard,,Jamming Tower,1
1,66,1,MAIN,opp_discard,,Night Stretcher,1
1,66,1,MAIN,opp_discard,,Poké Pad,1
1,66,1,MAIN,opp_discard,,Boss’s Orders,1
1,66,1,MAIN,opp_discard,,Lillie's Determination,2
1,66,1,MAIN,my_unseen,,Basic {R} Energy,2
1,66,1,MAIN,my_unseen,,Basic {P} Energy,3
1,66,1,MAIN,my_unseen,,Basic {D} Energy,1
1,66,1,MAIN,my_unseen,,Dreepy,2
1,66,1,MAIN,my_unseen,,Drakloak,3
1,66,1,MAIN,my_unseen,,Dragapult ex,2
1,66,1,MAIN,my_unseen,,Fezandipiti ex,1
1,66,1,MAIN,my_unseen,,Budew,2
1,66,1,MAIN,my_unseen,,Meowth ex,1
1,66,1,MAIN,my_unseen,,Unfair Stamp,1
1,66,1,MAIN,my_unseen,,Buddy-Buddy Poffin,2
1,66,1,MAIN,my_unseen,,Night Stretcher,1
1,66,1,MAIN,my_unseen,,Crushing Hammer,1
1,66,1,MAIN,my_unseen,,Ultra Ball,3
1,66,1,MAIN,my_unseen,,Boss’s Orders,3
1,66,1,MAIN,my_unseen,,Crispin,1
1,66,1,MAIN,my_unseen,,Judge,1
1,66,1,MAIN,my_unseen,,Lillie's Determination,2
1,66,1,MAIN,my_unseen,,Jamming Tower,1
1,67,1,MAIN,hand,0,Crushing Hammer,1
1,67,1,MAIN,hand,1,Drakloak,1
1,67,1,MAIN,hand,2,Night Stretcher,1
1,67,1,MAIN,hand,3,Poké Pad,1
1,67,1,MAIN,hand,4,Munkidori,1
1,67,1,MAIN,hand,5,Crushing Hammer,1
1,67,1,MAIN,hand,6,Buddy-Buddy Poffin,1
1,67,1,MAIN,hand,7,Dragapult ex,1
1,67,1,MAIN,hand,8,Crushing Hammer,1
1,67,1,MAIN,my_discard,,Basic {D} Energy,1
1,67,1,MAIN,my_discard,,Buddy-Buddy Poffin,1
1,67,1,MAIN,my_discard,,Ultra Ball,1
1,67,1,MAIN,my_discard,,Poké Pad,3
1,67,1,MAIN,my_discard,,Crispin,2
1,67,1,MAIN,my_discard,,Lillie's Determination,2
1,67,1,MAIN,my_discard,,Jamming Tower,1
1,67,1,MAIN,opp_discard,,Night Stretcher,1
1,67,1,MAIN,opp_discard,,Poké Pad,1
1,67,1,MAIN,opp_discard,,Boss’s Orders,1
1,67,1,MAIN,opp_discard,,Lillie's Determination,2
1,67,1,MAIN,my_unseen,,Basic {R} Energy,2
1,67,1,MAIN,my_unseen,,Basic {P} Energy,3
1,67,1,MAIN,my_unseen,,Basic {D} Energy,1
1,67,1,MAIN,my_unseen,,Dreepy,2
1,67,1,MAIN,my_unseen,,Drakloak,3
1,67,1,MAIN,my_unseen,,Dragapult ex,2
1,67,1,MAIN,my_unseen,,Fezandipiti ex,1
1,67,1,MAIN,my_unseen,,Budew,2
1,67,1,MAIN,my_unseen,,Meowth ex,1
1,67,1,MAIN,my_unseen,,Unfair Stamp,1
1,67,1,MAIN,my_unseen,,Buddy-Buddy Poffin,2
1,67,1,MAIN,my_unseen,,Night Stretcher,1
1,67,1,MAIN,my_unseen,,Crushing Hammer,1
1,67,1,MAIN,my_unseen,,Ultra Ball,3
1,67,1,MAIN,my_unseen,,Boss’s Orders,3
1,67,1,MAIN,my_unseen,,Crispin,1
1,67,1,MAIN,my_unseen,,Judge,1
1,67,1,MAIN,my_unseen,,Lillie's Determination,2
1,67,1,MAIN,my_unseen,,Jamming Tower,1
1,68,1,TO_HAND,hand,0,Crushing Hammer,1
1,68,1,TO_HAND,hand,1,Drakloak,1
1,68,1,TO_HAND,hand,2,Night Stretcher,1
1,68,1,TO_HAND,hand,3,Munkidori,1
1,68,1,TO_HAND,hand,4,Crushing Hammer,1
1,68,1,TO_HAND,hand,5,Buddy-Buddy Poffin,1
1,68,1,TO_HAND,hand,6,Dragapult ex,1
1,68,1,TO_HAND,hand,7,Crushing Hammer,1
1,68,1,TO_HAND,my_discard,,Basic {D} Energy,1
1,68,1,TO_HAND,my_discard,,Buddy-Buddy Poffin,1
1,68,1,TO_HAND,my_discard,,Ultra Ball,1
1,68,1,TO_HAND,my_discard,,Poké Pad,3
1,68,1,TO_HAND,my_discard,,Crispin,2
1,68,1,TO_HAND,my_discard,,Lillie's Determination,2
1,68,1,TO_HAND,my_discard,,Jamming Tower,1
1,68,1,TO_HAND,opp_discard,,Night Stretcher,1
1,68,1,TO_HAND,opp_discard,,Poké Pad,1
1,68,1,TO_HAND,opp_discard,,Boss’s Orders,1
1,68,1,TO_HAND,opp_discard,,Lillie's Determination,2
1,68,1,TO_HAND,my_unseen,,Basic {R} Energy,2
1,68,1,TO_HAND,my_unseen,,Basic {P} Energy,3
1,68,1,TO_HAND,my_unseen,,Basic {D} Energy,1
1,68,1,TO_HAND,my_unseen,,Dreepy,2
1,68,1,TO_HAND,my_unseen,,Drakloak,3
1,68,1,TO_HAND,my_unseen,,Dragapult ex,2
1,68,1,TO_HAND,my_unseen,,Fezandipiti ex,1
1,68,1,TO_HAND,my_unseen,,Budew,2
1,68,1,TO_HAND,my_unseen,,Meowth ex,1
1,68,1,TO_HAND,my_unseen,,Unfair Stamp,1
1,68,1,TO_HAND,my_unseen,,Buddy-Buddy Poffin,2
1,68,1,TO_HAND,my_unseen,,Night Stretcher,1
1,68,1,TO_HAND,my_unseen,,Crushing Hammer,1
1,68,1,TO_HAND,my_unseen,,Ultra Ball,3
1,68,1,TO_HAND,my_unseen,,Boss’s Orders,3
1,68,1,TO_HAND,my_unseen,,Crispin,1
1,68,1,TO_HAND,my_unseen,,Judge,1
1,68,1,TO_HAND,my_unseen,,Lillie's Determination,2
1,68,1,TO_HAND,my_unseen,,Jamming Tower,1
1,69,1,MAIN,hand,0,Crushing Hammer,1
1,69,1,MAIN,hand,1,Drakloak,1
1,69,1,MAIN,hand,2,Night Stretcher,1
1,69,1,MAIN,hand,3,Munkidori,1
1,69,1,MAIN,hand,4,Crushing Hammer,1
1,69,1,MAIN,hand,5,Buddy-Buddy Poffin,1
1,69,1,MAIN,hand,6,Dragapult ex,1
1,69,1,MAIN,hand,7,Crushing Hammer,1
1,69,1,MAIN,my_discard,,Basic {D} Energy,1
1,69,1,MAIN,my_discard,,Buddy-Buddy Poffin,1
1,69,1,MAIN,my_discard,,Ultra Ball,1
1,69,1,MAIN,my_discard,,Poké Pad,4
1,69,1,MAIN,my_discard,,Crispin,2
1,69,1,MAIN,my_discard,,Lillie's Determination,2
1,69,1,MAIN,my_discard,,Jamming Tower,1
1,69,1,MAIN,opp_discard,,Night Stretcher,1
1,69,1,MAIN,opp_discard,,Poké Pad,1
1,69,1,MAIN,opp_discard,,Boss’s Orders,1
1,69,1,MAIN,opp_discard,,Lillie's Determination,2
1,69,1,MAIN,my_unseen,,Basic {R} Energy,2
1,69,1,MAIN,my_unseen,,Basic {P} Energy,3
1,69,1,MAIN,my_unseen,,Basic {D} Energy,1
1,69,1,MAIN,my_unseen,,Dreepy,2
1,69,1,MAIN,my_unseen,,Drakloak,3
1,69,1,MAIN,my_unseen,,Dragapult ex,2
1,69,1,MAIN,my_unseen,,Fezandipiti ex,1
1,69,1,MAIN,my_unseen,,Budew,2
1,69,1,MAIN,my_unseen,,Meowth ex,1
1,69,1,MAIN,my_unseen,,Unfair Stamp,1
1,69,1,MAIN,my_unseen,,Buddy-Buddy Poffin,2
1,69,1,MAIN,my_unseen,,Night Stretcher,1
1,69,1,MAIN,my_unseen,,Crushing Hammer,1
1,69,1,MAIN,my_unseen,,Ultra Ball,3
1,69,1,MAIN,my_unseen,,Boss’s Orders,3
1,69,1,MAIN,my_unseen,,Crispin,1
1,69,1,MAIN,my_unseen,,Judge,1
1,69,1,MAIN,my_unseen,,Lillie's Determination,2
1,69,1,MAIN,my_unseen,,Jamming Tower,1
1,70,1,MAIN,hand,0,Crushing Hammer,1
1,70,1,MAIN,hand,1,Night Stretcher,1
1,70,1,MAIN,hand,2,Munkidori,1
1,70,1,MAIN,hand,3,Crushing Hammer,1
1,70,1,MAIN,hand,4,Buddy-Buddy Poffin,1
1,70,1,MAIN,hand,5,Dragapult ex,1
1,70,1,MAIN,hand,6,Crushing Hammer,1
1,70,1,MAIN,my_discard,,Basic {D} Energy,1
1,70,1,MAIN,my_discard,,Buddy-Buddy Poffin,1
1,70,1,MAIN,my_discard,,Ultra Ball,1
1,70,1,MAIN,my_discard,,Poké Pad,4
1,70,1,MAIN,my_discard,,Crispin,2
1,70,1,MAIN,my_discard,,Lillie's Determination,2
1,70,1,MAIN,my_discard,,Jamming Tower,1
1,70,1,MAIN,opp_discard,,Night Stretcher,1
1,70,1,MAIN,opp_discard,,Poké Pad,1
1,70,1,MAIN,opp_discard,,Boss’s Orders,1
1,70,1,MAIN,opp_discard,,Lillie's Determination,2
1,70,1,MAIN,my_unseen,,Basic {R} Energy,2
1,70,1,MAIN,my_unseen,,Basic {P} Energy,3
1,70,1,MAIN,my_unseen,,Basic {D} Energy,1
1,70,1,MAIN,my_unseen,,Dreepy,2
1,70,1,MAIN,my_unseen,,Drakloak,3
1,70,1,MAIN,my_unseen,,Dragapult ex,2
1,70,1,MAIN,my_unseen,,Fezandipiti ex,1
1,70,1,MAIN,my_unseen,,Budew,2
1,70,1,MAIN,my_unseen,,Meowth ex,1
1,70,1,MAIN,my_unseen,,Unfair Stamp,1
1,70,1,MAIN,my_unseen,,Buddy-Buddy Poffin,2
1,70,1,MAIN,my_unseen,,Night Stretcher,1
1,70,1,MAIN,my_unseen,,Crushing Hammer,1
1,70,1,MAIN,my_unseen,,Ultra Ball,3
1,70,1,MAIN,my_unseen,,Boss’s Orders,3
1,70,1,MAIN,my_unseen,,Crispin,1
1,70,1,MAIN,my_unseen,,Judge,1
1,70,1,MAIN,my_unseen,,Lillie's Determination,2
1,70,1,MAIN,my_unseen,,Jamming Tower,1
1,71,1,MAIN,hand,0,Crushing Hammer,1
1,71,1,MAIN,hand,1,Night Stretcher,1
1,71,1,MAIN,hand,2,Munkidori,1
1,71,1,MAIN,hand,3,Crushing Hammer,1
1,71,1,MAIN,hand,4,Buddy-Buddy Poffin,1
1,71,1,MAIN,hand,5,Dragapult ex,1
1,71,1,MAIN,my_discard,,Basic {D} Energy,1
1,71,1,MAIN,my_discard,,Buddy-Buddy Poffin,1
1,71,1,MAIN,my_discard,,Crushing Hammer,1
1,71,1,MAIN,my_discard,,Ultra Ball,1
1,71,1,MAIN,my_discard,,Poké Pad,4
1,71,1,MAIN,my_discard,,Crispin,2
1,71,1,MAIN,my_discard,,Lillie's Determination,2
1,71,1,MAIN,my_discard,,Jamming Tower,1
1,71,1,MAIN,opp_discard,,Night Stretcher,1
1,71,1,MAIN,opp_discard,,Poké Pad,1
1,71,1,MAIN,opp_discard,,Boss’s Orders,1
1,71,1,MAIN,opp_discard,,Lillie's Determination,2
1,71,1,MAIN,my_unseen,,Basic {R} Energy,2
1,71,1,MAIN,my_unseen,,Basic {P} Energy,3
1,71,1,MAIN,my_unseen,,Basic {D} Energy,1
1,71,1,MAIN,my_unseen,,Dreepy,2
1,71,1,MAIN,my_unseen,,Drakloak,3
1,71,1,MAIN,my_unseen,,Dragapult ex,2
1,71,1,MAIN,my_unseen,,Fezandipiti ex,1
1,71,1,MAIN,my_unseen,,Budew,2
1,71,1,MAIN,my_unseen,,Meowth ex,1
1,71,1,MAIN,my_unseen,,Unfair Stamp,1
1,71,1,MAIN,my_unseen,,Buddy-Buddy Poffin,2
1,71,1,MAIN,my_unseen,,Night Stretcher,1
1,71,1,MAIN,my_unseen,,Crushing Hammer,1
1,71,1,MAIN,my_unseen,,Ultra Ball,3
1,71,1,MAIN,my_unseen,,Boss’s Orders,3
1,71,1,MAIN,my_unseen,,Crispin,1
1,71,1,MAIN,my_unseen,,Judge,1
1,71,1,MAIN,my_unseen,,Lillie's Determination,2
1,71,1,MAIN,my_unseen,,Jamming Tower,1
1,72,1,MAIN,hand,0,Crushing Hammer,1
1,72,1,MAIN,hand,1,Night Stretcher,1
1,72,1,MAIN,hand,2,Crushing Hammer,1
1,72,1,MAIN,hand,3,Buddy-Buddy Poffin,1
1,72,1,MAIN,hand,4,Dragapult ex,1
1,72,1,MAIN,my_discard,,Basic {D} Energy,1
1,72,1,MAIN,my_discard,,Buddy-Buddy Poffin,1
1,72,1,MAIN,my_discard,,Crushing Hammer,1
1,72,1,MAIN,my_discard,,Ultra Ball,1
1,72,1,MAIN,my_discard,,Poké Pad,4
1,72,1,MAIN,my_discard,,Crispin,2
1,72,1,MAIN,my_discard,,Lillie's Determination,2
1,72,1,MAIN,my_discard,,Jamming Tower,1
1,72,1,MAIN,opp_discard,,Night Stretcher,1
1,72,1,MAIN,opp_discard,,Poké Pad,1
1,72,1,MAIN,opp_discard,,Boss’s Orders,1
1,72,1,MAIN,opp_discard,,Lillie's Determination,2
1,72,1,MAIN,my_unseen,,Basic {R} Energy,2
1,72,1,MAIN,my_unseen,,Basic {P} Energy,3
1,72,1,MAIN,my_unseen,,Basic {D} Energy,1
1,72,1,MAIN,my_unseen,,Dreepy,2
1,72,1,MAIN,my_unseen,,Drakloak,3
1,72,1,MAIN,my_unseen,,Dragapult ex,2
1,72,1,MAIN,my_unseen,,Fezandipiti ex,1
1,72,1,MAIN,my_unseen,,Budew,2
1,72,1,MAIN,my_unseen,,Meowth ex,1
1,72,1,MAIN,my_unseen,,Unfair Stamp,1
1,72,1,MAIN,my_unseen,,Buddy-Buddy Poffin,2
1,72,1,MAIN,my_unseen,,Night Stretcher,1
1,72,1,MAIN,my_unseen,,Crushing Hammer,1
1,72,1,MAIN,my_unseen,,Ultra Ball,3
1,72,1,MAIN,my_unseen,,Boss’s Orders,3
1,72,1,MAIN,my_unseen,,Crispin,1
1,72,1,MAIN,my_unseen,,Judge,1
1,72,1,MAIN,my_unseen,,Lillie's Determination,2
1,72,1,MAIN,my_unseen,,Jamming Tower,1
1,73,0,MAIN,hand,0,Buddy-Buddy Poffin,1
1,73,0,MAIN,hand,1,Spikemuth Gym,1
1,73,0,MAIN,hand,2,Special Red Card,1
1,73,0,MAIN,hand,3,Poké Pad,1
1,73,0,MAIN,hand,4,Buddy-Buddy Poffin,1
1,73,0,MAIN,hand,5,Froslass,1
1,73,0,MAIN,hand,6,Marnie's Impidimp,1
1,73,0,MAIN,hand,7,Buddy-Buddy Poffin,1
1,73,0,MAIN,hand,8,Basic {D} Energy,1
1,73,0,MAIN,my_discard,,Night Stretcher,1
1,73,0,MAIN,my_discard,,Poké Pad,1
1,73,0,MAIN,my_discard,,Boss’s Orders,1
1,73,0,MAIN,my_discard,,Lillie's Determination,2
1,73,0,MAIN,opp_discard,,Basic {D} Energy,1
1,73,0,MAIN,opp_discard,,Buddy-Buddy Poffin,1
1,73,0,MAIN,opp_discard,,Crushing Hammer,1
1,73,0,MAIN,opp_discard,,Ultra Ball,1
1,73,0,MAIN,opp_discard,,Poké Pad,4
1,73,0,MAIN,opp_discard,,Crispin,2
1,73,0,MAIN,opp_discard,,Lillie's Determination,2
1,73,0,MAIN,opp_discard,,Jamming Tower,1
1,73,0,MAIN,my_unseen,,Basic {D} Energy,6
1,73,0,MAIN,my_unseen,,Froslass,2
1,73,0,MAIN,my_unseen,,Munkidori,1
1,73,0,MAIN,my_unseen,,Budew,1
1,73,0,MAIN,my_unseen,,Marnie's Impidimp,2
1,73,0,MAIN,my_unseen,,Marnie's Morgrem,2
1,73,0,MAIN,my_unseen,,Marnie's Grimmsnarl ex,3
1,73,0,MAIN,my_unseen,,Snorunt,1
1,73,0,MAIN,my_unseen,,Rare Candy,2
1,73,0,MAIN,my_unseen,,Buddy-Buddy Poffin,1
1,73,0,MAIN,my_unseen,,Night Stretcher,1
1,73,0,MAIN,my_unseen,,Precious Trolley,1
1,73,0,MAIN,my_unseen,,Tool Scrapper,1
1,73,0,MAIN,my_unseen,,Poké Pad,2
1,73,0,MAIN,my_unseen,,Boss’s Orders,1
1,73,0,MAIN,my_unseen,,Team Rocket's Petrel,4
1,73,0,MAIN,my_unseen,,Lillie's Determination,2
1,73,0,MAIN,my_unseen,,Spikemuth Gym,2
1,73,0,MAIN,my_unseen,,Gwynn,1
1,74,0,TO_HAND,hand,0,Buddy-Buddy Poffin,1
1,74,0,TO_HAND,hand,1,Spikemuth Gym,1
1,74,0,TO_HAND,hand,2,Special Red Card,1
1,74,0,TO_HAND,hand,3,Poké Pad,1
1,74,0,TO_HAND,hand,4,Buddy-Buddy Poffin,1
1,74,0,TO_HAND,hand,5,Froslass,1
1,74,0,TO_HAND,hand,6,Marnie's Impidimp,1
1,74,0,TO_HAND,hand,7,Buddy-Buddy Poffin,1
1,74,0,TO_HAND,hand,8,Basic {D} Energy,1
1,74,0,TO_HAND,my_discard,,Night Stretcher,1
1,74,0,TO_HAND,my_discard,,Poké Pad,1
1,74,0,TO_HAND,my_discard,,Boss’s Orders,1
1,74,0,TO_HAND,my_discard,,Lillie's Determination,2
1,74,0,TO_HAND,opp_discard,,Basic {D} Energy,1
1,74,0,TO_HAND,opp_discard,,Buddy-Buddy Poffin,1
1,74,0,TO_HAND,opp_discard,,Crushing Hammer,1
1,74,0,TO_HAND,opp_discard,,Ultra Ball,1
1,74,0,TO_HAND,opp_discard,,Poké Pad,4
1,74,0,TO_HAND,opp_discard,,Crispin,2
1,74,0,TO_HAND,opp_discard,,Lillie's Determination,2
1,74,0,TO_HAND,opp_discard,,Jamming Tower,1
1,74,0,TO_HAND,my_unseen,,Basic {D} Energy,6
1,74,0,TO_HAND,my_unseen,,Froslass,2
1,74,0,TO_HAND,my_unseen,,Munkidori,1
1,74,0,TO_HAND,my_unseen,,Budew,1
1,74,0,TO_HAND,my_unseen,,Marnie's Impidimp,2
1,74,0,TO_HAND,my_unseen,,Marnie's Morgrem,2
1,74,0,TO_HAND,my_unseen,,Marnie's Grimmsnarl ex,3
1,74,0,TO_HAND,my_unseen,,Snorunt,1
1,74,0,TO_HAND,my_unseen,,Rare Candy,2
1,74,0,TO_HAND,my_unseen,,Buddy-Buddy Poffin,1
1,74,0,TO_HAND,my_unseen,,Night Stretcher,1
1,74,0,TO_HAND,my_unseen,,Precious Trolley,1
1,74,0,TO_HAND,my_unseen,,Tool Scrapper,1
1,74,0,TO_HAND,my_unseen,,Poké Pad,2
1,74,0,TO_HAND,my_unseen,,Boss’s Orders,1
1,74,0,TO_HAND,my_unseen,,Team Rocket's Petrel,4
1,74,0,TO_HAND,my_unseen,,Lillie's Determination,2
1,74,0,TO_HAND,my_unseen,,Spikemuth Gym,2
1,74,0,TO_HAND,my_unseen,,Gwynn,1
1,75,0,MAIN,hand,0,Buddy-Buddy Poffin,1
1,75,0,MAIN,hand,1,Spikemuth Gym,1
1,75,0,MAIN,hand,2,Special Red Card,1
1,75,0,MAIN,hand,3,Poké Pad,1
1,75,0,MAIN,hand,4,Buddy-Buddy Poffin,1
1,75,0,MAIN,hand,5,Froslass,1
1,75,0,MAIN,hand,6,Marnie's Impidimp,1
1,75,0,MAIN,hand,7,Buddy-Buddy Poffin,1
1,75,0,MAIN,hand,8,Basic {D} Energy,1
1,75,0,MAIN,my_discard,,Night Stretcher,1
1,75,0,MAIN,my_discard,,Poké Pad,1
1,75,0,MAIN,my_discard,,Boss’s Orders,1
1,75,0,MAIN,my_discard,,Lillie's Determination,2
1,75,0,MAIN,opp_discard,,Basic {D} Energy,1
1,75,0,MAIN,opp_discard,,Buddy-Buddy Poffin,1
1,75,0,MAIN,opp_discard,,Crushing Hammer,1
1,75,0,MAIN,opp_discard,,Ultra Ball,1
1,75,0,MAIN,opp_discard,,Poké Pad,4
1,75,0,MAIN,opp_discard,,Crispin,2
1,75,0,MAIN,opp_discard,,Lillie's Determination,2
1,75,0,MAIN,opp_discard,,Jamming Tower,1
1,75,0,MAIN,my_unseen,,Basic {D} Energy,6
1,75,0,MAIN,my_unseen,,Froslass,2
1,75,0,MAIN,my_unseen,,Munkidori,1
1,75,0,MAIN,my_unseen,,Budew,1
1,75,0,MAIN,my_unseen,,Marnie's Impidimp,2
1,75,0,MAIN,my_unseen,,Marnie's Morgrem,2
1,75,0,MAIN,my_unseen,,Marnie's Grimmsnarl ex,3
1,75,0,MAIN,my_unseen,,Snorunt,1
1,75,0,MAIN,my_unseen,,Rare Candy,2
1,75,0,MAIN,my_unseen,,Buddy-Buddy Poffin,1
1,75,0,MAIN,my_unseen,,Night Stretcher,1
1,75,0,MAIN,my_unseen,,Precious Trolley,1
1,75,0,MAIN,my_unseen,,Tool Scrapper,1
1,75,0,MAIN,my_unseen,,Poké Pad,2
1,75,0,MAIN,my_unseen,,Boss’s Orders,1
1,75,0,MAIN,my_unseen,,Team Rocket's Petrel,4
1,75,0,MAIN,my_unseen,,Lillie's Determination,2
1,75,0,MAIN,my_unseen,,Spikemuth Gym,2
1,75,0,MAIN,my_unseen,,Gwynn,1
1,76,0,MAIN,hand,0,Buddy-Buddy Poffin,1
1,76,0,MAIN,hand,1,Spikemuth Gym,1
1,76,0,MAIN,hand,2,Special Red Card,1
1,76,0,MAIN,hand,3,Poké Pad,1
1,76,0,MAIN,hand,4,Buddy-Buddy Poffin,1
1,76,0,MAIN,hand,5,Froslass,1
1,76,0,MAIN,hand,6,Marnie's Impidimp,1
1,76,0,MAIN,hand,7,Buddy-Buddy Poffin,1
1,76,0,MAIN,my_discard,,Night Stretcher,1
1,76,0,MAIN,my_discard,,Poké Pad,1
1,76,0,MAIN,my_discard,,Boss’s Orders,1
1,76,0,MAIN,my_discard,,Lillie's Determination,2
1,76,0,MAIN,opp_discard,,Basic {D} Energy,1
1,76,0,MAIN,opp_discard,,Buddy-Buddy Poffin,1
1,76,0,MAIN,opp_discard,,Crushing Hammer,1
1,76,0,MAIN,opp_discard,,Ultra Ball,1
1,76,0,MAIN,opp_discard,,Poké Pad,4
1,76,0,MAIN,opp_discard,,Crispin,2
1,76,0,MAIN,opp_discard,,Lillie's Determination,2
1,76,0,MAIN,opp_discard,,Jamming Tower,1
1,76,0,MAIN,my_unseen,,Basic {D} Energy,6
1,76,0,MAIN,my_unseen,,Froslass,2
1,76,0,MAIN,my_unseen,,Munkidori,1
1,76,0,MAIN,my_unseen,,Budew,1
1,76,0,MAIN,my_unseen,,Marnie's Impidimp,2
1,76,0,MAIN,my_unseen,,Marnie's Morgrem,2
1,76,0,MAIN,my_unseen,,Marnie's Grimmsnarl ex,3
1,76,0,MAIN,my_unseen,,Snorunt,1
1,76,0,MAIN,my_unseen,,Rare Candy,2
1,76,0,MAIN,my_unseen,,Buddy-Buddy Poffin,1
1,76,0,MAIN,my_unseen,,Night Stretcher,1
1,76,0,MAIN,my_unseen,,Precious Trolley,1
1,76,0,MAIN,my_unseen,,Tool Scrapper,1
1,76,0,MAIN,my_unseen,,Poké Pad,2
1,76,0,MAIN,my_unseen,,Boss’s Orders,1
1,76,0,MAIN,my_unseen,,Team Rocket's Petrel,4
1,76,0,MAIN,my_unseen,,Lillie's Determination,2
1,76,0,MAIN,my_unseen,,Spikemuth Gym,2
1,76,0,MAIN,my_unseen,,Gwynn,1
1,77,0,MAIN,hand,0,Buddy-Buddy Poffin,1
1,77,0,MAIN,hand,1,Spikemuth Gym,1
1,77,0,MAIN,hand,2,Special Red Card,1
1,77,0,MAIN,hand,3,Poké Pad,1
1,77,0,MAIN,hand,4,Buddy-Buddy Poffin,1
1,77,0,MAIN,hand,5,Marnie's Impidimp,1
1,77,0,MAIN,hand,6,Buddy-Buddy Poffin,1
1,77,0,MAIN,my_discard,,Night Stretcher,1
1,77,0,MAIN,my_discard,,Poké Pad,1
1,77,0,MAIN,my_discard,,Boss’s Orders,1
1,77,0,MAIN,my_discard,,Lillie's Determination,2
1,77,0,MAIN,opp_discard,,Basic {D} Energy,1
1,77,0,MAIN,opp_discard,,Buddy-Buddy Poffin,1
1,77,0,MAIN,opp_discard,,Crushing Hammer,1
1,77,0,MAIN,opp_discard,,Ultra Ball,1
1,77,0,MAIN,opp_discard,,Poké Pad,4
1,77,0,MAIN,opp_discard,,Crispin,2
1,77,0,MAIN,opp_discard,,Lillie's Determination,2
1,77,0,MAIN,opp_discard,,Jamming Tower,1
1,77,0,MAIN,my_unseen,,Basic {D} Energy,6
1,77,0,MAIN,my_unseen,,Froslass,2
1,77,0,MAIN,my_unseen,,Munkidori,1
1,77,0,MAIN,my_unseen,,Budew,1
1,77,0,MAIN,my_unseen,,Marnie's Impidimp,2
1,77,0,MAIN,my_unseen,,Marnie's Morgrem,2
1,77,0,MAIN,my_unseen,,Marnie's Grimmsnarl ex,3
1,77,0,MAIN,my_unseen,,Snorunt,1
1,77,0,MAIN,my_unseen,,Rare Candy,2
1,77,0,MAIN,my_unseen,,Buddy-Buddy Poffin,1
1,77,0,MAIN,my_unseen,,Night Stretcher,1
1,77,0,MAIN,my_unseen,,Precious Trolley,1
1,77,0,MAIN,my_unseen,,Tool Scrapper,1
1,77,0,MAIN,my_unseen,,Poké Pad,2
1,77,0,MAIN,my_unseen,,Boss’s Orders,1
1,77,0,MAIN,my_unseen,,Team Rocket's Petrel,4
1,77,0,MAIN,my_unseen,,Lillie's Determination,2
1,77,0,MAIN,my_unseen,,Spikemuth Gym,2
1,77,0,MAIN,my_unseen,,Gwynn,1
1,78,1,MAIN,hand,0,Crushing Hammer,1
1,78,1,MAIN,hand,1,Night Stretcher,1
1,78,1,MAIN,hand,2,Crushing Hammer,1
1,78,1,MAIN,hand,3,Buddy-Buddy Poffin,1
1,78,1,MAIN,hand,4,Dragapult ex,1
1,78,1,MAIN,hand,5,Basic {R} Energy,1
1,78,1,MAIN,my_discard,,Basic {D} Energy,1
1,78,1,MAIN,my_discard,,Buddy-Buddy Poffin,1
1,78,1,MAIN,my_discard,,Crushing Hammer,1
1,78,1,MAIN,my_discard,,Ultra Ball,1
1,78,1,MAIN,my_discard,,Poké Pad,4
1,78,1,MAIN,my_discard,,Crispin,2
1,78,1,MAIN,my_discard,,Lillie's Determination,2
1,78,1,MAIN,my_discard,,Jamming Tower,1
1,78,1,MAIN,opp_discard,,Night Stretcher,1
1,78,1,MAIN,opp_discard,,Poké Pad,1
1,78,1,MAIN,opp_discard,,Boss’s Orders,1
1,78,1,MAIN,opp_discard,,Lillie's Determination,2
1,78,1,MAIN,my_unseen,,Basic {R} Energy,1
1,78,1,MAIN,my_unseen,,Basic {P} Energy,3
1,78,1,MAIN,my_unseen,,Basic {D} Energy,1
1,78,1,MAIN,my_unseen,,Dreepy,2
1,78,1,MAIN,my_unseen,,Drakloak,3
1,78,1,MAIN,my_unseen,,Dragapult ex,2
1,78,1,MAIN,my_unseen,,Fezandipiti ex,1
1,78,1,MAIN,my_unseen,,Budew,2
1,78,1,MAIN,my_unseen,,Meowth ex,1
1,78,1,MAIN,my_unseen,,Unfair Stamp,1
1,78,1,MAIN,my_unseen,,Buddy-Buddy Poffin,2
1,78,1,MAIN,my_unseen,,Night Stretcher,1
1,78,1,MAIN,my_unseen,,Crushing Hammer,1
1,78,1,MAIN,my_unseen,,Ultra Ball,3
1,78,1,MAIN,my_unseen,,Boss’s Orders,3
1,78,1,MAIN,my_unseen,,Crispin,1
1,78,1,MAIN,my_unseen,,Judge,1
1,78,1,MAIN,my_unseen,,Lillie's Determination,2
1,78,1,MAIN,my_unseen,,Jamming Tower,1
1,79,1,MAIN,hand,0,Crushing Hammer,1
1,79,1,MAIN,hand,1,Night Stretcher,1
1,79,1,MAIN,hand,2,Crushing Hammer,1
1,79,1,MAIN,hand,3,Buddy-Buddy Poffin,1
1,79,1,MAIN,hand,4,Dragapult ex,1
1,79,1,MAIN,hand,5,Basic {R} Energy,1
1,79,1,MAIN,my_discard,,Basic {D} Energy,1
1,79,1,MAIN,my_discard,,Buddy-Buddy Poffin,1
1,79,1,MAIN,my_discard,,Crushing Hammer,1
1,79,1,MAIN,my_discard,,Ultra Ball,1
1,79,1,MAIN,my_discard,,Poké Pad,4
1,79,1,MAIN,my_discard,,Crispin,2
1,79,1,MAIN,my_discard,,Lillie's Determination,2
1,79,1,MAIN,my_discard,,Jamming Tower,1
1,79,1,MAIN,opp_discard,,Night Stretcher,1
1,79,1,MAIN,opp_discard,,Poké Pad,1
1,79,1,MAIN,opp_discard,,Boss’s Orders,1
1,79,1,MAIN,opp_discard,,Lillie's Determination,2
1,79,1,MAIN,my_unseen,,Basic {R} Energy,1
1,79,1,MAIN,my_unseen,,Basic {P} Energy,3
1,79,1,MAIN,my_unseen,,Basic {D} Energy,1
1,79,1,MAIN,my_unseen,,Dreepy,2
1,79,1,MAIN,my_unseen,,Drakloak,3
1,79,1,MAIN,my_unseen,,Dragapult ex,2
1,79,1,MAIN,my_unseen,,Fezandipiti ex,1
1,79,1,MAIN,my_unseen,,Budew,2
1,79,1,MAIN,my_unseen,,Meowth ex,1
1,79,1,MAIN,my_unseen,,Unfair Stamp,1
1,79,1,MAIN,my_unseen,,Buddy-Buddy Poffin,2
1,79,1,MAIN,my_unseen,,Night Stretcher,1
1,79,1,MAIN,my_unseen,,Crushing Hammer,1
1,79,1,MAIN,my_unseen,,Ultra Ball,3
1,79,1,MAIN,my_unseen,,Boss’s Orders,3
1,79,1,MAIN,my_unseen,,Crispin,1
1,79,1,MAIN,my_unseen,,Judge,1
1,79,1,MAIN,my_unseen,,Lillie's Determination,2
1,79,1,MAIN,my_unseen,,Jamming Tower,1
1,80,1,DISCARD_ENERGY,hand,0,Crushing Hammer,1
1,80,1,DISCARD_ENERGY,hand,1,Night Stretcher,1
1,80,1,DISCARD_ENERGY,hand,2,Crushing Hammer,1
1,80,1,DISCARD_ENERGY,hand,3,Buddy-Buddy Poffin,1
1,80,1,DISCARD_ENERGY,hand,4,Dragapult ex,1
1,80,1,DISCARD_ENERGY,hand,5,Basic {R} Energy,1
1,80,1,DISCARD_ENERGY,my_discard,,Basic {D} Energy,1
1,80,1,DISCARD_ENERGY,my_discard,,Buddy-Buddy Poffin,1
1,80,1,DISCARD_ENERGY,my_discard,,Crushing Hammer,1
1,80,1,DISCARD_ENERGY,my_discard,,Ultra Ball,1
1,80,1,DISCARD_ENERGY,my_discard,,Poké Pad,4
1,80,1,DISCARD_ENERGY,my_discard,,Crispin,2
1,80,1,DISCARD_ENERGY,my_discard,,Lillie's Determination,2
1,80,1,DISCARD_ENERGY,my_discard,,Jamming Tower,1
1,80,1,DISCARD_ENERGY,opp_discard,,Night Stretcher,1
1,80,1,DISCARD_ENERGY,opp_discard,,Poké Pad,1
1,80,1,DISCARD_ENERGY,opp_discard,,Boss’s Orders,1
1,80,1,DISCARD_ENERGY,opp_discard,,Lillie's Determination,2
1,80,1,DISCARD_ENERGY,my_unseen,,Basic {R} Energy,1
1,80,1,DISCARD_ENERGY,my_unseen,,Basic {P} Energy,3
1,80,1,DISCARD_ENERGY,my_unseen,,Basic {D} Energy,1
1,80,1,DISCARD_ENERGY,my_unseen,,Dreepy,2
1,80,1,DISCARD_ENERGY,my_unseen,,Drakloak,3
1,80,1,DISCARD_ENERGY,my_unseen,,Dragapult ex,2
1,80,1,DISCARD_ENERGY,my_unseen,,Fezandipiti ex,1
1,80,1,DISCARD_ENERGY,my_unseen,,Budew,2
1,80,1,DISCARD_ENERGY,my_unseen,,Meowth ex,1
1,80,1,DISCARD_ENERGY,my_unseen,,Unfair Stamp,1
1,80,1,DISCARD_ENERGY,my_unseen,,Buddy-Buddy Poffin,2
1,80,1,DISCARD_ENERGY,my_unseen,,Night Stretcher,1
1,80,1,DISCARD_ENERGY,my_unseen,,Crushing Hammer,1
1,80,1,DISCARD_ENERGY,my_unseen,,Ultra Ball,3
1,80,1,DISCARD_ENERGY,my_unseen,,Boss’s Orders,3
1,80,1,DISCARD_ENERGY,my_unseen,,Crispin,1
1,80,1,DISCARD_ENERGY,my_unseen,,Judge,1
1,80,1,DISCARD_ENERGY,my_unseen,,Lillie's Determination,2
1,80,1,DISCARD_ENERGY,my_unseen,,Jamming Tower,1
1,81,1,SWITCH,hand,0,Crushing Hammer,1
1,81,1,SWITCH,hand,1,Night Stretcher,1
1,81,1,SWITCH,hand,2,Crushing Hammer,1
1,81,1,SWITCH,hand,3,Buddy-Buddy Poffin,1
1,81,1,SWITCH,hand,4,Dragapult ex,1
1,81,1,SWITCH,hand,5,Basic {R} Energy,1
1,81,1,SWITCH,my_discard,,Basic {P} Energy,1
1,81,1,SWITCH,my_discard,,Basic {D} Energy,1
1,81,1,SWITCH,my_discard,,Buddy-Buddy Poffin,1
1,81,1,SWITCH,my_discard,,Crushing Hammer,1
1,81,1,SWITCH,my_discard,,Ultra Ball,1
1,81,1,SWITCH,my_discard,,Poké Pad,4
1,81,1,SWITCH,my_discard,,Crispin,2
1,81,1,SWITCH,my_discard,,Lillie's Determination,2
1,81,1,SWITCH,my_discard,,Jamming Tower,1
1,81,1,SWITCH,opp_discard,,Night Stretcher,1
1,81,1,SWITCH,opp_discard,,Poké Pad,1
1,81,1,SWITCH,opp_discard,,Boss’s Orders,1
1,81,1,SWITCH,opp_discard,,Lillie's Determination,2
1,81,1,SWITCH,my_unseen,,Basic {R} Energy,1
1,81,1,SWITCH,my_unseen,,Basic {P} Energy,3
1,81,1,SWITCH,my_unseen,,Basic {D} Energy,1
1,81,1,SWITCH,my_unseen,,Dreepy,2
1,81,1,SWITCH,my_unseen,,Drakloak,3
1,81,1,SWITCH,my_unseen,,Dragapult ex,2
1,81,1,SWITCH,my_unseen,,Fezandipiti ex,1
1,81,1,SWITCH,my_unseen,,Budew,2
1,81,1,SWITCH,my_unseen,,Meowth ex,1
1,81,1,SWITCH,my_unseen,,Unfair Stamp,1
1,81,1,SWITCH,my_unseen,,Buddy-Buddy Poffin,2
1,81,1,SWITCH,my_unseen,,Night Stretcher,1
1,81,1,SWITCH,my_unseen,,Crushing Hammer,1
1,81,1,SWITCH,my_unseen,,Ultra Ball,3
1,81,1,SWITCH,my_unseen,,Boss’s Orders,3
1,81,1,SWITCH,my_unseen,,Crispin,1
1,81,1,SWITCH,my_unseen,,Judge,1
1,81,1,SWITCH,my_unseen,,Lillie's Determination,2
1,81,1,SWITCH,my_unseen,,Jamming Tower,1
1,82,1,MAIN,hand,0,Crushing Hammer,1
1,82,1,MAIN,hand,1,Night Stretcher,1
1,82,1,MAIN,hand,2,Crushing Hammer,1
1,82,1,MAIN,hand,3,Buddy-Buddy Poffin,1
1,82,1,MAIN,hand,4,Dragapult ex,1
1,82,1,MAIN,hand,5,Basic {R} Energy,1
1,82,1,MAIN,my_discard,,Basic {P} Energy,1
1,82,1,MAIN,my_discard,,Basic {D} Energy,1
1,82,1,MAIN,my_discard,,Buddy-Buddy Poffin,1
1,82,1,MAIN,my_discard,,Crushing Hammer,1
1,82,1,MAIN,my_discard,,Ultra Ball,1
1,82,1,MAIN,my_discard,,Poké Pad,4
1,82,1,MAIN,my_discard,,Crispin,2
1,82,1,MAIN,my_discard,,Lillie's Determination,2
1,82,1,MAIN,my_discard,,Jamming Tower,1
1,82,1,MAIN,opp_discard,,Night Stretcher,1
1,82,1,MAIN,opp_discard,,Poké Pad,1
1,82,1,MAIN,opp_discard,,Boss’s Orders,1
1,82,1,MAIN,opp_discard,,Lillie's Determination,2
1,82,1,MAIN,my_unseen,,Basic {R} Energy,1
1,82,1,MAIN,my_unseen,,Basic {P} Energy,3
1,82,1,MAIN,my_unseen,,Basic {D} Energy,1
1,82,1,MAIN,my_unseen,,Dreepy,2
1,82,1,MAIN,my_unseen,,Drakloak,3
1,82,1,MAIN,my_unseen,,Dragapult ex,2
1,82,1,MAIN,my_unseen,,Fezandipiti ex,1
1,82,1,MAIN,my_unseen,,Budew,2
1,82,1,MAIN,my_unseen,,Meowth ex,1
1,82,1,MAIN,my_unseen,,Unfair Stamp,1
1,82,1,MAIN,my_unseen,,Buddy-Buddy Poffin,2
1,82,1,MAIN,my_unseen,,Night Stretcher,1
1,82,1,MAIN,my_unseen,,Crushing Hammer,1
1,82,1,MAIN,my_unseen,,Ultra Ball,3
1,82,1,MAIN,my_unseen,,Boss’s Orders,3
1,82,1,MAIN,my_unseen,,Crispin,1
1,82,1,MAIN,my_unseen,,Judge,1
1,82,1,MAIN,my_unseen,,Lillie's Determination,2
1,82,1,MAIN,my_unseen,,Jamming Tower,1
1,83,1,TO_HAND,hand,0,Crushing Hammer,1
1,83,1,TO_HAND,hand,1,Crushing Hammer,1
1,83,1,TO_HAND,hand,2,Buddy-Buddy Poffin,1
1,83,1,TO_HAND,hand,3,Dragapult ex,1
1,83,1,TO_HAND,hand,4,Basic {R} Energy,1
1,83,1,TO_HAND,my_discard,,Basic {P} Energy,1
1,83,1,TO_HAND,my_discard,,Basic {D} Energy,1
1,83,1,TO_HAND,my_discard,,Buddy-Buddy Poffin,1
1,83,1,TO_HAND,my_discard,,Crushing Hammer,1
1,83,1,TO_HAND,my_discard,,Ultra Ball,1
1,83,1,TO_HAND,my_discard,,Poké Pad,4
1,83,1,TO_HAND,my_discard,,Crispin,2
1,83,1,TO_HAND,my_discard,,Lillie's Determination,2
1,83,1,TO_HAND,my_discard,,Jamming Tower,1
1,83,1,TO_HAND,opp_discard,,Night Stretcher,1
1,83,1,TO_HAND,opp_discard,,Poké Pad,1
1,83,1,TO_HAND,opp_discard,,Boss’s Orders,1
1,83,1,TO_HAND,opp_discard,,Lillie's Determination,2
1,83,1,TO_HAND,my_unseen,,Basic {R} Energy,1
1,83,1,TO_HAND,my_unseen,,Basic {P} Energy,3
1,83,1,TO_HAND,my_unseen,,Basic {D} Energy,1
1,83,1,TO_HAND,my_unseen,,Dreepy,2
1,83,1,TO_HAND,my_unseen,,Drakloak,3
1,83,1,TO_HAND,my_unseen,,Dragapult ex,2
1,83,1,TO_HAND,my_unseen,,Fezandipiti ex,1
1,83,1,TO_HAND,my_unseen,,Budew,2
1,83,1,TO_HAND,my_unseen,,Meowth ex,1
1,83,1,TO_HAND,my_unseen,,Unfair Stamp,1
1,83,1,TO_HAND,my_unseen,,Buddy-Buddy Poffin,2
1,83,1,TO_HAND,my_unseen,,Night Stretcher,1
1,83,1,TO_HAND,my_unseen,,Crushing Hammer,1
1,83,1,TO_HAND,my_unseen,,Ultra Ball,3
1,83,1,TO_HAND,my_unseen,,Boss’s Orders,3
1,83,1,TO_HAND,my_unseen,,Crispin,1
1,83,1,TO_HAND,my_unseen,,Judge,1
1,83,1,TO_HAND,my_unseen,,Lillie's Determination,2
1,83,1,TO_HAND,my_unseen,,Jamming Tower,1
1,84,1,MAIN,hand,0,Crushing Hammer,1
1,84,1,MAIN,hand,1,Crushing Hammer,1
1,84,1,MAIN,hand,2,Buddy-Buddy Poffin,1
1,84,1,MAIN,hand,3,Dragapult ex,1
1,84,1,MAIN,hand,4,Basic {R} Energy,1
1,84,1,MAIN,hand,5,Basic {D} Energy,1
1,84,1,MAIN,my_discard,,Basic {P} Energy,1
1,84,1,MAIN,my_discard,,Buddy-Buddy Poffin,1
1,84,1,MAIN,my_discard,,Night Stretcher,1
1,84,1,MAIN,my_discard,,Crushing Hammer,1
1,84,1,MAIN,my_discard,,Ultra Ball,1
1,84,1,MAIN,my_discard,,Poké Pad,4
1,84,1,MAIN,my_discard,,Crispin,2
1,84,1,MAIN,my_discard,,Lillie's Determination,2
1,84,1,MAIN,my_discard,,Jamming Tower,1
1,84,1,MAIN,opp_discard,,Night Stretcher,1
1,84,1,MAIN,opp_discard,,Poké Pad,1
1,84,1,MAIN,opp_discard,,Boss’s Orders,1
1,84,1,MAIN,opp_discard,,Lillie's Determination,2
1,84,1,MAIN,my_unseen,,Basic {R} Energy,1
1,84,1,MAIN,my_unseen,,Basic {P} Energy,3
1,84,1,MAIN,my_unseen,,Basic {D} Energy,1
1,84,1,MAIN,my_unseen,,Dreepy,2
1,84,1,MAIN,my_unseen,,Drakloak,3
1,84,1,MAIN,my_unseen,,Dragapult ex,2
1,84,1,MAIN,my_unseen,,Fezandipiti ex,1
1,84,1,MAIN,my_unseen,,Budew,2
1,84,1,MAIN,my_unseen,,Meowth ex,1
1,84,1,MAIN,my_unseen,,Unfair Stamp,1
1,84,1,MAIN,my_unseen,,Buddy-Buddy Poffin,2
1,84,1,MAIN,my_unseen,,Night Stretcher,1
1,84,1,MAIN,my_unseen,,Crushing Hammer,1
1,84,1,MAIN,my_unseen,,Ultra Ball,3
1,84,1,MAIN,my_unseen,,Boss’s Orders,3
1,84,1,MAIN,my_unseen,,Crispin,1
1,84,1,MAIN,my_unseen,,Judge,1
1,84,1,MAIN,my_unseen,,Lillie's Determination,2
1,84,1,MAIN,my_unseen,,Jamming Tower,1
1,85,0,MAIN,hand,0,Buddy-Buddy Poffin,1
1,85,0,MAIN,hand,1,Spikemuth Gym,1
1,85,0,MAIN,hand,2,Special Red Card,1
1,85,0,MAIN,hand,3,Poké Pad,1
1,85,0,MAIN,hand,4,Buddy-Buddy Poffin,1
1,85,0,MAIN,hand,5,Marnie's Impidimp,1
1,85,0,MAIN,hand,6,Buddy-Buddy Poffin,1
1,85,0,MAIN,hand,7,Night Stretcher,1
1,85,0,MAIN,my_discard,,Night Stretcher,1
1,85,0,MAIN,my_discard,,Poké Pad,1
1,85,0,MAIN,my_discard,,Boss’s Orders,1
1,85,0,MAIN,my_discard,,Lillie's Determination,2
1,85,0,MAIN,opp_discard,,Basic {P} Energy,1
1,85,0,MAIN,opp_discard,,Buddy-Buddy Poffin,1
1,85,0,MAIN,opp_discard,,Night Stretcher,1
1,85,0,MAIN,opp_discard,,Crushing Hammer,1
1,85,0,MAIN,opp_discard,,Ultra Ball,1
1,85,0,MAIN,opp_discard,,Poké Pad,4
1,85,0,MAIN,opp_discard,,Crispin,2
1,85,0,MAIN,opp_discard,,Lillie's Determination,2
1,85,0,MAIN,opp_discard,,Jamming Tower,1
1,85,0,MAIN,my_unseen,,Basic {D} Energy,6
1,85,0,MAIN,my_unseen,,Froslass,2
1,85,0,MAIN,my_unseen,,Munkidori,1
1,85,0,MAIN,my_unseen,,Budew,1
1,85,0,MAIN,my_unseen,,Marnie's Impidimp,2
1,85,0,MAIN,my_unseen,,Marnie's Morgrem,2
1,85,0,MAIN,my_unseen,,Marnie's Grimmsnarl ex,3
1,85,0,MAIN,my_unseen,,Snorunt,1
1,85,0,MAIN,my_unseen,,Rare Candy,2
1,85,0,MAIN,my_unseen,,Buddy-Buddy Poffin,1
1,85,0,MAIN,my_unseen,,Precious Trolley,1
1,85,0,MAIN,my_unseen,,Tool Scrapper,1
1,85,0,MAIN,my_unseen,,Poké Pad,2
1,85,0,MAIN,my_unseen,,Boss’s Orders,1
1,85,0,MAIN,my_unseen,,Team Rocket's Petrel,4
1,85,0,MAIN,my_unseen,,Lillie's Determination,2
1,85,0,MAIN,my_unseen,,Spikemuth Gym,2
1,85,0,MAIN,my_unseen,,Gwynn,1
1,86,0,DISCARD_ENERGY,hand,0,Buddy-Buddy Poffin,1
1,86,0,DISCARD_ENERGY,hand,1,Spikemuth Gym,1
1,86,0,DISCARD_ENERGY,hand,2,Special Red Card,1
1,86,0,DISCARD_ENERGY,hand,3,Poké Pad,1
1,86,0,DISCARD_ENERGY,hand,4,Buddy-Buddy Poffin,1
1,86,0,DISCARD_ENERGY,hand,5,Marnie's Impidimp,1
1,86,0,DISCARD_ENERGY,hand,6,Buddy-Buddy Poffin,1
1,86,0,DISCARD_ENERGY,hand,7,Night Stretcher,1
1,86,0,DISCARD_ENERGY,my_discard,,Night Stretcher,1
1,86,0,DISCARD_ENERGY,my_discard,,Poké Pad,1
1,86,0,DISCARD_ENERGY,my_discard,,Boss’s Orders,1
1,86,0,DISCARD_ENERGY,my_discard,,Lillie's Determination,2
1,86,0,DISCARD_ENERGY,opp_discard,,Basic {P} Energy,1
1,86,0,DISCARD_ENERGY,opp_discard,,Buddy-Buddy Poffin,1
1,86,0,DISCARD_ENERGY,opp_discard,,Night Stretcher,1
1,86,0,DISCARD_ENERGY,opp_discard,,Crushing Hammer,1
1,86,0,DISCARD_ENERGY,opp_discard,,Ultra Ball,1
1,86,0,DISCARD_ENERGY,opp_discard,,Poké Pad,4
1,86,0,DISCARD_ENERGY,opp_discard,,Crispin,2
1,86,0,DISCARD_ENERGY,opp_discard,,Lillie's Determination,2
1,86,0,DISCARD_ENERGY,opp_discard,,Jamming Tower,1
1,86,0,DISCARD_ENERGY,my_unseen,,Basic {D} Energy,6
1,86,0,DISCARD_ENERGY,my_unseen,,Froslass,2
1,86,0,DISCARD_ENERGY,my_unseen,,Munkidori,1
1,86,0,DISCARD_ENERGY,my_unseen,,Budew,1
1,86,0,DISCARD_ENERGY,my_unseen,,Marnie's Impidimp,2
1,86,0,DISCARD_ENERGY,my_unseen,,Marnie's Morgrem,2
1,86,0,DISCARD_ENERGY,my_unseen,,Marnie's Grimmsnarl ex,3
1,86,0,DISCARD_ENERGY,my_unseen,,Snorunt,1
1,86,0,DISCARD_ENERGY,my_unseen,,Rare Candy,2
1,86,0,DISCARD_ENERGY,my_unseen,,Buddy-Buddy Poffin,1
1,86,0,DISCARD_ENERGY,my_unseen,,Precious Trolley,1
1,86,0,DISCARD_ENERGY,my_unseen,,Tool Scrapper,1
1,86,0,DISCARD_ENERGY,my_unseen,,Poké Pad,2
1,86,0,DISCARD_ENERGY,my_unseen,,Boss’s Orders,1
1,86,0,DISCARD_ENERGY,my_unseen,,Team Rocket's Petrel,4
1,86,0,DISCARD_ENERGY,my_unseen,,Lillie's Determination,2
1,86,0,DISCARD_ENERGY,my_unseen,,Spikemuth Gym,2
1,86,0,DISCARD_ENERGY,my_unseen,,Gwynn,1
1,87,0,SWITCH,hand,0,Buddy-Buddy Poffin,1
1,87,0,SWITCH,hand,1,Spikemuth Gym,1
1,87,0,SWITCH,hand,2,Special Red Card,1
1,87,0,SWITCH,hand,3,Poké Pad,1
1,87,0,SWITCH,hand,4,Buddy-Buddy Poffin,1
1,87,0,SWITCH,hand,5,Marnie's Impidimp,1
1,87,0,SWITCH,hand,6,Buddy-Buddy Poffin,1
1,87,0,SWITCH,hand,7,Night Stretcher,1
1,87,0,SWITCH,my_discard,,Basic {D} Energy,1
1,87,0,SWITCH,my_discard,,Night Stretcher,1
1,87,0,SWITCH,my_discard,,Poké Pad,1
1,87,0,SWITCH,my_discard,,Boss’s Orders,1
1,87,0,SWITCH,my_discard,,Lillie's Determination,2
1,87,0,SWITCH,opp_discard,,Basic {P} Energy,1
1,87,0,SWITCH,opp_discard,,Buddy-Buddy Poffin,1
1,87,0,SWITCH,opp_discard,,Night Stretcher,1
1,87,0,SWITCH,opp_discard,,Crushing Hammer,1
1,87,0,SWITCH,opp_discard,,Ultra Ball,1
1,87,0,SWITCH,opp_discard,,Poké Pad,4
1,87,0,SWITCH,opp_discard,,Crispin,2
1,87,0,SWITCH,opp_discard,,Lillie's Determination,2
1,87,0,SWITCH,opp_discard,,Jamming Tower,1
1,87,0,SWITCH,my_unseen,,Basic {D} Energy,6
1,87,0,SWITCH,my_unseen,,Froslass,2
1,87,0,SWITCH,my_unseen,,Munkidori,1
1,87,0,SWITCH,my_unseen,,Budew,1
1,87,0,SWITCH,my_unseen,,Marnie's Impidimp,2
1,87,0,SWITCH,my_unseen,,Marnie's Morgrem,2
1,87,0,SWITCH,my_unseen,,Marnie's Grimmsnarl ex,3
1,87,0,SWITCH,my_unseen,,Snorunt,1
1,87,0,SWITCH,my_unseen,,Rare Candy,2
1,87,0,SWITCH,my_unseen,,Buddy-Buddy Poffin,1
1,87,0,SWITCH,my_unseen,,Precious Trolley,1
1,87,0,SWITCH,my_unseen,,Tool Scrapper,1
1,87,0,SWITCH,my_unseen,,Poké Pad,2
1,87,0,SWITCH,my_unseen,,Boss’s Orders,1
1,87,0,SWITCH,my_unseen,,Team Rocket's Petrel,4
1,87,0,SWITCH,my_unseen,,Lillie's Determination,2
1,87,0,SWITCH,my_unseen,,Spikemuth Gym,2
1,87,0,SWITCH,my_unseen,,Gwynn,1
1,88,0,MAIN,hand,0,Buddy-Buddy Poffin,1
1,88,0,MAIN,hand,1,Spikemuth Gym,1
1,88,0,MAIN,hand,2,Special Red Card,1
1,88,0,MAIN,hand,3,Poké Pad,1
1,88,0,MAIN,hand,4,Buddy-Buddy Poffin,1
1,88,0,MAIN,hand,5,Marnie's Impidimp,1
1,88,0,MAIN,hand,6,Buddy-Buddy Poffin,1
1,88,0,MAIN,hand,7,Night Stretcher,1
1,88,0,MAIN,my_discard,,Basic {D} Energy,1
1,88,0,MAIN,my_discard,,Night Stretcher,1
1,88,0,MAIN,my_discard,,Poké Pad,1
1,88,0,MAIN,my_discard,,Boss’s Orders,1
1,88,0,MAIN,my_discard,,Lillie's Determination,2
1,88,0,MAIN,opp_discard,,Basic {P} Energy,1
1,88,0,MAIN,opp_discard,,Buddy-Buddy Poffin,1
1,88,0,MAIN,opp_discard,,Night Stretcher,1
1,88,0,MAIN,opp_discard,,Crushing Hammer,1
1,88,0,MAIN,opp_discard,,Ultra Ball,1
1,88,0,MAIN,opp_discard,,Poké Pad,4
1,88,0,MAIN,opp_discard,,Crispin,2
1,88,0,MAIN,opp_discard,,Lillie's Determination,2
1,88,0,MAIN,opp_discard,,Jamming Tower,1
1,88,0,MAIN,my_unseen,,Basic {D} Energy,6
1,88,0,MAIN,my_unseen,,Froslass,2
1,88,0,MAIN,my_unseen,,Munkidori,1
1,88,0,MAIN,my_unseen,,Budew,1
1,88,0,MAIN,my_unseen,,Marnie's Impidimp,2
1,88,0,MAIN,my_unseen,,Marnie's Morgrem,2
1,88,0,MAIN,my_unseen,,Marnie's Grimmsnarl ex,3
1,88,0,MAIN,my_unseen,,Snorunt,1
1,88,0,MAIN,my_unseen,,Rare Candy,2
1,88,0,MAIN,my_unseen,,Buddy-Buddy Poffin,1
1,88,0,MAIN,my_unseen,,Precious Trolley,1
1,88,0,MAIN,my_unseen,,Tool Scrapper,1
1,88,0,MAIN,my_unseen,,Poké Pad,2
1,88,0,MAIN,my_unseen,,Boss’s Orders,1
1,88,0,MAIN,my_unseen,,Team Rocket's Petrel,4
1,88,0,MAIN,my_unseen,,Lillie's Determination,2
1,88,0,MAIN,my_unseen,,Spikemuth Gym,2
1,88,0,MAIN,my_unseen,,Gwynn,1
1,89,1,MAIN,hand,0,Crushing Hammer,1
1,89,1,MAIN,hand,1,Crushing Hammer,1
1,89,1,MAIN,hand,2,Buddy-Buddy Poffin,1
1,89,1,MAIN,hand,3,Dragapult ex,1
1,89,1,MAIN,hand,4,Basic {R} Energy,1
1,89,1,MAIN,hand,5,Basic {D} Energy,1
1,89,1,MAIN,hand,6,Dreepy,1
1,89,1,MAIN,my_discard,,Basic {P} Energy,1
1,89,1,MAIN,my_discard,,Buddy-Buddy Poffin,1
1,89,1,MAIN,my_discard,,Night Stretcher,1
1,89,1,MAIN,my_discard,,Crushing Hammer,1
1,89,1,MAIN,my_discard,,Ultra Ball,1
1,89,1,MAIN,my_discard,,Poké Pad,4
1,89,1,MAIN,my_discard,,Crispin,2
1,89,1,MAIN,my_discard,,Lillie's Determination,2
1,89,1,MAIN,my_discard,,Jamming Tower,1
1,89,1,MAIN,opp_discard,,Basic {D} Energy,1
1,89,1,MAIN,opp_discard,,Night Stretcher,1
1,89,1,MAIN,opp_discard,,Poké Pad,1
1,89,1,MAIN,opp_discard,,Boss’s Orders,1
1,89,1,MAIN,opp_discard,,Lillie's Determination,2
1,89,1,MAIN,my_unseen,,Basic {R} Energy,1
1,89,1,MAIN,my_unseen,,Basic {P} Energy,3
1,89,1,MAIN,my_unseen,,Basic {D} Energy,1
1,89,1,MAIN,my_unseen,,Dreepy,1
1,89,1,MAIN,my_unseen,,Drakloak,3
1,89,1,MAIN,my_unseen,,Dragapult ex,2
1,89,1,MAIN,my_unseen,,Fezandipiti ex,1
1,89,1,MAIN,my_unseen,,Budew,2
1,89,1,MAIN,my_unseen,,Meowth ex,1
1,89,1,MAIN,my_unseen,,Unfair Stamp,1
1,89,1,MAIN,my_unseen,,Buddy-Buddy Poffin,2
1,89,1,MAIN,my_unseen,,Night Stretcher,1
1,89,1,MAIN,my_unseen,,Crushing Hammer,1
1,89,1,MAIN,my_unseen,,Ultra Ball,3
1,89,1,MAIN,my_unseen,,Boss’s Orders,3
1,89,1,MAIN,my_unseen,,Crispin,1
1,89,1,MAIN,my_unseen,,Judge,1
1,89,1,MAIN,my_unseen,,Lillie's Determination,2
1,89,1,MAIN,my_unseen,,Jamming Tower,1
1,90,1,MAIN,hand,0,Crushing Hammer,1
1,90,1,MAIN,hand,1,Crushing Hammer,1
1,90,1,MAIN,hand,2,Buddy-Buddy Poffin,1
1,90,1,MAIN,hand,3,Dragapult ex,1
1,90,1,MAIN,hand,4,Basic {R} Energy,1
1,90,1,MAIN,hand,5,Dreepy,1
1,90,1,MAIN,my_discard,,Basic {P} Energy,1
1,90,1,MAIN,my_discard,,Buddy-Buddy Poffin,1
1,90,1,MAIN,my_discard,,Night Stretcher,1
1,90,1,MAIN,my_discard,,Crushing Hammer,1
1,90,1,MAIN,my_discard,,Ultra Ball,1
1,90,1,MAIN,my_discard,,Poké Pad,4
1,90,1,MAIN,my_discard,,Crispin,2
1,90,1,MAIN,my_discard,,Lillie's Determination,2
1,90,1,MAIN,my_discard,,Jamming Tower,1
1,90,1,MAIN,opp_discard,,Basic {D} Energy,1
1,90,1,MAIN,opp_discard,,Night Stretcher,1
1,90,1,MAIN,opp_discard,,Poké Pad,1
1,90,1,MAIN,opp_discard,,Boss’s Orders,1
1,90,1,MAIN,opp_discard,,Lillie's Determination,2
1,90,1,MAIN,my_unseen,,Basic {R} Energy,1
1,90,1,MAIN,my_unseen,,Basic {P} Energy,3
1,90,1,MAIN,my_unseen,,Basic {D} Energy,1
1,90,1,MAIN,my_unseen,,Dreepy,1
1,90,1,MAIN,my_unseen,,Drakloak,3
1,90,1,MAIN,my_unseen,,Dragapult ex,2
1,90,1,MAIN,my_unseen,,Fezandipiti ex,1
1,90,1,MAIN,my_unseen,,Budew,2
1,90,1,MAIN,my_unseen,,Meowth ex,1
1,90,1,MAIN,my_unseen,,Unfair Stamp,1
1,90,1,MAIN,my_unseen,,Buddy-Buddy Poffin,2
1,90,1,MAIN,my_unseen,,Night Stretcher,1
1,90,1,MAIN,my_unseen,,Crushing Hammer,1
1,90,1,MAIN,my_unseen,,Ultra Ball,3
1,90,1,MAIN,my_unseen,,Boss’s Orders,3
1,90,1,MAIN,my_unseen,,Crispin,1
1,90,1,MAIN,my_unseen,,Judge,1
1,90,1,MAIN,my_unseen,,Lillie's Determination,2
1,90,1,MAIN,my_unseen,,Jamming Tower,1
1,91,0,MAIN,hand,0,Buddy-Buddy Poffin,1
1,91,0,MAIN,hand,1,Spikemuth Gym,1
1,91,0,MAIN,hand,2,Special Red Card,1
1,91,0,MAIN,hand,3,Poké Pad,1
1,91,0,MAIN,hand,4,Buddy-Buddy Poffin,1
1,91,0,MAIN,hand,5,Marnie's Impidimp,1
1,91,0,MAIN,hand,6,Buddy-Buddy Poffin,1
1,91,0,MAIN,hand,7,Night Stretcher,1
1,91,0,MAIN,hand,8,Buddy-Buddy Poffin,1
1,91,0,MAIN,my_discard,,Basic {D} Energy,1
1,91,0,MAIN,my_discard,,Night Stretcher,1
1,91,0,MAIN,my_discard,,Poké Pad,1
1,91,0,MAIN,my_discard,,Boss’s Orders,1
1,91,0,MAIN,my_discard,,Lillie's Determination,2
1,91,0,MAIN,opp_discard,,Basic {P} Energy,1
1,91,0,MAIN,opp_discard,,Buddy-Buddy Poffin,1
1,91,0,MAIN,opp_discard,,Night Stretcher,1
1,91,0,MAIN,opp_discard,,Crushing Hammer,1
1,91,0,MAIN,opp_discard,,Ultra Ball,1
1,91,0,MAIN,opp_discard,,Poké Pad,4
1,91,0,MAIN,opp_discard,,Crispin,2
1,91,0,MAIN,opp_discard,,Lillie's Determination,2
1,91,0,MAIN,opp_discard,,Jamming Tower,1
1,91,0,MAIN,my_unseen,,Basic {D} Energy,6
1,91,0,MAIN,my_unseen,,Froslass,2
1,91,0,MAIN,my_unseen,,Munkidori,1
1,91,0,MAIN,my_unseen,,Budew,1
1,91,0,MAIN,my_unseen,,Marnie's Impidimp,2
1,91,0,MAIN,my_unseen,,Marnie's Morgrem,2
1,91,0,MAIN,my_unseen,,Marnie's Grimmsnarl ex,3
1,91,0,MAIN,my_unseen,,Snorunt,1
1,91,0,MAIN,my_unseen,,Rare Candy,2
1,91,0,MAIN,my_unseen,,Precious Trolley,1
1,91,0,MAIN,my_unseen,,Tool Scrapper,1
1,91,0,MAIN,my_unseen,,Poké Pad,2
1,91,0,MAIN,my_unseen,,Boss’s Orders,1
1,91,0,MAIN,my_unseen,,Team Rocket's Petrel,4
1,91,0,MAIN,my_unseen,,Lillie's Determination,2
1,91,0,MAIN,my_unseen,,Spikemuth Gym,2
1,91,0,MAIN,my_unseen,,Gwynn,1
1,92,0,TO_HAND,hand,0,Buddy-Buddy Poffin,1
1,92,0,TO_HAND,hand,1,Spikemuth Gym,1
1,92,0,TO_HAND,hand,2,Special Red Card,1
1,92,0,TO_HAND,hand,3,Poké Pad,1
1,92,0,TO_HAND,hand,4,Buddy-Buddy Poffin,1
1,92,0,TO_HAND,hand,5,Marnie's Impidimp,1
1,92,0,TO_HAND,hand,6,Buddy-Buddy Poffin,1
1,92,0,TO_HAND,hand,7,Buddy-Buddy Poffin,1
1,92,0,TO_HAND,my_discard,,Basic {D} Energy,1
1,92,0,TO_HAND,my_discard,,Night Stretcher,1
1,92,0,TO_HAND,my_discard,,Poké Pad,1
1,92,0,TO_HAND,my_discard,,Boss’s Orders,1
1,92,0,TO_HAND,my_discard,,Lillie's Determination,2
1,92,0,TO_HAND,opp_discard,,Basic {P} Energy,1
1,92,0,TO_HAND,opp_discard,,Buddy-Buddy Poffin,1
1,92,0,TO_HAND,opp_discard,,Night Stretcher,1
1,92,0,TO_HAND,opp_discard,,Crushing Hammer,1
1,92,0,TO_HAND,opp_discard,,Ultra Ball,1
1,92,0,TO_HAND,opp_discard,,Poké Pad,4
1,92,0,TO_HAND,opp_discard,,Crispin,2
1,92,0,TO_HAND,opp_discard,,Lillie's Determination,2
1,92,0,TO_HAND,opp_discard,,Jamming Tower,1
1,92,0,TO_HAND,my_unseen,,Basic {D} Energy,6
1,92,0,TO_HAND,my_unseen,,Froslass,2
1,92,0,TO_HAND,my_unseen,,Munkidori,1
1,92,0,TO_HAND,my_unseen,,Budew,1
1,92,0,TO_HAND,my_unseen,,Marnie's Impidimp,2
1,92,0,TO_HAND,my_unseen,,Marnie's Morgrem,2
1,92,0,TO_HAND,my_unseen,,Marnie's Grimmsnarl ex,3
1,92,0,TO_HAND,my_unseen,,Snorunt,1
1,92,0,TO_HAND,my_unseen,,Rare Candy,2
1,92,0,TO_HAND,my_unseen,,Precious Trolley,1
1,92,0,TO_HAND,my_unseen,,Tool Scrapper,1
1,92,0,TO_HAND,my_unseen,,Poké Pad,2
1,92,0,TO_HAND,my_unseen,,Boss’s Orders,1
1,92,0,TO_HAND,my_unseen,,Team Rocket's Petrel,4
1,92,0,TO_HAND,my_unseen,,Lillie's Determination,2
1,92,0,TO_HAND,my_unseen,,Spikemuth Gym,2
1,92,0,TO_HAND,my_unseen,,Gwynn,1
1,93,0,MAIN,hand,0,Buddy-Buddy Poffin,1
1,93,0,MAIN,hand,1,Spikemuth Gym,1
1,93,0,MAIN,hand,2,Special Red Card,1
1,93,0,MAIN,hand,3,Poké Pad,1
1,93,0,MAIN,hand,4,Buddy-Buddy Poffin,1
1,93,0,MAIN,hand,5,Marnie's Impidimp,1
1,93,0,MAIN,hand,6,Buddy-Buddy Poffin,1
1,93,0,MAIN,hand,7,Buddy-Buddy Poffin,1
1,93,0,MAIN,hand,8,Basic {D} Energy,1
1,93,0,MAIN,my_discard,,Night Stretcher,2
1,93,0,MAIN,my_discard,,Poké Pad,1
1,93,0,MAIN,my_discard,,Boss’s Orders,1
1,93,0,MAIN,my_discard,,Lillie's Determination,2
1,93,0,MAIN,opp_discard,,Basic {P} Energy,1
1,93,0,MAIN,opp_discard,,Buddy-Buddy Poffin,1
1,93,0,MAIN,opp_discard,,Night Stretcher,1
1,93,0,MAIN,opp_discard,,Crushing Hammer,1
1,93,0,MAIN,opp_discard,,Ultra Ball,1
1,93,0,MAIN,opp_discard,,Poké Pad,4
1,93,0,MAIN,opp_discard,,Crispin,2
1,93,0,MAIN,opp_discard,,Lillie's Determination,2
1,93,0,MAIN,opp_discard,,Jamming Tower,1
1,93,0,MAIN,my_unseen,,Basic {D} Energy,6
1,93,0,MAIN,my_unseen,,Froslass,2
1,93,0,MAIN,my_unseen,,Munkidori,1
1,93,0,MAIN,my_unseen,,Budew,1
1,93,0,MAIN,my_unseen,,Marnie's Impidimp,2
1,93,0,MAIN,my_unseen,,Marnie's Morgrem,2
1,93,0,MAIN,my_unseen,,Marnie's Grimmsnarl ex,3
1,93,0,MAIN,my_unseen,,Snorunt,1
1,93,0,MAIN,my_unseen,,Rare Candy,2
1,93,0,MAIN,my_unseen,,Precious Trolley,1
1,93,0,MAIN,my_unseen,,Tool Scrapper,1
1,93,0,MAIN,my_unseen,,Poké Pad,2
1,93,0,MAIN,my_unseen,,Boss’s Orders,1
1,93,0,MAIN,my_unseen,,Team Rocket's Petrel,4
1,93,0,MAIN,my_unseen,,Lillie's Determination,2
1,93,0,MAIN,my_unseen,,Spikemuth Gym,2
1,93,0,MAIN,my_unseen,,Gwynn,1
1,94,0,MAIN,hand,0,Buddy-Buddy Poffin,1
1,94,0,MAIN,hand,1,Spikemuth Gym,1
1,94,0,MAIN,hand,2,Special Red Card,1
1,94,0,MAIN,hand,3,Poké Pad,1
1,94,0,MAIN,hand,4,Buddy-Buddy Poffin,1
1,94,0,MAIN,hand,5,Marnie's Impidimp,1
1,94,0,MAIN,hand,6,Buddy-Buddy Poffin,1
1,94,0,MAIN,hand,7,Buddy-Buddy Poffin,1
1,94,0,MAIN,my_discard,,Night Stretcher,2
1,94,0,MAIN,my_discard,,Poké Pad,1
1,94,0,MAIN,my_discard,,Boss’s Orders,1
1,94,0,MAIN,my_discard,,Lillie's Determination,2
1,94,0,MAIN,opp_discard,,Basic {P} Energy,1
1,94,0,MAIN,opp_discard,,Buddy-Buddy Poffin,1
1,94,0,MAIN,opp_discard,,Night Stretcher,1
1,94,0,MAIN,opp_discard,,Crushing Hammer,1
1,94,0,MAIN,opp_discard,,Ultra Ball,1
1,94,0,MAIN,opp_discard,,Poké Pad,4
1,94,0,MAIN,opp_discard,,Crispin,2
1,94,0,MAIN,opp_discard,,Lillie's Determination,2
1,94,0,MAIN,opp_discard,,Jamming Tower,1
1,94,0,MAIN,my_unseen,,Basic {D} Energy,6
1,94,0,MAIN,my_unseen,,Froslass,2
1,94,0,MAIN,my_unseen,,Munkidori,1
1,94,0,MAIN,my_unseen,,Budew,1
1,94,0,MAIN,my_unseen,,Marnie's Impidimp,2
1,94,0,MAIN,my_unseen,,Marnie's Morgrem,2
1,94,0,MAIN,my_unseen,,Marnie's Grimmsnarl ex,3
1,94,0,MAIN,my_unseen,,Snorunt,1
1,94,0,MAIN,my_unseen,,Rare Candy,2
1,94,0,MAIN,my_unseen,,Precious Trolley,1
1,94,0,MAIN,my_unseen,,Tool Scrapper,1
1,94,0,MAIN,my_unseen,,Poké Pad,2
1,94,0,MAIN,my_unseen,,Boss’s Orders,1
1,94,0,MAIN,my_unseen,,Team Rocket's Petrel,4
1,94,0,MAIN,my_unseen,,Lillie's Determination,2
1,94,0,MAIN,my_unseen,,Spikemuth Gym,2
1,94,0,MAIN,my_unseen,,Gwynn,1
1,95,0,REMOVE_DAMAGE_COUNTER,hand,0,Buddy-Buddy Poffin,1
1,95,0,REMOVE_DAMAGE_COUNTER,hand,1,Spikemuth Gym,1
1,95,0,REMOVE_DAMAGE_COUNTER,hand,2,Special Red Card,1
1,95,0,REMOVE_DAMAGE_COUNTER,hand,3,Poké Pad,1
1,95,0,REMOVE_DAMAGE_COUNTER,hand,4,Buddy-Buddy Poffin,1
1,95,0,REMOVE_DAMAGE_COUNTER,hand,5,Marnie's Impidimp,1
1,95,0,REMOVE_DAMAGE_COUNTER,hand,6,Buddy-Buddy Poffin,1
1,95,0,REMOVE_DAMAGE_COUNTER,hand,7,Buddy-Buddy Poffin,1
1,95,0,REMOVE_DAMAGE_COUNTER,my_discard,,Night Stretcher,2
1,95,0,REMOVE_DAMAGE_COUNTER,my_discard,,Poké Pad,1
1,95,0,REMOVE_DAMAGE_COUNTER,my_discard,,Boss’s Orders,1
1,95,0,REMOVE_DAMAGE_COUNTER,my_discard,,Lillie's Determination,2
1,95,0,REMOVE_DAMAGE_COUNTER,opp_discard,,Basic {P} Energy,1
1,95,0,REMOVE_DAMAGE_COUNTER,opp_discard,,Buddy-Buddy Poffin,1
1,95,0,REMOVE_DAMAGE_COUNTER,opp_discard,,Night Stretcher,1
1,95,0,REMOVE_DAMAGE_COUNTER,opp_discard,,Crushing Hammer,1
1,95,0,REMOVE_DAMAGE_COUNTER,opp_discard,,Ultra Ball,1
1,95,0,REMOVE_DAMAGE_COUNTER,opp_discard,,Poké Pad,4
1,95,0,REMOVE_DAMAGE_COUNTER,opp_discard,,Crispin,2
1,95,0,REMOVE_DAMAGE_COUNTER,opp_discard,,Lillie's Determination,2
1,95,0,REMOVE_DAMAGE_COUNTER,opp_discard,,Jamming Tower,1
1,95,0,REMOVE_DAMAGE_COUNTER,my_unseen,,Basic {D} Energy,6
1,95,0,REMOVE_DAMAGE_COUNTER,my_unseen,,Froslass,2
1,95,0,REMOVE_DAMAGE_COUNTER,my_unseen,,Munkidori,1
1,95,0,REMOVE_DAMAGE_COUNTER,my_unseen,,Budew,1
1,95,0,REMOVE_DAMAGE_COUNTER,my_unseen,,Marnie's Impidimp,2
1,95,0,REMOVE_DAMAGE_COUNTER,my_unseen,,Marnie's Morgrem,2
1,95,0,REMOVE_DAMAGE_COUNTER,my_unseen,,Marnie's Grimmsnarl ex,3
1,95,0,REMOVE_DAMAGE_COUNTER,my_unseen,,Snorunt,1
1,95,0,REMOVE_DAMAGE_COUNTER,my_unseen,,Rare Candy,2
1,95,0,REMOVE_DAMAGE_COUNTER,my_unseen,,Precious Trolley,1
1,95,0,REMOVE_DAMAGE_COUNTER,my_unseen,,Tool Scrapper,1
1,95,0,REMOVE_DAMAGE_COUNTER,my_unseen,,Poké Pad,2
1,95,0,REMOVE_DAMAGE_COUNTER,my_unseen,,Boss’s Orders,1
1,95,0,REMOVE_DAMAGE_COUNTER,my_unseen,,Team Rocket's Petrel,4
1,95,0,REMOVE_DAMAGE_COUNTER,my_unseen,,Lillie's Determination,2
1,95,0,REMOVE_DAMAGE_COUNTER,my_unseen,,Spikemuth Gym,2
1,95,0,REMOVE_DAMAGE_COUNTER,my_unseen,,Gwynn,1
1,96,0,REMOVE_DAMAGE_COUNTER_COUNT,hand,0,Buddy-Buddy Poffin,1
1,96,0,REMOVE_DAMAGE_COUNTER_COUNT,hand,1,Spikemuth Gym,1
1,96,0,REMOVE_DAMAGE_COUNTER_COUNT,hand,2,Special Red Card,1
1,96,0,REMOVE_DAMAGE_COUNTER_COUNT,hand,3,Poké Pad,1
1,96,0,REMOVE_DAMAGE_COUNTER_COUNT,hand,4,Buddy-Buddy Poffin,1
1,96,0,REMOVE_DAMAGE_COUNTER_COUNT,hand,5,Marnie's Impidimp,1
1,96,0,REMOVE_DAMAGE_COUNTER_COUNT,hand,6,Buddy-Buddy Poffin,1
1,96,0,REMOVE_DAMAGE_COUNTER_COUNT,hand,7,Buddy-Buddy Poffin,1
1,96,0,REMOVE_DAMAGE_COUNTER_COUNT,my_discard,,Night Stretcher,2
1,96,0,REMOVE_DAMAGE_COUNTER_COUNT,my_discard,,Poké Pad,1
1,96,0,REMOVE_DAMAGE_COUNTER_COUNT,my_discard,,Boss’s Orders,1
1,96,0,REMOVE_DAMAGE_COUNTER_COUNT,my_discard,,Lillie's Determination,2
1,96,0,REMOVE_DAMAGE_COUNTER_COUNT,opp_discard,,Basic {P} Energy,1
1,96,0,REMOVE_DAMAGE_COUNTER_COUNT,opp_discard,,Buddy-Buddy Poffin,1
1,96,0,REMOVE_DAMAGE_COUNTER_COUNT,opp_discard,,Night Stretcher,1
1,96,0,REMOVE_DAMAGE_COUNTER_COUNT,opp_discard,,Crushing Hammer,1
1,96,0,REMOVE_DAMAGE_COUNTER_COUNT,opp_discard,,Ultra Ball,1
1,96,0,REMOVE_DAMAGE_COUNTER_COUNT,opp_discard,,Poké Pad,4
1,96,0,REMOVE_DAMAGE_COUNTER_COUNT,opp_discard,,Crispin,2
1,96,0,REMOVE_DAMAGE_COUNTER_COUNT,opp_discard,,Lillie's Determination,2
1,96,0,REMOVE_DAMAGE_COUNTER_COUNT,opp_discard,,Jamming Tower,1
1,96,0,REMOVE_DAMAGE_COUNTER_COUNT,my_unseen,,Basic {D} Energy,6
1,96,0,REMOVE_DAMAGE_COUNTER_COUNT,my_unseen,,Froslass,2
1,96,0,REMOVE_DAMAGE_COUNTER_COUNT,my_unseen,,Munkidori,1
1,96,0,REMOVE_DAMAGE_COUNTER_COUNT,my_unseen,,Budew,1
1,96,0,REMOVE_DAMAGE_COUNTER_COUNT,my_unseen,,Marnie's Impidimp,2
1,96,0,REMOVE_DAMAGE_COUNTER_COUNT,my_unseen,,Marnie's Morgrem,2
1,96,0,REMOVE_DAMAGE_COUNTER_COUNT,my_unseen,,Marnie's Grimmsnarl ex,3
1,96,0,REMOVE_DAMAGE_COUNTER_COUNT,my_unseen,,Snorunt,1
1,96,0,REMOVE_DAMAGE_COUNTER_COUNT,my_unseen,,Rare Candy,2
1,96,0,REMOVE_DAMAGE_COUNTER_COUNT,my_unseen,,Precious Trolley,1
1,96,0,REMOVE_DAMAGE_COUNTER_COUNT,my_unseen,,Tool Scrapper,1
1,96,0,REMOVE_DAMAGE_COUNTER_COUNT,my_unseen,,Poké Pad,2
1,96,0,REMOVE_DAMAGE_COUNTER_COUNT,my_unseen,,Boss’s Orders,1
1,96,0,REMOVE_DAMAGE_COUNTER_COUNT,my_unseen,,Team Rocket's Petrel,4
1,96,0,REMOVE_DAMAGE_COUNTER_COUNT,my_unseen,,Lillie's Determination,2
1,96,0,REMOVE_DAMAGE_COUNTER_COUNT,my_unseen,,Spikemuth Gym,2
1,96,0,REMOVE_DAMAGE_COUNTER_COUNT,my_unseen,,Gwynn,1
1,97,0,DAMAGE_COUNTER,hand,0,Buddy-Buddy Poffin,1
1,97,0,DAMAGE_COUNTER,hand,1,Spikemuth Gym,1
1,97,0,DAMAGE_COUNTER,hand,2,Special Red Card,1
1,97,0,DAMAGE_COUNTER,hand,3,Poké Pad,1
1,97,0,DAMAGE_COUNTER,hand,4,Buddy-Buddy Poffin,1
1,97,0,DAMAGE_COUNTER,hand,5,Marnie's Impidimp,1
1,97,0,DAMAGE_COUNTER,hand,6,Buddy-Buddy Poffin,1
1,97,0,DAMAGE_COUNTER,hand,7,Buddy-Buddy Poffin,1
1,97,0,DAMAGE_COUNTER,my_discard,,Night Stretcher,2
1,97,0,DAMAGE_COUNTER,my_discard,,Poké Pad,1
1,97,0,DAMAGE_COUNTER,my_discard,,Boss’s Orders,1
1,97,0,DAMAGE_COUNTER,my_discard,,Lillie's Determination,2
1,97,0,DAMAGE_COUNTER,opp_discard,,Basic {P} Energy,1
1,97,0,DAMAGE_COUNTER,opp_discard,,Buddy-Buddy Poffin,1
1,97,0,DAMAGE_COUNTER,opp_discard,,Night Stretcher,1
1,97,0,DAMAGE_COUNTER,opp_discard,,Crushing Hammer,1
1,97,0,DAMAGE_COUNTER,opp_discard,,Ultra Ball,1
1,97,0,DAMAGE_COUNTER,opp_discard,,Poké Pad,4
1,97,0,DAMAGE_COUNTER,opp_discard,,Crispin,2
1,97,0,DAMAGE_COUNTER,opp_discard,,Lillie's Determination,2
1,97,0,DAMAGE_COUNTER,opp_discard,,Jamming Tower,1
1,97,0,DAMAGE_COUNTER,my_unseen,,Basic {D} Energy,6
1,97,0,DAMAGE_COUNTER,my_unseen,,Froslass,2
1,97,0,DAMAGE_COUNTER,my_unseen,,Munkidori,1
1,97,0,DAMAGE_COUNTER,my_unseen,,Budew,1
1,97,0,DAMAGE_COUNTER,my_unseen,,Marnie's Impidimp,2
1,97,0,DAMAGE_COUNTER,my_unseen,,Marnie's Morgrem,2
1,97,0,DAMAGE_COUNTER,my_unseen,,Marnie's Grimmsnarl ex,3
1,97,0,DAMAGE_COUNTER,my_unseen,,Snorunt,1
1,97,0,DAMAGE_COUNTER,my_unseen,,Rare Candy,2
1,97,0,DAMAGE_COUNTER,my_unseen,,Precious Trolley,1
1,97,0,DAMAGE_COUNTER,my_unseen,,Tool Scrapper,1
1,97,0,DAMAGE_COUNTER,my_unseen,,Poké Pad,2
1,97,0,DAMAGE_COUNTER,my_unseen,,Boss’s Orders,1
1,97,0,DAMAGE_COUNTER,my_unseen,,Team Rocket's Petrel,4
1,97,0,DAMAGE_COUNTER,my_unseen,,Lillie's Determination,2
1,97,0,DAMAGE_COUNTER,my_unseen,,Spikemuth Gym,2
1,97,0,DAMAGE_COUNTER,my_unseen,,Gwynn,1
1,98,0,MAIN,hand,0,Buddy-Buddy Poffin,1
1,98,0,MAIN,hand,1,Spikemuth Gym,1
1,98,0,MAIN,hand,2,Special Red Card,1
1,98,0,MAIN,hand,3,Poké Pad,1
1,98,0,MAIN,hand,4,Buddy-Buddy Poffin,1
1,98,0,MAIN,hand,5,Marnie's Impidimp,1
1,98,0,MAIN,hand,6,Buddy-Buddy Poffin,1
1,98,0,MAIN,hand,7,Buddy-Buddy Poffin,1
1,98,0,MAIN,my_discard,,Night Stretcher,2
1,98,0,MAIN,my_discard,,Poké Pad,1
1,98,0,MAIN,my_discard,,Boss’s Orders,1
1,98,0,MAIN,my_discard,,Lillie's Determination,2
1,98,0,MAIN,opp_discard,,Basic {P} Energy,1
1,98,0,MAIN,opp_discard,,Buddy-Buddy Poffin,1
1,98,0,MAIN,opp_discard,,Night Stretcher,1
1,98,0,MAIN,opp_discard,,Crushing Hammer,1
1,98,0,MAIN,opp_discard,,Ultra Ball,1
1,98,0,MAIN,opp_discard,,Poké Pad,4
1,98,0,MAIN,opp_discard,,Crispin,2
1,98,0,MAIN,opp_discard,,Lillie's Determination,2
1,98,0,MAIN,opp_discard,,Jamming Tower,1
1,98,0,MAIN,my_unseen,,Basic {D} Energy,6
1,98,0,MAIN,my_unseen,,Froslass,2
1,98,0,MAIN,my_unseen,,Munkidori,1
1,98,0,MAIN,my_unseen,,Budew,1
1,98,0,MAIN,my_unseen,,Marnie's Impidimp,2
1,98,0,MAIN,my_unseen,,Marnie's Morgrem,2
1,98,0,MAIN,my_unseen,,Marnie's Grimmsnarl ex,3
1,98,0,MAIN,my_unseen,,Snorunt,1
1,98,0,MAIN,my_unseen,,Rare Candy,2
1,98,0,MAIN,my_unseen,,Precious Trolley,1
1,98,0,MAIN,my_unseen,,Tool Scrapper,1
1,98,0,MAIN,my_unseen,,Poké Pad,2
1,98,0,MAIN,my_unseen,,Boss’s Orders,1
1,98,0,MAIN,my_unseen,,Team Rocket's Petrel,4
1,98,0,MAIN,my_unseen,,Lillie's Determination,2
1,98,0,MAIN,my_unseen,,Spikemuth Gym,2
1,98,0,MAIN,my_unseen,,Gwynn,1
1,99,1,MAIN,hand,0,Crushing Hammer,1
1,99,1,MAIN,hand,1,Crushing Hammer,1
1,99,1,MAIN,hand,2,Buddy-Buddy Poffin,1
1,99,1,MAIN,hand,3,Dragapult ex,1
1,99,1,MAIN,hand,4,Basic {R} Energy,1
1,99,1,MAIN,hand,5,Dreepy,1
1,99,1,MAIN,hand,6,Ultra Ball,1
1,99,1,MAIN,my_discard,,Basic {P} Energy,1
1,99,1,MAIN,my_discard,,Buddy-Buddy Poffin,1
1,99,1,MAIN,my_discard,,Night Stretcher,1
1,99,1,MAIN,my_discard,,Crushing Hammer,1
1,99,1,MAIN,my_discard,,Ultra Ball,1
1,99,1,MAIN,my_discard,,Poké Pad,4
1,99,1,MAIN,my_discard,,Crispin,2
1,99,1,MAIN,my_discard,,Lillie's Determination,2
1,99,1,MAIN,my_discard,,Jamming Tower,1
1,99,1,MAIN,opp_discard,,Night Stretcher,2
1,99,1,MAIN,opp_discard,,Poké Pad,1
1,99,1,MAIN,opp_discard,,Boss’s Orders,1
1,99,1,MAIN,opp_discard,,Lillie's Determination,2
1,99,1,MAIN,my_unseen,,Basic {R} Energy,1
1,99,1,MAIN,my_unseen,,Basic {P} Energy,3
1,99,1,MAIN,my_unseen,,Basic {D} Energy,1
1,99,1,MAIN,my_unseen,,Dreepy,1
1,99,1,MAIN,my_unseen,,Drakloak,3
1,99,1,MAIN,my_unseen,,Dragapult ex,2
1,99,1,MAIN,my_unseen,,Fezandipiti ex,1
1,99,1,MAIN,my_unseen,,Budew,2
1,99,1,MAIN,my_unseen,,Meowth ex,1
1,99,1,MAIN,my_unseen,,Unfair Stamp,1
1,99,1,MAIN,my_unseen,,Buddy-Buddy Poffin,2
1,99,1,MAIN,my_unseen,,Night Stretcher,1
1,99,1,MAIN,my_unseen,,Crushing Hammer,1
1,99,1,MAIN,my_unseen,,Ultra Ball,2
1,99,1,MAIN,my_unseen,,Boss’s Orders,3
1,99,1,MAIN,my_unseen,,Crispin,1
1,99,1,MAIN,my_unseen,,Judge,1
1,99,1,MAIN,my_unseen,,Lillie's Determination,2
1,99,1,MAIN,my_unseen,,Jamming Tower,1
1,100,1,TO_BENCH,hand,0,Crushing Hammer,1
1,100,1,TO_BENCH,hand,1,Crushing Hammer,1
1,100,1,TO_BENCH,hand,2,Dragapult ex,1
1,100,1,TO_BENCH,hand,3,Basic {R} Energy,1
1,100,1,TO_BENCH,hand,4,Dreepy,1
1,100,1,TO_BENCH,hand,5,Ultra Ball,1
1,100,1,TO_BENCH,my_discard,,Basic {P} Energy,1
1,100,1,TO_BENCH,my_discard,,Buddy-Buddy Poffin,1
1,100,1,TO_BENCH,my_discard,,Night Stretcher,1
1,100,1,TO_BENCH,my_discard,,Crushing Hammer,1
1,100,1,TO_BENCH,my_discard,,Ultra Ball,1
1,100,1,TO_BENCH,my_discard,,Poké Pad,4
1,100,1,TO_BENCH,my_discard,,Crispin,2
1,100,1,TO_BENCH,my_discard,,Lillie's Determination,2
1,100,1,TO_BENCH,my_discard,,Jamming Tower,1
1,100,1,TO_BENCH,opp_discard,,Night Stretcher,2
1,100,1,TO_BENCH,opp_discard,,Poké Pad,1
1,100,1,TO_BENCH,opp_discard,,Boss’s Orders,1
1,100,1,TO_BENCH,opp_discard,,Lillie's Determination,2
1,100,1,TO_BENCH,my_unseen,,Basic {R} Energy,1
1,100,1,TO_BENCH,my_unseen,,Basic {P} Energy,3
1,100,1,TO_BENCH,my_unseen,,Basic {D} Energy,1
1,100,1,TO_BENCH,my_unseen,,Dreepy,1
1,100,1,TO_BENCH,my_unseen,,Drakloak,3
1,100,1,TO_BENCH,my_unseen,,Dragapult ex,2
1,100,1,TO_BENCH,my_unseen,,Fezandipiti ex,1
1,100,1,TO_BENCH,my_unseen,,Budew,2
1,100,1,TO_BENCH,my_unseen,,Meowth ex,1
1,100,1,TO_BENCH,my_unseen,,Unfair Stamp,1
1,100,1,TO_BENCH,my_unseen,,Buddy-Buddy Poffin,2
1,100,1,TO_BENCH,my_unseen,,Night Stretcher,1
1,100,1,TO_BENCH,my_unseen,,Crushing Hammer,1
1,100,1,TO_BENCH,my_unseen,,Ultra Ball,2
1,100,1,TO_BENCH,my_unseen,,Boss’s Orders,3
1,100,1,TO_BENCH,my_unseen,,Crispin,1
1,100,1,TO_BENCH,my_unseen,,Judge,1
1,100,1,TO_BENCH,my_unseen,,Lillie's Determination,2
1,100,1,TO_BENCH,my_unseen,,Jamming Tower,1
1,101,1,MAIN,hand,0,Crushing Hammer,1
1,101,1,MAIN,hand,1,Crushing Hammer,1
1,101,1,MAIN,hand,2,Dragapult ex,1
1,101,1,MAIN,hand,3,Basic {R} Energy,1
1,101,1,MAIN,hand,4,Dreepy,1
1,101,1,MAIN,hand,5,Ultra Ball,1
1,101,1,MAIN,my_discard,,Basic {P} Energy,1
1,101,1,MAIN,my_discard,,Buddy-Buddy Poffin,2
1,101,1,MAIN,my_discard,,Night Stretcher,1
1,101,1,MAIN,my_discard,,Crushing Hammer,1
1,101,1,MAIN,my_discard,,Ultra Ball,1
1,101,1,MAIN,my_discard,,Poké Pad,4
1,101,1,MAIN,my_discard,,Crispin,2
1,101,1,MAIN,my_discard,,Lillie's Determination,2
1,101,1,MAIN,my_discard,,Jamming Tower,1
1,101,1,MAIN,opp_discard,,Night Stretcher,2
1,101,1,MAIN,opp_discard,,Poké Pad,1
1,101,1,MAIN,opp_discard,,Boss’s Orders,1
1,101,1,MAIN,opp_discard,,Lillie's Determination,2
1,101,1,MAIN,my_unseen,,Basic {R} Energy,1
1,101,1,MAIN,my_unseen,,Basic {P} Energy,3
1,101,1,MAIN,my_unseen,,Basic {D} Energy,1
1,101,1,MAIN,my_unseen,,Dreepy,1
1,101,1,MAIN,my_unseen,,Drakloak,3
1,101,1,MAIN,my_unseen,,Dragapult ex,2
1,101,1,MAIN,my_unseen,,Fezandipiti ex,1
1,101,1,MAIN,my_unseen,,Budew,2
1,101,1,MAIN,my_unseen,,Meowth ex,1
1,101,1,MAIN,my_unseen,,Unfair Stamp,1
1,101,1,MAIN,my_unseen,,Buddy-Buddy Poffin,2
1,101,1,MAIN,my_unseen,,Night Stretcher,1
1,101,1,MAIN,my_unseen,,Crushing Hammer,1
1,101,1,MAIN,my_unseen,,Ultra Ball,2
1,101,1,MAIN,my_unseen,,Boss’s Orders,3
1,101,1,MAIN,my_unseen,,Crispin,1
1,101,1,MAIN,my_unseen,,Judge,1
1,101,1,MAIN,my_unseen,,Lillie's Determination,2
1,101,1,MAIN,my_unseen,,Jamming Tower,1
1,102,1,REMOVE_DAMAGE_COUNTER,hand,0,Crushing Hammer,1
1,102,1,REMOVE_DAMAGE_COUNTER,hand,1,Crushing Hammer,1
1,102,1,REMOVE_DAMAGE_COUNTER,hand,2,Dragapult ex,1
1,102,1,REMOVE_DAMAGE_COUNTER,hand,3,Basic {R} Energy,1
1,102,1,REMOVE_DAMAGE_COUNTER,hand,4,Dreepy,1
1,102,1,REMOVE_DAMAGE_COUNTER,hand,5,Ultra Ball,1
1,102,1,REMOVE_DAMAGE_COUNTER,my_discard,,Basic {P} Energy,1
1,102,1,REMOVE_DAMAGE_COUNTER,my_discard,,Buddy-Buddy Poffin,2
1,102,1,REMOVE_DAMAGE_COUNTER,my_discard,,Night Stretcher,1
1,102,1,REMOVE_DAMAGE_COUNTER,my_discard,,Crushing Hammer,1
1,102,1,REMOVE_DAMAGE_COUNTER,my_discard,,Ultra Ball,1
1,102,1,REMOVE_DAMAGE_COUNTER,my_discard,,Poké Pad,4
1,102,1,REMOVE_DAMAGE_COUNTER,my_discard,,Crispin,2
1,102,1,REMOVE_DAMAGE_COUNTER,my_discard,,Lillie's Determination,2
1,102,1,REMOVE_DAMAGE_COUNTER,my_discard,,Jamming Tower,1
1,102,1,REMOVE_DAMAGE_COUNTER,opp_discard,,Night Stretcher,2
1,102,1,REMOVE_DAMAGE_COUNTER,opp_discard,,Poké Pad,1
1,102,1,REMOVE_DAMAGE_COUNTER,opp_discard,,Boss’s Orders,1
1,102,1,REMOVE_DAMAGE_COUNTER,opp_discard,,Lillie's Determination,2
1,102,1,REMOVE_DAMAGE_COUNTER,my_unseen,,Basic {R} Energy,1
1,102,1,REMOVE_DAMAGE_COUNTER,my_unseen,,Basic {P} Energy,3
1,102,1,REMOVE_DAMAGE_COUNTER,my_unseen,,Basic {D} Energy,1
1,102,1,REMOVE_DAMAGE_COUNTER,my_unseen,,Dreepy,1
1,102,1,REMOVE_DAMAGE_COUNTER,my_unseen,,Drakloak,3
1,102,1,REMOVE_DAMAGE_COUNTER,my_unseen,,Dragapult ex,2
1,102,1,REMOVE_DAMAGE_COUNTER,my_unseen,,Fezandipiti ex,1
1,102,1,REMOVE_DAMAGE_COUNTER,my_unseen,,Budew,2
1,102,1,REMOVE_DAMAGE_COUNTER,my_unseen,,Meowth ex,1
1,102,1,REMOVE_DAMAGE_COUNTER,my_unseen,,Unfair Stamp,1
1,102,1,REMOVE_DAMAGE_COUNTER,my_unseen,,Buddy-Buddy Poffin,2
1,102,1,REMOVE_DAMAGE_COUNTER,my_unseen,,Night Stretcher,1
1,102,1,REMOVE_DAMAGE_COUNTER,my_unseen,,Crushing Hammer,1
1,102,1,REMOVE_DAMAGE_COUNTER,my_unseen,,Ultra Ball,2
1,102,1,REMOVE_DAMAGE_COUNTER,my_unseen,,Boss’s Orders,3
1,102,1,REMOVE_DAMAGE_COUNTER,my_unseen,,Crispin,1
1,102,1,REMOVE_DAMAGE_COUNTER,my_unseen,,Judge,1
1,102,1,REMOVE_DAMAGE_COUNTER,my_unseen,,Lillie's Determination,2
1,102,1,REMOVE_DAMAGE_COUNTER,my_unseen,,Jamming Tower,1
1,103,1,REMOVE_DAMAGE_COUNTER_COUNT,hand,0,Crushing Hammer,1
1,103,1,REMOVE_DAMAGE_COUNTER_COUNT,hand,1,Crushing Hammer,1
1,103,1,REMOVE_DAMAGE_COUNTER_COUNT,hand,2,Dragapult ex,1
1,103,1,REMOVE_DAMAGE_COUNTER_COUNT,hand,3,Basic {R} Energy,1
1,103,1,REMOVE_DAMAGE_COUNTER_COUNT,hand,4,Dreepy,1
1,103,1,REMOVE_DAMAGE_COUNTER_COUNT,hand,5,Ultra Ball,1
1,103,1,REMOVE_DAMAGE_COUNTER_COUNT,my_discard,,Basic {P} Energy,1
1,103,1,REMOVE_DAMAGE_COUNTER_COUNT,my_discard,,Buddy-Buddy Poffin,2
1,103,1,REMOVE_DAMAGE_COUNTER_COUNT,my_discard,,Night Stretcher,1
1,103,1,REMOVE_DAMAGE_COUNTER_COUNT,my_discard,,Crushing Hammer,1
1,103,1,REMOVE_DAMAGE_COUNTER_COUNT,my_discard,,Ultra Ball,1
1,103,1,REMOVE_DAMAGE_COUNTER_COUNT,my_discard,,Poké Pad,4
1,103,1,REMOVE_DAMAGE_COUNTER_COUNT,my_discard,,Crispin,2
1,103,1,REMOVE_DAMAGE_COUNTER_COUNT,my_discard,,Lillie's Determination,2
1,103,1,REMOVE_DAMAGE_COUNTER_COUNT,my_discard,,Jamming Tower,1
1,103,1,REMOVE_DAMAGE_COUNTER_COUNT,opp_discard,,Night Stretcher,2
1,103,1,REMOVE_DAMAGE_COUNTER_COUNT,opp_discard,,Poké Pad,1
1,103,1,REMOVE_DAMAGE_COUNTER_COUNT,opp_discard,,Boss’s Orders,1
1,103,1,REMOVE_DAMAGE_COUNTER_COUNT,opp_discard,,Lillie's Determination,2
1,103,1,REMOVE_DAMAGE_COUNTER_COUNT,my_unseen,,Basic {R} Energy,1
1,103,1,REMOVE_DAMAGE_COUNTER_COUNT,my_unseen,,Basic {P} Energy,3
1,103,1,REMOVE_DAMAGE_COUNTER_COUNT,my_unseen,,Basic {D} Energy,1
1,103,1,REMOVE_DAMAGE_COUNTER_COUNT,my_unseen,,Dreepy,1
1,103,1,REMOVE_DAMAGE_COUNTER_COUNT,my_unseen,,Drakloak,3
1,103,1,REMOVE_DAMAGE_COUNTER_COUNT,my_unseen,,Dragapult ex,2
1,103,1,REMOVE_DAMAGE_COUNTER_COUNT,my_unseen,,Fezandipiti ex,1
1,103,1,REMOVE_DAMAGE_COUNTER_COUNT,my_unseen,,Budew,2
1,103,1,REMOVE_DAMAGE_COUNTER_COUNT,my_unseen,,Meowth ex,1
1,103,1,REMOVE_DAMAGE_COUNTER_COUNT,my_unseen,,Unfair Stamp,1
1,103,1,REMOVE_DAMAGE_COUNTER_COUNT,my_unseen,,Buddy-Buddy Poffin,2
1,103,1,REMOVE_DAMAGE_COUNTER_COUNT,my_unseen,,Night Stretcher,1
1,103,1,REMOVE_DAMAGE_COUNTER_COUNT,my_unseen,,Crushing Hammer,1
1,103,1,REMOVE_DAMAGE_COUNTER_COUNT,my_unseen,,Ultra Ball,2
1,103,1,REMOVE_DAMAGE_COUNTER_COUNT,my_unseen,,Boss’s Orders,3
1,103,1,REMOVE_DAMAGE_COUNTER_COUNT,my_unseen,,Crispin,1
1,103,1,REMOVE_DAMAGE_COUNTER_COUNT,my_unseen,,Judge,1
1,103,1,REMOVE_DAMAGE_COUNTER_COUNT,my_unseen,,Lillie's Determination,2
1,103,1,REMOVE_DAMAGE_COUNTER_COUNT,my_unseen,,Jamming Tower,1
1,104,1,DAMAGE_COUNTER,hand,0,Crushing Hammer,1
1,104,1,DAMAGE_COUNTER,hand,1,Crushing Hammer,1
1,104,1,DAMAGE_COUNTER,hand,2,Dragapult ex,1
1,104,1,DAMAGE_COUNTER,hand,3,Basic {R} Energy,1
1,104,1,DAMAGE_COUNTER,hand,4,Dreepy,1
1,104,1,DAMAGE_COUNTER,hand,5,Ultra Ball,1
1,104,1,DAMAGE_COUNTER,my_discard,,Basic {P} Energy,1
1,104,1,DAMAGE_COUNTER,my_discard,,Buddy-Buddy Poffin,2
1,104,1,DAMAGE_COUNTER,my_discard,,Night Stretcher,1
1,104,1,DAMAGE_COUNTER,my_discard,,Crushing Hammer,1
1,104,1,DAMAGE_COUNTER,my_discard,,Ultra Ball,1
1,104,1,DAMAGE_COUNTER,my_discard,,Poké Pad,4
1,104,1,DAMAGE_COUNTER,my_discard,,Crispin,2
1,104,1,DAMAGE_COUNTER,my_discard,,Lillie's Determination,2
1,104,1,DAMAGE_COUNTER,my_discard,,Jamming Tower,1
1,104,1,DAMAGE_COUNTER,opp_discard,,Night Stretcher,2
1,104,1,DAMAGE_COUNTER,opp_discard,,Poké Pad,1
1,104,1,DAMAGE_COUNTER,opp_discard,,Boss’s Orders,1
1,104,1,DAMAGE_COUNTER,opp_discard,,Lillie's Determination,2
1,104,1,DAMAGE_COUNTER,my_unseen,,Basic {R} Energy,1
1,104,1,DAMAGE_COUNTER,my_unseen,,Basic {P} Energy,3
1,104,1,DAMAGE_COUNTER,my_unseen,,Basic {D} Energy,1
1,104,1,DAMAGE_COUNTER,my_unseen,,Dreepy,1
1,104,1,DAMAGE_COUNTER,my_unseen,,Drakloak,3
1,104,1,DAMAGE_COUNTER,my_unseen,,Dragapult ex,2
1,104,1,DAMAGE_COUNTER,my_unseen,,Fezandipiti ex,1
1,104,1,DAMAGE_COUNTER,my_unseen,,Budew,2
1,104,1,DAMAGE_COUNTER,my_unseen,,Meowth ex,1
1,104,1,DAMAGE_COUNTER,my_unseen,,Unfair Stamp,1
1,104,1,DAMAGE_COUNTER,my_unseen,,Buddy-Buddy Poffin,2
1,104,1,DAMAGE_COUNTER,my_unseen,,Night Stretcher,1
1,104,1,DAMAGE_COUNTER,my_unseen,,Crushing Hammer,1
1,104,1,DAMAGE_COUNTER,my_unseen,,Ultra Ball,2
1,104,1,DAMAGE_COUNTER,my_unseen,,Boss’s Orders,3
1,104,1,DAMAGE_COUNTER,my_unseen,,Crispin,1
1,104,1,DAMAGE_COUNTER,my_unseen,,Judge,1
1,104,1,DAMAGE_COUNTER,my_unseen,,Lillie's Determination,2
1,104,1,DAMAGE_COUNTER,my_unseen,,Jamming Tower,1
1,105,1,MAIN,hand,0,Crushing Hammer,1
1,105,1,MAIN,hand,1,Crushing Hammer,1
1,105,1,MAIN,hand,2,Dragapult ex,1
1,105,1,MAIN,hand,3,Basic {R} Energy,1
1,105,1,MAIN,hand,4,Dreepy,1
1,105,1,MAIN,hand,5,Ultra Ball,1
1,105,1,MAIN,my_discard,,Basic {P} Energy,1
1,105,1,MAIN,my_discard,,Buddy-Buddy Poffin,2
1,105,1,MAIN,my_discard,,Night Stretcher,1
1,105,1,MAIN,my_discard,,Crushing Hammer,1
1,105,1,MAIN,my_discard,,Ultra Ball,1
1,105,1,MAIN,my_discard,,Poké Pad,4
1,105,1,MAIN,my_discard,,Crispin,2
1,105,1,MAIN,my_discard,,Lillie's Determination,2
1,105,1,MAIN,my_discard,,Jamming Tower,1
1,105,1,MAIN,opp_discard,,Night Stretcher,2
1,105,1,MAIN,opp_discard,,Poké Pad,1
1,105,1,MAIN,opp_discard,,Boss’s Orders,1
1,105,1,MAIN,opp_discard,,Lillie's Determination,2
1,105,1,MAIN,my_unseen,,Basic {R} Energy,1
1,105,1,MAIN,my_unseen,,Basic {P} Energy,3
1,105,1,MAIN,my_unseen,,Basic {D} Energy,1
1,105,1,MAIN,my_unseen,,Dreepy,1
1,105,1,MAIN,my_unseen,,Drakloak,3
1,105,1,MAIN,my_unseen,,Dragapult ex,2
1,105,1,MAIN,my_unseen,,Fezandipiti ex,1
1,105,1,MAIN,my_unseen,,Budew,2
1,105,1,MAIN,my_unseen,,Meowth ex,1
1,105,1,MAIN,my_unseen,,Unfair Stamp,1
1,105,1,MAIN,my_unseen,,Buddy-Buddy Poffin,2
1,105,1,MAIN,my_unseen,,Night Stretcher,1
1,105,1,MAIN,my_unseen,,Crushing Hammer,1
1,105,1,MAIN,my_unseen,,Ultra Ball,2
1,105,1,MAIN,my_unseen,,Boss’s Orders,3
1,105,1,MAIN,my_unseen,,Crispin,1
1,105,1,MAIN,my_unseen,,Judge,1
1,105,1,MAIN,my_unseen,,Lillie's Determination,2
1,105,1,MAIN,my_unseen,,Jamming Tower,1
1,106,0,MAIN,hand,0,Buddy-Buddy Poffin,1
1,106,0,MAIN,hand,1,Spikemuth Gym,1
1,106,0,MAIN,hand,2,Special Red Card,1
1,106,0,MAIN,hand,3,Poké Pad,1
1,106,0,MAIN,hand,4,Buddy-Buddy Poffin,1
1,106,0,MAIN,hand,5,Marnie's Impidimp,1
1,106,0,MAIN,hand,6,Buddy-Buddy Poffin,1
1,106,0,MAIN,hand,7,Buddy-Buddy Poffin,1
1,106,0,MAIN,hand,8,Munkidori,1
1,106,0,MAIN,my_discard,,Night Stretcher,2
1,106,0,MAIN,my_discard,,Poké Pad,1
1,106,0,MAIN,my_discard,,Boss’s Orders,1
1,106,0,MAIN,my_discard,,Lillie's Determination,2
1,106,0,MAIN,opp_discard,,Basic {P} Energy,1
1,106,0,MAIN,opp_discard,,Buddy-Buddy Poffin,2
1,106,0,MAIN,opp_discard,,Night Stretcher,1
1,106,0,MAIN,opp_discard,,Crushing Hammer,1
1,106,0,MAIN,opp_discard,,Ultra Ball,1
1,106,0,MAIN,opp_discard,,Poké Pad,4
1,106,0,MAIN,opp_discard,,Crispin,2
1,106,0,MAIN,opp_discard,,Lillie's Determination,2
1,106,0,MAIN,opp_discard,,Jamming Tower,1
1,106,0,MAIN,my_unseen,,Basic {D} Energy,6
1,106,0,MAIN,my_unseen,,Froslass,2
1,106,0,MAIN,my_unseen,,Budew,1
1,106,0,MAIN,my_unseen,,Marnie's Impidimp,2
1,106,0,MAIN,my_unseen,,Marnie's Morgrem,2
1,106,0,MAIN,my_unseen,,Marnie's Grimmsnarl ex,3
1,106,0,MAIN,my_unseen,,Snorunt,1
1,106,0,MAIN,my_unseen,,Rare Candy,2
1,106,0,MAIN,my_unseen,,Precious Trolley,1
1,106,0,MAIN,my_unseen,,Tool Scrapper,1
1,106,0,MAIN,my_unseen,,Poké Pad,2
1,106,0,MAIN,my_unseen,,Boss’s Orders,1
1,106,0,MAIN,my_unseen,,Team Rocket's Petrel,4
1,106,0,MAIN,my_unseen,,Lillie's Determination,2
1,106,0,MAIN,my_unseen,,Spikemuth Gym,2
1,106,0,MAIN,my_unseen,,Gwynn,1
1,107,0,REMOVE_DAMAGE_COUNTER,hand,0,Buddy-Buddy Poffin,1
1,107,0,REMOVE_DAMAGE_COUNTER,hand,1,Spikemuth Gym,1
1,107,0,REMOVE_DAMAGE_COUNTER,hand,2,Special Red Card,1
1,107,0,REMOVE_DAMAGE_COUNTER,hand,3,Poké Pad,1
1,107,0,REMOVE_DAMAGE_COUNTER,hand,4,Buddy-Buddy Poffin,1
1,107,0,REMOVE_DAMAGE_COUNTER,hand,5,Marnie's Impidimp,1
1,107,0,REMOVE_DAMAGE_COUNTER,hand,6,Buddy-Buddy Poffin,1
1,107,0,REMOVE_DAMAGE_COUNTER,hand,7,Buddy-Buddy Poffin,1
1,107,0,REMOVE_DAMAGE_COUNTER,hand,8,Munkidori,1
1,107,0,REMOVE_DAMAGE_COUNTER,my_discard,,Night Stretcher,2
1,107,0,REMOVE_DAMAGE_COUNTER,my_discard,,Poké Pad,1
1,107,0,REMOVE_DAMAGE_COUNTER,my_discard,,Boss’s Orders,1
1,107,0,REMOVE_DAMAGE_COUNTER,my_discard,,Lillie's Determination,2
1,107,0,REMOVE_DAMAGE_COUNTER,opp_discard,,Basic {P} Energy,1
1,107,0,REMOVE_DAMAGE_COUNTER,opp_discard,,Buddy-Buddy Poffin,2
1,107,0,REMOVE_DAMAGE_COUNTER,opp_discard,,Night Stretcher,1
1,107,0,REMOVE_DAMAGE_COUNTER,opp_discard,,Crushing Hammer,1
1,107,0,REMOVE_DAMAGE_COUNTER,opp_discard,,Ultra Ball,1
1,107,0,REMOVE_DAMAGE_COUNTER,opp_discard,,Poké Pad,4
1,107,0,REMOVE_DAMAGE_COUNTER,opp_discard,,Crispin,2
1,107,0,REMOVE_DAMAGE_COUNTER,opp_discard,,Lillie's Determination,2
1,107,0,REMOVE_DAMAGE_COUNTER,opp_discard,,Jamming Tower,1
1,107,0,REMOVE_DAMAGE_COUNTER,my_unseen,,Basic {D} Energy,6
1,107,0,REMOVE_DAMAGE_COUNTER,my_unseen,,Froslass,2
1,107,0,REMOVE_DAMAGE_COUNTER,my_unseen,,Budew,1
1,107,0,REMOVE_DAMAGE_COUNTER,my_unseen,,Marnie's Impidimp,2
1,107,0,REMOVE_DAMAGE_COUNTER,my_unseen,,Marnie's Morgrem,2
1,107,0,REMOVE_DAMAGE_COUNTER,my_unseen,,Marnie's Grimmsnarl ex,3
1,107,0,REMOVE_DAMAGE_COUNTER,my_unseen,,Snorunt,1
1,107,0,REMOVE_DAMAGE_COUNTER,my_unseen,,Rare Candy,2
1,107,0,REMOVE_DAMAGE_COUNTER,my_unseen,,Precious Trolley,1
1,107,0,REMOVE_DAMAGE_COUNTER,my_unseen,,Tool Scrapper,1
1,107,0,REMOVE_DAMAGE_COUNTER,my_unseen,,Poké Pad,2
1,107,0,REMOVE_DAMAGE_COUNTER,my_unseen,,Boss’s Orders,1
1,107,0,REMOVE_DAMAGE_COUNTER,my_unseen,,Team Rocket's Petrel,4
1,107,0,REMOVE_DAMAGE_COUNTER,my_unseen,,Lillie's Determination,2
1,107,0,REMOVE_DAMAGE_COUNTER,my_unseen,,Spikemuth Gym,2
1,107,0,REMOVE_DAMAGE_COUNTER,my_unseen,,Gwynn,1
1,108,0,REMOVE_DAMAGE_COUNTER_COUNT,hand,0,Buddy-Buddy Poffin,1
1,108,0,REMOVE_DAMAGE_COUNTER_COUNT,hand,1,Spikemuth Gym,1
1,108,0,REMOVE_DAMAGE_COUNTER_COUNT,hand,2,Special Red Card,1
1,108,0,REMOVE_DAMAGE_COUNTER_COUNT,hand,3,Poké Pad,1
1,108,0,REMOVE_DAMAGE_COUNTER_COUNT,hand,4,Buddy-Buddy Poffin,1
1,108,0,REMOVE_DAMAGE_COUNTER_COUNT,hand,5,Marnie's Impidimp,1
1,108,0,REMOVE_DAMAGE_COUNTER_COUNT,hand,6,Buddy-Buddy Poffin,1
1,108,0,REMOVE_DAMAGE_COUNTER_COUNT,hand,7,Buddy-Buddy Poffin,1
1,108,0,REMOVE_DAMAGE_COUNTER_COUNT,hand,8,Munkidori,1
1,108,0,REMOVE_DAMAGE_COUNTER_COUNT,my_discard,,Night Stretcher,2
1,108,0,REMOVE_DAMAGE_COUNTER_COUNT,my_discard,,Poké Pad,1
1,108,0,REMOVE_DAMAGE_COUNTER_COUNT,my_discard,,Boss’s Orders,1
1,108,0,REMOVE_DAMAGE_COUNTER_COUNT,my_discard,,Lillie's Determination,2
1,108,0,REMOVE_DAMAGE_COUNTER_COUNT,opp_discard,,Basic {P} Energy,1
1,108,0,REMOVE_DAMAGE_COUNTER_COUNT,opp_discard,,Buddy-Buddy Poffin,2
1,108,0,REMOVE_DAMAGE_COUNTER_COUNT,opp_discard,,Night Stretcher,1
1,108,0,REMOVE_DAMAGE_COUNTER_COUNT,opp_discard,,Crushing Hammer,1
1,108,0,REMOVE_DAMAGE_COUNTER_COUNT,opp_discard,,Ultra Ball,1
1,108,0,REMOVE_DAMAGE_COUNTER_COUNT,opp_discard,,Poké Pad,4
1,108,0,REMOVE_DAMAGE_COUNTER_COUNT,opp_discard,,Crispin,2
1,108,0,REMOVE_DAMAGE_COUNTER_COUNT,opp_discard,,Lillie's Determination,2
1,108,0,REMOVE_DAMAGE_COUNTER_COUNT,opp_discard,,Jamming Tower,1
1,108,0,REMOVE_DAMAGE_COUNTER_COUNT,my_unseen,,Basic {D} Energy,6
1,108,0,REMOVE_DAMAGE_COUNTER_COUNT,my_unseen,,Froslass,2
1,108,0,REMOVE_DAMAGE_COUNTER_COUNT,my_unseen,,Budew,1
1,108,0,REMOVE_DAMAGE_COUNTER_COUNT,my_unseen,,Marnie's Impidimp,2
1,108,0,REMOVE_DAMAGE_COUNTER_COUNT,my_unseen,,Marnie's Morgrem,2
1,108,0,REMOVE_DAMAGE_COUNTER_COUNT,my_unseen,,Marnie's Grimmsnarl ex,3
1,108,0,REMOVE_DAMAGE_COUNTER_COUNT,my_unseen,,Snorunt,1
1,108,0,REMOVE_DAMAGE_COUNTER_COUNT,my_unseen,,Rare Candy,2
1,108,0,REMOVE_DAMAGE_COUNTER_COUNT,my_unseen,,Precious Trolley,1
1,108,0,REMOVE_DAMAGE_COUNTER_COUNT,my_unseen,,Tool Scrapper,1
1,108,0,REMOVE_DAMAGE_COUNTER_COUNT,my_unseen,,Poké Pad,2
1,108,0,REMOVE_DAMAGE_COUNTER_COUNT,my_unseen,,Boss’s Orders,1
1,108,0,REMOVE_DAMAGE_COUNTER_COUNT,my_unseen,,Team Rocket's Petrel,4
1,108,0,REMOVE_DAMAGE_COUNTER_COUNT,my_unseen,,Lillie's Determination,2
1,108,0,REMOVE_DAMAGE_COUNTER_COUNT,my_unseen,,Spikemuth Gym,2
1,108,0,REMOVE_DAMAGE_COUNTER_COUNT,my_unseen,,Gwynn,1
1,109,0,DAMAGE_COUNTER,hand,0,Buddy-Buddy Poffin,1
1,109,0,DAMAGE_COUNTER,hand,1,Spikemuth Gym,1
1,109,0,DAMAGE_COUNTER,hand,2,Special Red Card,1
1,109,0,DAMAGE_COUNTER,hand,3,Poké Pad,1
1,109,0,DAMAGE_COUNTER,hand,4,Buddy-Buddy Poffin,1
1,109,0,DAMAGE_COUNTER,hand,5,Marnie's Impidimp,1
1,109,0,DAMAGE_COUNTER,hand,6,Buddy-Buddy Poffin,1
1,109,0,DAMAGE_COUNTER,hand,7,Buddy-Buddy Poffin,1
1,109,0,DAMAGE_COUNTER,hand,8,Munkidori,1
1,109,0,DAMAGE_COUNTER,my_discard,,Night Stretcher,2
1,109,0,DAMAGE_COUNTER,my_discard,,Poké Pad,1
1,109,0,DAMAGE_COUNTER,my_discard,,Boss’s Orders,1
1,109,0,DAMAGE_COUNTER,my_discard,,Lillie's Determination,2
1,109,0,DAMAGE_COUNTER,opp_discard,,Basic {P} Energy,1
1,109,0,DAMAGE_COUNTER,opp_discard,,Buddy-Buddy Poffin,2
1,109,0,DAMAGE_COUNTER,opp_discard,,Night Stretcher,1
1,109,0,DAMAGE_COUNTER,opp_discard,,Crushing Hammer,1
1,109,0,DAMAGE_COUNTER,opp_discard,,Ultra Ball,1
1,109,0,DAMAGE_COUNTER,opp_discard,,Poké Pad,4
1,109,0,DAMAGE_COUNTER,opp_discard,,Crispin,2
1,109,0,DAMAGE_COUNTER,opp_discard,,Lillie's Determination,2
1,109,0,DAMAGE_COUNTER,opp_discard,,Jamming Tower,1
1,109,0,DAMAGE_COUNTER,my_unseen,,Basic {D} Energy,6
1,109,0,DAMAGE_COUNTER,my_unseen,,Froslass,2
1,109,0,DAMAGE_COUNTER,my_unseen,,Budew,1
1,109,0,DAMAGE_COUNTER,my_unseen,,Marnie's Impidimp,2
1,109,0,DAMAGE_COUNTER,my_unseen,,Marnie's Morgrem,2
1,109,0,DAMAGE_COUNTER,my_unseen,,Marnie's Grimmsnarl ex,3
1,109,0,DAMAGE_COUNTER,my_unseen,,Snorunt,1
1,109,0,DAMAGE_COUNTER,my_unseen,,Rare Candy,2
1,109,0,DAMAGE_COUNTER,my_unseen,,Precious Trolley,1
1,109,0,DAMAGE_COUNTER,my_unseen,,Tool Scrapper,1
1,109,0,DAMAGE_COUNTER,my_unseen,,Poké Pad,2
1,109,0,DAMAGE_COUNTER,my_unseen,,Boss’s Orders,1
1,109,0,DAMAGE_COUNTER,my_unseen,,Team Rocket's Petrel,4
1,109,0,DAMAGE_COUNTER,my_unseen,,Lillie's Determination,2
1,109,0,DAMAGE_COUNTER,my_unseen,,Spikemuth Gym,2
1,109,0,DAMAGE_COUNTER,my_unseen,,Gwynn,1
1,110,0,MAIN,hand,0,Buddy-Buddy Poffin,1
1,110,0,MAIN,hand,1,Spikemuth Gym,1
1,110,0,MAIN,hand,2,Special Red Card,1
1,110,0,MAIN,hand,3,Poké Pad,1
1,110,0,MAIN,hand,4,Buddy-Buddy Poffin,1
1,110,0,MAIN,hand,5,Marnie's Impidimp,1
1,110,0,MAIN,hand,6,Buddy-Buddy Poffin,1
1,110,0,MAIN,hand,7,Buddy-Buddy Poffin,1
1,110,0,MAIN,hand,8,Munkidori,1
1,110,0,MAIN,my_discard,,Night Stretcher,2
1,110,0,MAIN,my_discard,,Poké Pad,1
1,110,0,MAIN,my_discard,,Boss’s Orders,1
1,110,0,MAIN,my_discard,,Lillie's Determination,2
1,110,0,MAIN,opp_discard,,Basic {P} Energy,1
1,110,0,MAIN,opp_discard,,Buddy-Buddy Poffin,2
1,110,0,MAIN,opp_discard,,Night Stretcher,1
1,110,0,MAIN,opp_discard,,Crushing Hammer,1
1,110,0,MAIN,opp_discard,,Ultra Ball,1
1,110,0,MAIN,opp_discard,,Poké Pad,4
1,110,0,MAIN,opp_discard,,Crispin,2
1,110,0,MAIN,opp_discard,,Lillie's Determination,2
1,110,0,MAIN,opp_discard,,Jamming Tower,1
1,110,0,MAIN,my_unseen,,Basic {D} Energy,6
1,110,0,MAIN,my_unseen,,Froslass,2
1,110,0,MAIN,my_unseen,,Budew,1
1,110,0,MAIN,my_unseen,,Marnie's Impidimp,2
1,110,0,MAIN,my_unseen,,Marnie's Morgrem,2
1,110,0,MAIN,my_unseen,,Marnie's Grimmsnarl ex,3
1,110,0,MAIN,my_unseen,,Snorunt,1
1,110,0,MAIN,my_unseen,,Rare Candy,2
1,110,0,MAIN,my_unseen,,Precious Trolley,1
1,110,0,MAIN,my_unseen,,Tool Scrapper,1
1,110,0,MAIN,my_unseen,,Poké Pad,2
1,110,0,MAIN,my_unseen,,Boss’s Orders,1
1,110,0,MAIN,my_unseen,,Team Rocket's Petrel,4
1,110,0,MAIN,my_unseen,,Lillie's Determination,2
1,110,0,MAIN,my_unseen,,Spikemuth Gym,2
1,110,0,MAIN,my_unseen,,Gwynn,1
1,111,1,MAIN,hand,0,Crushing Hammer,1
1,111,1,MAIN,hand,1,Crushing Hammer,1
1,111,1,MAIN,hand,2,Dragapult ex,1
1,111,1,MAIN,hand,3,Basic {R} Energy,1
1,111,1,MAIN,hand,4,Dreepy,1
1,111,1,MAIN,hand,5,Ultra Ball,1
1,111,1,MAIN,hand,6,Budew,1
1,111,1,MAIN,my_discard,,Basic {P} Energy,1
1,111,1,MAIN,my_discard,,Buddy-Buddy Poffin,2
1,111,1,MAIN,my_discard,,Night Stretcher,1
1,111,1,MAIN,my_discard,,Crushing Hammer,1
1,111,1,MAIN,my_discard,,Ultra Ball,1
1,111,1,MAIN,my_discard,,Poké Pad,4
1,111,1,MAIN,my_discard,,Crispin,2
1,111,1,MAIN,my_discard,,Lillie's Determination,2
1,111,1,MAIN,my_discard,,Jamming Tower,1
1,111,1,MAIN,opp_discard,,Night Stretcher,2
1,111,1,MAIN,opp_discard,,Poké Pad,1
1,111,1,MAIN,opp_discard,,Boss’s Orders,1
1,111,1,MAIN,opp_discard,,Lillie's Determination,2
1,111,1,MAIN,my_unseen,,Basic {R} Energy,1
1,111,1,MAIN,my_unseen,,Basic {P} Energy,3
1,111,1,MAIN,my_unseen,,Basic {D} Energy,1
1,111,1,MAIN,my_unseen,,Dreepy,1
1,111,1,MAIN,my_unseen,,Drakloak,3
1,111,1,MAIN,my_unseen,,Dragapult ex,2
1,111,1,MAIN,my_unseen,,Fezandipiti ex,1
1,111,1,MAIN,my_unseen,,Budew,1
1,111,1,MAIN,my_unseen,,Meowth ex,1
1,111,1,MAIN,my_unseen,,Unfair Stamp,1
1,111,1,MAIN,my_unseen,,Buddy-Buddy Poffin,2
1,111,1,MAIN,my_unseen,,Night Stretcher,1
1,111,1,MAIN,my_unseen,,Crushing Hammer,1
1,111,1,MAIN,my_unseen,,Ultra Ball,2
1,111,1,MAIN,my_unseen,,Boss’s Orders,3
1,111,1,MAIN,my_unseen,,Crispin,1
1,111,1,MAIN,my_unseen,,Judge,1
1,111,1,MAIN,my_unseen,,Lillie's Determination,2
1,111,1,MAIN,my_unseen,,Jamming Tower,1
1,112,0,MAIN,hand,0,Buddy-Buddy Poffin,1
1,112,0,MAIN,hand,1,Spikemuth Gym,1
1,112,0,MAIN,hand,2,Special Red Card,1
1,112,0,MAIN,hand,3,Poké Pad,1
1,112,0,MAIN,hand,4,Buddy-Buddy Poffin,1
1,112,0,MAIN,hand,5,Marnie's Impidimp,1
1,112,0,MAIN,hand,6,Buddy-Buddy Poffin,1
1,112,0,MAIN,hand,7,Buddy-Buddy Poffin,1
1,112,0,MAIN,hand,8,Munkidori,1
1,112,0,MAIN,hand,9,Poké Pad,1
1,112,0,MAIN,my_discard,,Night Stretcher,2
1,112,0,MAIN,my_discard,,Poké Pad,1
1,112,0,MAIN,my_discard,,Boss’s Orders,1
1,112,0,MAIN,my_discard,,Lillie's Determination,2
1,112,0,MAIN,opp_discard,,Basic {P} Energy,1
1,112,0,MAIN,opp_discard,,Buddy-Buddy Poffin,2
1,112,0,MAIN,opp_discard,,Night Stretcher,1
1,112,0,MAIN,opp_discard,,Crushing Hammer,1
1,112,0,MAIN,opp_discard,,Ultra Ball,1
1,112,0,MAIN,opp_discard,,Poké Pad,4
1,112,0,MAIN,opp_discard,,Crispin,2
1,112,0,MAIN,opp_discard,,Lillie's Determination,2
1,112,0,MAIN,opp_discard,,Jamming Tower,1
1,112,0,MAIN,my_unseen,,Basic {D} Energy,6
1,112,0,MAIN,my_unseen,,Froslass,2
1,112,0,MAIN,my_unseen,,Budew,1
1,112,0,MAIN,my_unseen,,Marnie's Impidimp,2
1,112,0,MAIN,my_unseen,,Marnie's Morgrem,2
1,112,0,MAIN,my_unseen,,Marnie's Grimmsnarl ex,3
1,112,0,MAIN,my_unseen,,Snorunt,1
1,112,0,MAIN,my_unseen,,Rare Candy,2
1,112,0,MAIN,my_unseen,,Precious Trolley,1
1,112,0,MAIN,my_unseen,,Tool Scrapper,1
1,112,0,MAIN,my_unseen,,Poké Pad,1
1,112,0,MAIN,my_unseen,,Boss’s Orders,1
1,112,0,MAIN,my_unseen,,Team Rocket's Petrel,4
1,112,0,MAIN,my_unseen,,Lillie's Determination,2
1,112,0,MAIN,my_unseen,,Spikemuth Gym,2
1,112,0,MAIN,my_unseen,,Gwynn,1
1,113,0,TO_HAND,hand,0,Buddy-Buddy Poffin,1
1,113,0,TO_HAND,hand,1,Spikemuth Gym,1
1,113,0,TO_HAND,hand,2,Special Red Card,1
1,113,0,TO_HAND,hand,3,Poké Pad,1
1,113,0,TO_HAND,hand,4,Buddy-Buddy Poffin,1
1,113,0,TO_HAND,hand,5,Marnie's Impidimp,1
1,113,0,TO_HAND,hand,6,Buddy-Buddy Poffin,1
1,113,0,TO_HAND,hand,7,Buddy-Buddy Poffin,1
1,113,0,TO_HAND,hand,8,Munkidori,1
1,113,0,TO_HAND,hand,9,Poké Pad,1
1,113,0,TO_HAND,my_discard,,Night Stretcher,2
1,113,0,TO_HAND,my_discard,,Poké Pad,1
1,113,0,TO_HAND,my_discard,,Boss’s Orders,1
1,113,0,TO_HAND,my_discard,,Lillie's Determination,2
1,113,0,TO_HAND,opp_discard,,Basic {P} Energy,1
1,113,0,TO_HAND,opp_discard,,Buddy-Buddy Poffin,2
1,113,0,TO_HAND,opp_discard,,Night Stretcher,1
1,113,0,TO_HAND,opp_discard,,Crushing Hammer,1
1,113,0,TO_HAND,opp_discard,,Ultra Ball,1
1,113,0,TO_HAND,opp_discard,,Poké Pad,4
1,113,0,TO_HAND,opp_discard,,Crispin,2
1,113,0,TO_HAND,opp_discard,,Lillie's Determination,2
1,113,0,TO_HAND,opp_discard,,Jamming Tower,1
1,113,0,TO_HAND,my_unseen,,Basic {D} Energy,6
1,113,0,TO_HAND,my_unseen,,Froslass,2
1,113,0,TO_HAND,my_unseen,,Budew,1
1,113,0,TO_HAND,my_unseen,,Marnie's Impidimp,2
1,113,0,TO_HAND,my_unseen,,Marnie's Morgrem,2
1,113,0,TO_HAND,my_unseen,,Marnie's Grimmsnarl ex,3
1,113,0,TO_HAND,my_unseen,,Snorunt,1
1,113,0,TO_HAND,my_unseen,,Rare Candy,2
1,113,0,TO_HAND,my_unseen,,Precious Trolley,1
1,113,0,TO_HAND,my_unseen,,Tool Scrapper,1
1,113,0,TO_HAND,my_unseen,,Poké Pad,1
1,113,0,TO_HAND,my_unseen,,Boss’s Orders,1
1,113,0,TO_HAND,my_unseen,,Team Rocket's Petrel,4
1,113,0,TO_HAND,my_unseen,,Lillie's Determination,2
1,113,0,TO_HAND,my_unseen,,Spikemuth Gym,2
1,113,0,TO_HAND,my_unseen,,Gwynn,1
1,114,0,MAIN,hand,0,Buddy-Buddy Poffin,1
1,114,0,MAIN,hand,1,Spikemuth Gym,1
1,114,0,MAIN,hand,2,Special Red Card,1
1,114,0,MAIN,hand,3,Poké Pad,1
1,114,0,MAIN,hand,4,Buddy-Buddy Poffin,1
1,114,0,MAIN,hand,5,Marnie's Impidimp,1
1,114,0,MAIN,hand,6,Buddy-Buddy Poffin,1
1,114,0,MAIN,hand,7,Buddy-Buddy Poffin,1
1,114,0,MAIN,hand,8,Munkidori,1
1,114,0,MAIN,hand,9,Poké Pad,1
1,114,0,MAIN,hand,10,Marnie's Grimmsnarl ex,1
1,114,0,MAIN,my_discard,,Night Stretcher,2
1,114,0,MAIN,my_discard,,Poké Pad,1
1,114,0,MAIN,my_discard,,Boss’s Orders,1
1,114,0,MAIN,my_discard,,Lillie's Determination,2
1,114,0,MAIN,opp_discard,,Basic {P} Energy,1
1,114,0,MAIN,opp_discard,,Buddy-Buddy Poffin,2
1,114,0,MAIN,opp_discard,,Night Stretcher,1
1,114,0,MAIN,opp_discard,,Crushing Hammer,1
1,114,0,MAIN,opp_discard,,Ultra Ball,1
1,114,0,MAIN,opp_discard,,Poké Pad,4
1,114,0,MAIN,opp_discard,,Crispin,2
1,114,0,MAIN,opp_discard,,Lillie's Determination,2
1,114,0,MAIN,opp_discard,,Jamming Tower,1
1,114,0,MAIN,my_unseen,,Basic {D} Energy,6
1,114,0,MAIN,my_unseen,,Froslass,2
1,114,0,MAIN,my_unseen,,Budew,1
1,114,0,MAIN,my_unseen,,Marnie's Impidimp,2
1,114,0,MAIN,my_unseen,,Marnie's Morgrem,2
1,114,0,MAIN,my_unseen,,Marnie's Grimmsnarl ex,2
1,114,0,MAIN,my_unseen,,Snorunt,1
1,114,0,MAIN,my_unseen,,Rare Candy,2
1,114,0,MAIN,my_unseen,,Precious Trolley,1
1,114,0,MAIN,my_unseen,,Tool Scrapper,1
1,114,0,MAIN,my_unseen,,Poké Pad,1
1,114,0,MAIN,my_unseen,,Boss’s Orders,1
1,114,0,MAIN,my_unseen,,Team Rocket's Petrel,4
1,114,0,MAIN,my_unseen,,Lillie's Determination,2
1,114,0,MAIN,my_unseen,,Spikemuth Gym,2
1,114,0,MAIN,my_unseen,,Gwynn,1
1,115,0,TO_HAND,hand,0,Buddy-Buddy Poffin,1
1,115,0,TO_HAND,hand,1,Spikemuth Gym,1
1,115,0,TO_HAND,hand,2,Special Red Card,1
1,115,0,TO_HAND,hand,3,Buddy-Buddy Poffin,1
1,115,0,TO_HAND,hand,4,Marnie's Impidimp,1
1,115,0,TO_HAND,hand,5,Buddy-Buddy Poffin,1
1,115,0,TO_HAND,hand,6,Buddy-Buddy Poffin,1
1,115,0,TO_HAND,hand,7,Munkidori,1
1,115,0,TO_HAND,hand,8,Poké Pad,1
1,115,0,TO_HAND,hand,9,Marnie's Grimmsnarl ex,1
1,115,0,TO_HAND,my_discard,,Night Stretcher,2
1,115,0,TO_HAND,my_discard,,Poké Pad,1
1,115,0,TO_HAND,my_discard,,Boss’s Orders,1
1,115,0,TO_HAND,my_discard,,Lillie's Determination,2
1,115,0,TO_HAND,opp_discard,,Basic {P} Energy,1
1,115,0,TO_HAND,opp_discard,,Buddy-Buddy Poffin,2
1,115,0,TO_HAND,opp_discard,,Night Stretcher,1
1,115,0,TO_HAND,opp_discard,,Crushing Hammer,1
1,115,0,TO_HAND,opp_discard,,Ultra Ball,1
1,115,0,TO_HAND,opp_discard,,Poké Pad,4
1,115,0,TO_HAND,opp_discard,,Crispin,2
1,115,0,TO_HAND,opp_discard,,Lillie's Determination,2
1,115,0,TO_HAND,opp_discard,,Jamming Tower,1
1,115,0,TO_HAND,my_unseen,,Basic {D} Energy,6
1,115,0,TO_HAND,my_unseen,,Froslass,2
1,115,0,TO_HAND,my_unseen,,Budew,1
1,115,0,TO_HAND,my_unseen,,Marnie's Impidimp,2
1,115,0,TO_HAND,my_unseen,,Marnie's Morgrem,2
1,115,0,TO_HAND,my_unseen,,Marnie's Grimmsnarl ex,2
1,115,0,TO_HAND,my_unseen,,Snorunt,1
1,115,0,TO_HAND,my_unseen,,Rare Candy,2
1,115,0,TO_HAND,my_unseen,,Precious Trolley,1
1,115,0,TO_HAND,my_unseen,,Tool Scrapper,1
1,115,0,TO_HAND,my_unseen,,Poké Pad,1
1,115,0,TO_HAND,my_unseen,,Boss’s Orders,1
1,115,0,TO_HAND,my_unseen,,Team Rocket's Petrel,4
1,115,0,TO_HAND,my_unseen,,Lillie's Determination,2
1,115,0,TO_HAND,my_unseen,,Spikemuth Gym,2
1,115,0,TO_HAND,my_unseen,,Gwynn,1
1,116,0,MAIN,hand,0,Buddy-Buddy Poffin,1
1,116,0,MAIN,hand,1,Spikemuth Gym,1
1,116,0,MAIN,hand,2,Special Red Card,1
1,116,0,MAIN,hand,3,Buddy-Buddy Poffin,1
1,116,0,MAIN,hand,4,Marnie's Impidimp,1
1,116,0,MAIN,hand,5,Buddy-Buddy Poffin,1
1,116,0,MAIN,hand,6,Buddy-Buddy Poffin,1
1,116,0,MAIN,hand,7,Munkidori,1
1,116,0,MAIN,hand,8,Poké Pad,1
1,116,0,MAIN,hand,9,Marnie's Grimmsnarl ex,1
1,116,0,MAIN,hand,10,Marnie's Impidimp,1
1,116,0,MAIN,my_discard,,Night Stretcher,2
1,116,0,MAIN,my_discard,,Poké Pad,2
1,116,0,MAIN,my_discard,,Boss’s Orders,1
1,116,0,MAIN,my_discard,,Lillie's Determination,2
1,116,0,MAIN,opp_discard,,Basic {P} Energy,1
1,116,0,MAIN,opp_discard,,Buddy-Buddy Poffin,2
1,116,0,MAIN,opp_discard,,Night Stretcher,1
1,116,0,MAIN,opp_discard,,Crushing Hammer,1
1,116,0,MAIN,opp_discard,,Ultra Ball,1
1,116,0,MAIN,opp_discard,,Poké Pad,4
1,116,0,MAIN,opp_discard,,Crispin,2
1,116,0,MAIN,opp_discard,,Lillie's Determination,2
1,116,0,MAIN,opp_discard,,Jamming Tower,1
1,116,0,MAIN,my_unseen,,Basic {D} Energy,6
1,116,0,MAIN,my_unseen,,Froslass,2
1,116,0,MAIN,my_unseen,,Budew,1
1,116,0,MAIN,my_unseen,,Marnie's Impidimp,1
1,116,0,MAIN,my_unseen,,Marnie's Morgrem,2
1,116,0,MAIN,my_unseen,,Marnie's Grimmsnarl ex,2
1,116,0,MAIN,my_unseen,,Snorunt,1
1,116,0,MAIN,my_unseen,,Rare Candy,2
1,116,0,MAIN,my_unseen,,Precious Trolley,1
1,116,0,MAIN,my_unseen,,Tool Scrapper,1
1,116,0,MAIN,my_unseen,,Poké Pad,1
1,116,0,MAIN,my_unseen,,Boss’s Orders,1
1,116,0,MAIN,my_unseen,,Team Rocket's Petrel,4
1,116,0,MAIN,my_unseen,,Lillie's Determination,2
1,116,0,MAIN,my_unseen,,Spikemuth Gym,2
1,116,0,MAIN,my_unseen,,Gwynn,1
1,117,0,TO_HAND,hand,0,Buddy-Buddy Poffin,1
1,117,0,TO_HAND,hand,1,Spikemuth Gym,1
1,117,0,TO_HAND,hand,2,Special Red Card,1
1,117,0,TO_HAND,hand,3,Buddy-Buddy Poffin,1
1,117,0,TO_HAND,hand,4,Marnie's Impidimp,1
1,117,0,TO_HAND,hand,5,Buddy-Buddy Poffin,1
1,117,0,TO_HAND,hand,6,Buddy-Buddy Poffin,1
1,117,0,TO_HAND,hand,7,Munkidori,1
1,117,0,TO_HAND,hand,8,Poké Pad,1
1,117,0,TO_HAND,hand,9,Marnie's Grimmsnarl ex,1
1,117,0,TO_HAND,hand,10,Marnie's Impidimp,1
1,117,0,TO_HAND,my_discard,,Night Stretcher,2
1,117,0,TO_HAND,my_discard,,Poké Pad,2
1,117,0,TO_HAND,my_discard,,Boss’s Orders,1
1,117,0,TO_HAND,my_discard,,Lillie's Determination,2
1,117,0,TO_HAND,opp_discard,,Basic {R} Energy,1
1,117,0,TO_HAND,opp_discard,,Basic {P} Energy,1
1,117,0,TO_HAND,opp_discard,,Dreepy,1
1,117,0,TO_HAND,opp_discard,,Drakloak,1
1,117,0,TO_HAND,opp_discard,,Buddy-Buddy Poffin,2
1,117,0,TO_HAND,opp_discard,,Night Stretcher,1
1,117,0,TO_HAND,opp_discard,,Crushing Hammer,1
1,117,0,TO_HAND,opp_discard,,Ultra Ball,1
1,117,0,TO_HAND,opp_discard,,Poké Pad,4
1,117,0,TO_HAND,opp_discard,,Crispin,2
1,117,0,TO_HAND,opp_discard,,Lillie's Determination,2
1,117,0,TO_HAND,opp_discard,,Jamming Tower,1
1,117,0,TO_HAND,my_unseen,,Basic {D} Energy,6
1,117,0,TO_HAND,my_unseen,,Froslass,2
1,117,0,TO_HAND,my_unseen,,Budew,1
1,117,0,TO_HAND,my_unseen,,Marnie's Impidimp,1
1,117,0,TO_HAND,my_unseen,,Marnie's Morgrem,2
1,117,0,TO_HAND,my_unseen,,Marnie's Grimmsnarl ex,2
1,117,0,TO_HAND,my_unseen,,Snorunt,1
1,117,0,TO_HAND,my_unseen,,Rare Candy,2
1,117,0,TO_HAND,my_unseen,,Precious Trolley,1
1,117,0,TO_HAND,my_unseen,,Tool Scrapper,1
1,117,0,TO_HAND,my_unseen,,Poké Pad,1
1,117,0,TO_HAND,my_unseen,,Boss’s Orders,1
1,117,0,TO_HAND,my_unseen,,Team Rocket's Petrel,4
1,117,0,TO_HAND,my_unseen,,Lillie's Determination,2
1,117,0,TO_HAND,my_unseen,,Spikemuth Gym,2
1,117,0,TO_HAND,my_unseen,,Gwynn,1
1,118,1,MAIN,hand,0,Crushing Hammer,1
1,118,1,MAIN,hand,1,Crushing Hammer,1
1,118,1,MAIN,hand,2,Dragapult ex,1
1,118,1,MAIN,hand,3,Basic {R} Energy,1
1,118,1,MAIN,hand,4,Dreepy,1
1,118,1,MAIN,hand,5,Ultra Ball,1
1,118,1,MAIN,hand,6,Budew,1
1,118,1,MAIN,hand,7,Basic {R} Energy,1
1,118,1,MAIN,my_discard,,Basic {R} Energy,1
1,118,1,MAIN,my_discard,,Basic {P} Energy,1
1,118,1,MAIN,my_discard,,Dreepy,1
1,118,1,MAIN,my_discard,,Drakloak,1
1,118,1,MAIN,my_discard,,Buddy-Buddy Poffin,2
1,118,1,MAIN,my_discard,,Night Stretcher,1
1,118,1,MAIN,my_discard,,Crushing Hammer,1
1,118,1,MAIN,my_discard,,Ultra Ball,1
1,118,1,MAIN,my_discard,,Poké Pad,4
1,118,1,MAIN,my_discard,,Crispin,2
1,118,1,MAIN,my_discard,,Lillie's Determination,2
1,118,1,MAIN,my_discard,,Jamming Tower,1
1,118,1,MAIN,opp_discard,,Night Stretcher,2
1,118,1,MAIN,opp_discard,,Poké Pad,2
1,118,1,MAIN,opp_discard,,Boss’s Orders,1
1,118,1,MAIN,opp_discard,,Lillie's Determination,2
1,118,1,MAIN,my_unseen,,Basic {P} Energy,3
1,118,1,MAIN,my_unseen,,Basic {D} Energy,1
1,118,1,MAIN,my_unseen,,Dreepy,1
1,118,1,MAIN,my_unseen,,Drakloak,3
1,118,1,MAIN,my_unseen,,Dragapult ex,2
1,118,1,MAIN,my_unseen,,Fezandipiti ex,1
1,118,1,MAIN,my_unseen,,Budew,1
1,118,1,MAIN,my_unseen,,Meowth ex,1
1,118,1,MAIN,my_unseen,,Unfair Stamp,1
1,118,1,MAIN,my_unseen,,Buddy-Buddy Poffin,2
1,118,1,MAIN,my_unseen,,Night Stretcher,1
1,118,1,MAIN,my_unseen,,Crushing Hammer,1
1,118,1,MAIN,my_unseen,,Ultra Ball,2
1,118,1,MAIN,my_unseen,,Boss’s Orders,3
1,118,1,MAIN,my_unseen,,Crispin,1
1,118,1,MAIN,my_unseen,,Judge,1
1,118,1,MAIN,my_unseen,,Lillie's Determination,2
1,118,1,MAIN,my_unseen,,Jamming Tower,1
1,119,1,REMOVE_DAMAGE_COUNTER,hand,0,Crushing Hammer,1
1,119,1,REMOVE_DAMAGE_COUNTER,hand,1,Crushing Hammer,1
1,119,1,REMOVE_DAMAGE_COUNTER,hand,2,Dragapult ex,1
1,119,1,REMOVE_DAMAGE_COUNTER,hand,3,Basic {R} Energy,1
1,119,1,REMOVE_DAMAGE_COUNTER,hand,4,Dreepy,1
1,119,1,REMOVE_DAMAGE_COUNTER,hand,5,Ultra Ball,1
1,119,1,REMOVE_DAMAGE_COUNTER,hand,6,Budew,1
1,119,1,REMOVE_DAMAGE_COUNTER,hand,7,Basic {R} Energy,1
1,119,1,REMOVE_DAMAGE_COUNTER,my_discard,,Basic {R} Energy,1
1,119,1,REMOVE_DAMAGE_COUNTER,my_discard,,Basic {P} Energy,1
1,119,1,REMOVE_DAMAGE_COUNTER,my_discard,,Dreepy,1
1,119,1,REMOVE_DAMAGE_COUNTER,my_discard,,Drakloak,1
1,119,1,REMOVE_DAMAGE_COUNTER,my_discard,,Buddy-Buddy Poffin,2
1,119,1,REMOVE_DAMAGE_COUNTER,my_discard,,Night Stretcher,1
1,119,1,REMOVE_DAMAGE_COUNTER,my_discard,,Crushing Hammer,1
1,119,1,REMOVE_DAMAGE_COUNTER,my_discard,,Ultra Ball,1
1,119,1,REMOVE_DAMAGE_COUNTER,my_discard,,Poké Pad,4
1,119,1,REMOVE_DAMAGE_COUNTER,my_discard,,Crispin,2
1,119,1,REMOVE_DAMAGE_COUNTER,my_discard,,Lillie's Determination,2
1,119,1,REMOVE_DAMAGE_COUNTER,my_discard,,Jamming Tower,1
1,119,1,REMOVE_DAMAGE_COUNTER,opp_discard,,Night Stretcher,2
1,119,1,REMOVE_DAMAGE_COUNTER,opp_discard,,Poké Pad,2
1,119,1,REMOVE_DAMAGE_COUNTER,opp_discard,,Boss’s Orders,1
1,119,1,REMOVE_DAMAGE_COUNTER,opp_discard,,Lillie's Determination,2
1,119,1,REMOVE_DAMAGE_COUNTER,my_unseen,,Basic {P} Energy,3
1,119,1,REMOVE_DAMAGE_COUNTER,my_unseen,,Basic {D} Energy,1
1,119,1,REMOVE_DAMAGE_COUNTER,my_unseen,,Dreepy,1
1,119,1,REMOVE_DAMAGE_COUNTER,my_unseen,,Drakloak,3
1,119,1,REMOVE_DAMAGE_COUNTER,my_unseen,,Dragapult ex,2
1,119,1,REMOVE_DAMAGE_COUNTER,my_unseen,,Fezandipiti ex,1
1,119,1,REMOVE_DAMAGE_COUNTER,my_unseen,,Budew,1
1,119,1,REMOVE_DAMAGE_COUNTER,my_unseen,,Meowth ex,1
1,119,1,REMOVE_DAMAGE_COUNTER,my_unseen,,Unfair Stamp,1
1,119,1,REMOVE_DAMAGE_COUNTER,my_unseen,,Buddy-Buddy Poffin,2
1,119,1,REMOVE_DAMAGE_COUNTER,my_unseen,,Night Stretcher,1
1,119,1,REMOVE_DAMAGE_COUNTER,my_unseen,,Crushing Hammer,1
1,119,1,REMOVE_DAMAGE_COUNTER,my_unseen,,Ultra Ball,2
1,119,1,REMOVE_DAMAGE_COUNTER,my_unseen,,Boss’s Orders,3
1,119,1,REMOVE_DAMAGE_COUNTER,my_unseen,,Crispin,1
1,119,1,REMOVE_DAMAGE_COUNTER,my_unseen,,Judge,1
1,119,1,REMOVE_DAMAGE_COUNTER,my_unseen,,Lillie's Determination,2
1,119,1,REMOVE_DAMAGE_COUNTER,my_unseen,,Jamming Tower,1
1,120,1,REMOVE_DAMAGE_COUNTER_COUNT,hand,0,Crushing Hammer,1
1,120,1,REMOVE_DAMAGE_COUNTER_COUNT,hand,1,Crushing Hammer,1
1,120,1,REMOVE_DAMAGE_COUNTER_COUNT,hand,2,Dragapult ex,1
1,120,1,REMOVE_DAMAGE_COUNTER_COUNT,hand,3,Basic {R} Energy,1
1,120,1,REMOVE_DAMAGE_COUNTER_COUNT,hand,4,Dreepy,1
1,120,1,REMOVE_DAMAGE_COUNTER_COUNT,hand,5,Ultra Ball,1
1,120,1,REMOVE_DAMAGE_COUNTER_COUNT,hand,6,Budew,1
1,120,1,REMOVE_DAMAGE_COUNTER_COUNT,hand,7,Basic {R} Energy,1
1,120,1,REMOVE_DAMAGE_COUNTER_COUNT,my_discard,,Basic {R} Energy,1
1,120,1,REMOVE_DAMAGE_COUNTER_COUNT,my_discard,,Basic {P} Energy,1
1,120,1,REMOVE_DAMAGE_COUNTER_COUNT,my_discard,,Dreepy,1
1,120,1,REMOVE_DAMAGE_COUNTER_COUNT,my_discard,,Drakloak,1
1,120,1,REMOVE_DAMAGE_COUNTER_COUNT,my_discard,,Buddy-Buddy Poffin,2
1,120,1,REMOVE_DAMAGE_COUNTER_COUNT,my_discard,,Night Stretcher,1
1,120,1,REMOVE_DAMAGE_COUNTER_COUNT,my_discard,,Crushing Hammer,1
1,120,1,REMOVE_DAMAGE_COUNTER_COUNT,my_discard,,Ultra Ball,1
1,120,1,REMOVE_DAMAGE_COUNTER_COUNT,my_discard,,Poké Pad,4
1,120,1,REMOVE_DAMAGE_COUNTER_COUNT,my_discard,,Crispin,2
1,120,1,REMOVE_DAMAGE_COUNTER_COUNT,my_discard,,Lillie's Determination,2
1,120,1,REMOVE_DAMAGE_COUNTER_COUNT,my_discard,,Jamming Tower,1
1,120,1,REMOVE_DAMAGE_COUNTER_COUNT,opp_discard,,Night Stretcher,2
1,120,1,REMOVE_DAMAGE_COUNTER_COUNT,opp_discard,,Poké Pad,2
1,120,1,REMOVE_DAMAGE_COUNTER_COUNT,opp_discard,,Boss’s Orders,1
1,120,1,REMOVE_DAMAGE_COUNTER_COUNT,opp_discard,,Lillie's Determination,2
1,120,1,REMOVE_DAMAGE_COUNTER_COUNT,my_unseen,,Basic {P} Energy,3
1,120,1,REMOVE_DAMAGE_COUNTER_COUNT,my_unseen,,Basic {D} Energy,1
1,120,1,REMOVE_DAMAGE_COUNTER_COUNT,my_unseen,,Dreepy,1
1,120,1,REMOVE_DAMAGE_COUNTER_COUNT,my_unseen,,Drakloak,3
1,120,1,REMOVE_DAMAGE_COUNTER_COUNT,my_unseen,,Dragapult ex,2
1,120,1,REMOVE_DAMAGE_COUNTER_COUNT,my_unseen,,Fezandipiti ex,1
1,120,1,REMOVE_DAMAGE_COUNTER_COUNT,my_unseen,,Budew,1
1,120,1,REMOVE_DAMAGE_COUNTER_COUNT,my_unseen,,Meowth ex,1
1,120,1,REMOVE_DAMAGE_COUNTER_COUNT,my_unseen,,Unfair Stamp,1
1,120,1,REMOVE_DAMAGE_COUNTER_COUNT,my_unseen,,Buddy-Buddy Poffin,2
1,120,1,REMOVE_DAMAGE_COUNTER_COUNT,my_unseen,,Night Stretcher,1
1,120,1,REMOVE_DAMAGE_COUNTER_COUNT,my_unseen,,Crushing Hammer,1
1,120,1,REMOVE_DAMAGE_COUNTER_COUNT,my_unseen,,Ultra Ball,2
1,120,1,REMOVE_DAMAGE_COUNTER_COUNT,my_unseen,,Boss’s Orders,3
1,120,1,REMOVE_DAMAGE_COUNTER_COUNT,my_unseen,,Crispin,1
1,120,1,REMOVE_DAMAGE_COUNTER_COUNT,my_unseen,,Judge,1
1,120,1,REMOVE_DAMAGE_COUNTER_COUNT,my_unseen,,Lillie's Determination,2
1,120,1,REMOVE_DAMAGE_COUNTER_COUNT,my_unseen,,Jamming Tower,1
1,121,1,DAMAGE_COUNTER,hand,0,Crushing Hammer,1
1,121,1,DAMAGE_COUNTER,hand,1,Crushing Hammer,1
1,121,1,DAMAGE_COUNTER,hand,2,Dragapult ex,1
1,121,1,DAMAGE_COUNTER,hand,3,Basic {R} Energy,1
1,121,1,DAMAGE_COUNTER,hand,4,Dreepy,1
1,121,1,DAMAGE_COUNTER,hand,5,Ultra Ball,1
1,121,1,DAMAGE_COUNTER,hand,6,Budew,1
1,121,1,DAMAGE_COUNTER,hand,7,Basic {R} Energy,1
1,121,1,DAMAGE_COUNTER,my_discard,,Basic {R} Energy,1
1,121,1,DAMAGE_COUNTER,my_discard,,Basic {P} Energy,1
1,121,1,DAMAGE_COUNTER,my_discard,,Dreepy,1
1,121,1,DAMAGE_COUNTER,my_discard,,Drakloak,1
1,121,1,DAMAGE_COUNTER,my_discard,,Buddy-Buddy Poffin,2
1,121,1,DAMAGE_COUNTER,my_discard,,Night Stretcher,1
1,121,1,DAMAGE_COUNTER,my_discard,,Crushing Hammer,1
1,121,1,DAMAGE_COUNTER,my_discard,,Ultra Ball,1
1,121,1,DAMAGE_COUNTER,my_discard,,Poké Pad,4
1,121,1,DAMAGE_COUNTER,my_discard,,Crispin,2
1,121,1,DAMAGE_COUNTER,my_discard,,Lillie's Determination,2
1,121,1,DAMAGE_COUNTER,my_discard,,Jamming Tower,1
1,121,1,DAMAGE_COUNTER,opp_discard,,Night Stretcher,2
1,121,1,DAMAGE_COUNTER,opp_discard,,Poké Pad,2
1,121,1,DAMAGE_COUNTER,opp_discard,,Boss’s Orders,1
1,121,1,DAMAGE_COUNTER,opp_discard,,Lillie's Determination,2
1,121,1,DAMAGE_COUNTER,my_unseen,,Basic {P} Energy,3
1,121,1,DAMAGE_COUNTER,my_unseen,,Basic {D} Energy,1
1,121,1,DAMAGE_COUNTER,my_unseen,,Dreepy,1
1,121,1,DAMAGE_COUNTER,my_unseen,,Drakloak,3
1,121,1,DAMAGE_COUNTER,my_unseen,,Dragapult ex,2
1,121,1,DAMAGE_COUNTER,my_unseen,,Fezandipiti ex,1
1,121,1,DAMAGE_COUNTER,my_unseen,,Budew,1
1,121,1,DAMAGE_COUNTER,my_unseen,,Meowth ex,1
1,121,1,DAMAGE_COUNTER,my_unseen,,Unfair Stamp,1
1,121,1,DAMAGE_COUNTER,my_unseen,,Buddy-Buddy Poffin,2
1,121,1,DAMAGE_COUNTER,my_unseen,,Night Stretcher,1
1,121,1,DAMAGE_COUNTER,my_unseen,,Crushing Hammer,1
1,121,1,DAMAGE_COUNTER,my_unseen,,Ultra Ball,2
1,121,1,DAMAGE_COUNTER,my_unseen,,Boss’s Orders,3
1,121,1,DAMAGE_COUNTER,my_unseen,,Crispin,1
1,121,1,DAMAGE_COUNTER,my_unseen,,Judge,1
1,121,1,DAMAGE_COUNTER,my_unseen,,Lillie's Determination,2
1,121,1,DAMAGE_COUNTER,my_unseen,,Jamming Tower,1
1,122,1,MAIN,hand,0,Crushing Hammer,1
1,122,1,MAIN,hand,1,Crushing Hammer,1
1,122,1,MAIN,hand,2,Dragapult ex,1
1,122,1,MAIN,hand,3,Basic {R} Energy,1
1,122,1,MAIN,hand,4,Dreepy,1
1,122,1,MAIN,hand,5,Ultra Ball,1
1,122,1,MAIN,hand,6,Budew,1
1,122,1,MAIN,hand,7,Basic {R} Energy,1
1,122,1,MAIN,my_discard,,Basic {R} Energy,1
1,122,1,MAIN,my_discard,,Basic {P} Energy,1
1,122,1,MAIN,my_discard,,Dreepy,1
1,122,1,MAIN,my_discard,,Drakloak,1
1,122,1,MAIN,my_discard,,Buddy-Buddy Poffin,2
1,122,1,MAIN,my_discard,,Night Stretcher,1
1,122,1,MAIN,my_discard,,Crushing Hammer,1
1,122,1,MAIN,my_discard,,Ultra Ball,1
1,122,1,MAIN,my_discard,,Poké Pad,4
1,122,1,MAIN,my_discard,,Crispin,2
1,122,1,MAIN,my_discard,,Lillie's Determination,2
1,122,1,MAIN,my_discard,,Jamming Tower,1
1,122,1,MAIN,opp_discard,,Night Stretcher,2
1,122,1,MAIN,opp_discard,,Poké Pad,2
1,122,1,MAIN,opp_discard,,Boss’s Orders,1
1,122,1,MAIN,opp_discard,,Lillie's Determination,2
1,122,1,MAIN,my_unseen,,Basic {P} Energy,3
1,122,1,MAIN,my_unseen,,Basic {D} Energy,1
1,122,1,MAIN,my_unseen,,Dreepy,1
1,122,1,MAIN,my_unseen,,Drakloak,3
1,122,1,MAIN,my_unseen,,Dragapult ex,2
1,122,1,MAIN,my_unseen,,Fezandipiti ex,1
1,122,1,MAIN,my_unseen,,Budew,1
1,122,1,MAIN,my_unseen,,Meowth ex,1
1,122,1,MAIN,my_unseen,,Unfair Stamp,1
1,122,1,MAIN,my_unseen,,Buddy-Buddy Poffin,2
1,122,1,MAIN,my_unseen,,Night Stretcher,1
1,122,1,MAIN,my_unseen,,Crushing Hammer,1
1,122,1,MAIN,my_unseen,,Ultra Ball,2
1,122,1,MAIN,my_unseen,,Boss’s Orders,3
1,122,1,MAIN,my_unseen,,Crispin,1
1,122,1,MAIN,my_unseen,,Judge,1
1,122,1,MAIN,my_unseen,,Lillie's Determination,2
1,122,1,MAIN,my_unseen,,Jamming Tower,1
1,123,1,MAIN,hand,0,Crushing Hammer,1
1,123,1,MAIN,hand,1,Crushing Hammer,1
1,123,1,MAIN,hand,2,Dragapult ex,1
1,123,1,MAIN,hand,3,Dreepy,1
1,123,1,MAIN,hand,4,Ultra Ball,1
1,123,1,MAIN,hand,5,Budew,1
1,123,1,MAIN,hand,6,Basic {R} Energy,1
1,123,1,MAIN,my_discard,,Basic {R} Energy,1
1,123,1,MAIN,my_discard,,Basic {P} Energy,1
1,123,1,MAIN,my_discard,,Dreepy,1
1,123,1,MAIN,my_discard,,Drakloak,1
1,123,1,MAIN,my_discard,,Buddy-Buddy Poffin,2
1,123,1,MAIN,my_discard,,Night Stretcher,1
1,123,1,MAIN,my_discard,,Crushing Hammer,1
1,123,1,MAIN,my_discard,,Ultra Ball,1
1,123,1,MAIN,my_discard,,Poké Pad,4
1,123,1,MAIN,my_discard,,Crispin,2
1,123,1,MAIN,my_discard,,Lillie's Determination,2
1,123,1,MAIN,my_discard,,Jamming Tower,1
1,123,1,MAIN,opp_discard,,Night Stretcher,2
1,123,1,MAIN,opp_discard,,Poké Pad,2
1,123,1,MAIN,opp_discard,,Boss’s Orders,1
1,123,1,MAIN,opp_discard,,Lillie's Determination,2
1,123,1,MAIN,my_unseen,,Basic {P} Energy,3
1,123,1,MAIN,my_unseen,,Basic {D} Energy,1
1,123,1,MAIN,my_unseen,,Dreepy,1
1,123,1,MAIN,my_unseen,,Drakloak,3
1,123,1,MAIN,my_unseen,,Dragapult ex,2
1,123,1,MAIN,my_unseen,,Fezandipiti ex,1
1,123,1,MAIN,my_unseen,,Budew,1
1,123,1,MAIN,my_unseen,,Meowth ex,1
1,123,1,MAIN,my_unseen,,Unfair Stamp,1
1,123,1,MAIN,my_unseen,,Buddy-Buddy Poffin,2
1,123,1,MAIN,my_unseen,,Night Stretcher,1
1,123,1,MAIN,my_unseen,,Crushing Hammer,1
1,123,1,MAIN,my_unseen,,Ultra Ball,2
1,123,1,MAIN,my_unseen,,Boss’s Orders,3
1,123,1,MAIN,my_unseen,,Crispin,1
1,123,1,MAIN,my_unseen,,Judge,1
1,123,1,MAIN,my_unseen,,Lillie's Determination,2
1,123,1,MAIN,my_unseen,,Jamming Tower,1
1,124,1,MAIN,hand,0,Crushing Hammer,1
1,124,1,MAIN,hand,1,Crushing Hammer,1
1,124,1,MAIN,hand,2,Dragapult ex,1
1,124,1,MAIN,hand,3,Dreepy,1
1,124,1,MAIN,hand,4,Ultra Ball,1
1,124,1,MAIN,hand,5,Basic {R} Energy,1
1,124,1,MAIN,my_discard,,Basic {R} Energy,1
1,124,1,MAIN,my_discard,,Basic {P} Energy,1
1,124,1,MAIN,my_discard,,Dreepy,1
1,124,1,MAIN,my_discard,,Drakloak,1
1,124,1,MAIN,my_discard,,Buddy-Buddy Poffin,2
1,124,1,MAIN,my_discard,,Night Stretcher,1
1,124,1,MAIN,my_discard,,Crushing Hammer,1
1,124,1,MAIN,my_discard,,Ultra Ball,1
1,124,1,MAIN,my_discard,,Poké Pad,4
1,124,1,MAIN,my_discard,,Crispin,2
1,124,1,MAIN,my_discard,,Lillie's Determination,2
1,124,1,MAIN,my_discard,,Jamming Tower,1
1,124,1,MAIN,opp_discard,,Night Stretcher,2
1,124,1,MAIN,opp_discard,,Poké Pad,2
1,124,1,MAIN,opp_discard,,Boss’s Orders,1
1,124,1,MAIN,opp_discard,,Lillie's Determination,2
1,124,1,MAIN,my_unseen,,Basic {P} Energy,3
1,124,1,MAIN,my_unseen,,Basic {D} Energy,1
1,124,1,MAIN,my_unseen,,Dreepy,1
1,124,1,MAIN,my_unseen,,Drakloak,3
1,124,1,MAIN,my_unseen,,Dragapult ex,2
1,124,1,MAIN,my_unseen,,Fezandipiti ex,1
1,124,1,MAIN,my_unseen,,Budew,1
1,124,1,MAIN,my_unseen,,Meowth ex,1
1,124,1,MAIN,my_unseen,,Unfair Stamp,1
1,124,1,MAIN,my_unseen,,Buddy-Buddy Poffin,2
1,124,1,MAIN,my_unseen,,Night Stretcher,1
1,124,1,MAIN,my_unseen,,Crushing Hammer,1
1,124,1,MAIN,my_unseen,,Ultra Ball,2
1,124,1,MAIN,my_unseen,,Boss’s Orders,3
1,124,1,MAIN,my_unseen,,Crispin,1
1,124,1,MAIN,my_unseen,,Judge,1
1,124,1,MAIN,my_unseen,,Lillie's Determination,2
1,124,1,MAIN,my_unseen,,Jamming Tower,1
1,125,1,MAIN,hand,0,Crushing Hammer,1
1,125,1,MAIN,hand,1,Crushing Hammer,1
1,125,1,MAIN,hand,2,Dragapult ex,1
1,125,1,MAIN,hand,3,Ultra Ball,1
1,125,1,MAIN,hand,4,Basic {R} Energy,1
1,125,1,MAIN,my_discard,,Basic {R} Energy,1
1,125,1,MAIN,my_discard,,Basic {P} Energy,1
1,125,1,MAIN,my_discard,,Dreepy,1
1,125,1,MAIN,my_discard,,Drakloak,1
1,125,1,MAIN,my_discard,,Buddy-Buddy Poffin,2
1,125,1,MAIN,my_discard,,Night Stretcher,1
1,125,1,MAIN,my_discard,,Crushing Hammer,1
1,125,1,MAIN,my_discard,,Ultra Ball,1
1,125,1,MAIN,my_discard,,Poké Pad,4
1,125,1,MAIN,my_discard,,Crispin,2
1,125,1,MAIN,my_discard,,Lillie's Determination,2
1,125,1,MAIN,my_discard,,Jamming Tower,1
1,125,1,MAIN,opp_discard,,Night Stretcher,2
1,125,1,MAIN,opp_discard,,Poké Pad,2
1,125,1,MAIN,opp_discard,,Boss’s Orders,1
1,125,1,MAIN,opp_discard,,Lillie's Determination,2
1,125,1,MAIN,my_unseen,,Basic {P} Energy,3
1,125,1,MAIN,my_unseen,,Basic {D} Energy,1
1,125,1,MAIN,my_unseen,,Dreepy,1
1,125,1,MAIN,my_unseen,,Drakloak,3
1,125,1,MAIN,my_unseen,,Dragapult ex,2
1,125,1,MAIN,my_unseen,,Fezandipiti ex,1
1,125,1,MAIN,my_unseen,,Budew,1
1,125,1,MAIN,my_unseen,,Meowth ex,1
1,125,1,MAIN,my_unseen,,Unfair Stamp,1
1,125,1,MAIN,my_unseen,,Buddy-Buddy Poffin,2
1,125,1,MAIN,my_unseen,,Night Stretcher,1
1,125,1,MAIN,my_unseen,,Crushing Hammer,1
1,125,1,MAIN,my_unseen,,Ultra Ball,2
1,125,1,MAIN,my_unseen,,Boss’s Orders,3
1,125,1,MAIN,my_unseen,,Crispin,1
1,125,1,MAIN,my_unseen,,Judge,1
1,125,1,MAIN,my_unseen,,Lillie's Determination,2
1,125,1,MAIN,my_unseen,,Jamming Tower,1
1,126,1,DISCARD_ENERGY,hand,0,Crushing Hammer,1
1,126,1,DISCARD_ENERGY,hand,1,Dragapult ex,1
1,126,1,DISCARD_ENERGY,hand,2,Ultra Ball,1
1,126,1,DISCARD_ENERGY,hand,3,Basic {R} Energy,1
1,126,1,DISCARD_ENERGY,my_discard,,Basic {R} Energy,1
1,126,1,DISCARD_ENERGY,my_discard,,Basic {P} Energy,1
1,126,1,DISCARD_ENERGY,my_discard,,Dreepy,1
1,126,1,DISCARD_ENERGY,my_discard,,Drakloak,1
1,126,1,DISCARD_ENERGY,my_discard,,Buddy-Buddy Poffin,2
1,126,1,DISCARD_ENERGY,my_discard,,Night Stretcher,1
1,126,1,DISCARD_ENERGY,my_discard,,Crushing Hammer,1
1,126,1,DISCARD_ENERGY,my_discard,,Ultra Ball,1
1,126,1,DISCARD_ENERGY,my_discard,,Poké Pad,4
1,126,1,DISCARD_ENERGY,my_discard,,Crispin,2
1,126,1,DISCARD_ENERGY,my_discard,,Lillie's Determination,2
1,126,1,DISCARD_ENERGY,my_discard,,Jamming Tower,1
1,126,1,DISCARD_ENERGY,opp_discard,,Night Stretcher,2
1,126,1,DISCARD_ENERGY,opp_discard,,Poké Pad,2
1,126,1,DISCARD_ENERGY,opp_discard,,Boss’s Orders,1
1,126,1,DISCARD_ENERGY,opp_discard,,Lillie's Determination,2
1,126,1,DISCARD_ENERGY,my_unseen,,Basic {P} Energy,3
1,126,1,DISCARD_ENERGY,my_unseen,,Basic {D} Energy,1
1,126,1,DISCARD_ENERGY,my_unseen,,Dreepy,1
1,126,1,DISCARD_ENERGY,my_unseen,,Drakloak,3
1,126,1,DISCARD_ENERGY,my_unseen,,Dragapult ex,2
1,126,1,DISCARD_ENERGY,my_unseen,,Fezandipiti ex,1
1,126,1,DISCARD_ENERGY,my_unseen,,Budew,1
1,126,1,DISCARD_ENERGY,my_unseen,,Meowth ex,1
1,126,1,DISCARD_ENERGY,my_unseen,,Unfair Stamp,1
1,126,1,DISCARD_ENERGY,my_unseen,,Buddy-Buddy Poffin,2
1,126,1,DISCARD_ENERGY,my_unseen,,Night Stretcher,1
1,126,1,DISCARD_ENERGY,my_unseen,,Crushing Hammer,1
1,126,1,DISCARD_ENERGY,my_unseen,,Ultra Ball,2
1,126,1,DISCARD_ENERGY,my_unseen,,Boss’s Orders,3
1,126,1,DISCARD_ENERGY,my_unseen,,Crispin,1
1,126,1,DISCARD_ENERGY,my_unseen,,Judge,1
1,126,1,DISCARD_ENERGY,my_unseen,,Lillie's Determination,2
1,126,1,DISCARD_ENERGY,my_unseen,,Jamming Tower,1
1,127,1,MAIN,hand,0,Crushing Hammer,1
1,127,1,MAIN,hand,1,Dragapult ex,1
1,127,1,MAIN,hand,2,Ultra Ball,1
1,127,1,MAIN,hand,3,Basic {R} Energy,1
1,127,1,MAIN,my_discard,,Basic {R} Energy,1
1,127,1,MAIN,my_discard,,Basic {P} Energy,1
1,127,1,MAIN,my_discard,,Dreepy,1
1,127,1,MAIN,my_discard,,Drakloak,1
1,127,1,MAIN,my_discard,,Buddy-Buddy Poffin,2
1,127,1,MAIN,my_discard,,Night Stretcher,1
1,127,1,MAIN,my_discard,,Crushing Hammer,2
1,127,1,MAIN,my_discard,,Ultra Ball,1
1,127,1,MAIN,my_discard,,Poké Pad,4
1,127,1,MAIN,my_discard,,Crispin,2
1,127,1,MAIN,my_discard,,Lillie's Determination,2
1,127,1,MAIN,my_discard,,Jamming Tower,1
1,127,1,MAIN,opp_discard,,Basic {D} Energy,1
1,127,1,MAIN,opp_discard,,Night Stretcher,2
1,127,1,MAIN,opp_discard,,Poké Pad,2
1,127,1,MAIN,opp_discard,,Boss’s Orders,1
1,127,1,MAIN,opp_discard,,Lillie's Determination,2
1,127,1,MAIN,my_unseen,,Basic {P} Energy,3
1,127,1,MAIN,my_unseen,,Basic {D} Energy,1
1,127,1,MAIN,my_unseen,,Dreepy,1
1,127,1,MAIN,my_unseen,,Drakloak,3
1,127,1,MAIN,my_unseen,,Dragapult ex,2
1,127,1,MAIN,my_unseen,,Fezandipiti ex,1
1,127,1,MAIN,my_unseen,,Budew,1
1,127,1,MAIN,my_unseen,,Meowth ex,1
1,127,1,MAIN,my_unseen,,Unfair Stamp,1
1,127,1,MAIN,my_unseen,,Buddy-Buddy Poffin,2
1,127,1,MAIN,my_unseen,,Night Stretcher,1
1,127,1,MAIN,my_unseen,,Crushing Hammer,1
1,127,1,MAIN,my_unseen,,Ultra Ball,2
1,127,1,MAIN,my_unseen,,Boss’s Orders,3
1,127,1,MAIN,my_unseen,,Crispin,1
1,127,1,MAIN,my_unseen,,Judge,1
1,127,1,MAIN,my_unseen,,Lillie's Determination,2
1,127,1,MAIN,my_unseen,,Jamming Tower,1
1,128,1,DISCARD_ENERGY,hand,0,Dragapult ex,1
1,128,1,DISCARD_ENERGY,hand,1,Ultra Ball,1
1,128,1,DISCARD_ENERGY,hand,2,Basic {R} Energy,1
1,128,1,DISCARD_ENERGY,my_discard,,Basic {R} Energy,1
1,128,1,DISCARD_ENERGY,my_discard,,Basic {P} Energy,1
1,128,1,DISCARD_ENERGY,my_discard,,Dreepy,1
1,128,1,DISCARD_ENERGY,my_discard,,Drakloak,1
1,128,1,DISCARD_ENERGY,my_discard,,Buddy-Buddy Poffin,2
1,128,1,DISCARD_ENERGY,my_discard,,Night Stretcher,1
1,128,1,DISCARD_ENERGY,my_discard,,Crushing Hammer,2
1,128,1,DISCARD_ENERGY,my_discard,,Ultra Ball,1
1,128,1,DISCARD_ENERGY,my_discard,,Poké Pad,4
1,128,1,DISCARD_ENERGY,my_discard,,Crispin,2
1,128,1,DISCARD_ENERGY,my_discard,,Lillie's Determination,2
1,128,1,DISCARD_ENERGY,my_discard,,Jamming Tower,1
1,128,1,DISCARD_ENERGY,opp_discard,,Basic {D} Energy,1
1,128,1,DISCARD_ENERGY,opp_discard,,Night Stretcher,2
1,128,1,DISCARD_ENERGY,opp_discard,,Poké Pad,2
1,128,1,DISCARD_ENERGY,opp_discard,,Boss’s Orders,1
1,128,1,DISCARD_ENERGY,opp_discard,,Lillie's Determination,2
1,128,1,DISCARD_ENERGY,my_unseen,,Basic {P} Energy,3
1,128,1,DISCARD_ENERGY,my_unseen,,Basic {D} Energy,1
1,128,1,DISCARD_ENERGY,my_unseen,,Dreepy,1
1,128,1,DISCARD_ENERGY,my_unseen,,Drakloak,3
1,128,1,DISCARD_ENERGY,my_unseen,,Dragapult ex,2
1,128,1,DISCARD_ENERGY,my_unseen,,Fezandipiti ex,1
1,128,1,DISCARD_ENERGY,my_unseen,,Budew,1
1,128,1,DISCARD_ENERGY,my_unseen,,Meowth ex,1
1,128,1,DISCARD_ENERGY,my_unseen,,Unfair Stamp,1
1,128,1,DISCARD_ENERGY,my_unseen,,Buddy-Buddy Poffin,2
1,128,1,DISCARD_ENERGY,my_unseen,,Night Stretcher,1
1,128,1,DISCARD_ENERGY,my_unseen,,Crushing Hammer,1
1,128,1,DISCARD_ENERGY,my_unseen,,Ultra Ball,2
1,128,1,DISCARD_ENERGY,my_unseen,,Boss’s Orders,3
1,128,1,DISCARD_ENERGY,my_unseen,,Crispin,1
1,128,1,DISCARD_ENERGY,my_unseen,,Judge,1
1,128,1,DISCARD_ENERGY,my_unseen,,Lillie's Determination,2
1,128,1,DISCARD_ENERGY,my_unseen,,Jamming Tower,1
1,129,1,MAIN,hand,0,Dragapult ex,1
1,129,1,MAIN,hand,1,Ultra Ball,1
1,129,1,MAIN,hand,2,Basic {R} Energy,1
1,129,1,MAIN,my_discard,,Basic {R} Energy,1
1,129,1,MAIN,my_discard,,Basic {P} Energy,1
1,129,1,MAIN,my_discard,,Dreepy,1
1,129,1,MAIN,my_discard,,Drakloak,1
1,129,1,MAIN,my_discard,,Buddy-Buddy Poffin,2
1,129,1,MAIN,my_discard,,Night Stretcher,1
1,129,1,MAIN,my_discard,,Crushing Hammer,3
1,129,1,MAIN,my_discard,,Ultra Ball,1
1,129,1,MAIN,my_discard,,Poké Pad,4
1,129,1,MAIN,my_discard,,Crispin,2
1,129,1,MAIN,my_discard,,Lillie's Determination,2
1,129,1,MAIN,my_discard,,Jamming Tower,1
1,129,1,MAIN,opp_discard,,Basic {D} Energy,2
1,129,1,MAIN,opp_discard,,Night Stretcher,2
1,129,1,MAIN,opp_discard,,Poké Pad,2
1,129,1,MAIN,opp_discard,,Boss’s Orders,1
1,129,1,MAIN,opp_discard,,Lillie's Determination,2
1,129,1,MAIN,my_unseen,,Basic {P} Energy,3
1,129,1,MAIN,my_unseen,,Basic {D} Energy,1
1,129,1,MAIN,my_unseen,,Dreepy,1
1,129,1,MAIN,my_unseen,,Drakloak,3
1,129,1,MAIN,my_unseen,,Dragapult ex,2
1,129,1,MAIN,my_unseen,,Fezandipiti ex,1
1,129,1,MAIN,my_unseen,,Budew,1
1,129,1,MAIN,my_unseen,,Meowth ex,1
1,129,1,MAIN,my_unseen,,Unfair Stamp,1
1,129,1,MAIN,my_unseen,,Buddy-Buddy Poffin,2
1,129,1,MAIN,my_unseen,,Night Stretcher,1
1,129,1,MAIN,my_unseen,,Crushing Hammer,1
1,129,1,MAIN,my_unseen,,Ultra Ball,2
1,129,1,MAIN,my_unseen,,Boss’s Orders,3
1,129,1,MAIN,my_unseen,,Crispin,1
1,129,1,MAIN,my_unseen,,Judge,1
1,129,1,MAIN,my_unseen,,Lillie's Determination,2
1,129,1,MAIN,my_unseen,,Jamming Tower,1
1,130,1,DISCARD,hand,0,Dragapult ex,1
1,130,1,DISCARD,hand,1,Basic {R} Energy,1
1,130,1,DISCARD,my_discard,,Basic {R} Energy,1
1,130,1,DISCARD,my_discard,,Basic {P} Energy,1
1,130,1,DISCARD,my_discard,,Dreepy,1
1,130,1,DISCARD,my_discard,,Drakloak,1
1,130,1,DISCARD,my_discard,,Buddy-Buddy Poffin,2
1,130,1,DISCARD,my_discard,,Night Stretcher,1
1,130,1,DISCARD,my_discard,,Crushing Hammer,3
1,130,1,DISCARD,my_discard,,Ultra Ball,1
1,130,1,DISCARD,my_discard,,Poké Pad,4
1,130,1,DISCARD,my_discard,,Crispin,2
1,130,1,DISCARD,my_discard,,Lillie's Determination,2
1,130,1,DISCARD,my_discard,,Jamming Tower,1
1,130,1,DISCARD,opp_discard,,Basic {D} Energy,2
1,130,1,DISCARD,opp_discard,,Night Stretcher,2
1,130,1,DISCARD,opp_discard,,Poké Pad,2
1,130,1,DISCARD,opp_discard,,Boss’s Orders,1
1,130,1,DISCARD,opp_discard,,Lillie's Determination,2
1,130,1,DISCARD,my_unseen,,Basic {P} Energy,3
1,130,1,DISCARD,my_unseen,,Basic {D} Energy,1
1,130,1,DISCARD,my_unseen,,Dreepy,1
1,130,1,DISCARD,my_unseen,,Drakloak,3
1,130,1,DISCARD,my_unseen,,Dragapult ex,2
1,130,1,DISCARD,my_unseen,,Fezandipiti ex,1
1,130,1,DISCARD,my_unseen,,Budew,1
1,130,1,DISCARD,my_unseen,,Meowth ex,1
1,130,1,DISCARD,my_unseen,,Unfair Stamp,1
1,130,1,DISCARD,my_unseen,,Buddy-Buddy Poffin,2
1,130,1,DISCARD,my_unseen,,Night Stretcher,1
1,130,1,DISCARD,my_unseen,,Crushing Hammer,1
1,130,1,DISCARD,my_unseen,,Ultra Ball,2
1,130,1,DISCARD,my_unseen,,Boss’s Orders,3
1,130,1,DISCARD,my_unseen,,Crispin,1
1,130,1,DISCARD,my_unseen,,Judge,1
1,130,1,DISCARD,my_unseen,,Lillie's Determination,2
1,130,1,DISCARD,my_unseen,,Jamming Tower,1
1,131,1,TO_HAND,my_discard,,Basic {R} Energy,2
1,131,1,TO_HAND,my_discard,,Basic {P} Energy,1
1,131,1,TO_HAND,my_discard,,Dreepy,1
1,131,1,TO_HAND,my_discard,,Drakloak,1
1,131,1,TO_HAND,my_discard,,Dragapult ex,1
1,131,1,TO_HAND,my_discard,,Buddy-Buddy Poffin,2
1,131,1,TO_HAND,my_discard,,Night Stretcher,1
1,131,1,TO_HAND,my_discard,,Crushing Hammer,3
1,131,1,TO_HAND,my_discard,,Ultra Ball,1
1,131,1,TO_HAND,my_discard,,Poké Pad,4
1,131,1,TO_HAND,my_discard,,Crispin,2
1,131,1,TO_HAND,my_discard,,Lillie's Determination,2
1,131,1,TO_HAND,my_discard,,Jamming Tower,1
1,131,1,TO_HAND,opp_discard,,Basic {D} Energy,2
1,131,1,TO_HAND,opp_discard,,Night Stretcher,2
1,131,1,TO_HAND,opp_discard,,Poké Pad,2
1,131,1,TO_HAND,opp_discard,,Boss’s Orders,1
1,131,1,TO_HAND,opp_discard,,Lillie's Determination,2
1,131,1,TO_HAND,my_unseen,,Basic {P} Energy,3
1,131,1,TO_HAND,my_unseen,,Basic {D} Energy,1
1,131,1,TO_HAND,my_unseen,,Dreepy,1
1,131,1,TO_HAND,my_unseen,,Drakloak,3
1,131,1,TO_HAND,my_unseen,,Dragapult ex,2
1,131,1,TO_HAND,my_unseen,,Fezandipiti ex,1
1,131,1,TO_HAND,my_unseen,,Budew,1
1,131,1,TO_HAND,my_unseen,,Meowth ex,1
1,131,1,TO_HAND,my_unseen,,Unfair Stamp,1
1,131,1,TO_HAND,my_unseen,,Buddy-Buddy Poffin,2
1,131,1,TO_HAND,my_unseen,,Night Stretcher,1
1,131,1,TO_HAND,my_unseen,,Crushing Hammer,1
1,131,1,TO_HAND,my_unseen,,Ultra Ball,2
1,131,1,TO_HAND,my_unseen,,Boss’s Orders,3
1,131,1,TO_HAND,my_unseen,,Crispin,1
1,131,1,TO_HAND,my_unseen,,Judge,1
1,131,1,TO_HAND,my_unseen,,Lillie's Determination,2
1,131,1,TO_HAND,my_unseen,,Jamming Tower,1
1,132,1,MAIN,my_discard,,Basic {R} Energy,2
1,132,1,MAIN,my_discard,,Basic {P} Energy,1
1,132,1,MAIN,my_discard,,Dreepy,1
1,132,1,MAIN,my_discard,,Drakloak,1
1,132,1,MAIN,my_discard,,Dragapult ex,1
1,132,1,MAIN,my_discard,,Buddy-Buddy Poffin,2
1,132,1,MAIN,my_discard,,Night Stretcher,1
1,132,1,MAIN,my_discard,,Crushing Hammer,3
1,132,1,MAIN,my_discard,,Ultra Ball,2
1,132,1,MAIN,my_discard,,Poké Pad,4
1,132,1,MAIN,my_discard,,Crispin,2
1,132,1,MAIN,my_discard,,Lillie's Determination,2
1,132,1,MAIN,my_discard,,Jamming Tower,1
1,132,1,MAIN,opp_discard,,Basic {D} Energy,2
1,132,1,MAIN,opp_discard,,Night Stretcher,2
1,132,1,MAIN,opp_discard,,Poké Pad,2
1,132,1,MAIN,opp_discard,,Boss’s Orders,1
1,132,1,MAIN,opp_discard,,Lillie's Determination,2
1,132,1,MAIN,my_unseen,,Basic {P} Energy,3
1,132,1,MAIN,my_unseen,,Basic {D} Energy,1
1,132,1,MAIN,my_unseen,,Dreepy,1
1,132,1,MAIN,my_unseen,,Drakloak,3
1,132,1,MAIN,my_unseen,,Dragapult ex,2
1,132,1,MAIN,my_unseen,,Fezandipiti ex,1
1,132,1,MAIN,my_unseen,,Budew,1
1,132,1,MAIN,my_unseen,,Meowth ex,1
1,132,1,MAIN,my_unseen,,Unfair Stamp,1
1,132,1,MAIN,my_unseen,,Buddy-Buddy Poffin,2
1,132,1,MAIN,my_unseen,,Night Stretcher,1
1,132,1,MAIN,my_unseen,,Crushing Hammer,1
1,132,1,MAIN,my_unseen,,Ultra Ball,2
1,132,1,MAIN,my_unseen,,Boss’s Orders,3
1,132,1,MAIN,my_unseen,,Crispin,1
1,132,1,MAIN,my_unseen,,Judge,1
1,132,1,MAIN,my_unseen,,Lillie's Determination,2
1,132,1,MAIN,my_unseen,,Jamming Tower,1
1,133,0,MAIN,hand,0,Buddy-Buddy Poffin,1
1,133,0,MAIN,hand,1,Spikemuth Gym,1
1,133,0,MAIN,hand,2,Special Red Card,1
1,133,0,MAIN,hand,3,Buddy-Buddy Poffin,1
1,133,0,MAIN,hand,4,Marnie's Impidimp,1
1,133,0,MAIN,hand,5,Buddy-Buddy Poffin,1
1,133,0,MAIN,hand,6,Buddy-Buddy Poffin,1
1,133,0,MAIN,hand,7,Munkidori,1
1,133,0,MAIN,hand,8,Poké Pad,1
1,133,0,MAIN,hand,9,Marnie's Grimmsnarl ex,1
1,133,0,MAIN,hand,10,Marnie's Impidimp,1
1,133,0,MAIN,hand,11,Marnie's Grimmsnarl ex,1
1,133,0,MAIN,hand,12,Team Rocket's Petrel,1
1,133,0,MAIN,my_discard,,Basic {D} Energy,2
1,133,0,MAIN,my_discard,,Night Stretcher,2
1,133,0,MAIN,my_discard,,Poké Pad,2
1,133,0,MAIN,my_discard,,Boss’s Orders,1
1,133,0,MAIN,my_discard,,Lillie's Determination,2
1,133,0,MAIN,opp_discard,,Basic {R} Energy,2
1,133,0,MAIN,opp_discard,,Basic {P} Energy,1
1,133,0,MAIN,opp_discard,,Dreepy,1
1,133,0,MAIN,opp_discard,,Drakloak,1
1,133,0,MAIN,opp_discard,,Dragapult ex,1
1,133,0,MAIN,opp_discard,,Buddy-Buddy Poffin,2
1,133,0,MAIN,opp_discard,,Night Stretcher,1
1,133,0,MAIN,opp_discard,,Crushing Hammer,3
1,133,0,MAIN,opp_discard,,Ultra Ball,2
1,133,0,MAIN,opp_discard,,Poké Pad,4
1,133,0,MAIN,opp_discard,,Crispin,2
1,133,0,MAIN,opp_discard,,Lillie's Determination,2
1,133,0,MAIN,opp_discard,,Jamming Tower,1
1,133,0,MAIN,my_unseen,,Basic {D} Energy,6
1,133,0,MAIN,my_unseen,,Froslass,2
1,133,0,MAIN,my_unseen,,Budew,1
1,133,0,MAIN,my_unseen,,Marnie's Impidimp,1
1,133,0,MAIN,my_unseen,,Marnie's Morgrem,2
1,133,0,MAIN,my_unseen,,Marnie's Grimmsnarl ex,1
1,133,0,MAIN,my_unseen,,Snorunt,1
1,133,0,MAIN,my_unseen,,Rare Candy,2
1,133,0,MAIN,my_unseen,,Precious Trolley,1
1,133,0,MAIN,my_unseen,,Tool Scrapper,1
1,133,0,MAIN,my_unseen,,Poké Pad,1
1,133,0,MAIN,my_unseen,,Boss’s Orders,1
1,133,0,MAIN,my_unseen,,Team Rocket's Petrel,3
1,133,0,MAIN,my_unseen,,Lillie's Determination,2
1,133,0,MAIN,my_unseen,,Spikemuth Gym,2
1,133,0,MAIN,my_unseen,,Gwynn,1
1,134,0,TO_HAND,hand,0,Buddy-Buddy Poffin,1
1,134,0,TO_HAND,hand,1,Spikemuth Gym,1
1,134,0,TO_HAND,hand,2,Special Red Card,1
1,134,0,TO_HAND,hand,3,Buddy-Buddy Poffin,1
1,134,0,TO_HAND,hand,4,Marnie's Impidimp,1
1,134,0,TO_HAND,hand,5,Buddy-Buddy Poffin,1
1,134,0,TO_HAND,hand,6,Buddy-Buddy Poffin,1
1,134,0,TO_HAND,hand,7,Munkidori,1
1,134,0,TO_HAND,hand,8,Marnie's Grimmsnarl ex,1
1,134,0,TO_HAND,hand,9,Marnie's Impidimp,1
1,134,0,TO_HAND,hand,10,Marnie's Grimmsnarl ex,1
1,134,0,TO_HAND,hand,11,Team Rocket's Petrel,1
1,134,0,TO_HAND,my_discard,,Basic {D} Energy,2
1,134,0,TO_HAND,my_discard,,Night Stretcher,2
1,134,0,TO_HAND,my_discard,,Poké Pad,2
1,134,0,TO_HAND,my_discard,,Boss’s Orders,1
1,134,0,TO_HAND,my_discard,,Lillie's Determination,2
1,134,0,TO_HAND,opp_discard,,Basic {R} Energy,2
1,134,0,TO_HAND,opp_discard,,Basic {P} Energy,1
1,134,0,TO_HAND,opp_discard,,Dreepy,1
1,134,0,TO_HAND,opp_discard,,Drakloak,1
1,134,0,TO_HAND,opp_discard,,Dragapult ex,1
1,134,0,TO_HAND,opp_discard,,Buddy-Buddy Poffin,2
1,134,0,TO_HAND,opp_discard,,Night Stretcher,1
1,134,0,TO_HAND,opp_discard,,Crushing Hammer,3
1,134,0,TO_HAND,opp_discard,,Ultra Ball,2
1,134,0,TO_HAND,opp_discard,,Poké Pad,4
1,134,0,TO_HAND,opp_discard,,Crispin,2
1,134,0,TO_HAND,opp_discard,,Lillie's Determination,2
1,134,0,TO_HAND,opp_discard,,Jamming Tower,1
1,134,0,TO_HAND,my_unseen,,Basic {D} Energy,6
1,134,0,TO_HAND,my_unseen,,Froslass,2
1,134,0,TO_HAND,my_unseen,,Budew,1
1,134,0,TO_HAND,my_unseen,,Marnie's Impidimp,1
1,134,0,TO_HAND,my_unseen,,Marnie's Morgrem,2
1,134,0,TO_HAND,my_unseen,,Marnie's Grimmsnarl ex,1
1,134,0,TO_HAND,my_unseen,,Snorunt,1
1,134,0,TO_HAND,my_unseen,,Rare Candy,2
1,134,0,TO_HAND,my_unseen,,Precious Trolley,1
1,134,0,TO_HAND,my_unseen,,Tool Scrapper,1
1,134,0,TO_HAND,my_unseen,,Poké Pad,1
1,134,0,TO_HAND,my_unseen,,Boss’s Orders,1
1,134,0,TO_HAND,my_unseen,,Team Rocket's Petrel,3
1,134,0,TO_HAND,my_unseen,,Lillie's Determination,2
1,134,0,TO_HAND,my_unseen,,Spikemuth Gym,2
1,134,0,TO_HAND,my_unseen,,Gwynn,1
1,135,0,MAIN,hand,0,Buddy-Buddy Poffin,1
1,135,0,MAIN,hand,1,Spikemuth Gym,1
1,135,0,MAIN,hand,2,Special Red Card,1
1,135,0,MAIN,hand,3,Buddy-Buddy Poffin,1
1,135,0,MAIN,hand,4,Marnie's Impidimp,1
1,135,0,MAIN,hand,5,Buddy-Buddy Poffin,1
1,135,0,MAIN,hand,6,Buddy-Buddy Poffin,1
1,135,0,MAIN,hand,7,Munkidori,1
1,135,0,MAIN,hand,8,Marnie's Grimmsnarl ex,1
1,135,0,MAIN,hand,9,Marnie's Impidimp,1
1,135,0,MAIN,hand,10,Marnie's Grimmsnarl ex,1
1,135,0,MAIN,hand,11,Team Rocket's Petrel,1
1,135,0,MAIN,my_discard,,Basic {D} Energy,2
1,135,0,MAIN,my_discard,,Night Stretcher,2
1,135,0,MAIN,my_discard,,Poké Pad,3
1,135,0,MAIN,my_discard,,Boss’s Orders,1
1,135,0,MAIN,my_discard,,Lillie's Determination,2
1,135,0,MAIN,opp_discard,,Basic {R} Energy,2
1,135,0,MAIN,opp_discard,,Basic {P} Energy,1
1,135,0,MAIN,opp_discard,,Dreepy,1
1,135,0,MAIN,opp_discard,,Drakloak,1
1,135,0,MAIN,opp_discard,,Dragapult ex,1
1,135,0,MAIN,opp_discard,,Buddy-Buddy Poffin,2
1,135,0,MAIN,opp_discard,,Night Stretcher,1
1,135,0,MAIN,opp_discard,,Crushing Hammer,3
1,135,0,MAIN,opp_discard,,Ultra Ball,2
1,135,0,MAIN,opp_discard,,Poké Pad,4
1,135,0,MAIN,opp_discard,,Crispin,2
1,135,0,MAIN,opp_discard,,Lillie's Determination,2
1,135,0,MAIN,opp_discard,,Jamming Tower,1
1,135,0,MAIN,my_unseen,,Basic {D} Energy,6
1,135,0,MAIN,my_unseen,,Froslass,2
1,135,0,MAIN,my_unseen,,Budew,1
1,135,0,MAIN,my_unseen,,Marnie's Impidimp,1
1,135,0,MAIN,my_unseen,,Marnie's Morgrem,2
1,135,0,MAIN,my_unseen,,Marnie's Grimmsnarl ex,1
1,135,0,MAIN,my_unseen,,Snorunt,1
1,135,0,MAIN,my_unseen,,Rare Candy,2
1,135,0,MAIN,my_unseen,,Precious Trolley,1
1,135,0,MAIN,my_unseen,,Tool Scrapper,1
1,135,0,MAIN,my_unseen,,Poké Pad,1
1,135,0,MAIN,my_unseen,,Boss’s Orders,1
1,135,0,MAIN,my_unseen,,Team Rocket's Petrel,3
1,135,0,MAIN,my_unseen,,Lillie's Determination,2
1,135,0,MAIN,my_unseen,,Spikemuth Gym,2
1,135,0,MAIN,my_unseen,,Gwynn,1
1,136,0,TO_HAND,hand,0,Buddy-Buddy Poffin,1
1,136,0,TO_HAND,hand,1,Spikemuth Gym,1
1,136,0,TO_HAND,hand,2,Special Red Card,1
1,136,0,TO_HAND,hand,3,Buddy-Buddy Poffin,1
1,136,0,TO_HAND,hand,4,Marnie's Impidimp,1
1,136,0,TO_HAND,hand,5,Buddy-Buddy Poffin,1
1,136,0,TO_HAND,hand,6,Buddy-Buddy Poffin,1
1,136,0,TO_HAND,hand,7,Munkidori,1
1,136,0,TO_HAND,hand,8,Marnie's Grimmsnarl ex,1
1,136,0,TO_HAND,hand,9,Marnie's Impidimp,1
1,136,0,TO_HAND,hand,10,Marnie's Grimmsnarl ex,1
1,136,0,TO_HAND,hand,11,Team Rocket's Petrel,1
1,136,0,TO_HAND,my_discard,,Basic {D} Energy,2
1,136,0,TO_HAND,my_discard,,Munkidori,1
1,136,0,TO_HAND,my_discard,,Shaymin,1
1,136,0,TO_HAND,my_discard,,Night Stretcher,2
1,136,0,TO_HAND,my_discard,,Poké Pad,3
1,136,0,TO_HAND,my_discard,,Boss’s Orders,1
1,136,0,TO_HAND,my_discard,,Lillie's Determination,2
1,136,0,TO_HAND,opp_discard,,Basic {R} Energy,4
1,136,0,TO_HAND,opp_discard,,Basic {P} Energy,1
1,136,0,TO_HAND,opp_discard,,Basic {D} Energy,1
1,136,0,TO_HAND,opp_discard,,Munkidori,1
1,136,0,TO_HAND,opp_discard,,Dreepy,1
1,136,0,TO_HAND,opp_discard,,Drakloak,1
1,136,0,TO_HAND,opp_discard,,Dragapult ex,1
1,136,0,TO_HAND,opp_discard,,Buddy-Buddy Poffin,2
1,136,0,TO_HAND,opp_discard,,Night Stretcher,1
1,136,0,TO_HAND,opp_discard,,Crushing Hammer,3
1,136,0,TO_HAND,opp_discard,,Ultra Ball,2
1,136,0,TO_HAND,opp_discard,,Poké Pad,4
1,136,0,TO_HAND,opp_discard,,Crispin,2
1,136,0,TO_HAND,opp_discard,,Lillie's Determination,2
1,136,0,TO_HAND,opp_discard,,Jamming Tower,1
1,136,0,TO_HAND,my_unseen,,Basic {D} Energy,6
1,136,0,TO_HAND,my_unseen,,Froslass,2
1,136,0,TO_HAND,my_unseen,,Budew,1
1,136,0,TO_HAND,my_unseen,,Marnie's Impidimp,1
1,136,0,TO_HAND,my_unseen,,Marnie's Morgrem,2
1,136,0,TO_HAND,my_unseen,,Marnie's Grimmsnarl ex,1
1,136,0,TO_HAND,my_unseen,,Snorunt,1
1,136,0,TO_HAND,my_unseen,,Rare Candy,2
1,136,0,TO_HAND,my_unseen,,Precious Trolley,1
1,136,0,TO_HAND,my_unseen,,Tool Scrapper,1
1,136,0,TO_HAND,my_unseen,,Poké Pad,1
1,136,0,TO_HAND,my_unseen,,Boss’s Orders,1
1,136,0,TO_HAND,my_unseen,,Team Rocket's Petrel,3
1,136,0,TO_HAND,my_unseen,,Lillie's Determination,2
1,136,0,TO_HAND,my_unseen,,Spikemuth Gym,2
1,136,0,TO_HAND,my_unseen,,Gwynn,1
1,137,1,TO_HAND,my_discard,,Basic {R} Energy,4
1,137,1,TO_HAND,my_discard,,Basic {P} Energy,1
1,137,1,TO_HAND,my_discard,,Basic {D} Energy,1
1,137,1,TO_HAND,my_discard,,Munkidori,1
1,137,1,TO_HAND,my_discard,,Dreepy,1
1,137,1,TO_HAND,my_discard,,Drakloak,1
1,137,1,TO_HAND,my_discard,,Dragapult ex,1
1,137,1,TO_HAND,my_discard,,Buddy-Buddy Poffin,2
1,137,1,TO_HAND,my_discard,,Night Stretcher,1
1,137,1,TO_HAND,my_discard,,Crushing Hammer,3
1,137,1,TO_HAND,my_discard,,Ultra Ball,2
1,137,1,TO_HAND,my_discard,,Poké Pad,4
1,137,1,TO_HAND,my_discard,,Crispin,2
1,137,1,TO_HAND,my_discard,,Lillie's Determination,2
1,137,1,TO_HAND,my_discard,,Jamming Tower,1
1,137,1,TO_HAND,opp_discard,,Basic {D} Energy,2
1,137,1,TO_HAND,opp_discard,,Munkidori,1
1,137,1,TO_HAND,opp_discard,,Shaymin,1
1,137,1,TO_HAND,opp_discard,,Night Stretcher,2
1,137,1,TO_HAND,opp_discard,,Poké Pad,3
1,137,1,TO_HAND,opp_discard,,Boss’s Orders,1
1,137,1,TO_HAND,opp_discard,,Lillie's Determination,2
1,137,1,TO_HAND,my_unseen,,Basic {P} Energy,3
1,137,1,TO_HAND,my_unseen,,Basic {D} Energy,1
1,137,1,TO_HAND,my_unseen,,Dreepy,1
1,137,1,TO_HAND,my_unseen,,Drakloak,3
1,137,1,TO_HAND,my_unseen,,Dragapult ex,2
1,137,1,TO_HAND,my_unseen,,Fezandipiti ex,1
1,137,1,TO_HAND,my_unseen,,Budew,1
1,137,1,TO_HAND,my_unseen,,Meowth ex,1
1,137,1,TO_HAND,my_unseen,,Unfair Stamp,1
1,137,1,TO_HAND,my_unseen,,Buddy-Buddy Poffin,2
1,137,1,TO_HAND,my_unseen,,Night Stretcher,1
1,137,1,TO_HAND,my_unseen,,Crushing Hammer,1
1,137,1,TO_HAND,my_unseen,,Ultra Ball,2
1,137,1,TO_HAND,my_unseen,,Boss’s Orders,3
1,137,1,TO_HAND,my_unseen,,Crispin,1
1,137,1,TO_HAND,my_unseen,,Judge,1
1,137,1,TO_HAND,my_unseen,,Lillie's Determination,2
1,137,1,TO_HAND,my_unseen,,Jamming Tower,1
1,138,1,TO_HAND,hand,0,Boss’s Orders,1
1,138,1,TO_HAND,my_discard,,Basic {R} Energy,4
1,138,1,TO_HAND,my_discard,,Basic {P} Energy,1
1,138,1,TO_HAND,my_discard,,Basic {D} Energy,1
1,138,1,TO_HAND,my_discard,,Munkidori,1
1,138,1,TO_HAND,my_discard,,Dreepy,1
1,138,1,TO_HAND,my_discard,,Drakloak,1
1,138,1,TO_HAND,my_discard,,Dragapult ex,1
1,138,1,TO_HAND,my_discard,,Buddy-Buddy Poffin,2
1,138,1,TO_HAND,my_discard,,Night Stretcher,1
1,138,1,TO_HAND,my_discard,,Crushing Hammer,3
1,138,1,TO_HAND,my_discard,,Ultra Ball,2
1,138,1,TO_HAND,my_discard,,Poké Pad,4
1,138,1,TO_HAND,my_discard,,Crispin,2
1,138,1,TO_HAND,my_discard,,Lillie's Determination,2
1,138,1,TO_HAND,my_discard,,Jamming Tower,1
1,138,1,TO_HAND,opp_discard,,Basic {D} Energy,2
1,138,1,TO_HAND,opp_discard,,Munkidori,1
1,138,1,TO_HAND,opp_discard,,Shaymin,1
1,138,1,TO_HAND,opp_discard,,Night Stretcher,2
1,138,1,TO_HAND,opp_discard,,Poké Pad,3
1,138,1,TO_HAND,opp_discard,,Boss’s Orders,1
1,138,1,TO_HAND,opp_discard,,Lillie's Determination,2
1,138,1,TO_HAND,my_unseen,,Basic {P} Energy,3
1,138,1,TO_HAND,my_unseen,,Basic {D} Energy,1
1,138,1,TO_HAND,my_unseen,,Dreepy,1
1,138,1,TO_HAND,my_unseen,,Drakloak,3
1,138,1,TO_HAND,my_unseen,,Dragapult ex,2
1,138,1,TO_HAND,my_unseen,,Fezandipiti ex,1
1,138,1,TO_HAND,my_unseen,,Budew,1
1,138,1,TO_HAND,my_unseen,,Meowth ex,1
1,138,1,TO_HAND,my_unseen,,Unfair Stamp,1
1,138,1,TO_HAND,my_unseen,,Buddy-Buddy Poffin,2
1,138,1,TO_HAND,my_unseen,,Night Stretcher,1
1,138,1,TO_HAND,my_unseen,,Crushing Hammer,1
1,138,1,TO_HAND,my_unseen,,Ultra Ball,2
1,138,1,TO_HAND,my_unseen,,Boss’s Orders,2
1,138,1,TO_HAND,my_unseen,,Crispin,1
1,138,1,TO_HAND,my_unseen,,Judge,1
1,138,1,TO_HAND,my_unseen,,Lillie's Determination,2
1,138,1,TO_HAND,my_unseen,,Jamming Tower,1
1,139,1,MAIN,hand,0,Boss’s Orders,1
1,139,1,MAIN,hand,1,Basic {P} Energy,1
1,139,1,MAIN,hand,2,Basic {D} Energy,1
1,139,1,MAIN,my_discard,,Basic {R} Energy,4
1,139,1,MAIN,my_discard,,Basic {P} Energy,1
1,139,1,MAIN,my_discard,,Basic {D} Energy,1
1,139,1,MAIN,my_discard,,Munkidori,1
1,139,1,MAIN,my_discard,,Dreepy,1
1,139,1,MAIN,my_discard,,Drakloak,1
1,139,1,MAIN,my_discard,,Dragapult ex,1
1,139,1,MAIN,my_discard,,Buddy-Buddy Poffin,2
1,139,1,MAIN,my_discard,,Night Stretcher,1
1,139,1,MAIN,my_discard,,Crushing Hammer,3
1,139,1,MAIN,my_discard,,Ultra Ball,2
1,139,1,MAIN,my_discard,,Poké Pad,4
1,139,1,MAIN,my_discard,,Crispin,2
1,139,1,MAIN,my_discard,,Lillie's Determination,2
1,139,1,MAIN,my_discard,,Jamming Tower,1
1,139,1,MAIN,opp_discard,,Basic {D} Energy,2
1,139,1,MAIN,opp_discard,,Munkidori,1
1,139,1,MAIN,opp_discard,,Shaymin,1
1,139,1,MAIN,opp_discard,,Night Stretcher,2
1,139,1,MAIN,opp_discard,,Poké Pad,3
1,139,1,MAIN,opp_discard,,Boss’s Orders,1
1,139,1,MAIN,opp_discard,,Lillie's Determination,2
1,139,1,MAIN,my_unseen,,Basic {P} Energy,2
1,139,1,MAIN,my_unseen,,Dreepy,1
1,139,1,MAIN,my_unseen,,Drakloak,3
1,139,1,MAIN,my_unseen,,Dragapult ex,2
1,139,1,MAIN,my_unseen,,Fezandipiti ex,1
1,139,1,MAIN,my_unseen,,Budew,1
1,139,1,MAIN,my_unseen,,Meowth ex,1
1,139,1,MAIN,my_unseen,,Unfair Stamp,1
1,139,1,MAIN,my_unseen,,Buddy-Buddy Poffin,2
1,139,1,MAIN,my_unseen,,Night Stretcher,1
1,139,1,MAIN,my_unseen,,Crushing Hammer,1
1,139,1,MAIN,my_unseen,,Ultra Ball,2
1,139,1,MAIN,my_unseen,,Boss’s Orders,2
1,139,1,MAIN,my_unseen,,Crispin,1
1,139,1,MAIN,my_unseen,,Judge,1
1,139,1,MAIN,my_unseen,,Lillie's Determination,2
1,139,1,MAIN,my_unseen,,Jamming Tower,1
1,140,1,MAIN,hand,0,Boss’s Orders,1
1,140,1,MAIN,hand,1,Basic {P} Energy,1
1,140,1,MAIN,hand,2,Basic {D} Energy,1
1,140,1,MAIN,my_discard,,Basic {R} Energy,4
1,140,1,MAIN,my_discard,,Basic {P} Energy,1
1,140,1,MAIN,my_discard,,Basic {D} Energy,1
1,140,1,MAIN,my_discard,,Munkidori,1
1,140,1,MAIN,my_discard,,Dreepy,1
1,140,1,MAIN,my_discard,,Drakloak,1
1,140,1,MAIN,my_discard,,Dragapult ex,1
1,140,1,MAIN,my_discard,,Buddy-Buddy Poffin,2
1,140,1,MAIN,my_discard,,Night Stretcher,1
1,140,1,MAIN,my_discard,,Crushing Hammer,3
1,140,1,MAIN,my_discard,,Ultra Ball,2
1,140,1,MAIN,my_discard,,Poké Pad,4
1,140,1,MAIN,my_discard,,Crispin,2
1,140,1,MAIN,my_discard,,Lillie's Determination,2
1,140,1,MAIN,my_discard,,Jamming Tower,1
1,140,1,MAIN,opp_discard,,Basic {D} Energy,2
1,140,1,MAIN,opp_discard,,Munkidori,1
1,140,1,MAIN,opp_discard,,Shaymin,1
1,140,1,MAIN,opp_discard,,Night Stretcher,2
1,140,1,MAIN,opp_discard,,Poké Pad,3
1,140,1,MAIN,opp_discard,,Boss’s Orders,1
1,140,1,MAIN,opp_discard,,Lillie's Determination,2
1,140,1,MAIN,my_unseen,,Basic {P} Energy,2
1,140,1,MAIN,my_unseen,,Dreepy,1
1,140,1,MAIN,my_unseen,,Drakloak,3
1,140,1,MAIN,my_unseen,,Dragapult ex,2
1,140,1,MAIN,my_unseen,,Fezandipiti ex,1
1,140,1,MAIN,my_unseen,,Budew,1
1,140,1,MAIN,my_unseen,,Meowth ex,1
1,140,1,MAIN,my_unseen,,Unfair Stamp,1
1,140,1,MAIN,my_unseen,,Buddy-Buddy Poffin,2
1,140,1,MAIN,my_unseen,,Night Stretcher,1
1,140,1,MAIN,my_unseen,,Crushing Hammer,1
1,140,1,MAIN,my_unseen,,Ultra Ball,2
1,140,1,MAIN,my_unseen,,Boss’s Orders,2
1,140,1,MAIN,my_unseen,,Crispin,1
1,140,1,MAIN,my_unseen,,Judge,1
1,140,1,MAIN,my_unseen,,Lillie's Determination,2
1,140,1,MAIN,my_unseen,,Jamming Tower,1
1,141,1,MAIN,hand,0,Boss’s Orders,1
1,141,1,MAIN,hand,1,Basic {P} Energy,1
1,141,1,MAIN,my_discard,,Basic {R} Energy,4
1,141,1,MAIN,my_discard,,Basic {P} Energy,1
1,141,1,MAIN,my_discard,,Basic {D} Energy,1
1,141,1,MAIN,my_discard,,Munkidori,1
1,141,1,MAIN,my_discard,,Dreepy,1
1,141,1,MAIN,my_discard,,Drakloak,1
1,141,1,MAIN,my_discard,,Dragapult ex,1
1,141,1,MAIN,my_discard,,Buddy-Buddy Poffin,2
1,141,1,MAIN,my_discard,,Night Stretcher,1
1,141,1,MAIN,my_discard,,Crushing Hammer,3
1,141,1,MAIN,my_discard,,Ultra Ball,2
1,141,1,MAIN,my_discard,,Poké Pad,4
1,141,1,MAIN,my_discard,,Crispin,2
1,141,1,MAIN,my_discard,,Lillie's Determination,2
1,141,1,MAIN,my_discard,,Jamming Tower,1
1,141,1,MAIN,opp_discard,,Basic {D} Energy,2
1,141,1,MAIN,opp_discard,,Munkidori,1
1,141,1,MAIN,opp_discard,,Shaymin,1
1,141,1,MAIN,opp_discard,,Night Stretcher,2
1,141,1,MAIN,opp_discard,,Poké Pad,3
1,141,1,MAIN,opp_discard,,Boss’s Orders,1
1,141,1,MAIN,opp_discard,,Lillie's Determination,2
1,141,1,MAIN,my_unseen,,Basic {P} Energy,2
1,141,1,MAIN,my_unseen,,Dreepy,1
1,141,1,MAIN,my_unseen,,Drakloak,3
1,141,1,MAIN,my_unseen,,Dragapult ex,2
1,141,1,MAIN,my_unseen,,Fezandipiti ex,1
1,141,1,MAIN,my_unseen,,Budew,1
1,141,1,MAIN,my_unseen,,Meowth ex,1
1,141,1,MAIN,my_unseen,,Unfair Stamp,1
1,141,1,MAIN,my_unseen,,Buddy-Buddy Poffin,2
1,141,1,MAIN,my_unseen,,Night Stretcher,1
1,141,1,MAIN,my_unseen,,Crushing Hammer,1
1,141,1,MAIN,my_unseen,,Ultra Ball,2
1,141,1,MAIN,my_unseen,,Boss’s Orders,2
1,141,1,MAIN,my_unseen,,Crispin,1
1,141,1,MAIN,my_unseen,,Judge,1
1,141,1,MAIN,my_unseen,,Lillie's Determination,2
1,141,1,MAIN,my_unseen,,Jamming Tower,1
1,142,0,TO_HAND,hand,0,Buddy-Buddy Poffin,1
1,142,0,TO_HAND,hand,1,Spikemuth Gym,1
1,142,0,TO_HAND,hand,2,Special Red Card,1
1,142,0,TO_HAND,hand,3,Buddy-Buddy Poffin,1
1,142,0,TO_HAND,hand,4,Marnie's Impidimp,1
1,142,0,TO_HAND,hand,5,Buddy-Buddy Poffin,1
1,142,0,TO_HAND,hand,6,Buddy-Buddy Poffin,1
1,142,0,TO_HAND,hand,7,Munkidori,1
1,142,0,TO_HAND,hand,8,Marnie's Grimmsnarl ex,1
1,142,0,TO_HAND,hand,9,Marnie's Impidimp,1
1,142,0,TO_HAND,hand,10,Marnie's Grimmsnarl ex,1
1,142,0,TO_HAND,hand,11,Team Rocket's Petrel,1
1,142,0,TO_HAND,hand,12,Budew,1
1,142,0,TO_HAND,my_discard,,Basic {D} Energy,2
1,142,0,TO_HAND,my_discard,,Munkidori,1
1,142,0,TO_HAND,my_discard,,Shaymin,1
1,142,0,TO_HAND,my_discard,,Night Stretcher,2
1,142,0,TO_HAND,my_discard,,Poké Pad,3
1,142,0,TO_HAND,my_discard,,Boss’s Orders,1
1,142,0,TO_HAND,my_discard,,Lillie's Determination,2
1,142,0,TO_HAND,opp_discard,,Basic {R} Energy,4
1,142,0,TO_HAND,opp_discard,,Basic {P} Energy,1
1,142,0,TO_HAND,opp_discard,,Basic {D} Energy,1
1,142,0,TO_HAND,opp_discard,,Munkidori,2
1,142,0,TO_HAND,opp_discard,,Dreepy,1
1,142,0,TO_HAND,opp_discard,,Drakloak,1
1,142,0,TO_HAND,opp_discard,,Dragapult ex,1
1,142,0,TO_HAND,opp_discard,,Buddy-Buddy Poffin,2
1,142,0,TO_HAND,opp_discard,,Night Stretcher,1
1,142,0,TO_HAND,opp_discard,,Crushing Hammer,3
1,142,0,TO_HAND,opp_discard,,Ultra Ball,2
1,142,0,TO_HAND,opp_discard,,Poké Pad,4
1,142,0,TO_HAND,opp_discard,,Crispin,2
1,142,0,TO_HAND,opp_discard,,Lillie's Determination,2
1,142,0,TO_HAND,opp_discard,,Jamming Tower,1
1,142,0,TO_HAND,my_unseen,,Basic {D} Energy,6
1,142,0,TO_HAND,my_unseen,,Froslass,2
1,142,0,TO_HAND,my_unseen,,Marnie's Impidimp,1
1,142,0,TO_HAND,my_unseen,,Marnie's Morgrem,2
1,142,0,TO_HAND,my_unseen,,Marnie's Grimmsnarl ex,1
1,142,0,TO_HAND,my_unseen,,Snorunt,1
1,142,0,TO_HAND,my_unseen,,Rare Candy,2
1,142,0,TO_HAND,my_unseen,,Precious Trolley,1
1,142,0,TO_HAND,my_unseen,,Tool Scrapper,1
1,142,0,TO_HAND,my_unseen,,Poké Pad,1
1,142,0,TO_HAND,my_unseen,,Boss’s Orders,1
1,142,0,TO_HAND,my_unseen,,Team Rocket's Petrel,3
1,142,0,TO_HAND,my_unseen,,Lillie's Determination,2
1,142,0,TO_HAND,my_unseen,,Spikemuth Gym,2
1,142,0,TO_HAND,my_unseen,,Gwynn,1
1,143,0,MAIN,hand,0,Buddy-Buddy Poffin,1
1,143,0,MAIN,hand,1,Spikemuth Gym,1
1,143,0,MAIN,hand,2,Special Red Card,1
1,143,0,MAIN,hand,3,Buddy-Buddy Poffin,1
1,143,0,MAIN,hand,4,Marnie's Impidimp,1
1,143,0,MAIN,hand,5,Buddy-Buddy Poffin,1
1,143,0,MAIN,hand,6,Buddy-Buddy Poffin,1
1,143,0,MAIN,hand,7,Munkidori,1
1,143,0,MAIN,hand,8,Marnie's Grimmsnarl ex,1
1,143,0,MAIN,hand,9,Marnie's Impidimp,1
1,143,0,MAIN,hand,10,Marnie's Grimmsnarl ex,1
1,143,0,MAIN,hand,11,Team Rocket's Petrel,1
1,143,0,MAIN,hand,12,Budew,1
1,143,0,MAIN,hand,13,Marnie's Morgrem,1
1,143,0,MAIN,hand,14,Rare Candy,1
1,143,0,MAIN,my_discard,,Basic {D} Energy,2
1,143,0,MAIN,my_discard,,Munkidori,1
1,143,0,MAIN,my_discard,,Shaymin,1
1,143,0,MAIN,my_discard,,Night Stretcher,2
1,143,0,MAIN,my_discard,,Poké Pad,3
1,143,0,MAIN,my_discard,,Boss’s Orders,1
1,143,0,MAIN,my_discard,,Lillie's Determination,2
1,143,0,MAIN,opp_discard,,Basic {R} Energy,4
1,143,0,MAIN,opp_discard,,Basic {P} Energy,1
1,143,0,MAIN,opp_discard,,Basic {D} Energy,1
1,143,0,MAIN,opp_discard,,Munkidori,2
1,143,0,MAIN,opp_discard,,Dreepy,1
1,143,0,MAIN,opp_discard,,Drakloak,1
1,143,0,MAIN,opp_discard,,Dragapult ex,1
1,143,0,MAIN,opp_discard,,Buddy-Buddy Poffin,2
1,143,0,MAIN,opp_discard,,Night Stretcher,1
1,143,0,MAIN,opp_discard,,Crushing Hammer,3
1,143,0,MAIN,opp_discard,,Ultra Ball,2
1,143,0,MAIN,opp_discard,,Poké Pad,4
1,143,0,MAIN,opp_discard,,Crispin,2
1,143,0,MAIN,opp_discard,,Lillie's Determination,2
1,143,0,MAIN,opp_discard,,Jamming Tower,1
1,143,0,MAIN,my_unseen,,Basic {D} Energy,6
1,143,0,MAIN,my_unseen,,Froslass,2
1,143,0,MAIN,my_unseen,,Marnie's Impidimp,1
1,143,0,MAIN,my_unseen,,Marnie's Morgrem,1
1,143,0,MAIN,my_unseen,,Marnie's Grimmsnarl ex,1
1,143,0,MAIN,my_unseen,,Snorunt,1
1,143,0,MAIN,my_unseen,,Rare Candy,1
1,143,0,MAIN,my_unseen,,Precious Trolley,1
1,143,0,MAIN,my_unseen,,Tool Scrapper,1
1,143,0,MAIN,my_unseen,,Poké Pad,1
1,143,0,MAIN,my_unseen,,Boss’s Orders,1
1,143,0,MAIN,my_unseen,,Team Rocket's Petrel,3
1,143,0,MAIN,my_unseen,,Lillie's Determination,2
1,143,0,MAIN,my_unseen,,Spikemuth Gym,2
1,143,0,MAIN,my_unseen,,Gwynn,1
1,144,0,TO_HAND,hand,0,Buddy-Buddy Poffin,1
1,144,0,TO_HAND,hand,1,Spikemuth Gym,1
1,144,0,TO_HAND,hand,2,Special Red Card,1
1,144,0,TO_HAND,hand,3,Buddy-Buddy Poffin,1
1,144,0,TO_HAND,hand,4,Marnie's Impidimp,1
1,144,0,TO_HAND,hand,5,Buddy-Buddy Poffin,1
1,144,0,TO_HAND,hand,6,Buddy-Buddy Poffin,1
1,144,0,TO_HAND,hand,7,Munkidori,1
1,144,0,TO_HAND,hand,8,Marnie's Grimmsnarl ex,1
1,144,0,TO_HAND,hand,9,Marnie's Impidimp,1
1,144,0,TO_HAND,hand,10,Marnie's Grimmsnarl ex,1
1,144,0,TO_HAND,hand,11,Team Rocket's Petrel,1
1,144,0,TO_HAND,hand,12,Budew,1
1,144,0,TO_HAND,hand,13,Marnie's Morgrem,1
1,144,0,TO_HAND,hand,14,Rare Candy,1
1,144,0,TO_HAND,my_discard,,Basic {D} Energy,2
1,144,0,TO_HAND,my_discard,,Munkidori,1
1,144,0,TO_HAND,my_discard,,Shaymin,1
1,144,0,TO_HAND,my_discard,,Night Stretcher,2
1,144,0,TO_HAND,my_discard,,Poké Pad,3
1,144,0,TO_HAND,my_discard,,Boss’s Orders,1
1,144,0,TO_HAND,my_discard,,Lillie's Determination,2
1,144,0,TO_HAND,opp_discard,,Basic {R} Energy,4
1,144,0,TO_HAND,opp_discard,,Basic {P} Energy,1
1,144,0,TO_HAND,opp_discard,,Basic {D} Energy,1
1,144,0,TO_HAND,opp_discard,,Munkidori,2
1,144,0,TO_HAND,opp_discard,,Dreepy,1
1,144,0,TO_HAND,opp_discard,,Drakloak,1
1,144,0,TO_HAND,opp_discard,,Dragapult ex,1
1,144,0,TO_HAND,opp_discard,,Buddy-Buddy Poffin,2
1,144,0,TO_HAND,opp_discard,,Night Stretcher,1
1,144,0,TO_HAND,opp_discard,,Crushing Hammer,3
1,144,0,TO_HAND,opp_discard,,Ultra Ball,2
1,144,0,TO_HAND,opp_discard,,Poké Pad,4
1,144,0,TO_HAND,opp_discard,,Crispin,2
1,144,0,TO_HAND,opp_discard,,Lillie's Determination,2
1,144,0,TO_HAND,opp_discard,,Jamming Tower,1
1,144,0,TO_HAND,my_unseen,,Basic {D} Energy,6
1,144,0,TO_HAND,my_unseen,,Froslass,2
1,144,0,TO_HAND,my_unseen,,Marnie's Impidimp,1
1,144,0,TO_HAND,my_unseen,,Marnie's Morgrem,1
1,144,0,TO_HAND,my_unseen,,Marnie's Grimmsnarl ex,1
1,144,0,TO_HAND,my_unseen,,Snorunt,1
1,144,0,TO_HAND,my_unseen,,Rare Candy,1
1,144,0,TO_HAND,my_unseen,,Precious Trolley,1
1,144,0,TO_HAND,my_unseen,,Tool Scrapper,1
1,144,0,TO_HAND,my_unseen,,Poké Pad,1
1,144,0,TO_HAND,my_unseen,,Boss’s Orders,1
1,144,0,TO_HAND,my_unseen,,Team Rocket's Petrel,3
1,144,0,TO_HAND,my_unseen,,Lillie's Determination,2
1,144,0,TO_HAND,my_unseen,,Spikemuth Gym,2
1,144,0,TO_HAND,my_unseen,,Gwynn,1
1,145,0,MAIN,hand,0,Buddy-Buddy Poffin,1
1,145,0,MAIN,hand,1,Spikemuth Gym,1
1,145,0,MAIN,hand,2,Special Red Card,1
1,145,0,MAIN,hand,3,Buddy-Buddy Poffin,1
1,145,0,MAIN,hand,4,Marnie's Impidimp,1
1,145,0,MAIN,hand,5,Buddy-Buddy Poffin,1
1,145,0,MAIN,hand,6,Buddy-Buddy Poffin,1
1,145,0,MAIN,hand,7,Munkidori,1
1,145,0,MAIN,hand,8,Marnie's Grimmsnarl ex,1
1,145,0,MAIN,hand,9,Marnie's Impidimp,1
1,145,0,MAIN,hand,10,Marnie's Grimmsnarl ex,1
1,145,0,MAIN,hand,11,Team Rocket's Petrel,1
1,145,0,MAIN,hand,12,Budew,1
1,145,0,MAIN,hand,13,Marnie's Morgrem,1
1,145,0,MAIN,hand,14,Rare Candy,1
1,145,0,MAIN,hand,15,Marnie's Grimmsnarl ex,1
1,145,0,MAIN,my_discard,,Basic {D} Energy,2
1,145,0,MAIN,my_discard,,Munkidori,1
1,145,0,MAIN,my_discard,,Shaymin,1
1,145,0,MAIN,my_discard,,Night Stretcher,2
1,145,0,MAIN,my_discard,,Poké Pad,3
1,145,0,MAIN,my_discard,,Boss’s Orders,1
1,145,0,MAIN,my_discard,,Lillie's Determination,2
1,145,0,MAIN,opp_discard,,Basic {R} Energy,4
1,145,0,MAIN,opp_discard,,Basic {P} Energy,1
1,145,0,MAIN,opp_discard,,Basic {D} Energy,1
1,145,0,MAIN,opp_discard,,Munkidori,2
1,145,0,MAIN,opp_discard,,Dreepy,1
1,145,0,MAIN,opp_discard,,Drakloak,1
1,145,0,MAIN,opp_discard,,Dragapult ex,1
1,145,0,MAIN,opp_discard,,Buddy-Buddy Poffin,2
1,145,0,MAIN,opp_discard,,Night Stretcher,1
1,145,0,MAIN,opp_discard,,Crushing Hammer,3
1,145,0,MAIN,opp_discard,,Ultra Ball,2
1,145,0,MAIN,opp_discard,,Poké Pad,4
1,145,0,MAIN,opp_discard,,Crispin,2
1,145,0,MAIN,opp_discard,,Lillie's Determination,2
1,145,0,MAIN,opp_discard,,Jamming Tower,1
1,145,0,MAIN,my_unseen,,Basic {D} Energy,6
1,145,0,MAIN,my_unseen,,Froslass,2
1,145,0,MAIN,my_unseen,,Marnie's Impidimp,1
1,145,0,MAIN,my_unseen,,Marnie's Morgrem,1
1,145,0,MAIN,my_unseen,,Snorunt,1
1,145,0,MAIN,my_unseen,,Rare Candy,1
1,145,0,MAIN,my_unseen,,Precious Trolley,1
1,145,0,MAIN,my_unseen,,Tool Scrapper,1
1,145,0,MAIN,my_unseen,,Poké Pad,1
1,145,0,MAIN,my_unseen,,Boss’s Orders,1
1,145,0,MAIN,my_unseen,,Team Rocket's Petrel,3
1,145,0,MAIN,my_unseen,,Lillie's Determination,2
1,145,0,MAIN,my_unseen,,Spikemuth Gym,2
1,145,0,MAIN,my_unseen,,Gwynn,1
1,146,0,MAIN,hand,0,Buddy-Buddy Poffin,1
1,146,0,MAIN,hand,1,Spikemuth Gym,1
1,146,0,MAIN,hand,2,Special Red Card,1
1,146,0,MAIN,hand,3,Buddy-Buddy Poffin,1
1,146,0,MAIN,hand,4,Buddy-Buddy Poffin,1
1,146,0,MAIN,hand,5,Buddy-Buddy Poffin,1
1,146,0,MAIN,hand,6,Munkidori,1
1,146,0,MAIN,hand,7,Marnie's Grimmsnarl ex,1
1,146,0,MAIN,hand,8,Marnie's Impidimp,1
1,146,0,MAIN,hand,9,Marnie's Grimmsnarl ex,1
1,146,0,MAIN,hand,10,Team Rocket's Petrel,1
1,146,0,MAIN,hand,11,Budew,1
1,146,0,MAIN,hand,12,Marnie's Morgrem,1
1,146,0,MAIN,hand,13,Rare Candy,1
1,146,0,MAIN,hand,14,Marnie's Grimmsnarl ex,1
1,146,0,MAIN,my_discard,,Basic {D} Energy,2
1,146,0,MAIN,my_discard,,Munkidori,1
1,146,0,MAIN,my_discard,,Shaymin,1
1,146,0,MAIN,my_discard,,Night Stretcher,2
1,146,0,MAIN,my_discard,,Poké Pad,3
1,146,0,MAIN,my_discard,,Boss’s Orders,1
1,146,0,MAIN,my_discard,,Lillie's Determination,2
1,146,0,MAIN,opp_discard,,Basic {R} Energy,4
1,146,0,MAIN,opp_discard,,Basic {P} Energy,1
1,146,0,MAIN,opp_discard,,Basic {D} Energy,1
1,146,0,MAIN,opp_discard,,Munkidori,2
1,146,0,MAIN,opp_discard,,Dreepy,1
1,146,0,MAIN,opp_discard,,Drakloak,1
1,146,0,MAIN,opp_discard,,Dragapult ex,1
1,146,0,MAIN,opp_discard,,Buddy-Buddy Poffin,2
1,146,0,MAIN,opp_discard,,Night Stretcher,1
1,146,0,MAIN,opp_discard,,Crushing Hammer,3
1,146,0,MAIN,opp_discard,,Ultra Ball,2
1,146,0,MAIN,opp_discard,,Poké Pad,4
1,146,0,MAIN,opp_discard,,Crispin,2
1,146,0,MAIN,opp_discard,,Lillie's Determination,2
1,146,0,MAIN,opp_discard,,Jamming Tower,1
1,146,0,MAIN,my_unseen,,Basic {D} Energy,6
1,146,0,MAIN,my_unseen,,Froslass,2
1,146,0,MAIN,my_unseen,,Marnie's Impidimp,1
1,146,0,MAIN,my_unseen,,Marnie's Morgrem,1
1,146,0,MAIN,my_unseen,,Snorunt,1
1,146,0,MAIN,my_unseen,,Rare Candy,1
1,146,0,MAIN,my_unseen,,Precious Trolley,1
1,146,0,MAIN,my_unseen,,Tool Scrapper,1
1,146,0,MAIN,my_unseen,,Poké Pad,1
1,146,0,MAIN,my_unseen,,Boss’s Orders,1
1,146,0,MAIN,my_unseen,,Team Rocket's Petrel,3
1,146,0,MAIN,my_unseen,,Lillie's Determination,2
1,146,0,MAIN,my_unseen,,Spikemuth Gym,2
1,146,0,MAIN,my_unseen,,Gwynn,1
1,147,0,MAIN,hand,0,Buddy-Buddy Poffin,1
1,147,0,MAIN,hand,1,Spikemuth Gym,1
1,147,0,MAIN,hand,2,Special Red Card,1
1,147,0,MAIN,hand,3,Buddy-Buddy Poffin,1
1,147,0,MAIN,hand,4,Buddy-Buddy Poffin,1
1,147,0,MAIN,hand,5,Buddy-Buddy Poffin,1
1,147,0,MAIN,hand,6,Munkidori,1
1,147,0,MAIN,hand,7,Marnie's Grimmsnarl ex,1
1,147,0,MAIN,hand,8,Marnie's Grimmsnarl ex,1
1,147,0,MAIN,hand,9,Team Rocket's Petrel,1
1,147,0,MAIN,hand,10,Budew,1
1,147,0,MAIN,hand,11,Marnie's Morgrem,1
1,147,0,MAIN,hand,12,Rare Candy,1
1,147,0,MAIN,hand,13,Marnie's Grimmsnarl ex,1
1,147,0,MAIN,my_discard,,Basic {D} Energy,2
1,147,0,MAIN,my_discard,,Munkidori,1
1,147,0,MAIN,my_discard,,Shaymin,1
1,147,0,MAIN,my_discard,,Night Stretcher,2
1,147,0,MAIN,my_discard,,Poké Pad,3
1,147,0,MAIN,my_discard,,Boss’s Orders,1
1,147,0,MAIN,my_discard,,Lillie's Determination,2
1,147,0,MAIN,opp_discard,,Basic {R} Energy,4
1,147,0,MAIN,opp_discard,,Basic {P} Energy,1
1,147,0,MAIN,opp_discard,,Basic {D} Energy,1
1,147,0,MAIN,opp_discard,,Munkidori,2
1,147,0,MAIN,opp_discard,,Dreepy,1
1,147,0,MAIN,opp_discard,,Drakloak,1
1,147,0,MAIN,opp_discard,,Dragapult ex,1
1,147,0,MAIN,opp_discard,,Buddy-Buddy Poffin,2
1,147,0,MAIN,opp_discard,,Night Stretcher,1
1,147,0,MAIN,opp_discard,,Crushing Hammer,3
1,147,0,MAIN,opp_discard,,Ultra Ball,2
1,147,0,MAIN,opp_discard,,Poké Pad,4
1,147,0,MAIN,opp_discard,,Crispin,2
1,147,0,MAIN,opp_discard,,Lillie's Determination,2
1,147,0,MAIN,opp_discard,,Jamming Tower,1
1,147,0,MAIN,my_unseen,,Basic {D} Energy,6
1,147,0,MAIN,my_unseen,,Froslass,2
1,147,0,MAIN,my_unseen,,Marnie's Impidimp,1
1,147,0,MAIN,my_unseen,,Marnie's Morgrem,1
1,147,0,MAIN,my_unseen,,Snorunt,1
1,147,0,MAIN,my_unseen,,Rare Candy,1
1,147,0,MAIN,my_unseen,,Precious Trolley,1
1,147,0,MAIN,my_unseen,,Tool Scrapper,1
1,147,0,MAIN,my_unseen,,Poké Pad,1
1,147,0,MAIN,my_unseen,,Boss’s Orders,1
1,147,0,MAIN,my_unseen,,Team Rocket's Petrel,3
1,147,0,MAIN,my_unseen,,Lillie's Determination,2
1,147,0,MAIN,my_unseen,,Spikemuth Gym,2
1,147,0,MAIN,my_unseen,,Gwynn,1
1,148,1,MAIN,hand,0,Boss’s Orders,1
1,148,1,MAIN,hand,1,Basic {P} Energy,1
1,148,1,MAIN,hand,2,Drakloak,1
1,148,1,MAIN,my_discard,,Basic {R} Energy,4
1,148,1,MAIN,my_discard,,Basic {P} Energy,1
1,148,1,MAIN,my_discard,,Basic {D} Energy,1
1,148,1,MAIN,my_discard,,Munkidori,2
1,148,1,MAIN,my_discard,,Dreepy,1
1,148,1,MAIN,my_discard,,Drakloak,1
1,148,1,MAIN,my_discard,,Dragapult ex,1
1,148,1,MAIN,my_discard,,Buddy-Buddy Poffin,2
1,148,1,MAIN,my_discard,,Night Stretcher,1
1,148,1,MAIN,my_discard,,Crushing Hammer,3
1,148,1,MAIN,my_discard,,Ultra Ball,2
1,148,1,MAIN,my_discard,,Poké Pad,4
1,148,1,MAIN,my_discard,,Crispin,2
1,148,1,MAIN,my_discard,,Lillie's Determination,2
1,148,1,MAIN,my_discard,,Jamming Tower,1
1,148,1,MAIN,opp_discard,,Basic {D} Energy,2
1,148,1,MAIN,opp_discard,,Munkidori,1
1,148,1,MAIN,opp_discard,,Shaymin,1
1,148,1,MAIN,opp_discard,,Night Stretcher,2
1,148,1,MAIN,opp_discard,,Poké Pad,3
1,148,1,MAIN,opp_discard,,Boss’s Orders,1
1,148,1,MAIN,opp_discard,,Lillie's Determination,2
1,148,1,MAIN,my_unseen,,Basic {P} Energy,2
1,148,1,MAIN,my_unseen,,Dreepy,1
1,148,1,MAIN,my_unseen,,Drakloak,2
1,148,1,MAIN,my_unseen,,Dragapult ex,2
1,148,1,MAIN,my_unseen,,Fezandipiti ex,1
1,148,1,MAIN,my_unseen,,Budew,1
1,148,1,MAIN,my_unseen,,Meowth ex,1
1,148,1,MAIN,my_unseen,,Unfair Stamp,1
1,148,1,MAIN,my_unseen,,Buddy-Buddy Poffin,2
1,148,1,MAIN,my_unseen,,Night Stretcher,1
1,148,1,MAIN,my_unseen,,Crushing Hammer,1
1,148,1,MAIN,my_unseen,,Ultra Ball,2
1,148,1,MAIN,my_unseen,,Boss’s Orders,2
1,148,1,MAIN,my_unseen,,Crispin,1
1,148,1,MAIN,my_unseen,,Judge,1
1,148,1,MAIN,my_unseen,,Lillie's Determination,2
1,148,1,MAIN,my_unseen,,Jamming Tower,1
1,149,1,MAIN,hand,0,Boss’s Orders,1
1,149,1,MAIN,hand,1,Basic {P} Energy,1
1,149,1,MAIN,my_discard,,Basic {R} Energy,4
1,149,1,MAIN,my_discard,,Basic {P} Energy,1
1,149,1,MAIN,my_discard,,Basic {D} Energy,1
1,149,1,MAIN,my_discard,,Munkidori,2
1,149,1,MAIN,my_discard,,Dreepy,1
1,149,1,MAIN,my_discard,,Drakloak,1
1,149,1,MAIN,my_discard,,Dragapult ex,1
1,149,1,MAIN,my_discard,,Buddy-Buddy Poffin,2
1,149,1,MAIN,my_discard,,Night Stretcher,1
1,149,1,MAIN,my_discard,,Crushing Hammer,3
1,149,1,MAIN,my_discard,,Ultra Ball,2
1,149,1,MAIN,my_discard,,Poké Pad,4
1,149,1,MAIN,my_discard,,Crispin,2
1,149,1,MAIN,my_discard,,Lillie's Determination,2
1,149,1,MAIN,my_discard,,Jamming Tower,1
1,149,1,MAIN,opp_discard,,Basic {D} Energy,2
1,149,1,MAIN,opp_discard,,Munkidori,1
1,149,1,MAIN,opp_discard,,Shaymin,1
1,149,1,MAIN,opp_discard,,Night Stretcher,2
1,149,1,MAIN,opp_discard,,Poké Pad,3
1,149,1,MAIN,opp_discard,,Boss’s Orders,1
1,149,1,MAIN,opp_discard,,Lillie's Determination,2
1,149,1,MAIN,my_unseen,,Basic {P} Energy,2
1,149,1,MAIN,my_unseen,,Dreepy,1
1,149,1,MAIN,my_unseen,,Drakloak,2
1,149,1,MAIN,my_unseen,,Dragapult ex,2
1,149,1,MAIN,my_unseen,,Fezandipiti ex,1
1,149,1,MAIN,my_unseen,,Budew,1
1,149,1,MAIN,my_unseen,,Meowth ex,1
1,149,1,MAIN,my_unseen,,Unfair Stamp,1
1,149,1,MAIN,my_unseen,,Buddy-Buddy Poffin,2
1,149,1,MAIN,my_unseen,,Night Stretcher,1
1,149,1,MAIN,my_unseen,,Crushing Hammer,1
1,149,1,MAIN,my_unseen,,Ultra Ball,2
1,149,1,MAIN,my_unseen,,Boss’s Orders,2
1,149,1,MAIN,my_unseen,,Crispin,1
1,149,1,MAIN,my_unseen,,Judge,1
1,149,1,MAIN,my_unseen,,Lillie's Determination,2
1,149,1,MAIN,my_unseen,,Jamming Tower,1
1,150,1,SWITCH,hand,0,Basic {P} Energy,1
1,150,1,SWITCH,my_discard,,Basic {R} Energy,4
1,150,1,SWITCH,my_discard,,Basic {P} Energy,1
1,150,1,SWITCH,my_discard,,Basic {D} Energy,1
1,150,1,SWITCH,my_discard,,Munkidori,2
1,150,1,SWITCH,my_discard,,Dreepy,1
1,150,1,SWITCH,my_discard,,Drakloak,1
1,150,1,SWITCH,my_discard,,Dragapult ex,1
1,150,1,SWITCH,my_discard,,Buddy-Buddy Poffin,2
1,150,1,SWITCH,my_discard,,Night Stretcher,1
1,150,1,SWITCH,my_discard,,Crushing Hammer,3
1,150,1,SWITCH,my_discard,,Ultra Ball,2
1,150,1,SWITCH,my_discard,,Poké Pad,4
1,150,1,SWITCH,my_discard,,Crispin,2
1,150,1,SWITCH,my_discard,,Lillie's Determination,2
1,150,1,SWITCH,my_discard,,Jamming Tower,1
1,150,1,SWITCH,opp_discard,,Basic {D} Energy,2
1,150,1,SWITCH,opp_discard,,Munkidori,1
1,150,1,SWITCH,opp_discard,,Shaymin,1
1,150,1,SWITCH,opp_discard,,Night Stretcher,2
1,150,1,SWITCH,opp_discard,,Poké Pad,3
1,150,1,SWITCH,opp_discard,,Boss’s Orders,1
1,150,1,SWITCH,opp_discard,,Lillie's Determination,2
1,150,1,SWITCH,my_unseen,,Basic {P} Energy,2
1,150,1,SWITCH,my_unseen,,Dreepy,1
1,150,1,SWITCH,my_unseen,,Drakloak,2
1,150,1,SWITCH,my_unseen,,Dragapult ex,2
1,150,1,SWITCH,my_unseen,,Fezandipiti ex,1
1,150,1,SWITCH,my_unseen,,Budew,1
1,150,1,SWITCH,my_unseen,,Meowth ex,1
1,150,1,SWITCH,my_unseen,,Unfair Stamp,1
1,150,1,SWITCH,my_unseen,,Buddy-Buddy Poffin,2
1,150,1,SWITCH,my_unseen,,Night Stretcher,1
1,150,1,SWITCH,my_unseen,,Crushing Hammer,1
1,150,1,SWITCH,my_unseen,,Ultra Ball,2
1,150,1,SWITCH,my_unseen,,Boss’s Orders,2
1,150,1,SWITCH,my_unseen,,Crispin,1
1,150,1,SWITCH,my_unseen,,Judge,1
1,150,1,SWITCH,my_unseen,,Lillie's Determination,2
1,150,1,SWITCH,my_unseen,,Jamming Tower,1
1,151,1,MAIN,hand,0,Basic {P} Energy,1
1,151,1,MAIN,my_discard,,Basic {R} Energy,4
1,151,1,MAIN,my_discard,,Basic {P} Energy,1
1,151,1,MAIN,my_discard,,Basic {D} Energy,1
1,151,1,MAIN,my_discard,,Munkidori,2
1,151,1,MAIN,my_discard,,Dreepy,1
1,151,1,MAIN,my_discard,,Drakloak,1
1,151,1,MAIN,my_discard,,Dragapult ex,1
1,151,1,MAIN,my_discard,,Buddy-Buddy Poffin,2
1,151,1,MAIN,my_discard,,Night Stretcher,1
1,151,1,MAIN,my_discard,,Crushing Hammer,3
1,151,1,MAIN,my_discard,,Ultra Ball,2
1,151,1,MAIN,my_discard,,Poké Pad,4
1,151,1,MAIN,my_discard,,Boss’s Orders,1
1,151,1,MAIN,my_discard,,Crispin,2
1,151,1,MAIN,my_discard,,Lillie's Determination,2
1,151,1,MAIN,my_discard,,Jamming Tower,1
1,151,1,MAIN,opp_discard,,Basic {D} Energy,2
1,151,1,MAIN,opp_discard,,Munkidori,1
1,151,1,MAIN,opp_discard,,Shaymin,1
1,151,1,MAIN,opp_discard,,Night Stretcher,2
1,151,1,MAIN,opp_discard,,Poké Pad,3
1,151,1,MAIN,opp_discard,,Boss’s Orders,1
1,151,1,MAIN,opp_discard,,Lillie's Determination,2
1,151,1,MAIN,my_unseen,,Basic {P} Energy,2
1,151,1,MAIN,my_unseen,,Dreepy,1
1,151,1,MAIN,my_unseen,,Drakloak,2
1,151,1,MAIN,my_unseen,,Dragapult ex,2
1,151,1,MAIN,my_unseen,,Fezandipiti ex,1
1,151,1,MAIN,my_unseen,,Budew,1
1,151,1,MAIN,my_unseen,,Meowth ex,1
1,151,1,MAIN,my_unseen,,Unfair Stamp,1
1,151,1,MAIN,my_unseen,,Buddy-Buddy Poffin,2
1,151,1,MAIN,my_unseen,,Night Stretcher,1
1,151,1,MAIN,my_unseen,,Crushing Hammer,1
1,151,1,MAIN,my_unseen,,Ultra Ball,2
1,151,1,MAIN,my_unseen,,Boss’s Orders,2
1,151,1,MAIN,my_unseen,,Crispin,1
1,151,1,MAIN,my_unseen,,Judge,1
1,151,1,MAIN,my_unseen,,Lillie's Determination,2
1,151,1,MAIN,my_unseen,,Jamming Tower,1
1,152,1,TO_HAND,hand,0,Basic {P} Energy,1
1,152,1,TO_HAND,looking:ME,0,Buddy-Buddy Poffin,1
1,152,1,TO_HAND,looking:ME,1,Buddy-Buddy Poffin,1
1,152,1,TO_HAND,my_discard,,Basic {R} Energy,4
1,152,1,TO_HAND,my_discard,,Basic {P} Energy,1
1,152,1,TO_HAND,my_discard,,Basic {D} Energy,1
1,152,1,TO_HAND,my_discard,,Munkidori,2
1,152,1,TO_HAND,my_discard,,Dreepy,1
1,152,1,TO_HAND,my_discard,,Drakloak,1
1,152,1,TO_HAND,my_discard,,Dragapult ex,1
1,152,1,TO_HAND,my_discard,,Buddy-Buddy Poffin,2
1,152,1,TO_HAND,my_discard,,Night Stretcher,1
1,152,1,TO_HAND,my_discard,,Crushing Hammer,3
1,152,1,TO_HAND,my_discard,,Ultra Ball,2
1,152,1,TO_HAND,my_discard,,Poké Pad,4
1,152,1,TO_HAND,my_discard,,Boss’s Orders,1
1,152,1,TO_HAND,my_discard,,Crispin,2
1,152,1,TO_HAND,my_discard,,Lillie's Determination,2
1,152,1,TO_HAND,my_discard,,Jamming Tower,1
1,152,1,TO_HAND,opp_discard,,Basic {D} Energy,2
1,152,1,TO_HAND,opp_discard,,Munkidori,1
1,152,1,TO_HAND,opp_discard,,Shaymin,1
1,152,1,TO_HAND,opp_discard,,Night Stretcher,2
1,152,1,TO_HAND,opp_discard,,Poké Pad,3
1,152,1,TO_HAND,opp_discard,,Boss’s Orders,1
1,152,1,TO_HAND,opp_discard,,Lillie's Determination,2
1,152,1,TO_HAND,my_unseen,,Basic {P} Energy,2
1,152,1,TO_HAND,my_unseen,,Dreepy,1
1,152,1,TO_HAND,my_unseen,,Drakloak,2
1,152,1,TO_HAND,my_unseen,,Dragapult ex,2
1,152,1,TO_HAND,my_unseen,,Fezandipiti ex,1
1,152,1,TO_HAND,my_unseen,,Budew,1
1,152,1,TO_HAND,my_unseen,,Meowth ex,1
1,152,1,TO_HAND,my_unseen,,Unfair Stamp,1
1,152,1,TO_HAND,my_unseen,,Buddy-Buddy Poffin,2
1,152,1,TO_HAND,my_unseen,,Night Stretcher,1
1,152,1,TO_HAND,my_unseen,,Crushing Hammer,1
1,152,1,TO_HAND,my_unseen,,Ultra Ball,2
1,152,1,TO_HAND,my_unseen,,Boss’s Orders,2
1,152,1,TO_HAND,my_unseen,,Crispin,1
1,152,1,TO_HAND,my_unseen,,Judge,1
1,152,1,TO_HAND,my_unseen,,Lillie's Determination,2
1,152,1,TO_HAND,my_unseen,,Jamming Tower,1
1,153,1,MAIN,hand,0,Basic {P} Energy,1
1,153,1,MAIN,hand,1,Buddy-Buddy Poffin,1
1,153,1,MAIN,my_discard,,Basic {R} Energy,4
1,153,1,MAIN,my_discard,,Basic {P} Energy,1
1,153,1,MAIN,my_discard,,Basic {D} Energy,1
1,153,1,MAIN,my_discard,,Munkidori,2
1,153,1,MAIN,my_discard,,Dreepy,1
1,153,1,MAIN,my_discard,,Drakloak,1
1,153,1,MAIN,my_discard,,Dragapult ex,1
1,153,1,MAIN,my_discard,,Buddy-Buddy Poffin,2
1,153,1,MAIN,my_discard,,Night Stretcher,1
1,153,1,MAIN,my_discard,,Crushing Hammer,3
1,153,1,MAIN,my_discard,,Ultra Ball,2
1,153,1,MAIN,my_discard,,Poké Pad,4
1,153,1,MAIN,my_discard,,Boss’s Orders,1
1,153,1,MAIN,my_discard,,Crispin,2
1,153,1,MAIN,my_discard,,Lillie's Determination,2
1,153,1,MAIN,my_discard,,Jamming Tower,1
1,153,1,MAIN,opp_discard,,Basic {D} Energy,2
1,153,1,MAIN,opp_discard,,Munkidori,1
1,153,1,MAIN,opp_discard,,Shaymin,1
1,153,1,MAIN,opp_discard,,Night Stretcher,2
1,153,1,MAIN,opp_discard,,Poké Pad,3
1,153,1,MAIN,opp_discard,,Boss’s Orders,1
1,153,1,MAIN,opp_discard,,Lillie's Determination,2
1,153,1,MAIN,my_unseen,,Basic {P} Energy,2
1,153,1,MAIN,my_unseen,,Dreepy,1
1,153,1,MAIN,my_unseen,,Drakloak,2
1,153,1,MAIN,my_unseen,,Dragapult ex,2
1,153,1,MAIN,my_unseen,,Fezandipiti ex,1
1,153,1,MAIN,my_unseen,,Budew,1
1,153,1,MAIN,my_unseen,,Meowth ex,1
1,153,1,MAIN,my_unseen,,Unfair Stamp,1
1,153,1,MAIN,my_unseen,,Buddy-Buddy Poffin,1
1,153,1,MAIN,my_unseen,,Night Stretcher,1
1,153,1,MAIN,my_unseen,,Crushing Hammer,1
1,153,1,MAIN,my_unseen,,Ultra Ball,2
1,153,1,MAIN,my_unseen,,Boss’s Orders,2
1,153,1,MAIN,my_unseen,,Crispin,1
1,153,1,MAIN,my_unseen,,Judge,1
1,153,1,MAIN,my_unseen,,Lillie's Determination,2
1,153,1,MAIN,my_unseen,,Jamming Tower,1
1,154,1,TO_BENCH,hand,0,Basic {P} Energy,1
1,154,1,TO_BENCH,my_discard,,Basic {R} Energy,4
1,154,1,TO_BENCH,my_discard,,Basic {P} Energy,1
1,154,1,TO_BENCH,my_discard,,Basic {D} Energy,1
1,154,1,TO_BENCH,my_discard,,Munkidori,2
1,154,1,TO_BENCH,my_discard,,Dreepy,1
1,154,1,TO_BENCH,my_discard,,Drakloak,1
1,154,1,TO_BENCH,my_discard,,Dragapult ex,1
1,154,1,TO_BENCH,my_discard,,Buddy-Buddy Poffin,2
1,154,1,TO_BENCH,my_discard,,Night Stretcher,1
1,154,1,TO_BENCH,my_discard,,Crushing Hammer,3
1,154,1,TO_BENCH,my_discard,,Ultra Ball,2
1,154,1,TO_BENCH,my_discard,,Poké Pad,4
1,154,1,TO_BENCH,my_discard,,Boss’s Orders,1
1,154,1,TO_BENCH,my_discard,,Crispin,2
1,154,1,TO_BENCH,my_discard,,Lillie's Determination,2
1,154,1,TO_BENCH,my_discard,,Jamming Tower,1
1,154,1,TO_BENCH,opp_discard,,Basic {D} Energy,2
1,154,1,TO_BENCH,opp_discard,,Munkidori,1
1,154,1,TO_BENCH,opp_discard,,Shaymin,1
1,154,1,TO_BENCH,opp_discard,,Night Stretcher,2
1,154,1,TO_BENCH,opp_discard,,Poké Pad,3
1,154,1,TO_BENCH,opp_discard,,Boss’s Orders,1
1,154,1,TO_BENCH,opp_discard,,Lillie's Determination,2
1,154,1,TO_BENCH,my_unseen,,Basic {P} Energy,2
1,154,1,TO_BENCH,my_unseen,,Dreepy,1
1,154,1,TO_BENCH,my_unseen,,Drakloak,2
1,154,1,TO_BENCH,my_unseen,,Dragapult ex,2
1,154,1,TO_BENCH,my_unseen,,Fezandipiti ex,1
1,154,1,TO_BENCH,my_unseen,,Budew,1
1,154,1,TO_BENCH,my_unseen,,Meowth ex,1
1,154,1,TO_BENCH,my_unseen,,Unfair Stamp,1
1,154,1,TO_BENCH,my_unseen,,Buddy-Buddy Poffin,1
1,154,1,TO_BENCH,my_unseen,,Night Stretcher,1
1,154,1,TO_BENCH,my_unseen,,Crushing Hammer,1
1,154,1,TO_BENCH,my_unseen,,Ultra Ball,2
1,154,1,TO_BENCH,my_unseen,,Boss’s Orders,2
1,154,1,TO_BENCH,my_unseen,,Crispin,1
1,154,1,TO_BENCH,my_unseen,,Judge,1
1,154,1,TO_BENCH,my_unseen,,Lillie's Determination,2
1,154,1,TO_BENCH,my_unseen,,Jamming Tower,1
1,155,1,MAIN,hand,0,Basic {P} Energy,1
1,155,1,MAIN,my_discard,,Basic {R} Energy,4
1,155,1,MAIN,my_discard,,Basic {P} Energy,1
1,155,1,MAIN,my_discard,,Basic {D} Energy,1
1,155,1,MAIN,my_discard,,Munkidori,2
1,155,1,MAIN,my_discard,,Dreepy,1
1,155,1,MAIN,my_discard,,Drakloak,1
1,155,1,MAIN,my_discard,,Dragapult ex,1
1,155,1,MAIN,my_discard,,Buddy-Buddy Poffin,3
1,155,1,MAIN,my_discard,,Night Stretcher,1
1,155,1,MAIN,my_discard,,Crushing Hammer,3
1,155,1,MAIN,my_discard,,Ultra Ball,2
1,155,1,MAIN,my_discard,,Poké Pad,4
1,155,1,MAIN,my_discard,,Boss’s Orders,1
1,155,1,MAIN,my_discard,,Crispin,2
1,155,1,MAIN,my_discard,,Lillie's Determination,2
1,155,1,MAIN,my_discard,,Jamming Tower,1
1,155,1,MAIN,opp_discard,,Basic {D} Energy,2
1,155,1,MAIN,opp_discard,,Munkidori,1
1,155,1,MAIN,opp_discard,,Shaymin,1
1,155,1,MAIN,opp_discard,,Night Stretcher,2
1,155,1,MAIN,opp_discard,,Poké Pad,3
1,155,1,MAIN,opp_discard,,Boss’s Orders,1
1,155,1,MAIN,opp_discard,,Lillie's Determination,2
1,155,1,MAIN,my_unseen,,Basic {P} Energy,2
1,155,1,MAIN,my_unseen,,Dreepy,1
1,155,1,MAIN,my_unseen,,Drakloak,2
1,155,1,MAIN,my_unseen,,Dragapult ex,2
1,155,1,MAIN,my_unseen,,Fezandipiti ex,1
1,155,1,MAIN,my_unseen,,Budew,1
1,155,1,MAIN,my_unseen,,Meowth ex,1
1,155,1,MAIN,my_unseen,,Unfair Stamp,1
1,155,1,MAIN,my_unseen,,Buddy-Buddy Poffin,1
1,155,1,MAIN,my_unseen,,Night Stretcher,1
1,155,1,MAIN,my_unseen,,Crushing Hammer,1
1,155,1,MAIN,my_unseen,,Ultra Ball,2
1,155,1,MAIN,my_unseen,,Boss’s Orders,2
1,155,1,MAIN,my_unseen,,Crispin,1
1,155,1,MAIN,my_unseen,,Judge,1
1,155,1,MAIN,my_unseen,,Lillie's Determination,2
1,155,1,MAIN,my_unseen,,Jamming Tower,1
1,156,1,MAIN,my_discard,,Basic {R} Energy,4
1,156,1,MAIN,my_discard,,Basic {P} Energy,1
1,156,1,MAIN,my_discard,,Basic {D} Energy,1
1,156,1,MAIN,my_discard,,Munkidori,2
1,156,1,MAIN,my_discard,,Dreepy,1
1,156,1,MAIN,my_discard,,Drakloak,1
1,156,1,MAIN,my_discard,,Dragapult ex,1
1,156,1,MAIN,my_discard,,Buddy-Buddy Poffin,3
1,156,1,MAIN,my_discard,,Night Stretcher,1
1,156,1,MAIN,my_discard,,Crushing Hammer,3
1,156,1,MAIN,my_discard,,Ultra Ball,2
1,156,1,MAIN,my_discard,,Poké Pad,4
1,156,1,MAIN,my_discard,,Boss’s Orders,1
1,156,1,MAIN,my_discard,,Crispin,2
1,156,1,MAIN,my_discard,,Lillie's Determination,2
1,156,1,MAIN,my_discard,,Jamming Tower,1
1,156,1,MAIN,opp_discard,,Basic {D} Energy,2
1,156,1,MAIN,opp_discard,,Munkidori,1
1,156,1,MAIN,opp_discard,,Shaymin,1
1,156,1,MAIN,opp_discard,,Night Stretcher,2
1,156,1,MAIN,opp_discard,,Poké Pad,3
1,156,1,MAIN,opp_discard,,Boss’s Orders,1
1,156,1,MAIN,opp_discard,,Lillie's Determination,2
1,156,1,MAIN,my_unseen,,Basic {P} Energy,2
1,156,1,MAIN,my_unseen,,Dreepy,1
1,156,1,MAIN,my_unseen,,Drakloak,2
1,156,1,MAIN,my_unseen,,Dragapult ex,2
1,156,1,MAIN,my_unseen,,Fezandipiti ex,1
1,156,1,MAIN,my_unseen,,Budew,1
1,156,1,MAIN,my_unseen,,Meowth ex,1
1,156,1,MAIN,my_unseen,,Unfair Stamp,1
1,156,1,MAIN,my_unseen,,Buddy-Buddy Poffin,1
1,156,1,MAIN,my_unseen,,Night Stretcher,1
1,156,1,MAIN,my_unseen,,Crushing Hammer,1
1,156,1,MAIN,my_unseen,,Ultra Ball,2
1,156,1,MAIN,my_unseen,,Boss’s Orders,2
1,156,1,MAIN,my_unseen,,Crispin,1
1,156,1,MAIN,my_unseen,,Judge,1
1,156,1,MAIN,my_unseen,,Lillie's Determination,2
1,156,1,MAIN,my_unseen,,Jamming Tower,1
1,157,1,TO_HAND,my_discard,,Basic {R} Energy,4
1,157,1,TO_HAND,my_discard,,Basic {P} Energy,1
1,157,1,TO_HAND,my_discard,,Basic {D} Energy,1
1,157,1,TO_HAND,my_discard,,Munkidori,2
1,157,1,TO_HAND,my_discard,,Dreepy,1
1,157,1,TO_HAND,my_discard,,Drakloak,1
1,157,1,TO_HAND,my_discard,,Dragapult ex,1
1,157,1,TO_HAND,my_discard,,Buddy-Buddy Poffin,3
1,157,1,TO_HAND,my_discard,,Night Stretcher,1
1,157,1,TO_HAND,my_discard,,Crushing Hammer,3
1,157,1,TO_HAND,my_discard,,Ultra Ball,2
1,157,1,TO_HAND,my_discard,,Poké Pad,4
1,157,1,TO_HAND,my_discard,,Boss’s Orders,1
1,157,1,TO_HAND,my_discard,,Crispin,2
1,157,1,TO_HAND,my_discard,,Lillie's Determination,2
1,157,1,TO_HAND,my_discard,,Jamming Tower,1
1,157,1,TO_HAND,opp_discard,,Basic {D} Energy,2
1,157,1,TO_HAND,opp_discard,,Munkidori,2
1,157,1,TO_HAND,opp_discard,,Shaymin,1
1,157,1,TO_HAND,opp_discard,,Night Stretcher,2
1,157,1,TO_HAND,opp_discard,,Poké Pad,3
1,157,1,TO_HAND,opp_discard,,Boss’s Orders,1
1,157,1,TO_HAND,opp_discard,,Lillie's Determination,2
1,157,1,TO_HAND,my_unseen,,Basic {P} Energy,2
1,157,1,TO_HAND,my_unseen,,Dreepy,1
1,157,1,TO_HAND,my_unseen,,Drakloak,2
1,157,1,TO_HAND,my_unseen,,Dragapult ex,2
1,157,1,TO_HAND,my_unseen,,Fezandipiti ex,1
1,157,1,TO_HAND,my_unseen,,Budew,1
1,157,1,TO_HAND,my_unseen,,Meowth ex,1
1,157,1,TO_HAND,my_unseen,,Unfair Stamp,1
1,157,1,TO_HAND,my_unseen,,Buddy-Buddy Poffin,1
1,157,1,TO_HAND,my_unseen,,Night Stretcher,1
1,157,1,TO_HAND,my_unseen,,Crushing Hammer,1
1,157,1,TO_HAND,my_unseen,,Ultra Ball,2
1,157,1,TO_HAND,my_unseen,,Boss’s Orders,2
1,157,1,TO_HAND,my_unseen,,Crispin,1
1,157,1,TO_HAND,my_unseen,,Judge,1
1,157,1,TO_HAND,my_unseen,,Lillie's Determination,2
1,157,1,TO_HAND,my_unseen,,Jamming Tower,1
1,158,0,MAIN,hand,0,Buddy-Buddy Poffin,1
1,158,0,MAIN,hand,1,Spikemuth Gym,1
1,158,0,MAIN,hand,2,Special Red Card,1
1,158,0,MAIN,hand,3,Buddy-Buddy Poffin,1
1,158,0,MAIN,hand,4,Buddy-Buddy Poffin,1
1,158,0,MAIN,hand,5,Buddy-Buddy Poffin,1
1,158,0,MAIN,hand,6,Munkidori,1
1,158,0,MAIN,hand,7,Marnie's Grimmsnarl ex,1
1,158,0,MAIN,hand,8,Marnie's Grimmsnarl ex,1
1,158,0,MAIN,hand,9,Team Rocket's Petrel,1
1,158,0,MAIN,hand,10,Budew,1
1,158,0,MAIN,hand,11,Marnie's Morgrem,1
1,158,0,MAIN,hand,12,Rare Candy,1
1,158,0,MAIN,hand,13,Marnie's Grimmsnarl ex,1
1,158,0,MAIN,hand,14,Basic {D} Energy,1
1,158,0,MAIN,my_discard,,Basic {D} Energy,2
1,158,0,MAIN,my_discard,,Munkidori,2
1,158,0,MAIN,my_discard,,Shaymin,1
1,158,0,MAIN,my_discard,,Night Stretcher,2
1,158,0,MAIN,my_discard,,Poké Pad,3
1,158,0,MAIN,my_discard,,Boss’s Orders,1
1,158,0,MAIN,my_discard,,Lillie's Determination,2
1,158,0,MAIN,opp_discard,,Basic {R} Energy,4
1,158,0,MAIN,opp_discard,,Basic {P} Energy,1
1,158,0,MAIN,opp_discard,,Basic {D} Energy,1
1,158,0,MAIN,opp_discard,,Munkidori,2
1,158,0,MAIN,opp_discard,,Dreepy,1
1,158,0,MAIN,opp_discard,,Drakloak,1
1,158,0,MAIN,opp_discard,,Dragapult ex,1
1,158,0,MAIN,opp_discard,,Buddy-Buddy Poffin,3
1,158,0,MAIN,opp_discard,,Night Stretcher,1
1,158,0,MAIN,opp_discard,,Crushing Hammer,3
1,158,0,MAIN,opp_discard,,Ultra Ball,2
1,158,0,MAIN,opp_discard,,Poké Pad,4
1,158,0,MAIN,opp_discard,,Boss’s Orders,1
1,158,0,MAIN,opp_discard,,Crispin,2
1,158,0,MAIN,opp_discard,,Lillie's Determination,2
1,158,0,MAIN,opp_discard,,Jamming Tower,1
1,158,0,MAIN,my_unseen,,Basic {D} Energy,5
1,158,0,MAIN,my_unseen,,Froslass,2
1,158,0,MAIN,my_unseen,,Marnie's Impidimp,1
1,158,0,MAIN,my_unseen,,Marnie's Morgrem,1
1,158,0,MAIN,my_unseen,,Snorunt,1
1,158,0,MAIN,my_unseen,,Rare Candy,1
1,158,0,MAIN,my_unseen,,Precious Trolley,1
1,158,0,MAIN,my_unseen,,Tool Scrapper,1
1,158,0,MAIN,my_unseen,,Poké Pad,1
1,158,0,MAIN,my_unseen,,Boss’s Orders,1
1,158,0,MAIN,my_unseen,,Team Rocket's Petrel,3
1,158,0,MAIN,my_unseen,,Lillie's Determination,2
1,158,0,MAIN,my_unseen,,Spikemuth Gym,2
1,158,0,MAIN,my_unseen,,Gwynn,1
1,159,0,MAIN,hand,0,Buddy-Buddy Poffin,1
1,159,0,MAIN,hand,1,Spikemuth Gym,1
1,159,0,MAIN,hand,2,Special Red Card,1
1,159,0,MAIN,hand,3,Buddy-Buddy Poffin,1
1,159,0,MAIN,hand,4,Buddy-Buddy Poffin,1
1,159,0,MAIN,hand,5,Buddy-Buddy Poffin,1
1,159,0,MAIN,hand,6,Marnie's Grimmsnarl ex,1
1,159,0,MAIN,hand,7,Marnie's Grimmsnarl ex,1
1,159,0,MAIN,hand,8,Team Rocket's Petrel,1
1,159,0,MAIN,hand,9,Budew,1
1,159,0,MAIN,hand,10,Marnie's Morgrem,1
1,159,0,MAIN,hand,11,Rare Candy,1
1,159,0,MAIN,hand,12,Marnie's Grimmsnarl ex,1
1,159,0,MAIN,hand,13,Basic {D} Energy,1
1,159,0,MAIN,my_discard,,Basic {D} Energy,2
1,159,0,MAIN,my_discard,,Munkidori,2
1,159,0,MAIN,my_discard,,Shaymin,1
1,159,0,MAIN,my_discard,,Night Stretcher,2
1,159,0,MAIN,my_discard,,Poké Pad,3
1,159,0,MAIN,my_discard,,Boss’s Orders,1
1,159,0,MAIN,my_discard,,Lillie's Determination,2
1,159,0,MAIN,opp_discard,,Basic {R} Energy,4
1,159,0,MAIN,opp_discard,,Basic {P} Energy,1
1,159,0,MAIN,opp_discard,,Basic {D} Energy,1
1,159,0,MAIN,opp_discard,,Munkidori,2
1,159,0,MAIN,opp_discard,,Dreepy,1
1,159,0,MAIN,opp_discard,,Drakloak,1
1,159,0,MAIN,opp_discard,,Dragapult ex,1
1,159,0,MAIN,opp_discard,,Buddy-Buddy Poffin,3
1,159,0,MAIN,opp_discard,,Night Stretcher,1
1,159,0,MAIN,opp_discard,,Crushing Hammer,3
1,159,0,MAIN,opp_discard,,Ultra Ball,2
1,159,0,MAIN,opp_discard,,Poké Pad,4
1,159,0,MAIN,opp_discard,,Boss’s Orders,1
1,159,0,MAIN,opp_discard,,Crispin,2
1,159,0,MAIN,opp_discard,,Lillie's Determination,2
1,159,0,MAIN,opp_discard,,Jamming Tower,1
1,159,0,MAIN,my_unseen,,Basic {D} Energy,5
1,159,0,MAIN,my_unseen,,Froslass,2
1,159,0,MAIN,my_unseen,,Marnie's Impidimp,1
1,159,0,MAIN,my_unseen,,Marnie's Morgrem,1
1,159,0,MAIN,my_unseen,,Snorunt,1
1,159,0,MAIN,my_unseen,,Rare Candy,1
1,159,0,MAIN,my_unseen,,Precious Trolley,1
1,159,0,MAIN,my_unseen,,Tool Scrapper,1
1,159,0,MAIN,my_unseen,,Poké Pad,1
1,159,0,MAIN,my_unseen,,Boss’s Orders,1
1,159,0,MAIN,my_unseen,,Team Rocket's Petrel,3
1,159,0,MAIN,my_unseen,,Lillie's Determination,2
1,159,0,MAIN,my_unseen,,Spikemuth Gym,2
1,159,0,MAIN,my_unseen,,Gwynn,1
1,160,0,EVOLVE,hand,0,Buddy-Buddy Poffin,1
1,160,0,EVOLVE,hand,1,Spikemuth Gym,1
1,160,0,EVOLVE,hand,2,Special Red Card,1
1,160,0,EVOLVE,hand,3,Buddy-Buddy Poffin,1
1,160,0,EVOLVE,hand,4,Buddy-Buddy Poffin,1
1,160,0,EVOLVE,hand,5,Buddy-Buddy Poffin,1
1,160,0,EVOLVE,hand,6,Marnie's Grimmsnarl ex,1
1,160,0,EVOLVE,hand,7,Marnie's Grimmsnarl ex,1
1,160,0,EVOLVE,hand,8,Team Rocket's Petrel,1
1,160,0,EVOLVE,hand,9,Budew,1
1,160,0,EVOLVE,hand,10,Marnie's Morgrem,1
1,160,0,EVOLVE,hand,11,Marnie's Grimmsnarl ex,1
1,160,0,EVOLVE,hand,12,Basic {D} Energy,1
1,160,0,EVOLVE,my_discard,,Basic {D} Energy,2
1,160,0,EVOLVE,my_discard,,Munkidori,2
1,160,0,EVOLVE,my_discard,,Shaymin,1
1,160,0,EVOLVE,my_discard,,Night Stretcher,2
1,160,0,EVOLVE,my_discard,,Poké Pad,3
1,160,0,EVOLVE,my_discard,,Boss’s Orders,1
1,160,0,EVOLVE,my_discard,,Lillie's Determination,2
1,160,0,EVOLVE,opp_discard,,Basic {R} Energy,4
1,160,0,EVOLVE,opp_discard,,Basic {P} Energy,1
1,160,0,EVOLVE,opp_discard,,Basic {D} Energy,1
1,160,0,EVOLVE,opp_discard,,Munkidori,2
1,160,0,EVOLVE,opp_discard,,Dreepy,1
1,160,0,EVOLVE,opp_discard,,Drakloak,1
1,160,0,EVOLVE,opp_discard,,Dragapult ex,1
1,160,0,EVOLVE,opp_discard,,Buddy-Buddy Poffin,3
1,160,0,EVOLVE,opp_discard,,Night Stretcher,1
1,160,0,EVOLVE,opp_discard,,Crushing Hammer,3
1,160,0,EVOLVE,opp_discard,,Ultra Ball,2
1,160,0,EVOLVE,opp_discard,,Poké Pad,4
1,160,0,EVOLVE,opp_discard,,Boss’s Orders,1
1,160,0,EVOLVE,opp_discard,,Crispin,2
1,160,0,EVOLVE,opp_discard,,Lillie's Determination,2
1,160,0,EVOLVE,opp_discard,,Jamming Tower,1
1,160,0,EVOLVE,my_unseen,,Basic {D} Energy,5
1,160,0,EVOLVE,my_unseen,,Froslass,2
1,160,0,EVOLVE,my_unseen,,Marnie's Impidimp,1
1,160,0,EVOLVE,my_unseen,,Marnie's Morgrem,1
1,160,0,EVOLVE,my_unseen,,Snorunt,1
1,160,0,EVOLVE,my_unseen,,Rare Candy,1
1,160,0,EVOLVE,my_unseen,,Precious Trolley,1
1,160,0,EVOLVE,my_unseen,,Tool Scrapper,1
1,160,0,EVOLVE,my_unseen,,Poké Pad,1
1,160,0,EVOLVE,my_unseen,,Boss’s Orders,1
1,160,0,EVOLVE,my_unseen,,Team Rocket's Petrel,3
1,160,0,EVOLVE,my_unseen,,Lillie's Determination,2
1,160,0,EVOLVE,my_unseen,,Spikemuth Gym,2
1,160,0,EVOLVE,my_unseen,,Gwynn,1
1,161,0,ACTIVATE,hand,0,Buddy-Buddy Poffin,1
1,161,0,ACTIVATE,hand,1,Spikemuth Gym,1
1,161,0,ACTIVATE,hand,2,Special Red Card,1
1,161,0,ACTIVATE,hand,3,Buddy-Buddy Poffin,1
1,161,0,ACTIVATE,hand,4,Buddy-Buddy Poffin,1
1,161,0,ACTIVATE,hand,5,Buddy-Buddy Poffin,1
1,161,0,ACTIVATE,hand,6,Marnie's Grimmsnarl ex,1
1,161,0,ACTIVATE,hand,7,Team Rocket's Petrel,1
1,161,0,ACTIVATE,hand,8,Budew,1
1,161,0,ACTIVATE,hand,9,Marnie's Morgrem,1
1,161,0,ACTIVATE,hand,10,Marnie's Grimmsnarl ex,1
1,161,0,ACTIVATE,hand,11,Basic {D} Energy,1
1,161,0,ACTIVATE,my_discard,,Basic {D} Energy,2
1,161,0,ACTIVATE,my_discard,,Munkidori,2
1,161,0,ACTIVATE,my_discard,,Shaymin,1
1,161,0,ACTIVATE,my_discard,,Rare Candy,1
1,161,0,ACTIVATE,my_discard,,Night Stretcher,2
1,161,0,ACTIVATE,my_discard,,Poké Pad,3
1,161,0,ACTIVATE,my_discard,,Boss’s Orders,1
1,161,0,ACTIVATE,my_discard,,Lillie's Determination,2
1,161,0,ACTIVATE,opp_discard,,Basic {R} Energy,4
1,161,0,ACTIVATE,opp_discard,,Basic {P} Energy,1
1,161,0,ACTIVATE,opp_discard,,Basic {D} Energy,1
1,161,0,ACTIVATE,opp_discard,,Munkidori,2
1,161,0,ACTIVATE,opp_discard,,Dreepy,1
1,161,0,ACTIVATE,opp_discard,,Drakloak,1
1,161,0,ACTIVATE,opp_discard,,Dragapult ex,1
1,161,0,ACTIVATE,opp_discard,,Buddy-Buddy Poffin,3
1,161,0,ACTIVATE,opp_discard,,Night Stretcher,1
1,161,0,ACTIVATE,opp_discard,,Crushing Hammer,3
1,161,0,ACTIVATE,opp_discard,,Ultra Ball,2
1,161,0,ACTIVATE,opp_discard,,Poké Pad,4
1,161,0,ACTIVATE,opp_discard,,Boss’s Orders,1
1,161,0,ACTIVATE,opp_discard,,Crispin,2
1,161,0,ACTIVATE,opp_discard,,Lillie's Determination,2
1,161,0,ACTIVATE,opp_discard,,Jamming Tower,1
1,161,0,ACTIVATE,my_unseen,,Basic {D} Energy,5
1,161,0,ACTIVATE,my_unseen,,Froslass,2
1,161,0,ACTIVATE,my_unseen,,Marnie's Impidimp,1
1,161,0,ACTIVATE,my_unseen,,Marnie's Morgrem,1
1,161,0,ACTIVATE,my_unseen,,Snorunt,1
1,161,0,ACTIVATE,my_unseen,,Rare Candy,1
1,161,0,ACTIVATE,my_unseen,,Precious Trolley,1
1,161,0,ACTIVATE,my_unseen,,Tool Scrapper,1
1,161,0,ACTIVATE,my_unseen,,Poké Pad,1
1,161,0,ACTIVATE,my_unseen,,Boss’s Orders,1
1,161,0,ACTIVATE,my_unseen,,Team Rocket's Petrel,3
1,161,0,ACTIVATE,my_unseen,,Lillie's Determination,2
1,161,0,ACTIVATE,my_unseen,,Spikemuth Gym,2
1,161,0,ACTIVATE,my_unseen,,Gwynn,1
1,162,0,MAIN,hand,0,Buddy-Buddy Poffin,1
1,162,0,MAIN,hand,1,Spikemuth Gym,1
1,162,0,MAIN,hand,2,Special Red Card,1
1,162,0,MAIN,hand,3,Buddy-Buddy Poffin,1
1,162,0,MAIN,hand,4,Buddy-Buddy Poffin,1
1,162,0,MAIN,hand,5,Buddy-Buddy Poffin,1
1,162,0,MAIN,hand,6,Marnie's Grimmsnarl ex,1
1,162,0,MAIN,hand,7,Team Rocket's Petrel,1
1,162,0,MAIN,hand,8,Budew,1
1,162,0,MAIN,hand,9,Marnie's Morgrem,1
1,162,0,MAIN,hand,10,Marnie's Grimmsnarl ex,1
1,162,0,MAIN,hand,11,Basic {D} Energy,1
1,162,0,MAIN,my_discard,,Basic {D} Energy,2
1,162,0,MAIN,my_discard,,Munkidori,2
1,162,0,MAIN,my_discard,,Shaymin,1
1,162,0,MAIN,my_discard,,Rare Candy,1
1,162,0,MAIN,my_discard,,Night Stretcher,2
1,162,0,MAIN,my_discard,,Poké Pad,3
1,162,0,MAIN,my_discard,,Boss’s Orders,1
1,162,0,MAIN,my_discard,,Lillie's Determination,2
1,162,0,MAIN,opp_discard,,Basic {R} Energy,4
1,162,0,MAIN,opp_discard,,Basic {P} Energy,1
1,162,0,MAIN,opp_discard,,Basic {D} Energy,1
1,162,0,MAIN,opp_discard,,Munkidori,2
1,162,0,MAIN,opp_discard,,Dreepy,1
1,162,0,MAIN,opp_discard,,Drakloak,1
1,162,0,MAIN,opp_discard,,Dragapult ex,1
1,162,0,MAIN,opp_discard,,Buddy-Buddy Poffin,3
1,162,0,MAIN,opp_discard,,Night Stretcher,1
1,162,0,MAIN,opp_discard,,Crushing Hammer,3
1,162,0,MAIN,opp_discard,,Ultra Ball,2
1,162,0,MAIN,opp_discard,,Poké Pad,4
1,162,0,MAIN,opp_discard,,Boss’s Orders,1
1,162,0,MAIN,opp_discard,,Crispin,2
1,162,0,MAIN,opp_discard,,Lillie's Determination,2
1,162,0,MAIN,opp_discard,,Jamming Tower,1
1,162,0,MAIN,my_unseen,,Basic {D} Energy,5
1,162,0,MAIN,my_unseen,,Froslass,2
1,162,0,MAIN,my_unseen,,Marnie's Impidimp,1
1,162,0,MAIN,my_unseen,,Marnie's Morgrem,1
1,162,0,MAIN,my_unseen,,Snorunt,1
1,162,0,MAIN,my_unseen,,Rare Candy,1
1,162,0,MAIN,my_unseen,,Precious Trolley,1
1,162,0,MAIN,my_unseen,,Tool Scrapper,1
1,162,0,MAIN,my_unseen,,Poké Pad,1
1,162,0,MAIN,my_unseen,,Boss’s Orders,1
1,162,0,MAIN,my_unseen,,Team Rocket's Petrel,3
1,162,0,MAIN,my_unseen,,Lillie's Determination,2
1,162,0,MAIN,my_unseen,,Spikemuth Gym,2
1,162,0,MAIN,my_unseen,,Gwynn,1
1,163,0,TO_HAND,hand,0,Buddy-Buddy Poffin,1
1,163,0,TO_HAND,hand,1,Spikemuth Gym,1
1,163,0,TO_HAND,hand,2,Special Red Card,1
1,163,0,TO_HAND,hand,3,Buddy-Buddy Poffin,1
1,163,0,TO_HAND,hand,4,Buddy-Buddy Poffin,1
1,163,0,TO_HAND,hand,5,Buddy-Buddy Poffin,1
1,163,0,TO_HAND,hand,6,Marnie's Grimmsnarl ex,1
1,163,0,TO_HAND,hand,7,Budew,1
1,163,0,TO_HAND,hand,8,Marnie's Morgrem,1
1,163,0,TO_HAND,hand,9,Marnie's Grimmsnarl ex,1
1,163,0,TO_HAND,hand,10,Basic {D} Energy,1
1,163,0,TO_HAND,my_discard,,Basic {D} Energy,2
1,163,0,TO_HAND,my_discard,,Munkidori,2
1,163,0,TO_HAND,my_discard,,Shaymin,1
1,163,0,TO_HAND,my_discard,,Rare Candy,1
1,163,0,TO_HAND,my_discard,,Night Stretcher,2
1,163,0,TO_HAND,my_discard,,Poké Pad,3
1,163,0,TO_HAND,my_discard,,Boss’s Orders,1
1,163,0,TO_HAND,my_discard,,Lillie's Determination,2
1,163,0,TO_HAND,opp_discard,,Basic {R} Energy,4
1,163,0,TO_HAND,opp_discard,,Basic {P} Energy,1
1,163,0,TO_HAND,opp_discard,,Basic {D} Energy,1
1,163,0,TO_HAND,opp_discard,,Munkidori,2
1,163,0,TO_HAND,opp_discard,,Dreepy,1
1,163,0,TO_HAND,opp_discard,,Drakloak,1
1,163,0,TO_HAND,opp_discard,,Dragapult ex,1
1,163,0,TO_HAND,opp_discard,,Buddy-Buddy Poffin,3
1,163,0,TO_HAND,opp_discard,,Night Stretcher,1
1,163,0,TO_HAND,opp_discard,,Crushing Hammer,3
1,163,0,TO_HAND,opp_discard,,Ultra Ball,2
1,163,0,TO_HAND,opp_discard,,Poké Pad,4
1,163,0,TO_HAND,opp_discard,,Boss’s Orders,1
1,163,0,TO_HAND,opp_discard,,Crispin,2
1,163,0,TO_HAND,opp_discard,,Lillie's Determination,2
1,163,0,TO_HAND,opp_discard,,Jamming Tower,1
1,163,0,TO_HAND,my_unseen,,Basic {D} Energy,5
1,163,0,TO_HAND,my_unseen,,Froslass,2
1,163,0,TO_HAND,my_unseen,,Marnie's Impidimp,1
1,163,0,TO_HAND,my_unseen,,Marnie's Morgrem,1
1,163,0,TO_HAND,my_unseen,,Snorunt,1
1,163,0,TO_HAND,my_unseen,,Rare Candy,1
1,163,0,TO_HAND,my_unseen,,Precious Trolley,1
1,163,0,TO_HAND,my_unseen,,Tool Scrapper,1
1,163,0,TO_HAND,my_unseen,,Poké Pad,1
1,163,0,TO_HAND,my_unseen,,Boss’s Orders,1
1,163,0,TO_HAND,my_unseen,,Team Rocket's Petrel,3
1,163,0,TO_HAND,my_unseen,,Lillie's Determination,2
1,163,0,TO_HAND,my_unseen,,Spikemuth Gym,2
1,163,0,TO_HAND,my_unseen,,Gwynn,1
1,164,0,MAIN,hand,0,Buddy-Buddy Poffin,1
1,164,0,MAIN,hand,1,Spikemuth Gym,1
1,164,0,MAIN,hand,2,Special Red Card,1
1,164,0,MAIN,hand,3,Buddy-Buddy Poffin,1
1,164,0,MAIN,hand,4,Buddy-Buddy Poffin,1
1,164,0,MAIN,hand,5,Buddy-Buddy Poffin,1
1,164,0,MAIN,hand,6,Marnie's Grimmsnarl ex,1
1,164,0,MAIN,hand,7,Budew,1
1,164,0,MAIN,hand,8,Marnie's Morgrem,1
1,164,0,MAIN,hand,9,Marnie's Grimmsnarl ex,1
1,164,0,MAIN,hand,10,Basic {D} Energy,1
1,164,0,MAIN,hand,11,Poké Pad,1
1,164,0,MAIN,my_discard,,Basic {D} Energy,2
1,164,0,MAIN,my_discard,,Munkidori,2
1,164,0,MAIN,my_discard,,Shaymin,1
1,164,0,MAIN,my_discard,,Rare Candy,1
1,164,0,MAIN,my_discard,,Night Stretcher,2
1,164,0,MAIN,my_discard,,Poké Pad,3
1,164,0,MAIN,my_discard,,Boss’s Orders,1
1,164,0,MAIN,my_discard,,Team Rocket's Petrel,1
1,164,0,MAIN,my_discard,,Lillie's Determination,2
1,164,0,MAIN,opp_discard,,Basic {R} Energy,4
1,164,0,MAIN,opp_discard,,Basic {P} Energy,1
1,164,0,MAIN,opp_discard,,Basic {D} Energy,1
1,164,0,MAIN,opp_discard,,Munkidori,2
1,164,0,MAIN,opp_discard,,Dreepy,1
1,164,0,MAIN,opp_discard,,Drakloak,1
1,164,0,MAIN,opp_discard,,Dragapult ex,1
1,164,0,MAIN,opp_discard,,Buddy-Buddy Poffin,3
1,164,0,MAIN,opp_discard,,Night Stretcher,1
1,164,0,MAIN,opp_discard,,Crushing Hammer,3
1,164,0,MAIN,opp_discard,,Ultra Ball,2
1,164,0,MAIN,opp_discard,,Poké Pad,4
1,164,0,MAIN,opp_discard,,Boss’s Orders,1
1,164,0,MAIN,opp_discard,,Crispin,2
1,164,0,MAIN,opp_discard,,Lillie's Determination,2
1,164,0,MAIN,opp_discard,,Jamming Tower,1
1,164,0,MAIN,my_unseen,,Basic {D} Energy,5
1,164,0,MAIN,my_unseen,,Froslass,2
1,164,0,MAIN,my_unseen,,Marnie's Impidimp,1
1,164,0,MAIN,my_unseen,,Marnie's Morgrem,1
1,164,0,MAIN,my_unseen,,Snorunt,1
1,164,0,MAIN,my_unseen,,Rare Candy,1
1,164,0,MAIN,my_unseen,,Precious Trolley,1
1,164,0,MAIN,my_unseen,,Tool Scrapper,1
1,164,0,MAIN,my_unseen,,Boss’s Orders,1
1,164,0,MAIN,my_unseen,,Team Rocket's Petrel,3
1,164,0,MAIN,my_unseen,,Lillie's Determination,2
1,164,0,MAIN,my_unseen,,Spikemuth Gym,2
1,164,0,MAIN,my_unseen,,Gwynn,1
1,165,0,MAIN,hand,0,Buddy-Buddy Poffin,1
1,165,0,MAIN,hand,1,Spikemuth Gym,1
1,165,0,MAIN,hand,2,Special Red Card,1
1,165,0,MAIN,hand,3,Buddy-Buddy Poffin,1
1,165,0,MAIN,hand,4,Buddy-Buddy Poffin,1
1,165,0,MAIN,hand,5,Buddy-Buddy Poffin,1
1,165,0,MAIN,hand,6,Marnie's Grimmsnarl ex,1
1,165,0,MAIN,hand,7,Budew,1
1,165,0,MAIN,hand,8,Marnie's Morgrem,1
1,165,0,MAIN,hand,9,Marnie's Grimmsnarl ex,1
1,165,0,MAIN,hand,10,Poké Pad,1
1,165,0,MAIN,my_discard,,Basic {D} Energy,2
1,165,0,MAIN,my_discard,,Munkidori,2
1,165,0,MAIN,my_discard,,Shaymin,1
1,165,0,MAIN,my_discard,,Rare Candy,1
1,165,0,MAIN,my_discard,,Night Stretcher,2
1,165,0,MAIN,my_discard,,Poké Pad,3
1,165,0,MAIN,my_discard,,Boss’s Orders,1
1,165,0,MAIN,my_discard,,Team Rocket's Petrel,1
1,165,0,MAIN,my_discard,,Lillie's Determination,2
1,165,0,MAIN,opp_discard,,Basic {R} Energy,4
1,165,0,MAIN,opp_discard,,Basic {P} Energy,1
1,165,0,MAIN,opp_discard,,Basic {D} Energy,1
1,165,0,MAIN,opp_discard,,Munkidori,2
1,165,0,MAIN,opp_discard,,Dreepy,1
1,165,0,MAIN,opp_discard,,Drakloak,1
1,165,0,MAIN,opp_discard,,Dragapult ex,1
1,165,0,MAIN,opp_discard,,Buddy-Buddy Poffin,3
1,165,0,MAIN,opp_discard,,Night Stretcher,1
1,165,0,MAIN,opp_discard,,Crushing Hammer,3
1,165,0,MAIN,opp_discard,,Ultra Ball,2
1,165,0,MAIN,opp_discard,,Poké Pad,4
1,165,0,MAIN,opp_discard,,Boss’s Orders,1
1,165,0,MAIN,opp_discard,,Crispin,2
1,165,0,MAIN,opp_discard,,Lillie's Determination,2
1,165,0,MAIN,opp_discard,,Jamming Tower,1
1,165,0,MAIN,my_unseen,,Basic {D} Energy,5
1,165,0,MAIN,my_unseen,,Froslass,2
1,165,0,MAIN,my_unseen,,Marnie's Impidimp,1
1,165,0,MAIN,my_unseen,,Marnie's Morgrem,1
1,165,0,MAIN,my_unseen,,Snorunt,1
1,165,0,MAIN,my_unseen,,Rare Candy,1
1,165,0,MAIN,my_unseen,,Precious Trolley,1
1,165,0,MAIN,my_unseen,,Tool Scrapper,1
1,165,0,MAIN,my_unseen,,Boss’s Orders,1
1,165,0,MAIN,my_unseen,,Team Rocket's Petrel,3
1,165,0,MAIN,my_unseen,,Lillie's Determination,2
1,165,0,MAIN,my_unseen,,Spikemuth Gym,2
1,165,0,MAIN,my_unseen,,Gwynn,1
1,166,0,MAIN,hand,0,Buddy-Buddy Poffin,1
1,166,0,MAIN,hand,1,Spikemuth Gym,1
1,166,0,MAIN,hand,2,Special Red Card,1
1,166,0,MAIN,hand,3,Buddy-Buddy Poffin,1
1,166,0,MAIN,hand,4,Buddy-Buddy Poffin,1
1,166,0,MAIN,hand,5,Buddy-Buddy Poffin,1
1,166,0,MAIN,hand,6,Marnie's Grimmsnarl ex,1
1,166,0,MAIN,hand,7,Budew,1
1,166,0,MAIN,hand,8,Marnie's Morgrem,1
1,166,0,MAIN,hand,9,Marnie's Grimmsnarl ex,1
1,166,0,MAIN,hand,10,Poké Pad,1
1,166,0,MAIN,my_discard,,Basic {D} Energy,2
1,166,0,MAIN,my_discard,,Munkidori,2
1,166,0,MAIN,my_discard,,Shaymin,1
1,166,0,MAIN,my_discard,,Rare Candy,1
1,166,0,MAIN,my_discard,,Night Stretcher,2
1,166,0,MAIN,my_discard,,Poké Pad,3
1,166,0,MAIN,my_discard,,Boss’s Orders,1
1,166,0,MAIN,my_discard,,Team Rocket's Petrel,1
1,166,0,MAIN,my_discard,,Lillie's Determination,2
1,166,0,MAIN,opp_discard,,Basic {R} Energy,4
1,166,0,MAIN,opp_discard,,Basic {P} Energy,1
1,166,0,MAIN,opp_discard,,Basic {D} Energy,1
1,166,0,MAIN,opp_discard,,Munkidori,2
1,166,0,MAIN,opp_discard,,Dreepy,1
1,166,0,MAIN,opp_discard,,Drakloak,1
1,166,0,MAIN,opp_discard,,Dragapult ex,1
1,166,0,MAIN,opp_discard,,Buddy-Buddy Poffin,3
1,166,0,MAIN,opp_discard,,Night Stretcher,1
1,166,0,MAIN,opp_discard,,Crushing Hammer,3
1,166,0,MAIN,opp_discard,,Ultra Ball,2
1,166,0,MAIN,opp_discard,,Poké Pad,4
1,166,0,MAIN,opp_discard,,Boss’s Orders,1
1,166,0,MAIN,opp_discard,,Crispin,2
1,166,0,MAIN,opp_discard,,Lillie's Determination,2
1,166,0,MAIN,opp_discard,,Jamming Tower,1
1,166,0,MAIN,my_unseen,,Basic {D} Energy,5
1,166,0,MAIN,my_unseen,,Froslass,2
1,166,0,MAIN,my_unseen,,Marnie's Impidimp,1
1,166,0,MAIN,my_unseen,,Marnie's Morgrem,1
1,166,0,MAIN,my_unseen,,Snorunt,1
1,166,0,MAIN,my_unseen,,Rare Candy,1
1,166,0,MAIN,my_unseen,,Precious Trolley,1
1,166,0,MAIN,my_unseen,,Tool Scrapper,1
1,166,0,MAIN,my_unseen,,Boss’s Orders,1
1,166,0,MAIN,my_unseen,,Team Rocket's Petrel,3
1,166,0,MAIN,my_unseen,,Lillie's Determination,2
1,166,0,MAIN,my_unseen,,Spikemuth Gym,2
1,166,0,MAIN,my_unseen,,Gwynn,1
1,167,0,SWITCH,hand,0,Buddy-Buddy Poffin,1
1,167,0,SWITCH,hand,1,Spikemuth Gym,1
1,167,0,SWITCH,hand,2,Special Red Card,1
1,167,0,SWITCH,hand,3,Buddy-Buddy Poffin,1
1,167,0,SWITCH,hand,4,Buddy-Buddy Poffin,1
1,167,0,SWITCH,hand,5,Buddy-Buddy Poffin,1
1,167,0,SWITCH,hand,6,Marnie's Grimmsnarl ex,1
1,167,0,SWITCH,hand,7,Budew,1
1,167,0,SWITCH,hand,8,Marnie's Morgrem,1
1,167,0,SWITCH,hand,9,Marnie's Grimmsnarl ex,1
1,167,0,SWITCH,hand,10,Poké Pad,1
1,167,0,SWITCH,my_discard,,Basic {D} Energy,2
1,167,0,SWITCH,my_discard,,Munkidori,2
1,167,0,SWITCH,my_discard,,Shaymin,1
1,167,0,SWITCH,my_discard,,Rare Candy,1
1,167,0,SWITCH,my_discard,,Night Stretcher,2
1,167,0,SWITCH,my_discard,,Poké Pad,3
1,167,0,SWITCH,my_discard,,Boss’s Orders,1
1,167,0,SWITCH,my_discard,,Team Rocket's Petrel,1
1,167,0,SWITCH,my_discard,,Lillie's Determination,2
1,167,0,SWITCH,opp_discard,,Basic {R} Energy,4
1,167,0,SWITCH,opp_discard,,Basic {P} Energy,1
1,167,0,SWITCH,opp_discard,,Basic {D} Energy,1
1,167,0,SWITCH,opp_discard,,Munkidori,2
1,167,0,SWITCH,opp_discard,,Dreepy,1
1,167,0,SWITCH,opp_discard,,Drakloak,1
1,167,0,SWITCH,opp_discard,,Dragapult ex,1
1,167,0,SWITCH,opp_discard,,Buddy-Buddy Poffin,3
1,167,0,SWITCH,opp_discard,,Night Stretcher,1
1,167,0,SWITCH,opp_discard,,Crushing Hammer,3
1,167,0,SWITCH,opp_discard,,Ultra Ball,2
1,167,0,SWITCH,opp_discard,,Poké Pad,4
1,167,0,SWITCH,opp_discard,,Boss’s Orders,1
1,167,0,SWITCH,opp_discard,,Crispin,2
1,167,0,SWITCH,opp_discard,,Lillie's Determination,2
1,167,0,SWITCH,opp_discard,,Jamming Tower,1
1,167,0,SWITCH,my_unseen,,Basic {D} Energy,5
1,167,0,SWITCH,my_unseen,,Froslass,2
1,167,0,SWITCH,my_unseen,,Marnie's Impidimp,1
1,167,0,SWITCH,my_unseen,,Marnie's Morgrem,1
1,167,0,SWITCH,my_unseen,,Snorunt,1
1,167,0,SWITCH,my_unseen,,Rare Candy,1
1,167,0,SWITCH,my_unseen,,Precious Trolley,1
1,167,0,SWITCH,my_unseen,,Tool Scrapper,1
1,167,0,SWITCH,my_unseen,,Boss’s Orders,1
1,167,0,SWITCH,my_unseen,,Team Rocket's Petrel,3
1,167,0,SWITCH,my_unseen,,Lillie's Determination,2
1,167,0,SWITCH,my_unseen,,Spikemuth Gym,2
1,167,0,SWITCH,my_unseen,,Gwynn,1
1,168,0,MAIN,hand,0,Buddy-Buddy Poffin,1
1,168,0,MAIN,hand,1,Spikemuth Gym,1
1,168,0,MAIN,hand,2,Special Red Card,1
1,168,0,MAIN,hand,3,Buddy-Buddy Poffin,1
1,168,0,MAIN,hand,4,Buddy-Buddy Poffin,1
1,168,0,MAIN,hand,5,Buddy-Buddy Poffin,1
1,168,0,MAIN,hand,6,Marnie's Grimmsnarl ex,1
1,168,0,MAIN,hand,7,Budew,1
1,168,0,MAIN,hand,8,Marnie's Morgrem,1
1,168,0,MAIN,hand,9,Marnie's Grimmsnarl ex,1
1,168,0,MAIN,hand,10,Poké Pad,1
1,168,0,MAIN,my_discard,,Basic {D} Energy,2
1,168,0,MAIN,my_discard,,Munkidori,2
1,168,0,MAIN,my_discard,,Shaymin,1
1,168,0,MAIN,my_discard,,Rare Candy,1
1,168,0,MAIN,my_discard,,Night Stretcher,2
1,168,0,MAIN,my_discard,,Poké Pad,3
1,168,0,MAIN,my_discard,,Boss’s Orders,1
1,168,0,MAIN,my_discard,,Team Rocket's Petrel,1
1,168,0,MAIN,my_discard,,Lillie's Determination,2
1,168,0,MAIN,opp_discard,,Basic {R} Energy,4
1,168,0,MAIN,opp_discard,,Basic {P} Energy,1
1,168,0,MAIN,opp_discard,,Basic {D} Energy,1
1,168,0,MAIN,opp_discard,,Munkidori,2
1,168,0,MAIN,opp_discard,,Dreepy,1
1,168,0,MAIN,opp_discard,,Drakloak,1
1,168,0,MAIN,opp_discard,,Dragapult ex,1
1,168,0,MAIN,opp_discard,,Buddy-Buddy Poffin,3
1,168,0,MAIN,opp_discard,,Night Stretcher,1
1,168,0,MAIN,opp_discard,,Crushing Hammer,3
1,168,0,MAIN,opp_discard,,Ultra Ball,2
1,168,0,MAIN,opp_discard,,Poké Pad,4
1,168,0,MAIN,opp_discard,,Boss’s Orders,1
1,168,0,MAIN,opp_discard,,Crispin,2
1,168,0,MAIN,opp_discard,,Lillie's Determination,2
1,168,0,MAIN,opp_discard,,Jamming Tower,1
1,168,0,MAIN,my_unseen,,Basic {D} Energy,5
1,168,0,MAIN,my_unseen,,Froslass,2
1,168,0,MAIN,my_unseen,,Marnie's Impidimp,1
1,168,0,MAIN,my_unseen,,Marnie's Morgrem,1
1,168,0,MAIN,my_unseen,,Snorunt,1
1,168,0,MAIN,my_unseen,,Rare Candy,1
1,168,0,MAIN,my_unseen,,Precious Trolley,1
1,168,0,MAIN,my_unseen,,Tool Scrapper,1
1,168,0,MAIN,my_unseen,,Boss’s Orders,1
1,168,0,MAIN,my_unseen,,Team Rocket's Petrel,3
1,168,0,MAIN,my_unseen,,Lillie's Determination,2
1,168,0,MAIN,my_unseen,,Spikemuth Gym,2
1,168,0,MAIN,my_unseen,,Gwynn,1
1,169,0,TO_HAND,hand,0,Buddy-Buddy Poffin,1
1,169,0,TO_HAND,hand,1,Spikemuth Gym,1
1,169,0,TO_HAND,hand,2,Special Red Card,1
1,169,0,TO_HAND,hand,3,Buddy-Buddy Poffin,1
1,169,0,TO_HAND,hand,4,Buddy-Buddy Poffin,1
1,169,0,TO_HAND,hand,5,Buddy-Buddy Poffin,1
1,169,0,TO_HAND,hand,6,Marnie's Grimmsnarl ex,1
1,169,0,TO_HAND,hand,7,Budew,1
1,169,0,TO_HAND,hand,8,Marnie's Morgrem,1
1,169,0,TO_HAND,hand,9,Marnie's Grimmsnarl ex,1
1,169,0,TO_HAND,my_discard,,Basic {D} Energy,2
1,169,0,TO_HAND,my_discard,,Munkidori,2
1,169,0,TO_HAND,my_discard,,Shaymin,1
1,169,0,TO_HAND,my_discard,,Rare Candy,1
1,169,0,TO_HAND,my_discard,,Night Stretcher,2
1,169,0,TO_HAND,my_discard,,Poké Pad,3
1,169,0,TO_HAND,my_discard,,Boss’s Orders,1
1,169,0,TO_HAND,my_discard,,Team Rocket's Petrel,1
1,169,0,TO_HAND,my_discard,,Lillie's Determination,2
1,169,0,TO_HAND,opp_discard,,Basic {R} Energy,4
1,169,0,TO_HAND,opp_discard,,Basic {P} Energy,1
1,169,0,TO_HAND,opp_discard,,Basic {D} Energy,1
1,169,0,TO_HAND,opp_discard,,Munkidori,2
1,169,0,TO_HAND,opp_discard,,Dreepy,1
1,169,0,TO_HAND,opp_discard,,Drakloak,1
1,169,0,TO_HAND,opp_discard,,Dragapult ex,1
1,169,0,TO_HAND,opp_discard,,Buddy-Buddy Poffin,3
1,169,0,TO_HAND,opp_discard,,Night Stretcher,1
1,169,0,TO_HAND,opp_discard,,Crushing Hammer,3
1,169,0,TO_HAND,opp_discard,,Ultra Ball,2
1,169,0,TO_HAND,opp_discard,,Poké Pad,4
1,169,0,TO_HAND,opp_discard,,Boss’s Orders,1
1,169,0,TO_HAND,opp_discard,,Crispin,2
1,169,0,TO_HAND,opp_discard,,Lillie's Determination,2
1,169,0,TO_HAND,opp_discard,,Jamming Tower,1
1,169,0,TO_HAND,my_unseen,,Basic {D} Energy,5
1,169,0,TO_HAND,my_unseen,,Froslass,2
1,169,0,TO_HAND,my_unseen,,Marnie's Impidimp,1
1,169,0,TO_HAND,my_unseen,,Marnie's Morgrem,1
1,169,0,TO_HAND,my_unseen,,Snorunt,1
1,169,0,TO_HAND,my_unseen,,Rare Candy,1
1,169,0,TO_HAND,my_unseen,,Precious Trolley,1
1,169,0,TO_HAND,my_unseen,,Tool Scrapper,1
1,169,0,TO_HAND,my_unseen,,Boss’s Orders,1
1,169,0,TO_HAND,my_unseen,,Team Rocket's Petrel,3
1,169,0,TO_HAND,my_unseen,,Lillie's Determination,2
1,169,0,TO_HAND,my_unseen,,Spikemuth Gym,2
1,169,0,TO_HAND,my_unseen,,Gwynn,1
1,170,0,MAIN,hand,0,Buddy-Buddy Poffin,1
1,170,0,MAIN,hand,1,Spikemuth Gym,1
1,170,0,MAIN,hand,2,Special Red Card,1
1,170,0,MAIN,hand,3,Buddy-Buddy Poffin,1
1,170,0,MAIN,hand,4,Buddy-Buddy Poffin,1
1,170,0,MAIN,hand,5,Buddy-Buddy Poffin,1
1,170,0,MAIN,hand,6,Marnie's Grimmsnarl ex,1
1,170,0,MAIN,hand,7,Budew,1
1,170,0,MAIN,hand,8,Marnie's Morgrem,1
1,170,0,MAIN,hand,9,Marnie's Grimmsnarl ex,1
1,170,0,MAIN,my_discard,,Basic {D} Energy,2
1,170,0,MAIN,my_discard,,Munkidori,2
1,170,0,MAIN,my_discard,,Shaymin,1
1,170,0,MAIN,my_discard,,Rare Candy,1
1,170,0,MAIN,my_discard,,Night Stretcher,2
1,170,0,MAIN,my_discard,,Poké Pad,4
1,170,0,MAIN,my_discard,,Boss’s Orders,1
1,170,0,MAIN,my_discard,,Team Rocket's Petrel,1
1,170,0,MAIN,my_discard,,Lillie's Determination,2
1,170,0,MAIN,opp_discard,,Basic {R} Energy,4
1,170,0,MAIN,opp_discard,,Basic {P} Energy,1
1,170,0,MAIN,opp_discard,,Basic {D} Energy,1
1,170,0,MAIN,opp_discard,,Munkidori,2
1,170,0,MAIN,opp_discard,,Dreepy,1
1,170,0,MAIN,opp_discard,,Drakloak,1
1,170,0,MAIN,opp_discard,,Dragapult ex,1
1,170,0,MAIN,opp_discard,,Buddy-Buddy Poffin,3
1,170,0,MAIN,opp_discard,,Night Stretcher,1
1,170,0,MAIN,opp_discard,,Crushing Hammer,3
1,170,0,MAIN,opp_discard,,Ultra Ball,2
1,170,0,MAIN,opp_discard,,Poké Pad,4
1,170,0,MAIN,opp_discard,,Boss’s Orders,1
1,170,0,MAIN,opp_discard,,Crispin,2
1,170,0,MAIN,opp_discard,,Lillie's Determination,2
1,170,0,MAIN,opp_discard,,Jamming Tower,1
1,170,0,MAIN,my_unseen,,Basic {D} Energy,5
1,170,0,MAIN,my_unseen,,Froslass,2
1,170,0,MAIN,my_unseen,,Marnie's Impidimp,1
1,170,0,MAIN,my_unseen,,Marnie's Morgrem,1
1,170,0,MAIN,my_unseen,,Snorunt,1
1,170,0,MAIN,my_unseen,,Rare Candy,1
1,170,0,MAIN,my_unseen,,Precious Trolley,1
1,170,0,MAIN,my_unseen,,Tool Scrapper,1
1,170,0,MAIN,my_unseen,,Boss’s Orders,1
1,170,0,MAIN,my_unseen,,Team Rocket's Petrel,3
1,170,0,MAIN,my_unseen,,Lillie's Determination,2
1,170,0,MAIN,my_unseen,,Spikemuth Gym,2
1,170,0,MAIN,my_unseen,,Gwynn,1
1,171,1,MAIN,hand,0,Dragapult ex,1
1,171,1,MAIN,hand,1,Drakloak,1
1,171,1,MAIN,my_discard,,Basic {R} Energy,4
1,171,1,MAIN,my_discard,,Basic {P} Energy,1
1,171,1,MAIN,my_discard,,Basic {D} Energy,1
1,171,1,MAIN,my_discard,,Munkidori,2
1,171,1,MAIN,my_discard,,Dreepy,1
1,171,1,MAIN,my_discard,,Drakloak,1
1,171,1,MAIN,my_discard,,Dragapult ex,1
1,171,1,MAIN,my_discard,,Buddy-Buddy Poffin,3
1,171,1,MAIN,my_discard,,Night Stretcher,1
1,171,1,MAIN,my_discard,,Crushing Hammer,3
1,171,1,MAIN,my_discard,,Ultra Ball,2
1,171,1,MAIN,my_discard,,Poké Pad,4
1,171,1,MAIN,my_discard,,Boss’s Orders,1
1,171,1,MAIN,my_discard,,Crispin,2
1,171,1,MAIN,my_discard,,Lillie's Determination,2
1,171,1,MAIN,my_discard,,Jamming Tower,1
1,171,1,MAIN,opp_discard,,Basic {D} Energy,2
1,171,1,MAIN,opp_discard,,Munkidori,2
1,171,1,MAIN,opp_discard,,Shaymin,1
1,171,1,MAIN,opp_discard,,Rare Candy,1
1,171,1,MAIN,opp_discard,,Night Stretcher,2
1,171,1,MAIN,opp_discard,,Poké Pad,4
1,171,1,MAIN,opp_discard,,Boss’s Orders,1
1,171,1,MAIN,opp_discard,,Team Rocket's Petrel,1
1,171,1,MAIN,opp_discard,,Lillie's Determination,2
1,171,1,MAIN,my_unseen,,Basic {P} Energy,2
1,171,1,MAIN,my_unseen,,Dreepy,1
1,171,1,MAIN,my_unseen,,Drakloak,1
1,171,1,MAIN,my_unseen,,Dragapult ex,1
1,171,1,MAIN,my_unseen,,Fezandipiti ex,1
1,171,1,MAIN,my_unseen,,Budew,1
1,171,1,MAIN,my_unseen,,Meowth ex,1
1,171,1,MAIN,my_unseen,,Unfair Stamp,1
1,171,1,MAIN,my_unseen,,Buddy-Buddy Poffin,1
1,171,1,MAIN,my_unseen,,Night Stretcher,1
1,171,1,MAIN,my_unseen,,Crushing Hammer,1
1,171,1,MAIN,my_unseen,,Ultra Ball,2
1,171,1,MAIN,my_unseen,,Boss’s Orders,2
1,171,1,MAIN,my_unseen,,Crispin,1
1,171,1,MAIN,my_unseen,,Judge,1
1,171,1,MAIN,my_unseen,,Lillie's Determination,2
1,171,1,MAIN,my_unseen,,Jamming Tower,1
1,172,0,MAIN,hand,0,Buddy-Buddy Poffin,1
1,172,0,MAIN,hand,1,Spikemuth Gym,1
1,172,0,MAIN,hand,2,Special Red Card,1
1,172,0,MAIN,hand,3,Buddy-Buddy Poffin,1
1,172,0,MAIN,hand,4,Buddy-Buddy Poffin,1
1,172,0,MAIN,hand,5,Buddy-Buddy Poffin,1
1,172,0,MAIN,hand,6,Marnie's Grimmsnarl ex,1
1,172,0,MAIN,hand,7,Budew,1
1,172,0,MAIN,hand,8,Marnie's Morgrem,1
1,172,0,MAIN,hand,9,Marnie's Grimmsnarl ex,1
1,172,0,MAIN,hand,10,Precious Trolley,1
1,172,0,MAIN,my_discard,,Basic {D} Energy,2
1,172,0,MAIN,my_discard,,Munkidori,2
1,172,0,MAIN,my_discard,,Shaymin,1
1,172,0,MAIN,my_discard,,Rare Candy,1
1,172,0,MAIN,my_discard,,Night Stretcher,2
1,172,0,MAIN,my_discard,,Poké Pad,4
1,172,0,MAIN,my_discard,,Boss’s Orders,1
1,172,0,MAIN,my_discard,,Team Rocket's Petrel,1
1,172,0,MAIN,my_discard,,Lillie's Determination,2
1,172,0,MAIN,opp_discard,,Basic {R} Energy,4
1,172,0,MAIN,opp_discard,,Basic {P} Energy,1
1,172,0,MAIN,opp_discard,,Basic {D} Energy,1
1,172,0,MAIN,opp_discard,,Munkidori,2
1,172,0,MAIN,opp_discard,,Dreepy,1
1,172,0,MAIN,opp_discard,,Drakloak,1
1,172,0,MAIN,opp_discard,,Dragapult ex,1
1,172,0,MAIN,opp_discard,,Buddy-Buddy Poffin,3
1,172,0,MAIN,opp_discard,,Night Stretcher,1
1,172,0,MAIN,opp_discard,,Crushing Hammer,3
1,172,0,MAIN,opp_discard,,Ultra Ball,2
1,172,0,MAIN,opp_discard,,Poké Pad,4
1,172,0,MAIN,opp_discard,,Boss’s Orders,1
1,172,0,MAIN,opp_discard,,Crispin,2
1,172,0,MAIN,opp_discard,,Lillie's Determination,2
1,172,0,MAIN,opp_discard,,Jamming Tower,1
1,172,0,MAIN,my_unseen,,Basic {D} Energy,5
1,172,0,MAIN,my_unseen,,Froslass,2
1,172,0,MAIN,my_unseen,,Marnie's Impidimp,1
1,172,0,MAIN,my_unseen,,Marnie's Morgrem,1
1,172,0,MAIN,my_unseen,,Snorunt,1
1,172,0,MAIN,my_unseen,,Rare Candy,1
1,172,0,MAIN,my_unseen,,Tool Scrapper,1
1,172,0,MAIN,my_unseen,,Boss’s Orders,1
1,172,0,MAIN,my_unseen,,Team Rocket's Petrel,3
1,172,0,MAIN,my_unseen,,Lillie's Determination,2
1,172,0,MAIN,my_unseen,,Spikemuth Gym,2
1,172,0,MAIN,my_unseen,,Gwynn,1
1,173,0,MAIN,hand,0,Buddy-Buddy Poffin,1
1,173,0,MAIN,hand,1,Spikemuth Gym,1
1,173,0,MAIN,hand,2,Buddy-Buddy Poffin,1
1,173,0,MAIN,hand,3,Buddy-Buddy Poffin,1
1,173,0,MAIN,hand,4,Buddy-Buddy Poffin,1
1,173,0,MAIN,hand,5,Marnie's Grimmsnarl ex,1
1,173,0,MAIN,hand,6,Budew,1
1,173,0,MAIN,hand,7,Marnie's Morgrem,1
1,173,0,MAIN,hand,8,Marnie's Grimmsnarl ex,1
1,173,0,MAIN,hand,9,Precious Trolley,1
1,173,0,MAIN,my_discard,,Basic {D} Energy,2
1,173,0,MAIN,my_discard,,Munkidori,2
1,173,0,MAIN,my_discard,,Shaymin,1
1,173,0,MAIN,my_discard,,Rare Candy,1
1,173,0,MAIN,my_discard,,Night Stretcher,2
1,173,0,MAIN,my_discard,,Poké Pad,4
1,173,0,MAIN,my_discard,,Boss’s Orders,1
1,173,0,MAIN,my_discard,,Team Rocket's Petrel,1
1,173,0,MAIN,my_discard,,Lillie's Determination,2
1,173,0,MAIN,my_discard,,Special Red Card,1
1,173,0,MAIN,opp_discard,,Basic {R} Energy,4
1,173,0,MAIN,opp_discard,,Basic {P} Energy,1
1,173,0,MAIN,opp_discard,,Basic {D} Energy,1
1,173,0,MAIN,opp_discard,,Munkidori,2
1,173,0,MAIN,opp_discard,,Dreepy,1
1,173,0,MAIN,opp_discard,,Drakloak,1
1,173,0,MAIN,opp_discard,,Dragapult ex,1
1,173,0,MAIN,opp_discard,,Buddy-Buddy Poffin,3
1,173,0,MAIN,opp_discard,,Night Stretcher,1
1,173,0,MAIN,opp_discard,,Crushing Hammer,3
1,173,0,MAIN,opp_discard,,Ultra Ball,2
1,173,0,MAIN,opp_discard,,Poké Pad,4
1,173,0,MAIN,opp_discard,,Boss’s Orders,1
1,173,0,MAIN,opp_discard,,Crispin,2
1,173,0,MAIN,opp_discard,,Lillie's Determination,2
1,173,0,MAIN,opp_discard,,Jamming Tower,1
1,173,0,MAIN,my_unseen,,Basic {D} Energy,5
1,173,0,MAIN,my_unseen,,Froslass,2
1,173,0,MAIN,my_unseen,,Marnie's Impidimp,1
1,173,0,MAIN,my_unseen,,Marnie's Morgrem,1
1,173,0,MAIN,my_unseen,,Snorunt,1
1,173,0,MAIN,my_unseen,,Rare Candy,1
1,173,0,MAIN,my_unseen,,Tool Scrapper,1
1,173,0,MAIN,my_unseen,,Boss’s Orders,1
1,173,0,MAIN,my_unseen,,Team Rocket's Petrel,3
1,173,0,MAIN,my_unseen,,Lillie's Determination,2
1,173,0,MAIN,my_unseen,,Spikemuth Gym,2
1,173,0,MAIN,my_unseen,,Gwynn,1
1,174,0,MAIN,hand,0,Buddy-Buddy Poffin,1
1,174,0,MAIN,hand,1,Spikemuth Gym,1
1,174,0,MAIN,hand,2,Buddy-Buddy Poffin,1
1,174,0,MAIN,hand,3,Buddy-Buddy Poffin,1
1,174,0,MAIN,hand,4,Buddy-Buddy Poffin,1
1,174,0,MAIN,hand,5,Marnie's Grimmsnarl ex,1
1,174,0,MAIN,hand,6,Budew,1
1,174,0,MAIN,hand,7,Marnie's Grimmsnarl ex,1
1,174,0,MAIN,hand,8,Precious Trolley,1
1,174,0,MAIN,my_discard,,Basic {D} Energy,2
1,174,0,MAIN,my_discard,,Munkidori,2
1,174,0,MAIN,my_discard,,Shaymin,1
1,174,0,MAIN,my_discard,,Rare Candy,1
1,174,0,MAIN,my_discard,,Night Stretcher,2
1,174,0,MAIN,my_discard,,Poké Pad,4
1,174,0,MAIN,my_discard,,Boss’s Orders,1
1,174,0,MAIN,my_discard,,Team Rocket's Petrel,1
1,174,0,MAIN,my_discard,,Lillie's Determination,2
1,174,0,MAIN,my_discard,,Special Red Card,1
1,174,0,MAIN,opp_discard,,Basic {R} Energy,4
1,174,0,MAIN,opp_discard,,Basic {P} Energy,1
1,174,0,MAIN,opp_discard,,Basic {D} Energy,1
1,174,0,MAIN,opp_discard,,Munkidori,2
1,174,0,MAIN,opp_discard,,Dreepy,1
1,174,0,MAIN,opp_discard,,Drakloak,1
1,174,0,MAIN,opp_discard,,Dragapult ex,1
1,174,0,MAIN,opp_discard,,Buddy-Buddy Poffin,3
1,174,0,MAIN,opp_discard,,Night Stretcher,1
1,174,0,MAIN,opp_discard,,Crushing Hammer,3
1,174,0,MAIN,opp_discard,,Ultra Ball,2
1,174,0,MAIN,opp_discard,,Poké Pad,4
1,174,0,MAIN,opp_discard,,Boss’s Orders,1
1,174,0,MAIN,opp_discard,,Crispin,2
1,174,0,MAIN,opp_discard,,Lillie's Determination,2
1,174,0,MAIN,opp_discard,,Jamming Tower,1
1,174,0,MAIN,my_unseen,,Basic {D} Energy,5
1,174,0,MAIN,my_unseen,,Froslass,2
1,174,0,MAIN,my_unseen,,Marnie's Impidimp,1
1,174,0,MAIN,my_unseen,,Marnie's Morgrem,1
1,174,0,MAIN,my_unseen,,Snorunt,1
1,174,0,MAIN,my_unseen,,Rare Candy,1
1,174,0,MAIN,my_unseen,,Tool Scrapper,1
1,174,0,MAIN,my_unseen,,Boss’s Orders,1
1,174,0,MAIN,my_unseen,,Team Rocket's Petrel,3
1,174,0,MAIN,my_unseen,,Lillie's Determination,2
1,174,0,MAIN,my_unseen,,Spikemuth Gym,2
1,174,0,MAIN,my_unseen,,Gwynn,1
1,175,0,MAIN,hand,0,Buddy-Buddy Poffin,1
1,175,0,MAIN,hand,1,Spikemuth Gym,1
1,175,0,MAIN,hand,2,Buddy-Buddy Poffin,1
1,175,0,MAIN,hand,3,Buddy-Buddy Poffin,1
1,175,0,MAIN,hand,4,Buddy-Buddy Poffin,1
1,175,0,MAIN,hand,5,Marnie's Grimmsnarl ex,1
1,175,0,MAIN,hand,6,Budew,1
1,175,0,MAIN,hand,7,Marnie's Grimmsnarl ex,1
1,175,0,MAIN,hand,8,Precious Trolley,1
1,175,0,MAIN,my_discard,,Basic {D} Energy,2
1,175,0,MAIN,my_discard,,Munkidori,2
1,175,0,MAIN,my_discard,,Shaymin,1
1,175,0,MAIN,my_discard,,Rare Candy,1
1,175,0,MAIN,my_discard,,Night Stretcher,2
1,175,0,MAIN,my_discard,,Poké Pad,4
1,175,0,MAIN,my_discard,,Boss’s Orders,1
1,175,0,MAIN,my_discard,,Team Rocket's Petrel,1
1,175,0,MAIN,my_discard,,Lillie's Determination,2
1,175,0,MAIN,my_discard,,Special Red Card,1
1,175,0,MAIN,opp_discard,,Basic {R} Energy,4
1,175,0,MAIN,opp_discard,,Basic {P} Energy,1
1,175,0,MAIN,opp_discard,,Basic {D} Energy,1
1,175,0,MAIN,opp_discard,,Munkidori,2
1,175,0,MAIN,opp_discard,,Dreepy,1
1,175,0,MAIN,opp_discard,,Drakloak,1
1,175,0,MAIN,opp_discard,,Dragapult ex,1
1,175,0,MAIN,opp_discard,,Buddy-Buddy Poffin,3
1,175,0,MAIN,opp_discard,,Night Stretcher,1
1,175,0,MAIN,opp_discard,,Crushing Hammer,3
1,175,0,MAIN,opp_discard,,Ultra Ball,2
1,175,0,MAIN,opp_discard,,Poké Pad,4
1,175,0,MAIN,opp_discard,,Boss’s Orders,1
1,175,0,MAIN,opp_discard,,Crispin,2
1,175,0,MAIN,opp_discard,,Lillie's Determination,2
1,175,0,MAIN,opp_discard,,Jamming Tower,1
1,175,0,MAIN,my_unseen,,Basic {D} Energy,5
1,175,0,MAIN,my_unseen,,Froslass,2
1,175,0,MAIN,my_unseen,,Marnie's Impidimp,1
1,175,0,MAIN,my_unseen,,Marnie's Morgrem,1
1,175,0,MAIN,my_unseen,,Snorunt,1
1,175,0,MAIN,my_unseen,,Rare Candy,1
1,175,0,MAIN,my_unseen,,Tool Scrapper,1
1,175,0,MAIN,my_unseen,,Boss’s Orders,1
1,175,0,MAIN,my_unseen,,Team Rocket's Petrel,3
1,175,0,MAIN,my_unseen,,Lillie's Determination,2
1,175,0,MAIN,my_unseen,,Spikemuth Gym,2
1,175,0,MAIN,my_unseen,,Gwynn,1
1,176,1,MAIN,hand,0,Basic {P} Energy,1
1,176,1,MAIN,hand,1,Dreepy,1
1,176,1,MAIN,hand,2,Jamming Tower,1
1,176,1,MAIN,hand,3,Meowth ex,1
1,176,1,MAIN,my_discard,,Basic {R} Energy,4
1,176,1,MAIN,my_discard,,Basic {P} Energy,1
1,176,1,MAIN,my_discard,,Basic {D} Energy,1
1,176,1,MAIN,my_discard,,Munkidori,2
1,176,1,MAIN,my_discard,,Dreepy,1
1,176,1,MAIN,my_discard,,Drakloak,1
1,176,1,MAIN,my_discard,,Dragapult ex,1
1,176,1,MAIN,my_discard,,Buddy-Buddy Poffin,3
1,176,1,MAIN,my_discard,,Night Stretcher,1
1,176,1,MAIN,my_discard,,Crushing Hammer,3
1,176,1,MAIN,my_discard,,Ultra Ball,2
1,176,1,MAIN,my_discard,,Poké Pad,4
1,176,1,MAIN,my_discard,,Boss’s Orders,1
1,176,1,MAIN,my_discard,,Crispin,2
1,176,1,MAIN,my_discard,,Lillie's Determination,2
1,176,1,MAIN,my_discard,,Jamming Tower,1
1,176,1,MAIN,opp_discard,,Basic {D} Energy,2
1,176,1,MAIN,opp_discard,,Munkidori,2
1,176,1,MAIN,opp_discard,,Shaymin,1
1,176,1,MAIN,opp_discard,,Rare Candy,1
1,176,1,MAIN,opp_discard,,Night Stretcher,2
1,176,1,MAIN,opp_discard,,Poké Pad,4
1,176,1,MAIN,opp_discard,,Boss’s Orders,1
1,176,1,MAIN,opp_discard,,Team Rocket's Petrel,1
1,176,1,MAIN,opp_discard,,Lillie's Determination,2
1,176,1,MAIN,opp_discard,,Special Red Card,1
1,176,1,MAIN,my_unseen,,Basic {P} Energy,1
1,176,1,MAIN,my_unseen,,Drakloak,2
1,176,1,MAIN,my_unseen,,Dragapult ex,2
1,176,1,MAIN,my_unseen,,Fezandipiti ex,1
1,176,1,MAIN,my_unseen,,Budew,1
1,176,1,MAIN,my_unseen,,Unfair Stamp,1
1,176,1,MAIN,my_unseen,,Buddy-Buddy Poffin,1
1,176,1,MAIN,my_unseen,,Night Stretcher,1
1,176,1,MAIN,my_unseen,,Crushing Hammer,1
1,176,1,MAIN,my_unseen,,Ultra Ball,2
1,176,1,MAIN,my_unseen,,Boss’s Orders,2
1,176,1,MAIN,my_unseen,,Crispin,1
1,176,1,MAIN,my_unseen,,Judge,1
1,176,1,MAIN,my_unseen,,Lillie's Determination,2
1,177,1,ACTIVATE,hand,0,Basic {P} Energy,1
1,177,1,ACTIVATE,hand,1,Dreepy,1
1,177,1,ACTIVATE,hand,2,Jamming Tower,1
1,177,1,ACTIVATE,my_discard,,Basic {R} Energy,4
1,177,1,ACTIVATE,my_discard,,Basic {P} Energy,1
1,177,1,ACTIVATE,my_discard,,Basic {D} Energy,1
1,177,1,ACTIVATE,my_discard,,Munkidori,2
1,177,1,ACTIVATE,my_discard,,Dreepy,1
1,177,1,ACTIVATE,my_discard,,Drakloak,1
1,177,1,ACTIVATE,my_discard,,Dragapult ex,1
1,177,1,ACTIVATE,my_discard,,Buddy-Buddy Poffin,3
1,177,1,ACTIVATE,my_discard,,Night Stretcher,1
1,177,1,ACTIVATE,my_discard,,Crushing Hammer,3
1,177,1,ACTIVATE,my_discard,,Ultra Ball,2
1,177,1,ACTIVATE,my_discard,,Poké Pad,4
1,177,1,ACTIVATE,my_discard,,Boss’s Orders,1
1,177,1,ACTIVATE,my_discard,,Crispin,2
1,177,1,ACTIVATE,my_discard,,Lillie's Determination,2
1,177,1,ACTIVATE,my_discard,,Jamming Tower,1
1,177,1,ACTIVATE,opp_discard,,Basic {D} Energy,2
1,177,1,ACTIVATE,opp_discard,,Munkidori,2
1,177,1,ACTIVATE,opp_discard,,Shaymin,1
1,177,1,ACTIVATE,opp_discard,,Rare Candy,1
1,177,1,ACTIVATE,opp_discard,,Night Stretcher,2
1,177,1,ACTIVATE,opp_discard,,Poké Pad,4
1,177,1,ACTIVATE,opp_discard,,Boss’s Orders,1
1,177,1,ACTIVATE,opp_discard,,Team Rocket's Petrel,1
1,177,1,ACTIVATE,opp_discard,,Lillie's Determination,2
1,177,1,ACTIVATE,opp_discard,,Special Red Card,1
1,177,1,ACTIVATE,my_unseen,,Basic {P} Energy,1
1,177,1,ACTIVATE,my_unseen,,Drakloak,2
1,177,1,ACTIVATE,my_unseen,,Dragapult ex,2
1,177,1,ACTIVATE,my_unseen,,Fezandipiti ex,1
1,177,1,ACTIVATE,my_unseen,,Budew,1
1,177,1,ACTIVATE,my_unseen,,Unfair Stamp,1
1,177,1,ACTIVATE,my_unseen,,Buddy-Buddy Poffin,1
1,177,1,ACTIVATE,my_unseen,,Night Stretcher,1
1,177,1,ACTIVATE,my_unseen,,Crushing Hammer,1
1,177,1,ACTIVATE,my_unseen,,Ultra Ball,2
1,177,1,ACTIVATE,my_unseen,,Boss’s Orders,2
1,177,1,ACTIVATE,my_unseen,,Crispin,1
1,177,1,ACTIVATE,my_unseen,,Judge,1
1,177,1,ACTIVATE,my_unseen,,Lillie's Determination,2
1,178,1,MAIN,hand,0,Basic {P} Energy,1
1,178,1,MAIN,hand,1,Dreepy,1
1,178,1,MAIN,hand,2,Jamming Tower,1
1,178,1,MAIN,my_discard,,Basic {R} Energy,4
1,178,1,MAIN,my_discard,,Basic {P} Energy,1
1,178,1,MAIN,my_discard,,Basic {D} Energy,1
1,178,1,MAIN,my_discard,,Munkidori,2
1,178,1,MAIN,my_discard,,Dreepy,1
1,178,1,MAIN,my_discard,,Drakloak,1
1,178,1,MAIN,my_discard,,Dragapult ex,1
1,178,1,MAIN,my_discard,,Buddy-Buddy Poffin,3
1,178,1,MAIN,my_discard,,Night Stretcher,1
1,178,1,MAIN,my_discard,,Crushing Hammer,3
1,178,1,MAIN,my_discard,,Ultra Ball,2
1,178,1,MAIN,my_discard,,Poké Pad,4
1,178,1,MAIN,my_discard,,Boss’s Orders,1
1,178,1,MAIN,my_discard,,Crispin,2
1,178,1,MAIN,my_discard,,Lillie's Determination,2
1,178,1,MAIN,my_discard,,Jamming Tower,1
1,178,1,MAIN,opp_discard,,Basic {D} Energy,2
1,178,1,MAIN,opp_discard,,Munkidori,2
1,178,1,MAIN,opp_discard,,Shaymin,1
1,178,1,MAIN,opp_discard,,Rare Candy,1
1,178,1,MAIN,opp_discard,,Night Stretcher,2
1,178,1,MAIN,opp_discard,,Poké Pad,4
1,178,1,MAIN,opp_discard,,Boss’s Orders,1
1,178,1,MAIN,opp_discard,,Team Rocket's Petrel,1
1,178,1,MAIN,opp_discard,,Lillie's Determination,2
1,178,1,MAIN,opp_discard,,Special Red Card,1
1,178,1,MAIN,my_unseen,,Basic {P} Energy,1
1,178,1,MAIN,my_unseen,,Drakloak,2
1,178,1,MAIN,my_unseen,,Dragapult ex,2
1,178,1,MAIN,my_unseen,,Fezandipiti ex,1
1,178,1,MAIN,my_unseen,,Budew,1
1,178,1,MAIN,my_unseen,,Unfair Stamp,1
1,178,1,MAIN,my_unseen,,Buddy-Buddy Poffin,1
1,178,1,MAIN,my_unseen,,Night Stretcher,1
1,178,1,MAIN,my_unseen,,Crushing Hammer,1
1,178,1,MAIN,my_unseen,,Ultra Ball,2
1,178,1,MAIN,my_unseen,,Boss’s Orders,2
1,178,1,MAIN,my_unseen,,Crispin,1
1,178,1,MAIN,my_unseen,,Judge,1
1,178,1,MAIN,my_unseen,,Lillie's Determination,2
1,179,1,DISCARD_ENERGY,hand,0,Basic {P} Energy,1
1,179,1,DISCARD_ENERGY,hand,1,Dreepy,1
1,179,1,DISCARD_ENERGY,hand,2,Jamming Tower,1
1,179,1,DISCARD_ENERGY,my_discard,,Basic {R} Energy,4
1,179,1,DISCARD_ENERGY,my_discard,,Basic {P} Energy,1
1,179,1,DISCARD_ENERGY,my_discard,,Basic {D} Energy,1
1,179,1,DISCARD_ENERGY,my_discard,,Munkidori,2
1,179,1,DISCARD_ENERGY,my_discard,,Dreepy,1
1,179,1,DISCARD_ENERGY,my_discard,,Drakloak,1
1,179,1,DISCARD_ENERGY,my_discard,,Dragapult ex,1
1,179,1,DISCARD_ENERGY,my_discard,,Buddy-Buddy Poffin,3
1,179,1,DISCARD_ENERGY,my_discard,,Night Stretcher,1
1,179,1,DISCARD_ENERGY,my_discard,,Crushing Hammer,3
1,179,1,DISCARD_ENERGY,my_discard,,Ultra Ball,2
1,179,1,DISCARD_ENERGY,my_discard,,Poké Pad,4
1,179,1,DISCARD_ENERGY,my_discard,,Boss’s Orders,1
1,179,1,DISCARD_ENERGY,my_discard,,Crispin,2
1,179,1,DISCARD_ENERGY,my_discard,,Lillie's Determination,2
1,179,1,DISCARD_ENERGY,my_discard,,Jamming Tower,1
1,179,1,DISCARD_ENERGY,opp_discard,,Basic {D} Energy,2
1,179,1,DISCARD_ENERGY,opp_discard,,Munkidori,2
1,179,1,DISCARD_ENERGY,opp_discard,,Shaymin,1
1,179,1,DISCARD_ENERGY,opp_discard,,Rare Candy,1
1,179,1,DISCARD_ENERGY,opp_discard,,Night Stretcher,2
1,179,1,DISCARD_ENERGY,opp_discard,,Poké Pad,4
1,179,1,DISCARD_ENERGY,opp_discard,,Boss’s Orders,1
1,179,1,DISCARD_ENERGY,opp_discard,,Team Rocket's Petrel,1
1,179,1,DISCARD_ENERGY,opp_discard,,Lillie's Determination,2
1,179,1,DISCARD_ENERGY,opp_discard,,Special Red Card,1
1,179,1,DISCARD_ENERGY,my_unseen,,Basic {P} Energy,1
1,179,1,DISCARD_ENERGY,my_unseen,,Drakloak,2
1,179,1,DISCARD_ENERGY,my_unseen,,Dragapult ex,2
1,179,1,DISCARD_ENERGY,my_unseen,,Fezandipiti ex,1
1,179,1,DISCARD_ENERGY,my_unseen,,Budew,1
1,179,1,DISCARD_ENERGY,my_unseen,,Unfair Stamp,1
1,179,1,DISCARD_ENERGY,my_unseen,,Buddy-Buddy Poffin,1
1,179,1,DISCARD_ENERGY,my_unseen,,Night Stretcher,1
1,179,1,DISCARD_ENERGY,my_unseen,,Crushing Hammer,1
1,179,1,DISCARD_ENERGY,my_unseen,,Ultra Ball,2
1,179,1,DISCARD_ENERGY,my_unseen,,Boss’s Orders,2
1,179,1,DISCARD_ENERGY,my_unseen,,Crispin,1
1,179,1,DISCARD_ENERGY,my_unseen,,Judge,1
1,179,1,DISCARD_ENERGY,my_unseen,,Lillie's Determination,2
1,180,1,SWITCH,hand,0,Basic {P} Energy,1
1,180,1,SWITCH,hand,1,Dreepy,1
1,180,1,SWITCH,hand,2,Jamming Tower,1
1,180,1,SWITCH,my_discard,,Basic {R} Energy,4
1,180,1,SWITCH,my_discard,,Basic {P} Energy,2
1,180,1,SWITCH,my_discard,,Basic {D} Energy,1
1,180,1,SWITCH,my_discard,,Munkidori,2
1,180,1,SWITCH,my_discard,,Dreepy,1
1,180,1,SWITCH,my_discard,,Drakloak,1
1,180,1,SWITCH,my_discard,,Dragapult ex,1
1,180,1,SWITCH,my_discard,,Buddy-Buddy Poffin,3
1,180,1,SWITCH,my_discard,,Night Stretcher,1
1,180,1,SWITCH,my_discard,,Crushing Hammer,3
1,180,1,SWITCH,my_discard,,Ultra Ball,2
1,180,1,SWITCH,my_discard,,Poké Pad,4
1,180,1,SWITCH,my_discard,,Boss’s Orders,1
1,180,1,SWITCH,my_discard,,Crispin,2
1,180,1,SWITCH,my_discard,,Lillie's Determination,2
1,180,1,SWITCH,my_discard,,Jamming Tower,1
1,180,1,SWITCH,opp_discard,,Basic {D} Energy,2
1,180,1,SWITCH,opp_discard,,Munkidori,2
1,180,1,SWITCH,opp_discard,,Shaymin,1
1,180,1,SWITCH,opp_discard,,Rare Candy,1
1,180,1,SWITCH,opp_discard,,Night Stretcher,2
1,180,1,SWITCH,opp_discard,,Poké Pad,4
1,180,1,SWITCH,opp_discard,,Boss’s Orders,1
1,180,1,SWITCH,opp_discard,,Team Rocket's Petrel,1
1,180,1,SWITCH,opp_discard,,Lillie's Determination,2
1,180,1,SWITCH,opp_discard,,Special Red Card,1
1,180,1,SWITCH,my_unseen,,Basic {P} Energy,1
1,180,1,SWITCH,my_unseen,,Drakloak,2
1,180,1,SWITCH,my_unseen,,Dragapult ex,2
1,180,1,SWITCH,my_unseen,,Fezandipiti ex,1
1,180,1,SWITCH,my_unseen,,Budew,1
1,180,1,SWITCH,my_unseen,,Unfair Stamp,1
1,180,1,SWITCH,my_unseen,,Buddy-Buddy Poffin,1
1,180,1,SWITCH,my_unseen,,Night Stretcher,1
1,180,1,SWITCH,my_unseen,,Crushing Hammer,1
1,180,1,SWITCH,my_unseen,,Ultra Ball,2
1,180,1,SWITCH,my_unseen,,Boss’s Orders,2
1,180,1,SWITCH,my_unseen,,Crispin,1
1,180,1,SWITCH,my_unseen,,Judge,1
1,180,1,SWITCH,my_unseen,,Lillie's Determination,2
1,181,1,MAIN,hand,0,Basic {P} Energy,1
1,181,1,MAIN,hand,1,Dreepy,1
1,181,1,MAIN,hand,2,Jamming Tower,1
1,181,1,MAIN,my_discard,,Basic {R} Energy,4
1,181,1,MAIN,my_discard,,Basic {P} Energy,2
1,181,1,MAIN,my_discard,,Basic {D} Energy,1
1,181,1,MAIN,my_discard,,Munkidori,2
1,181,1,MAIN,my_discard,,Dreepy,1
1,181,1,MAIN,my_discard,,Drakloak,1
1,181,1,MAIN,my_discard,,Dragapult ex,1
1,181,1,MAIN,my_discard,,Buddy-Buddy Poffin,3
1,181,1,MAIN,my_discard,,Night Stretcher,1
1,181,1,MAIN,my_discard,,Crushing Hammer,3
1,181,1,MAIN,my_discard,,Ultra Ball,2
1,181,1,MAIN,my_discard,,Poké Pad,4
1,181,1,MAIN,my_discard,,Boss’s Orders,1
1,181,1,MAIN,my_discard,,Crispin,2
1,181,1,MAIN,my_discard,,Lillie's Determination,2
1,181,1,MAIN,my_discard,,Jamming Tower,1
1,181,1,MAIN,opp_discard,,Basic {D} Energy,2
1,181,1,MAIN,opp_discard,,Munkidori,2
1,181,1,MAIN,opp_discard,,Shaymin,1
1,181,1,MAIN,opp_discard,,Rare Candy,1
1,181,1,MAIN,opp_discard,,Night Stretcher,2
1,181,1,MAIN,opp_discard,,Poké Pad,4
1,181,1,MAIN,opp_discard,,Boss’s Orders,1
1,181,1,MAIN,opp_discard,,Team Rocket's Petrel,1
1,181,1,MAIN,opp_discard,,Lillie's Determination,2
1,181,1,MAIN,opp_discard,,Special Red Card,1
1,181,1,MAIN,my_unseen,,Basic {P} Energy,1
1,181,1,MAIN,my_unseen,,Drakloak,2
1,181,1,MAIN,my_unseen,,Dragapult ex,2
1,181,1,MAIN,my_unseen,,Fezandipiti ex,1
1,181,1,MAIN,my_unseen,,Budew,1
1,181,1,MAIN,my_unseen,,Unfair Stamp,1
1,181,1,MAIN,my_unseen,,Buddy-Buddy Poffin,1
1,181,1,MAIN,my_unseen,,Night Stretcher,1
1,181,1,MAIN,my_unseen,,Crushing Hammer,1
1,181,1,MAIN,my_unseen,,Ultra Ball,2
1,181,1,MAIN,my_unseen,,Boss’s Orders,2
1,181,1,MAIN,my_unseen,,Crispin,1
1,181,1,MAIN,my_unseen,,Judge,1
1,181,1,MAIN,my_unseen,,Lillie's Determination,2
1,182,1,MAIN,hand,0,Dreepy,1
1,182,1,MAIN,hand,1,Jamming Tower,1
1,182,1,MAIN,my_discard,,Basic {R} Energy,4
1,182,1,MAIN,my_discard,,Basic {P} Energy,2
1,182,1,MAIN,my_discard,,Basic {D} Energy,1
1,182,1,MAIN,my_discard,,Munkidori,2
1,182,1,MAIN,my_discard,,Dreepy,1
1,182,1,MAIN,my_discard,,Drakloak,1
1,182,1,MAIN,my_discard,,Dragapult ex,1
1,182,1,MAIN,my_discard,,Buddy-Buddy Poffin,3
1,182,1,MAIN,my_discard,,Night Stretcher,1
1,182,1,MAIN,my_discard,,Crushing Hammer,3
1,182,1,MAIN,my_discard,,Ultra Ball,2
1,182,1,MAIN,my_discard,,Poké Pad,4
1,182,1,MAIN,my_discard,,Boss’s Orders,1
1,182,1,MAIN,my_discard,,Crispin,2
1,182,1,MAIN,my_discard,,Lillie's Determination,2
1,182,1,MAIN,my_discard,,Jamming Tower,1
1,182,1,MAIN,opp_discard,,Basic {D} Energy,2
1,182,1,MAIN,opp_discard,,Munkidori,2
1,182,1,MAIN,opp_discard,,Shaymin,1
1,182,1,MAIN,opp_discard,,Rare Candy,1
1,182,1,MAIN,opp_discard,,Night Stretcher,2
1,182,1,MAIN,opp_discard,,Poké Pad,4
1,182,1,MAIN,opp_discard,,Boss’s Orders,1
1,182,1,MAIN,opp_discard,,Team Rocket's Petrel,1
1,182,1,MAIN,opp_discard,,Lillie's Determination,2
1,182,1,MAIN,opp_discard,,Special Red Card,1
1,182,1,MAIN,my_unseen,,Basic {P} Energy,1
1,182,1,MAIN,my_unseen,,Drakloak,2
1,182,1,MAIN,my_unseen,,Dragapult ex,2
1,182,1,MAIN,my_unseen,,Fezandipiti ex,1
1,182,1,MAIN,my_unseen,,Budew,1
1,182,1,MAIN,my_unseen,,Unfair Stamp,1
1,182,1,MAIN,my_unseen,,Buddy-Buddy Poffin,1
1,182,1,MAIN,my_unseen,,Night Stretcher,1
1,182,1,MAIN,my_unseen,,Crushing Hammer,1
1,182,1,MAIN,my_unseen,,Ultra Ball,2
1,182,1,MAIN,my_unseen,,Boss’s Orders,2
1,182,1,MAIN,my_unseen,,Crispin,1
1,182,1,MAIN,my_unseen,,Judge,1
1,182,1,MAIN,my_unseen,,Lillie's Determination,2
1,183,1,MAIN,hand,0,Dreepy,1
1,183,1,MAIN,hand,1,Jamming Tower,1
1,183,1,MAIN,my_discard,,Basic {R} Energy,4
1,183,1,MAIN,my_discard,,Basic {P} Energy,2
1,183,1,MAIN,my_discard,,Basic {D} Energy,1
1,183,1,MAIN,my_discard,,Munkidori,2
1,183,1,MAIN,my_discard,,Dreepy,1
1,183,1,MAIN,my_discard,,Drakloak,1
1,183,1,MAIN,my_discard,,Dragapult ex,1
1,183,1,MAIN,my_discard,,Buddy-Buddy Poffin,3
1,183,1,MAIN,my_discard,,Night Stretcher,1
1,183,1,MAIN,my_discard,,Crushing Hammer,3
1,183,1,MAIN,my_discard,,Ultra Ball,2
1,183,1,MAIN,my_discard,,Poké Pad,4
1,183,1,MAIN,my_discard,,Boss’s Orders,1
1,183,1,MAIN,my_discard,,Crispin,2
1,183,1,MAIN,my_discard,,Lillie's Determination,2
1,183,1,MAIN,my_discard,,Jamming Tower,1
1,183,1,MAIN,opp_discard,,Basic {D} Energy,2
1,183,1,MAIN,opp_discard,,Munkidori,2
1,183,1,MAIN,opp_discard,,Shaymin,1
1,183,1,MAIN,opp_discard,,Rare Candy,1
1,183,1,MAIN,opp_discard,,Night Stretcher,2
1,183,1,MAIN,opp_discard,,Poké Pad,4
1,183,1,MAIN,opp_discard,,Boss’s Orders,1
1,183,1,MAIN,opp_discard,,Team Rocket's Petrel,1
1,183,1,MAIN,opp_discard,,Lillie's Determination,2
1,183,1,MAIN,opp_discard,,Special Red Card,1
1,183,1,MAIN,my_unseen,,Basic {P} Energy,1
1,183,1,MAIN,my_unseen,,Drakloak,2
1,183,1,MAIN,my_unseen,,Dragapult ex,2
1,183,1,MAIN,my_unseen,,Fezandipiti ex,1
1,183,1,MAIN,my_unseen,,Budew,1
1,183,1,MAIN,my_unseen,,Unfair Stamp,1
1,183,1,MAIN,my_unseen,,Buddy-Buddy Poffin,1
1,183,1,MAIN,my_unseen,,Night Stretcher,1
1,183,1,MAIN,my_unseen,,Crushing Hammer,1
1,183,1,MAIN,my_unseen,,Ultra Ball,2
1,183,1,MAIN,my_unseen,,Boss’s Orders,2
1,183,1,MAIN,my_unseen,,Crispin,1
1,183,1,MAIN,my_unseen,,Judge,1
1,183,1,MAIN,my_unseen,,Lillie's Determination,2
1,184,1,TO_HAND,hand,0,Dreepy,1
1,184,1,TO_HAND,hand,1,Jamming Tower,1
1,184,1,TO_HAND,looking:ME,0,Crispin,1
1,184,1,TO_HAND,looking:ME,1,Drakloak,1
1,184,1,TO_HAND,my_discard,,Basic {R} Energy,4
1,184,1,TO_HAND,my_discard,,Basic {P} Energy,2
1,184,1,TO_HAND,my_discard,,Basic {D} Energy,1
1,184,1,TO_HAND,my_discard,,Munkidori,2
1,184,1,TO_HAND,my_discard,,Dreepy,1
1,184,1,TO_HAND,my_discard,,Drakloak,1
1,184,1,TO_HAND,my_discard,,Dragapult ex,1
1,184,1,TO_HAND,my_discard,,Buddy-Buddy Poffin,3
1,184,1,TO_HAND,my_discard,,Night Stretcher,1
1,184,1,TO_HAND,my_discard,,Crushing Hammer,3
1,184,1,TO_HAND,my_discard,,Ultra Ball,2
1,184,1,TO_HAND,my_discard,,Poké Pad,4
1,184,1,TO_HAND,my_discard,,Boss’s Orders,1
1,184,1,TO_HAND,my_discard,,Crispin,2
1,184,1,TO_HAND,my_discard,,Lillie's Determination,2
1,184,1,TO_HAND,my_discard,,Jamming Tower,1
1,184,1,TO_HAND,opp_discard,,Basic {D} Energy,2
1,184,1,TO_HAND,opp_discard,,Munkidori,2
1,184,1,TO_HAND,opp_discard,,Shaymin,1
1,184,1,TO_HAND,opp_discard,,Rare Candy,1
1,184,1,TO_HAND,opp_discard,,Night Stretcher,2
1,184,1,TO_HAND,opp_discard,,Poké Pad,4
1,184,1,TO_HAND,opp_discard,,Boss’s Orders,1
1,184,1,TO_HAND,opp_discard,,Team Rocket's Petrel,1
1,184,1,TO_HAND,opp_discard,,Lillie's Determination,2
1,184,1,TO_HAND,opp_discard,,Special Red Card,1
1,184,1,TO_HAND,my_unseen,,Basic {P} Energy,1
1,184,1,TO_HAND,my_unseen,,Drakloak,2
1,184,1,TO_HAND,my_unseen,,Dragapult ex,2
1,184,1,TO_HAND,my_unseen,,Fezandipiti ex,1
1,184,1,TO_HAND,my_unseen,,Budew,1
1,184,1,TO_HAND,my_unseen,,Unfair Stamp,1
1,184,1,TO_HAND,my_unseen,,Buddy-Buddy Poffin,1
1,184,1,TO_HAND,my_unseen,,Night Stretcher,1
1,184,1,TO_HAND,my_unseen,,Crushing Hammer,1
1,184,1,TO_HAND,my_unseen,,Ultra Ball,2
1,184,1,TO_HAND,my_unseen,,Boss’s Orders,2
1,184,1,TO_HAND,my_unseen,,Crispin,1
1,184,1,TO_HAND,my_unseen,,Judge,1
1,184,1,TO_HAND,my_unseen,,Lillie's Determination,2
1,185,1,MAIN,hand,0,Dreepy,1
1,185,1,MAIN,hand,1,Jamming Tower,1
1,185,1,MAIN,hand,2,Crispin,1
1,185,1,MAIN,my_discard,,Basic {R} Energy,4
1,185,1,MAIN,my_discard,,Basic {P} Energy,2
1,185,1,MAIN,my_discard,,Basic {D} Energy,1
1,185,1,MAIN,my_discard,,Munkidori,2
1,185,1,MAIN,my_discard,,Dreepy,1
1,185,1,MAIN,my_discard,,Drakloak,1
1,185,1,MAIN,my_discard,,Dragapult ex,1
1,185,1,MAIN,my_discard,,Buddy-Buddy Poffin,3
1,185,1,MAIN,my_discard,,Night Stretcher,1
1,185,1,MAIN,my_discard,,Crushing Hammer,3
1,185,1,MAIN,my_discard,,Ultra Ball,2
1,185,1,MAIN,my_discard,,Poké Pad,4
1,185,1,MAIN,my_discard,,Boss’s Orders,1
1,185,1,MAIN,my_discard,,Crispin,2
1,185,1,MAIN,my_discard,,Lillie's Determination,2
1,185,1,MAIN,my_discard,,Jamming Tower,1
1,185,1,MAIN,opp_discard,,Basic {D} Energy,2
1,185,1,MAIN,opp_discard,,Munkidori,2
1,185,1,MAIN,opp_discard,,Shaymin,1
1,185,1,MAIN,opp_discard,,Rare Candy,1
1,185,1,MAIN,opp_discard,,Night Stretcher,2
1,185,1,MAIN,opp_discard,,Poké Pad,4
1,185,1,MAIN,opp_discard,,Boss’s Orders,1
1,185,1,MAIN,opp_discard,,Team Rocket's Petrel,1
1,185,1,MAIN,opp_discard,,Lillie's Determination,2
1,185,1,MAIN,opp_discard,,Special Red Card,1
1,185,1,MAIN,my_unseen,,Basic {P} Energy,1
1,185,1,MAIN,my_unseen,,Drakloak,2
1,185,1,MAIN,my_unseen,,Dragapult ex,2
1,185,1,MAIN,my_unseen,,Fezandipiti ex,1
1,185,1,MAIN,my_unseen,,Budew,1
1,185,1,MAIN,my_unseen,,Unfair Stamp,1
1,185,1,MAIN,my_unseen,,Buddy-Buddy Poffin,1
1,185,1,MAIN,my_unseen,,Night Stretcher,1
1,185,1,MAIN,my_unseen,,Crushing Hammer,1
1,185,1,MAIN,my_unseen,,Ultra Ball,2
1,185,1,MAIN,my_unseen,,Boss’s Orders,2
1,185,1,MAIN,my_unseen,,Judge,1
1,185,1,MAIN,my_unseen,,Lillie's Determination,2
1,186,0,MAIN,hand,0,Buddy-Buddy Poffin,1
1,186,0,MAIN,hand,1,Spikemuth Gym,1
1,186,0,MAIN,hand,2,Buddy-Buddy Poffin,1
1,186,0,MAIN,hand,3,Buddy-Buddy Poffin,1
1,186,0,MAIN,hand,4,Buddy-Buddy Poffin,1
1,186,0,MAIN,hand,5,Marnie's Grimmsnarl ex,1
1,186,0,MAIN,hand,6,Budew,1
1,186,0,MAIN,hand,7,Marnie's Grimmsnarl ex,1
1,186,0,MAIN,hand,8,Precious Trolley,1
1,186,0,MAIN,hand,9,Basic {D} Energy,1
1,186,0,MAIN,my_discard,,Basic {D} Energy,2
1,186,0,MAIN,my_discard,,Munkidori,2
1,186,0,MAIN,my_discard,,Shaymin,1
1,186,0,MAIN,my_discard,,Rare Candy,1
1,186,0,MAIN,my_discard,,Night Stretcher,2
1,186,0,MAIN,my_discard,,Poké Pad,4
1,186,0,MAIN,my_discard,,Boss’s Orders,1
1,186,0,MAIN,my_discard,,Team Rocket's Petrel,1
1,186,0,MAIN,my_discard,,Lillie's Determination,2
1,186,0,MAIN,my_discard,,Special Red Card,1
1,186,0,MAIN,opp_discard,,Basic {R} Energy,4
1,186,0,MAIN,opp_discard,,Basic {P} Energy,2
1,186,0,MAIN,opp_discard,,Basic {D} Energy,1
1,186,0,MAIN,opp_discard,,Munkidori,2
1,186,0,MAIN,opp_discard,,Dreepy,1
1,186,0,MAIN,opp_discard,,Drakloak,1
1,186,0,MAIN,opp_discard,,Dragapult ex,1
1,186,0,MAIN,opp_discard,,Buddy-Buddy Poffin,3
1,186,0,MAIN,opp_discard,,Night Stretcher,1
1,186,0,MAIN,opp_discard,,Crushing Hammer,3
1,186,0,MAIN,opp_discard,,Ultra Ball,2
1,186,0,MAIN,opp_discard,,Poké Pad,4
1,186,0,MAIN,opp_discard,,Boss’s Orders,1
1,186,0,MAIN,opp_discard,,Crispin,2
1,186,0,MAIN,opp_discard,,Lillie's Determination,2
1,186,0,MAIN,opp_discard,,Jamming Tower,1
1,186,0,MAIN,my_unseen,,Basic {D} Energy,4
1,186,0,MAIN,my_unseen,,Froslass,2
1,186,0,MAIN,my_unseen,,Marnie's Impidimp,1
1,186,0,MAIN,my_unseen,,Marnie's Morgrem,1
1,186,0,MAIN,my_unseen,,Snorunt,1
1,186,0,MAIN,my_unseen,,Rare Candy,1
1,186,0,MAIN,my_unseen,,Tool Scrapper,1
1,186,0,MAIN,my_unseen,,Boss’s Orders,1
1,186,0,MAIN,my_unseen,,Team Rocket's Petrel,3
1,186,0,MAIN,my_unseen,,Lillie's Determination,2
1,186,0,MAIN,my_unseen,,Spikemuth Gym,2
1,186,0,MAIN,my_unseen,,Gwynn,1
1,187,0,ACTIVATE,hand,0,Buddy-Buddy Poffin,1
1,187,0,ACTIVATE,hand,1,Spikemuth Gym,1
1,187,0,ACTIVATE,hand,2,Buddy-Buddy Poffin,1
1,187,0,ACTIVATE,hand,3,Buddy-Buddy Poffin,1
1,187,0,ACTIVATE,hand,4,Buddy-Buddy Poffin,1
1,187,0,ACTIVATE,hand,5,Marnie's Grimmsnarl ex,1
1,187,0,ACTIVATE,hand,6,Budew,1
1,187,0,ACTIVATE,hand,7,Precious Trolley,1
1,187,0,ACTIVATE,hand,8,Basic {D} Energy,1
1,187,0,ACTIVATE,my_discard,,Basic {D} Energy,2
1,187,0,ACTIVATE,my_discard,,Munkidori,2
1,187,0,ACTIVATE,my_discard,,Shaymin,1
1,187,0,ACTIVATE,my_discard,,Rare Candy,1
1,187,0,ACTIVATE,my_discard,,Night Stretcher,2
1,187,0,ACTIVATE,my_discard,,Poké Pad,4
1,187,0,ACTIVATE,my_discard,,Boss’s Orders,1
1,187,0,ACTIVATE,my_discard,,Team Rocket's Petrel,1
1,187,0,ACTIVATE,my_discard,,Lillie's Determination,2
1,187,0,ACTIVATE,my_discard,,Special Red Card,1
1,187,0,ACTIVATE,opp_discard,,Basic {R} Energy,4
1,187,0,ACTIVATE,opp_discard,,Basic {P} Energy,2
1,187,0,ACTIVATE,opp_discard,,Basic {D} Energy,1
1,187,0,ACTIVATE,opp_discard,,Munkidori,2
1,187,0,ACTIVATE,opp_discard,,Dreepy,1
1,187,0,ACTIVATE,opp_discard,,Drakloak,1
1,187,0,ACTIVATE,opp_discard,,Dragapult ex,1
1,187,0,ACTIVATE,opp_discard,,Buddy-Buddy Poffin,3
1,187,0,ACTIVATE,opp_discard,,Night Stretcher,1
1,187,0,ACTIVATE,opp_discard,,Crushing Hammer,3
1,187,0,ACTIVATE,opp_discard,,Ultra Ball,2
1,187,0,ACTIVATE,opp_discard,,Poké Pad,4
1,187,0,ACTIVATE,opp_discard,,Boss’s Orders,1
1,187,0,ACTIVATE,opp_discard,,Crispin,2
1,187,0,ACTIVATE,opp_discard,,Lillie's Determination,2
1,187,0,ACTIVATE,opp_discard,,Jamming Tower,1
1,187,0,ACTIVATE,my_unseen,,Basic {D} Energy,4
1,187,0,ACTIVATE,my_unseen,,Froslass,2
1,187,0,ACTIVATE,my_unseen,,Marnie's Impidimp,1
1,187,0,ACTIVATE,my_unseen,,Marnie's Morgrem,1
1,187,0,ACTIVATE,my_unseen,,Snorunt,1
1,187,0,ACTIVATE,my_unseen,,Rare Candy,1
1,187,0,ACTIVATE,my_unseen,,Tool Scrapper,1
1,187,0,ACTIVATE,my_unseen,,Boss’s Orders,1
1,187,0,ACTIVATE,my_unseen,,Team Rocket's Petrel,3
1,187,0,ACTIVATE,my_unseen,,Lillie's Determination,2
1,187,0,ACTIVATE,my_unseen,,Spikemuth Gym,2
1,187,0,ACTIVATE,my_unseen,,Gwynn,1
1,188,0,MAIN,hand,0,Buddy-Buddy Poffin,1
1,188,0,MAIN,hand,1,Spikemuth Gym,1
1,188,0,MAIN,hand,2,Buddy-Buddy Poffin,1
1,188,0,MAIN,hand,3,Buddy-Buddy Poffin,1
1,188,0,MAIN,hand,4,Buddy-Buddy Poffin,1
1,188,0,MAIN,hand,5,Marnie's Grimmsnarl ex,1
1,188,0,MAIN,hand,6,Budew,1
1,188,0,MAIN,hand,7,Precious Trolley,1
1,188,0,MAIN,hand,8,Basic {D} Energy,1
1,188,0,MAIN,my_discard,,Basic {D} Energy,2
1,188,0,MAIN,my_discard,,Munkidori,2
1,188,0,MAIN,my_discard,,Shaymin,1
1,188,0,MAIN,my_discard,,Rare Candy,1
1,188,0,MAIN,my_discard,,Night Stretcher,2
1,188,0,MAIN,my_discard,,Poké Pad,4
1,188,0,MAIN,my_discard,,Boss’s Orders,1
1,188,0,MAIN,my_discard,,Team Rocket's Petrel,1
1,188,0,MAIN,my_discard,,Lillie's Determination,2
1,188,0,MAIN,my_discard,,Special Red Card,1
1,188,0,MAIN,opp_discard,,Basic {R} Energy,4
1,188,0,MAIN,opp_discard,,Basic {P} Energy,2
1,188,0,MAIN,opp_discard,,Basic {D} Energy,1
1,188,0,MAIN,opp_discard,,Munkidori,2
1,188,0,MAIN,opp_discard,,Dreepy,1
1,188,0,MAIN,opp_discard,,Drakloak,1
1,188,0,MAIN,opp_discard,,Dragapult ex,1
1,188,0,MAIN,opp_discard,,Buddy-Buddy Poffin,3
1,188,0,MAIN,opp_discard,,Night Stretcher,1
1,188,0,MAIN,opp_discard,,Crushing Hammer,3
1,188,0,MAIN,opp_discard,,Ultra Ball,2
1,188,0,MAIN,opp_discard,,Poké Pad,4
1,188,0,MAIN,opp_discard,,Boss’s Orders,1
1,188,0,MAIN,opp_discard,,Crispin,2
1,188,0,MAIN,opp_discard,,Lillie's Determination,2
1,188,0,MAIN,opp_discard,,Jamming Tower,1
1,188,0,MAIN,my_unseen,,Basic {D} Energy,4
1,188,0,MAIN,my_unseen,,Froslass,2
1,188,0,MAIN,my_unseen,,Marnie's Impidimp,1
1,188,0,MAIN,my_unseen,,Marnie's Morgrem,1
1,188,0,MAIN,my_unseen,,Snorunt,1
1,188,0,MAIN,my_unseen,,Rare Candy,1
1,188,0,MAIN,my_unseen,,Tool Scrapper,1
1,188,0,MAIN,my_unseen,,Boss’s Orders,1
1,188,0,MAIN,my_unseen,,Team Rocket's Petrel,3
1,188,0,MAIN,my_unseen,,Lillie's Determination,2
1,188,0,MAIN,my_unseen,,Spikemuth Gym,2
1,188,0,MAIN,my_unseen,,Gwynn,1
1,189,0,MAIN,hand,0,Buddy-Buddy Poffin,1
1,189,0,MAIN,hand,1,Spikemuth Gym,1
1,189,0,MAIN,hand,2,Buddy-Buddy Poffin,1
1,189,0,MAIN,hand,3,Buddy-Buddy Poffin,1
1,189,0,MAIN,hand,4,Buddy-Buddy Poffin,1
1,189,0,MAIN,hand,5,Marnie's Grimmsnarl ex,1
1,189,0,MAIN,hand,6,Budew,1
1,189,0,MAIN,hand,7,Precious Trolley,1
1,189,0,MAIN,my_discard,,Basic {D} Energy,2
1,189,0,MAIN,my_discard,,Munkidori,2
1,189,0,MAIN,my_discard,,Shaymin,1
1,189,0,MAIN,my_discard,,Rare Candy,1
1,189,0,MAIN,my_discard,,Night Stretcher,2
1,189,0,MAIN,my_discard,,Poké Pad,4
1,189,0,MAIN,my_discard,,Boss’s Orders,1
1,189,0,MAIN,my_discard,,Team Rocket's Petrel,1
1,189,0,MAIN,my_discard,,Lillie's Determination,2
1,189,0,MAIN,my_discard,,Special Red Card,1
1,189,0,MAIN,opp_discard,,Basic {R} Energy,4
1,189,0,MAIN,opp_discard,,Basic {P} Energy,2
1,189,0,MAIN,opp_discard,,Basic {D} Energy,1
1,189,0,MAIN,opp_discard,,Munkidori,2
1,189,0,MAIN,opp_discard,,Dreepy,1
1,189,0,MAIN,opp_discard,,Drakloak,1
1,189,0,MAIN,opp_discard,,Dragapult ex,1
1,189,0,MAIN,opp_discard,,Buddy-Buddy Poffin,3
1,189,0,MAIN,opp_discard,,Night Stretcher,1
1,189,0,MAIN,opp_discard,,Crushing Hammer,3
1,189,0,MAIN,opp_discard,,Ultra Ball,2
1,189,0,MAIN,opp_discard,,Poké Pad,4
1,189,0,MAIN,opp_discard,,Boss’s Orders,1
1,189,0,MAIN,opp_discard,,Crispin,2
1,189,0,MAIN,opp_discard,,Lillie's Determination,2
1,189,0,MAIN,opp_discard,,Jamming Tower,1
1,189,0,MAIN,my_unseen,,Basic {D} Energy,4
1,189,0,MAIN,my_unseen,,Froslass,2
1,189,0,MAIN,my_unseen,,Marnie's Impidimp,1
1,189,0,MAIN,my_unseen,,Marnie's Morgrem,1
1,189,0,MAIN,my_unseen,,Snorunt,1
1,189,0,MAIN,my_unseen,,Rare Candy,1
1,189,0,MAIN,my_unseen,,Tool Scrapper,1
1,189,0,MAIN,my_unseen,,Boss’s Orders,1
1,189,0,MAIN,my_unseen,,Team Rocket's Petrel,3
1,189,0,MAIN,my_unseen,,Lillie's Determination,2
1,189,0,MAIN,my_unseen,,Spikemuth Gym,2
1,189,0,MAIN,my_unseen,,Gwynn,1
1,190,0,MAIN,hand,0,Buddy-Buddy Poffin,1
1,190,0,MAIN,hand,1,Spikemuth Gym,1
1,190,0,MAIN,hand,2,Buddy-Buddy Poffin,1
1,190,0,MAIN,hand,3,Buddy-Buddy Poffin,1
1,190,0,MAIN,hand,4,Buddy-Buddy Poffin,1
1,190,0,MAIN,hand,5,Marnie's Grimmsnarl ex,1
1,190,0,MAIN,hand,6,Budew,1
1,190,0,MAIN,hand,7,Precious Trolley,1
1,190,0,MAIN,my_discard,,Basic {D} Energy,2
1,190,0,MAIN,my_discard,,Munkidori,2
1,190,0,MAIN,my_discard,,Shaymin,1
1,190,0,MAIN,my_discard,,Rare Candy,1
1,190,0,MAIN,my_discard,,Night Stretcher,2
1,190,0,MAIN,my_discard,,Poké Pad,4
1,190,0,MAIN,my_discard,,Boss’s Orders,1
1,190,0,MAIN,my_discard,,Team Rocket's Petrel,1
1,190,0,MAIN,my_discard,,Lillie's Determination,2
1,190,0,MAIN,my_discard,,Special Red Card,1
1,190,0,MAIN,opp_discard,,Basic {R} Energy,4
1,190,0,MAIN,opp_discard,,Basic {P} Energy,2
1,190,0,MAIN,opp_discard,,Basic {D} Energy,1
1,190,0,MAIN,opp_discard,,Munkidori,2
1,190,0,MAIN,opp_discard,,Dreepy,1
1,190,0,MAIN,opp_discard,,Drakloak,1
1,190,0,MAIN,opp_discard,,Dragapult ex,1
1,190,0,MAIN,opp_discard,,Buddy-Buddy Poffin,3
1,190,0,MAIN,opp_discard,,Night Stretcher,1
1,190,0,MAIN,opp_discard,,Crushing Hammer,3
1,190,0,MAIN,opp_discard,,Ultra Ball,2
1,190,0,MAIN,opp_discard,,Poké Pad,4
1,190,0,MAIN,opp_discard,,Boss’s Orders,1
1,190,0,MAIN,opp_discard,,Crispin,2
1,190,0,MAIN,opp_discard,,Lillie's Determination,2
1,190,0,MAIN,opp_discard,,Jamming Tower,1
1,190,0,MAIN,my_unseen,,Basic {D} Energy,4
1,190,0,MAIN,my_unseen,,Froslass,2
1,190,0,MAIN,my_unseen,,Marnie's Impidimp,1
1,190,0,MAIN,my_unseen,,Marnie's Morgrem,1
1,190,0,MAIN,my_unseen,,Snorunt,1
1,190,0,MAIN,my_unseen,,Rare Candy,1
1,190,0,MAIN,my_unseen,,Tool Scrapper,1
1,190,0,MAIN,my_unseen,,Boss’s Orders,1
1,190,0,MAIN,my_unseen,,Team Rocket's Petrel,3
1,190,0,MAIN,my_unseen,,Lillie's Determination,2
1,190,0,MAIN,my_unseen,,Spikemuth Gym,2
1,190,0,MAIN,my_unseen,,Gwynn,1
1,191,1,MAIN,hand,0,Dreepy,1
1,191,1,MAIN,hand,1,Jamming Tower,1
1,191,1,MAIN,hand,2,Crispin,1
1,191,1,MAIN,hand,3,Basic {P} Energy,1
1,191,1,MAIN,my_discard,,Basic {R} Energy,4
1,191,1,MAIN,my_discard,,Basic {P} Energy,2
1,191,1,MAIN,my_discard,,Basic {D} Energy,1
1,191,1,MAIN,my_discard,,Munkidori,2
1,191,1,MAIN,my_discard,,Dreepy,1
1,191,1,MAIN,my_discard,,Drakloak,1
1,191,1,MAIN,my_discard,,Dragapult ex,1
1,191,1,MAIN,my_discard,,Buddy-Buddy Poffin,3
1,191,1,MAIN,my_discard,,Night Stretcher,1
1,191,1,MAIN,my_discard,,Crushing Hammer,3
1,191,1,MAIN,my_discard,,Ultra Ball,2
1,191,1,MAIN,my_discard,,Poké Pad,4
1,191,1,MAIN,my_discard,,Boss’s Orders,1
1,191,1,MAIN,my_discard,,Crispin,2
1,191,1,MAIN,my_discard,,Lillie's Determination,2
1,191,1,MAIN,my_discard,,Jamming Tower,1
1,191,1,MAIN,opp_discard,,Basic {D} Energy,2
1,191,1,MAIN,opp_discard,,Munkidori,2
1,191,1,MAIN,opp_discard,,Shaymin,1
1,191,1,MAIN,opp_discard,,Rare Candy,1
1,191,1,MAIN,opp_discard,,Night Stretcher,2
1,191,1,MAIN,opp_discard,,Poké Pad,4
1,191,1,MAIN,opp_discard,,Boss’s Orders,1
1,191,1,MAIN,opp_discard,,Team Rocket's Petrel,1
1,191,1,MAIN,opp_discard,,Lillie's Determination,2
1,191,1,MAIN,opp_discard,,Special Red Card,1
1,191,1,MAIN,my_unseen,,Drakloak,2
1,191,1,MAIN,my_unseen,,Dragapult ex,2
1,191,1,MAIN,my_unseen,,Fezandipiti ex,1
1,191,1,MAIN,my_unseen,,Budew,1
1,191,1,MAIN,my_unseen,,Unfair Stamp,1
1,191,1,MAIN,my_unseen,,Buddy-Buddy Poffin,1
1,191,1,MAIN,my_unseen,,Night Stretcher,1
1,191,1,MAIN,my_unseen,,Crushing Hammer,1
1,191,1,MAIN,my_unseen,,Ultra Ball,2
1,191,1,MAIN,my_unseen,,Boss’s Orders,2
1,191,1,MAIN,my_unseen,,Judge,1
1,191,1,MAIN,my_unseen,,Lillie's Determination,2
1,192,1,MAIN,hand,0,Dreepy,1
1,192,1,MAIN,hand,1,Jamming Tower,1
1,192,1,MAIN,hand,2,Crispin,1
1,192,1,MAIN,my_discard,,Basic {R} Energy,4
1,192,1,MAIN,my_discard,,Basic {P} Energy,2
1,192,1,MAIN,my_discard,,Basic {D} Energy,1
1,192,1,MAIN,my_discard,,Munkidori,2
1,192,1,MAIN,my_discard,,Dreepy,1
1,192,1,MAIN,my_discard,,Drakloak,1
1,192,1,MAIN,my_discard,,Dragapult ex,1
1,192,1,MAIN,my_discard,,Buddy-Buddy Poffin,3
1,192,1,MAIN,my_discard,,Night Stretcher,1
1,192,1,MAIN,my_discard,,Crushing Hammer,3
1,192,1,MAIN,my_discard,,Ultra Ball,2
1,192,1,MAIN,my_discard,,Poké Pad,4
1,192,1,MAIN,my_discard,,Boss’s Orders,1
1,192,1,MAIN,my_discard,,Crispin,2
1,192,1,MAIN,my_discard,,Lillie's Determination,2
1,192,1,MAIN,my_discard,,Jamming Tower,1
1,192,1,MAIN,opp_discard,,Basic {D} Energy,2
1,192,1,MAIN,opp_discard,,Munkidori,2
1,192,1,MAIN,opp_discard,,Shaymin,1
1,192,1,MAIN,opp_discard,,Rare Candy,1
1,192,1,MAIN,opp_discard,,Night Stretcher,2
1,192,1,MAIN,opp_discard,,Poké Pad,4
1,192,1,MAIN,opp_discard,,Boss’s Orders,1
1,192,1,MAIN,opp_discard,,Team Rocket's Petrel,1
1,192,1,MAIN,opp_discard,,Lillie's Determination,2
1,192,1,MAIN,opp_discard,,Special Red Card,1
1,192,1,MAIN,my_unseen,,Drakloak,2
1,192,1,MAIN,my_unseen,,Dragapult ex,2
1,192,1,MAIN,my_unseen,,Fezandipiti ex,1
1,192,1,MAIN,my_unseen,,Budew,1
1,192,1,MAIN,my_unseen,,Unfair Stamp,1
1,192,1,MAIN,my_unseen,,Buddy-Buddy Poffin,1
1,192,1,MAIN,my_unseen,,Night Stretcher,1
1,192,1,MAIN,my_unseen,,Crushing Hammer,1
1,192,1,MAIN,my_unseen,,Ultra Ball,2
1,192,1,MAIN,my_unseen,,Boss’s Orders,2
1,192,1,MAIN,my_unseen,,Judge,1
1,192,1,MAIN,my_unseen,,Lillie's Determination,2
1,193,1,MAIN,hand,0,Dreepy,1
1,193,1,MAIN,hand,1,Jamming Tower,1
1,193,1,MAIN,my_discard,,Basic {R} Energy,4
1,193,1,MAIN,my_discard,,Basic {P} Energy,2
1,193,1,MAIN,my_discard,,Basic {D} Energy,1
1,193,1,MAIN,my_discard,,Munkidori,2
1,193,1,MAIN,my_discard,,Dreepy,1
1,193,1,MAIN,my_discard,,Drakloak,1
1,193,1,MAIN,my_discard,,Dragapult ex,1
1,193,1,MAIN,my_discard,,Buddy-Buddy Poffin,3
1,193,1,MAIN,my_discard,,Night Stretcher,1
1,193,1,MAIN,my_discard,,Crushing Hammer,3
1,193,1,MAIN,my_discard,,Ultra Ball,2
1,193,1,MAIN,my_discard,,Poké Pad,4
1,193,1,MAIN,my_discard,,Boss’s Orders,1
1,193,1,MAIN,my_discard,,Crispin,3
1,193,1,MAIN,my_discard,,Lillie's Determination,2
1,193,1,MAIN,my_discard,,Jamming Tower,1
1,193,1,MAIN,opp_discard,,Basic {D} Energy,2
1,193,1,MAIN,opp_discard,,Munkidori,2
1,193,1,MAIN,opp_discard,,Shaymin,1
1,193,1,MAIN,opp_discard,,Rare Candy,1
1,193,1,MAIN,opp_discard,,Night Stretcher,2
1,193,1,MAIN,opp_discard,,Poké Pad,4
1,193,1,MAIN,opp_discard,,Boss’s Orders,1
1,193,1,MAIN,opp_discard,,Team Rocket's Petrel,1
1,193,1,MAIN,opp_discard,,Lillie's Determination,2
1,193,1,MAIN,opp_discard,,Special Red Card,1
1,193,1,MAIN,my_unseen,,Drakloak,2
1,193,1,MAIN,my_unseen,,Dragapult ex,2
1,193,1,MAIN,my_unseen,,Fezandipiti ex,1
1,193,1,MAIN,my_unseen,,Budew,1
1,193,1,MAIN,my_unseen,,Unfair Stamp,1
1,193,1,MAIN,my_unseen,,Buddy-Buddy Poffin,1
1,193,1,MAIN,my_unseen,,Night Stretcher,1
1,193,1,MAIN,my_unseen,,Crushing Hammer,1
1,193,1,MAIN,my_unseen,,Ultra Ball,2
1,193,1,MAIN,my_unseen,,Boss’s Orders,2
1,193,1,MAIN,my_unseen,,Judge,1
1,193,1,MAIN,my_unseen,,Lillie's Determination,2
1,194,1,MAIN,hand,0,Jamming Tower,1
1,194,1,MAIN,my_discard,,Basic {R} Energy,4
1,194,1,MAIN,my_discard,,Basic {P} Energy,2
1,194,1,MAIN,my_discard,,Basic {D} Energy,1
1,194,1,MAIN,my_discard,,Munkidori,2
1,194,1,MAIN,my_discard,,Dreepy,1
1,194,1,MAIN,my_discard,,Drakloak,1
1,194,1,MAIN,my_discard,,Dragapult ex,1
1,194,1,MAIN,my_discard,,Buddy-Buddy Poffin,3
1,194,1,MAIN,my_discard,,Night Stretcher,1
1,194,1,MAIN,my_discard,,Crushing Hammer,3
1,194,1,MAIN,my_discard,,Ultra Ball,2
1,194,1,MAIN,my_discard,,Poké Pad,4
1,194,1,MAIN,my_discard,,Boss’s Orders,1
1,194,1,MAIN,my_discard,,Crispin,3
1,194,1,MAIN,my_discard,,Lillie's Determination,2
1,194,1,MAIN,my_discard,,Jamming Tower,1
1,194,1,MAIN,opp_discard,,Basic {D} Energy,2
1,194,1,MAIN,opp_discard,,Munkidori,2
1,194,1,MAIN,opp_discard,,Shaymin,1
1,194,1,MAIN,opp_discard,,Rare Candy,1
1,194,1,MAIN,opp_discard,,Night Stretcher,2
1,194,1,MAIN,opp_discard,,Poké Pad,4
1,194,1,MAIN,opp_discard,,Boss’s Orders,1
1,194,1,MAIN,opp_discard,,Team Rocket's Petrel,1
1,194,1,MAIN,opp_discard,,Lillie's Determination,2
1,194,1,MAIN,opp_discard,,Special Red Card,1
1,194,1,MAIN,my_unseen,,Drakloak,2
1,194,1,MAIN,my_unseen,,Dragapult ex,2
1,194,1,MAIN,my_unseen,,Fezandipiti ex,1
1,194,1,MAIN,my_unseen,,Budew,1
1,194,1,MAIN,my_unseen,,Unfair Stamp,1
1,194,1,MAIN,my_unseen,,Buddy-Buddy Poffin,1
1,194,1,MAIN,my_unseen,,Night Stretcher,1
1,194,1,MAIN,my_unseen,,Crushing Hammer,1
1,194,1,MAIN,my_unseen,,Ultra Ball,2
1,194,1,MAIN,my_unseen,,Boss’s Orders,2
1,194,1,MAIN,my_unseen,,Judge,1
1,194,1,MAIN,my_unseen,,Lillie's Determination,2
1,195,1,TO_HAND,hand,0,Jamming Tower,1
1,195,1,TO_HAND,looking:ME,0,Ultra Ball,1
1,195,1,TO_HAND,looking:ME,1,Night Stretcher,1
1,195,1,TO_HAND,my_discard,,Basic {R} Energy,4
1,195,1,TO_HAND,my_discard,,Basic {P} Energy,2
1,195,1,TO_HAND,my_discard,,Basic {D} Energy,1
1,195,1,TO_HAND,my_discard,,Munkidori,2
1,195,1,TO_HAND,my_discard,,Dreepy,1
1,195,1,TO_HAND,my_discard,,Drakloak,1
1,195,1,TO_HAND,my_discard,,Dragapult ex,1
1,195,1,TO_HAND,my_discard,,Buddy-Buddy Poffin,3
1,195,1,TO_HAND,my_discard,,Night Stretcher,1
1,195,1,TO_HAND,my_discard,,Crushing Hammer,3
1,195,1,TO_HAND,my_discard,,Ultra Ball,2
1,195,1,TO_HAND,my_discard,,Poké Pad,4
1,195,1,TO_HAND,my_discard,,Boss’s Orders,1
1,195,1,TO_HAND,my_discard,,Crispin,3
1,195,1,TO_HAND,my_discard,,Lillie's Determination,2
1,195,1,TO_HAND,my_discard,,Jamming Tower,1
1,195,1,TO_HAND,opp_discard,,Basic {D} Energy,2
1,195,1,TO_HAND,opp_discard,,Munkidori,2
1,195,1,TO_HAND,opp_discard,,Shaymin,1
1,195,1,TO_HAND,opp_discard,,Rare Candy,1
1,195,1,TO_HAND,opp_discard,,Night Stretcher,2
1,195,1,TO_HAND,opp_discard,,Poké Pad,4
1,195,1,TO_HAND,opp_discard,,Boss’s Orders,1
1,195,1,TO_HAND,opp_discard,,Team Rocket's Petrel,1
1,195,1,TO_HAND,opp_discard,,Lillie's Determination,2
1,195,1,TO_HAND,opp_discard,,Special Red Card,1
1,195,1,TO_HAND,my_unseen,,Drakloak,2
1,195,1,TO_HAND,my_unseen,,Dragapult ex,2
1,195,1,TO_HAND,my_unseen,,Fezandipiti ex,1
1,195,1,TO_HAND,my_unseen,,Budew,1
1,195,1,TO_HAND,my_unseen,,Unfair Stamp,1
1,195,1,TO_HAND,my_unseen,,Buddy-Buddy Poffin,1
1,195,1,TO_HAND,my_unseen,,Night Stretcher,1
1,195,1,TO_HAND,my_unseen,,Crushing Hammer,1
1,195,1,TO_HAND,my_unseen,,Ultra Ball,2
1,195,1,TO_HAND,my_unseen,,Boss’s Orders,2
1,195,1,TO_HAND,my_unseen,,Judge,1
1,195,1,TO_HAND,my_unseen,,Lillie's Determination,2
1,196,1,MAIN,hand,0,Jamming Tower,1
1,196,1,MAIN,hand,1,Night Stretcher,1
1,196,1,MAIN,my_discard,,Basic {R} Energy,4
1,196,1,MAIN,my_discard,,Basic {P} Energy,2
1,196,1,MAIN,my_discard,,Basic {D} Energy,1
1,196,1,MAIN,my_discard,,Munkidori,2
1,196,1,MAIN,my_discard,,Dreepy,1
1,196,1,MAIN,my_discard,,Drakloak,1
1,196,1,MAIN,my_discard,,Dragapult ex,1
1,196,1,MAIN,my_discard,,Buddy-Buddy Poffin,3
1,196,1,MAIN,my_discard,,Night Stretcher,1
1,196,1,MAIN,my_discard,,Crushing Hammer,3
1,196,1,MAIN,my_discard,,Ultra Ball,2
1,196,1,MAIN,my_discard,,Poké Pad,4
1,196,1,MAIN,my_discard,,Boss’s Orders,1
1,196,1,MAIN,my_discard,,Crispin,3
1,196,1,MAIN,my_discard,,Lillie's Determination,2
1,196,1,MAIN,my_discard,,Jamming Tower,1
1,196,1,MAIN,opp_discard,,Basic {D} Energy,2
1,196,1,MAIN,opp_discard,,Munkidori,2
1,196,1,MAIN,opp_discard,,Shaymin,1
1,196,1,MAIN,opp_discard,,Rare Candy,1
1,196,1,MAIN,opp_discard,,Night Stretcher,2
1,196,1,MAIN,opp_discard,,Poké Pad,4
1,196,1,MAIN,opp_discard,,Boss’s Orders,1
1,196,1,MAIN,opp_discard,,Team Rocket's Petrel,1
1,196,1,MAIN,opp_discard,,Lillie's Determination,2
1,196,1,MAIN,opp_discard,,Special Red Card,1
1,196,1,MAIN,my_unseen,,Drakloak,2
1,196,1,MAIN,my_unseen,,Dragapult ex,2
1,196,1,MAIN,my_unseen,,Fezandipiti ex,1
1,196,1,MAIN,my_unseen,,Budew,1
1,196,1,MAIN,my_unseen,,Unfair Stamp,1
1,196,1,MAIN,my_unseen,,Buddy-Buddy Poffin,1
1,196,1,MAIN,my_unseen,,Crushing Hammer,1
1,196,1,MAIN,my_unseen,,Ultra Ball,2
1,196,1,MAIN,my_unseen,,Boss’s Orders,2
1,196,1,MAIN,my_unseen,,Judge,1
1,196,1,MAIN,my_unseen,,Lillie's Determination,2
1,197,1,MAIN,hand,0,Jamming Tower,1
1,197,1,MAIN,hand,1,Night Stretcher,1
1,197,1,MAIN,my_discard,,Basic {R} Energy,4
1,197,1,MAIN,my_discard,,Basic {P} Energy,2
1,197,1,MAIN,my_discard,,Basic {D} Energy,1
1,197,1,MAIN,my_discard,,Munkidori,2
1,197,1,MAIN,my_discard,,Dreepy,1
1,197,1,MAIN,my_discard,,Drakloak,1
1,197,1,MAIN,my_discard,,Dragapult ex,1
1,197,1,MAIN,my_discard,,Buddy-Buddy Poffin,3
1,197,1,MAIN,my_discard,,Night Stretcher,1
1,197,1,MAIN,my_discard,,Crushing Hammer,3
1,197,1,MAIN,my_discard,,Ultra Ball,2
1,197,1,MAIN,my_discard,,Poké Pad,4
1,197,1,MAIN,my_discard,,Boss’s Orders,1
1,197,1,MAIN,my_discard,,Crispin,3
1,197,1,MAIN,my_discard,,Lillie's Determination,2
1,197,1,MAIN,my_discard,,Jamming Tower,1
1,197,1,MAIN,opp_discard,,Basic {D} Energy,2
1,197,1,MAIN,opp_discard,,Munkidori,2
1,197,1,MAIN,opp_discard,,Shaymin,1
1,197,1,MAIN,opp_discard,,Rare Candy,1
1,197,1,MAIN,opp_discard,,Night Stretcher,2
1,197,1,MAIN,opp_discard,,Poké Pad,4
1,197,1,MAIN,opp_discard,,Boss’s Orders,1
1,197,1,MAIN,opp_discard,,Team Rocket's Petrel,1
1,197,1,MAIN,opp_discard,,Lillie's Determination,2
1,197,1,MAIN,opp_discard,,Special Red Card,1
1,197,1,MAIN,my_unseen,,Drakloak,2
1,197,1,MAIN,my_unseen,,Dragapult ex,2
1,197,1,MAIN,my_unseen,,Fezandipiti ex,1
1,197,1,MAIN,my_unseen,,Budew,1
1,197,1,MAIN,my_unseen,,Unfair Stamp,1
1,197,1,MAIN,my_unseen,,Buddy-Buddy Poffin,1
1,197,1,MAIN,my_unseen,,Crushing Hammer,1
1,197,1,MAIN,my_unseen,,Ultra Ball,2
1,197,1,MAIN,my_unseen,,Boss’s Orders,2
1,197,1,MAIN,my_unseen,,Judge,1
1,197,1,MAIN,my_unseen,,Lillie's Determination,2
1,198,0,TO_HAND,hand,0,Buddy-Buddy Poffin,1
1,198,0,TO_HAND,hand,1,Spikemuth Gym,1
1,198,0,TO_HAND,hand,2,Buddy-Buddy Poffin,1
1,198,0,TO_HAND,hand,3,Buddy-Buddy Poffin,1
1,198,0,TO_HAND,hand,4,Buddy-Buddy Poffin,1
1,198,0,TO_HAND,hand,5,Marnie's Grimmsnarl ex,1
1,198,0,TO_HAND,hand,6,Budew,1
1,198,0,TO_HAND,hand,7,Precious Trolley,1
1,198,0,TO_HAND,my_discard,,Basic {D} Energy,2
1,198,0,TO_HAND,my_discard,,Munkidori,2
1,198,0,TO_HAND,my_discard,,Shaymin,1
1,198,0,TO_HAND,my_discard,,Rare Candy,1
1,198,0,TO_HAND,my_discard,,Night Stretcher,2
1,198,0,TO_HAND,my_discard,,Poké Pad,4
1,198,0,TO_HAND,my_discard,,Boss’s Orders,1
1,198,0,TO_HAND,my_discard,,Team Rocket's Petrel,1
1,198,0,TO_HAND,my_discard,,Lillie's Determination,2
1,198,0,TO_HAND,my_discard,,Special Red Card,1
1,198,0,TO_HAND,opp_discard,,Basic {R} Energy,4
1,198,0,TO_HAND,opp_discard,,Basic {P} Energy,2
1,198,0,TO_HAND,opp_discard,,Basic {D} Energy,1
1,198,0,TO_HAND,opp_discard,,Munkidori,2
1,198,0,TO_HAND,opp_discard,,Dreepy,2
1,198,0,TO_HAND,opp_discard,,Drakloak,2
1,198,0,TO_HAND,opp_discard,,Dragapult ex,1
1,198,0,TO_HAND,opp_discard,,Buddy-Buddy Poffin,3
1,198,0,TO_HAND,opp_discard,,Night Stretcher,1
1,198,0,TO_HAND,opp_discard,,Crushing Hammer,3
1,198,0,TO_HAND,opp_discard,,Ultra Ball,2
1,198,0,TO_HAND,opp_discard,,Poké Pad,4
1,198,0,TO_HAND,opp_discard,,Boss’s Orders,1
1,198,0,TO_HAND,opp_discard,,Crispin,3
1,198,0,TO_HAND,opp_discard,,Lillie's Determination,2
1,198,0,TO_HAND,opp_discard,,Jamming Tower,1
1,198,0,TO_HAND,my_unseen,,Basic {D} Energy,4
1,198,0,TO_HAND,my_unseen,,Froslass,2
1,198,0,TO_HAND,my_unseen,,Marnie's Impidimp,1
1,198,0,TO_HAND,my_unseen,,Marnie's Morgrem,1
1,198,0,TO_HAND,my_unseen,,Snorunt,1
1,198,0,TO_HAND,my_unseen,,Rare Candy,1
1,198,0,TO_HAND,my_unseen,,Tool Scrapper,1
1,198,0,TO_HAND,my_unseen,,Boss’s Orders,1
1,198,0,TO_HAND,my_unseen,,Team Rocket's Petrel,3
1,198,0,TO_HAND,my_unseen,,Lillie's Determination,2
1,198,0,TO_HAND,my_unseen,,Spikemuth Gym,2
1,198,0,TO_HAND,my_unseen,,Gwynn,1
1,199,0,MAIN,hand,0,Buddy-Buddy Poffin,1
1,199,0,MAIN,hand,1,Spikemuth Gym,1
1,199,0,MAIN,hand,2,Buddy-Buddy Poffin,1
1,199,0,MAIN,hand,3,Buddy-Buddy Poffin,1
1,199,0,MAIN,hand,4,Buddy-Buddy Poffin,1
1,199,0,MAIN,hand,5,Marnie's Grimmsnarl ex,1
1,199,0,MAIN,hand,6,Budew,1
1,199,0,MAIN,hand,7,Precious Trolley,1
1,199,0,MAIN,hand,8,Marnie's Morgrem,1
1,199,0,MAIN,hand,9,Gwynn,1
1,199,0,MAIN,my_discard,,Basic {D} Energy,2
1,199,0,MAIN,my_discard,,Munkidori,2
1,199,0,MAIN,my_discard,,Shaymin,1
1,199,0,MAIN,my_discard,,Rare Candy,1
1,199,0,MAIN,my_discard,,Night Stretcher,2
1,199,0,MAIN,my_discard,,Poké Pad,4
1,199,0,MAIN,my_discard,,Boss’s Orders,1
1,199,0,MAIN,my_discard,,Team Rocket's Petrel,1
1,199,0,MAIN,my_discard,,Lillie's Determination,2
1,199,0,MAIN,my_discard,,Special Red Card,1
1,199,0,MAIN,opp_discard,,Basic {R} Energy,4
1,199,0,MAIN,opp_discard,,Basic {P} Energy,2
1,199,0,MAIN,opp_discard,,Basic {D} Energy,1
1,199,0,MAIN,opp_discard,,Munkidori,2
1,199,0,MAIN,opp_discard,,Dreepy,2
1,199,0,MAIN,opp_discard,,Drakloak,2
1,199,0,MAIN,opp_discard,,Dragapult ex,1
1,199,0,MAIN,opp_discard,,Buddy-Buddy Poffin,3
1,199,0,MAIN,opp_discard,,Night Stretcher,1
1,199,0,MAIN,opp_discard,,Crushing Hammer,3
1,199,0,MAIN,opp_discard,,Ultra Ball,2
1,199,0,MAIN,opp_discard,,Poké Pad,4
1,199,0,MAIN,opp_discard,,Boss’s Orders,1
1,199,0,MAIN,opp_discard,,Crispin,3
1,199,0,MAIN,opp_discard,,Lillie's Determination,2
1,199,0,MAIN,opp_discard,,Jamming Tower,1
1,199,0,MAIN,my_unseen,,Basic {D} Energy,4
1,199,0,MAIN,my_unseen,,Froslass,2
1,199,0,MAIN,my_unseen,,Marnie's Impidimp,1
1,199,0,MAIN,my_unseen,,Snorunt,1
1,199,0,MAIN,my_unseen,,Rare Candy,1
1,199,0,MAIN,my_unseen,,Tool Scrapper,1
1,199,0,MAIN,my_unseen,,Boss’s Orders,1
1,199,0,MAIN,my_unseen,,Team Rocket's Petrel,3
1,199,0,MAIN,my_unseen,,Lillie's Determination,2
1,199,0,MAIN,my_unseen,,Spikemuth Gym,2
1,200,0,DISCARD,hand,0,Buddy-Buddy Poffin,1
1,200,0,DISCARD,hand,1,Spikemuth Gym,1
1,200,0,DISCARD,hand,2,Buddy-Buddy Poffin,1
1,200,0,DISCARD,hand,3,Buddy-Buddy Poffin,1
1,200,0,DISCARD,hand,4,Buddy-Buddy Poffin,1
1,200,0,DISCARD,hand,5,Marnie's Grimmsnarl ex,1
1,200,0,DISCARD,hand,6,Budew,1
1,200,0,DISCARD,hand,7,Precious Trolley,1
1,200,0,DISCARD,hand,8,Marnie's Morgrem,1
1,200,0,DISCARD,my_discard,,Basic {D} Energy,2
1,200,0,DISCARD,my_discard,,Munkidori,2
1,200,0,DISCARD,my_discard,,Shaymin,1
1,200,0,DISCARD,my_discard,,Rare Candy,1
1,200,0,DISCARD,my_discard,,Night Stretcher,2
1,200,0,DISCARD,my_discard,,Poké Pad,4
1,200,0,DISCARD,my_discard,,Boss’s Orders,1
1,200,0,DISCARD,my_discard,,Team Rocket's Petrel,1
1,200,0,DISCARD,my_discard,,Lillie's Determination,2
1,200,0,DISCARD,my_discard,,Special Red Card,1
1,200,0,DISCARD,opp_discard,,Basic {R} Energy,4
1,200,0,DISCARD,opp_discard,,Basic {P} Energy,2
1,200,0,DISCARD,opp_discard,,Basic {D} Energy,1
1,200,0,DISCARD,opp_discard,,Munkidori,2
1,200,0,DISCARD,opp_discard,,Dreepy,2
1,200,0,DISCARD,opp_discard,,Drakloak,2
1,200,0,DISCARD,opp_discard,,Dragapult ex,1
1,200,0,DISCARD,opp_discard,,Buddy-Buddy Poffin,3
1,200,0,DISCARD,opp_discard,,Night Stretcher,1
1,200,0,DISCARD,opp_discard,,Crushing Hammer,3
1,200,0,DISCARD,opp_discard,,Ultra Ball,2
1,200,0,DISCARD,opp_discard,,Poké Pad,4
1,200,0,DISCARD,opp_discard,,Boss’s Orders,1
1,200,0,DISCARD,opp_discard,,Crispin,3
1,200,0,DISCARD,opp_discard,,Lillie's Determination,2
1,200,0,DISCARD,opp_discard,,Jamming Tower,1
1,200,0,DISCARD,my_unseen,,Basic {D} Energy,4
1,200,0,DISCARD,my_unseen,,Froslass,2
1,200,0,DISCARD,my_unseen,,Marnie's Impidimp,1
1,200,0,DISCARD,my_unseen,,Snorunt,1
1,200,0,DISCARD,my_unseen,,Rare Candy,1
1,200,0,DISCARD,my_unseen,,Tool Scrapper,1
1,200,0,DISCARD,my_unseen,,Boss’s Orders,1
1,200,0,DISCARD,my_unseen,,Team Rocket's Petrel,3
1,200,0,DISCARD,my_unseen,,Lillie's Determination,2
1,200,0,DISCARD,my_unseen,,Spikemuth Gym,2
1,201,0,MAIN,hand,0,Buddy-Buddy Poffin,1
1,201,0,MAIN,hand,1,Spikemuth Gym,1
1,201,0,MAIN,hand,2,Buddy-Buddy Poffin,1
1,201,0,MAIN,hand,3,Buddy-Buddy Poffin,1
1,201,0,MAIN,hand,4,Buddy-Buddy Poffin,1
1,201,0,MAIN,hand,5,Marnie's Grimmsnarl ex,1
1,201,0,MAIN,hand,6,Precious Trolley,1
1,201,0,MAIN,hand,7,Basic {D} Energy,1
1,201,0,MAIN,hand,8,Spikemuth Gym,1
1,201,0,MAIN,hand,9,Lillie's Determination,1
1,201,0,MAIN,hand,10,Team Rocket's Petrel,1
1,201,0,MAIN,hand,11,Spikemuth Gym,1
1,201,0,MAIN,hand,12,Boss’s Orders,1
1,201,0,MAIN,my_discard,,Basic {D} Energy,2
1,201,0,MAIN,my_discard,,Munkidori,2
1,201,0,MAIN,my_discard,,Budew,1
1,201,0,MAIN,my_discard,,Shaymin,1
1,201,0,MAIN,my_discard,,Marnie's Morgrem,1
1,201,0,MAIN,my_discard,,Rare Candy,1
1,201,0,MAIN,my_discard,,Night Stretcher,2
1,201,0,MAIN,my_discard,,Poké Pad,4
1,201,0,MAIN,my_discard,,Boss’s Orders,1
1,201,0,MAIN,my_discard,,Team Rocket's Petrel,1
1,201,0,MAIN,my_discard,,Lillie's Determination,2
1,201,0,MAIN,my_discard,,Special Red Card,1
1,201,0,MAIN,my_discard,,Gwynn,1
1,201,0,MAIN,opp_discard,,Basic {R} Energy,4
1,201,0,MAIN,opp_discard,,Basic {P} Energy,2
1,201,0,MAIN,opp_discard,,Basic {D} Energy,1
1,201,0,MAIN,opp_discard,,Munkidori,2
1,201,0,MAIN,opp_discard,,Dreepy,2
1,201,0,MAIN,opp_discard,,Drakloak,2
1,201,0,MAIN,opp_discard,,Dragapult ex,1
1,201,0,MAIN,opp_discard,,Buddy-Buddy Poffin,3
1,201,0,MAIN,opp_discard,,Night Stretcher,1
1,201,0,MAIN,opp_discard,,Crushing Hammer,3
1,201,0,MAIN,opp_discard,,Ultra Ball,2
1,201,0,MAIN,opp_discard,,Poké Pad,4
1,201,0,MAIN,opp_discard,,Boss’s Orders,1
1,201,0,MAIN,opp_discard,,Crispin,3
1,201,0,MAIN,opp_discard,,Lillie's Determination,2
1,201,0,MAIN,opp_discard,,Jamming Tower,1
1,201,0,MAIN,my_unseen,,Basic {D} Energy,3
1,201,0,MAIN,my_unseen,,Froslass,2
1,201,0,MAIN,my_unseen,,Marnie's Impidimp,1
1,201,0,MAIN,my_unseen,,Snorunt,1
1,201,0,MAIN,my_unseen,,Rare Candy,1
1,201,0,MAIN,my_unseen,,Tool Scrapper,1
1,201,0,MAIN,my_unseen,,Team Rocket's Petrel,2
1,201,0,MAIN,my_unseen,,Lillie's Determination,1
1,202,0,MAIN,hand,0,Buddy-Buddy Poffin,1
1,202,0,MAIN,hand,1,Spikemuth Gym,1
1,202,0,MAIN,hand,2,Buddy-Buddy Poffin,1
1,202,0,MAIN,hand,3,Buddy-Buddy Poffin,1
1,202,0,MAIN,hand,4,Buddy-Buddy Poffin,1
1,202,0,MAIN,hand,5,Marnie's Grimmsnarl ex,1
1,202,0,MAIN,hand,6,Precious Trolley,1
1,202,0,MAIN,hand,7,Spikemuth Gym,1
1,202,0,MAIN,hand,8,Lillie's Determination,1
1,202,0,MAIN,hand,9,Team Rocket's Petrel,1
1,202,0,MAIN,hand,10,Spikemuth Gym,1
1,202,0,MAIN,hand,11,Boss’s Orders,1
1,202,0,MAIN,my_discard,,Basic {D} Energy,2
1,202,0,MAIN,my_discard,,Munkidori,2
1,202,0,MAIN,my_discard,,Budew,1
1,202,0,MAIN,my_discard,,Shaymin,1
1,202,0,MAIN,my_discard,,Marnie's Morgrem,1
1,202,0,MAIN,my_discard,,Rare Candy,1
1,202,0,MAIN,my_discard,,Night Stretcher,2
1,202,0,MAIN,my_discard,,Poké Pad,4
1,202,0,MAIN,my_discard,,Boss’s Orders,1
1,202,0,MAIN,my_discard,,Team Rocket's Petrel,1
1,202,0,MAIN,my_discard,,Lillie's Determination,2
1,202,0,MAIN,my_discard,,Special Red Card,1
1,202,0,MAIN,my_discard,,Gwynn,1
1,202,0,MAIN,opp_discard,,Basic {R} Energy,4
1,202,0,MAIN,opp_discard,,Basic {P} Energy,2
1,202,0,MAIN,opp_discard,,Basic {D} Energy,1
1,202,0,MAIN,opp_discard,,Munkidori,2
1,202,0,MAIN,opp_discard,,Dreepy,2
1,202,0,MAIN,opp_discard,,Drakloak,2
1,202,0,MAIN,opp_discard,,Dragapult ex,1
1,202,0,MAIN,opp_discard,,Buddy-Buddy Poffin,3
1,202,0,MAIN,opp_discard,,Night Stretcher,1
1,202,0,MAIN,opp_discard,,Crushing Hammer,3
1,202,0,MAIN,opp_discard,,Ultra Ball,2
1,202,0,MAIN,opp_discard,,Poké Pad,4
1,202,0,MAIN,opp_discard,,Boss’s Orders,1
1,202,0,MAIN,opp_discard,,Crispin,3
1,202,0,MAIN,opp_discard,,Lillie's Determination,2
1,202,0,MAIN,opp_discard,,Jamming Tower,1
1,202,0,MAIN,my_unseen,,Basic {D} Energy,3
1,202,0,MAIN,my_unseen,,Froslass,2
1,202,0,MAIN,my_unseen,,Marnie's Impidimp,1
1,202,0,MAIN,my_unseen,,Snorunt,1
1,202,0,MAIN,my_unseen,,Rare Candy,1
1,202,0,MAIN,my_unseen,,Tool Scrapper,1
1,202,0,MAIN,my_unseen,,Team Rocket's Petrel,2
1,202,0,MAIN,my_unseen,,Lillie's Determination,1
1,203,0,MAIN,hand,0,Buddy-Buddy Poffin,1
1,203,0,MAIN,hand,1,Spikemuth Gym,1
1,203,0,MAIN,hand,2,Buddy-Buddy Poffin,1
1,203,0,MAIN,hand,3,Buddy-Buddy Poffin,1
1,203,0,MAIN,hand,4,Buddy-Buddy Poffin,1
1,203,0,MAIN,hand,5,Marnie's Grimmsnarl ex,1
1,203,0,MAIN,hand,6,Precious Trolley,1
1,203,0,MAIN,hand,7,Spikemuth Gym,1
1,203,0,MAIN,hand,8,Lillie's Determination,1
1,203,0,MAIN,hand,9,Team Rocket's Petrel,1
1,203,0,MAIN,hand,10,Spikemuth Gym,1
1,203,0,MAIN,hand,11,Boss’s Orders,1
1,203,0,MAIN,my_discard,,Basic {D} Energy,2
1,203,0,MAIN,my_discard,,Munkidori,2
1,203,0,MAIN,my_discard,,Budew,1
1,203,0,MAIN,my_discard,,Shaymin,1
1,203,0,MAIN,my_discard,,Marnie's Morgrem,1
1,203,0,MAIN,my_discard,,Rare Candy,1
1,203,0,MAIN,my_discard,,Night Stretcher,2
1,203,0,MAIN,my_discard,,Poké Pad,4
1,203,0,MAIN,my_discard,,Boss’s Orders,1
1,203,0,MAIN,my_discard,,Team Rocket's Petrel,1
1,203,0,MAIN,my_discard,,Lillie's Determination,2
1,203,0,MAIN,my_discard,,Special Red Card,1
1,203,0,MAIN,my_discard,,Gwynn,1
1,203,0,MAIN,opp_discard,,Basic {R} Energy,4
1,203,0,MAIN,opp_discard,,Basic {P} Energy,2
1,203,0,MAIN,opp_discard,,Basic {D} Energy,1
1,203,0,MAIN,opp_discard,,Munkidori,2
1,203,0,MAIN,opp_discard,,Dreepy,2
1,203,0,MAIN,opp_discard,,Drakloak,2
1,203,0,MAIN,opp_discard,,Dragapult ex,1
1,203,0,MAIN,opp_discard,,Buddy-Buddy Poffin,3
1,203,0,MAIN,opp_discard,,Night Stretcher,1
1,203,0,MAIN,opp_discard,,Crushing Hammer,3
1,203,0,MAIN,opp_discard,,Ultra Ball,2
1,203,0,MAIN,opp_discard,,Poké Pad,4
1,203,0,MAIN,opp_discard,,Boss’s Orders,1
1,203,0,MAIN,opp_discard,,Crispin,3
1,203,0,MAIN,opp_discard,,Lillie's Determination,2
1,203,0,MAIN,opp_discard,,Jamming Tower,1
1,203,0,MAIN,my_unseen,,Basic {D} Energy,3
1,203,0,MAIN,my_unseen,,Froslass,2
1,203,0,MAIN,my_unseen,,Marnie's Impidimp,1
1,203,0,MAIN,my_unseen,,Snorunt,1
1,203,0,MAIN,my_unseen,,Rare Candy,1
1,203,0,MAIN,my_unseen,,Tool Scrapper,1
1,203,0,MAIN,my_unseen,,Team Rocket's Petrel,2
1,203,0,MAIN,my_unseen,,Lillie's Determination,1
1,204,1,MAIN,hand,0,Jamming Tower,1
1,204,1,MAIN,hand,1,Night Stretcher,1
1,204,1,MAIN,hand,2,Dragapult ex,1
1,204,1,MAIN,my_discard,,Basic {R} Energy,4
1,204,1,MAIN,my_discard,,Basic {P} Energy,2
1,204,1,MAIN,my_discard,,Basic {D} Energy,1
1,204,1,MAIN,my_discard,,Munkidori,2
1,204,1,MAIN,my_discard,,Dreepy,2
1,204,1,MAIN,my_discard,,Drakloak,2
1,204,1,MAIN,my_discard,,Dragapult ex,1
1,204,1,MAIN,my_discard,,Buddy-Buddy Poffin,3
1,204,1,MAIN,my_discard,,Night Stretcher,1
1,204,1,MAIN,my_discard,,Crushing Hammer,3
1,204,1,MAIN,my_discard,,Ultra Ball,2
1,204,1,MAIN,my_discard,,Poké Pad,4
1,204,1,MAIN,my_discard,,Boss’s Orders,1
1,204,1,MAIN,my_discard,,Crispin,3
1,204,1,MAIN,my_discard,,Lillie's Determination,2
1,204,1,MAIN,my_discard,,Jamming Tower,1
1,204,1,MAIN,opp_discard,,Basic {D} Energy,2
1,204,1,MAIN,opp_discard,,Munkidori,2
1,204,1,MAIN,opp_discard,,Budew,1
1,204,1,MAIN,opp_discard,,Shaymin,1
1,204,1,MAIN,opp_discard,,Marnie's Morgrem,1
1,204,1,MAIN,opp_discard,,Rare Candy,1
1,204,1,MAIN,opp_discard,,Night Stretcher,2
1,204,1,MAIN,opp_discard,,Poké Pad,4
1,204,1,MAIN,opp_discard,,Boss’s Orders,1
1,204,1,MAIN,opp_discard,,Team Rocket's Petrel,1
1,204,1,MAIN,opp_discard,,Lillie's Determination,2
1,204,1,MAIN,opp_discard,,Special Red Card,1
1,204,1,MAIN,opp_discard,,Gwynn,1
1,204,1,MAIN,my_unseen,,Drakloak,2
1,204,1,MAIN,my_unseen,,Dragapult ex,1
1,204,1,MAIN,my_unseen,,Fezandipiti ex,1
1,204,1,MAIN,my_unseen,,Budew,1
1,204,1,MAIN,my_unseen,,Unfair Stamp,1
1,204,1,MAIN,my_unseen,,Buddy-Buddy Poffin,1
1,204,1,MAIN,my_unseen,,Crushing Hammer,1
1,204,1,MAIN,my_unseen,,Ultra Ball,2
1,204,1,MAIN,my_unseen,,Boss’s Orders,2
1,204,1,MAIN,my_unseen,,Judge,1
1,204,1,MAIN,my_unseen,,Lillie's Determination,2
1,205,1,MAIN,hand,0,Night Stretcher,1
1,205,1,MAIN,hand,1,Dragapult ex,1
1,205,1,MAIN,my_discard,,Basic {R} Energy,4
1,205,1,MAIN,my_discard,,Basic {P} Energy,2
1,205,1,MAIN,my_discard,,Basic {D} Energy,1
1,205,1,MAIN,my_discard,,Munkidori,2
1,205,1,MAIN,my_discard,,Dreepy,2
1,205,1,MAIN,my_discard,,Drakloak,2
1,205,1,MAIN,my_discard,,Dragapult ex,1
1,205,1,MAIN,my_discard,,Buddy-Buddy Poffin,3
1,205,1,MAIN,my_discard,,Night Stretcher,1
1,205,1,MAIN,my_discard,,Crushing Hammer,3
1,205,1,MAIN,my_discard,,Ultra Ball,2
1,205,1,MAIN,my_discard,,Poké Pad,4
1,205,1,MAIN,my_discard,,Boss’s Orders,1
1,205,1,MAIN,my_discard,,Crispin,3
1,205,1,MAIN,my_discard,,Lillie's Determination,2
1,205,1,MAIN,my_discard,,Jamming Tower,1
1,205,1,MAIN,opp_discard,,Basic {D} Energy,2
1,205,1,MAIN,opp_discard,,Munkidori,2
1,205,1,MAIN,opp_discard,,Budew,1
1,205,1,MAIN,opp_discard,,Shaymin,1
1,205,1,MAIN,opp_discard,,Marnie's Morgrem,1
1,205,1,MAIN,opp_discard,,Rare Candy,1
1,205,1,MAIN,opp_discard,,Night Stretcher,2
1,205,1,MAIN,opp_discard,,Poké Pad,4
1,205,1,MAIN,opp_discard,,Boss’s Orders,1
1,205,1,MAIN,opp_discard,,Team Rocket's Petrel,1
1,205,1,MAIN,opp_discard,,Lillie's Determination,2
1,205,1,MAIN,opp_discard,,Spikemuth Gym,1
1,205,1,MAIN,opp_discard,,Special Red Card,1
1,205,1,MAIN,opp_discard,,Gwynn,1
1,205,1,MAIN,my_unseen,,Drakloak,2
1,205,1,MAIN,my_unseen,,Dragapult ex,1
1,205,1,MAIN,my_unseen,,Fezandipiti ex,1
1,205,1,MAIN,my_unseen,,Budew,1
1,205,1,MAIN,my_unseen,,Unfair Stamp,1
1,205,1,MAIN,my_unseen,,Buddy-Buddy Poffin,1
1,205,1,MAIN,my_unseen,,Crushing Hammer,1
1,205,1,MAIN,my_unseen,,Ultra Ball,2
1,205,1,MAIN,my_unseen,,Boss’s Orders,2
1,205,1,MAIN,my_unseen,,Judge,1
1,205,1,MAIN,my_unseen,,Lillie's Determination,2
1,206,0,MAIN,hand,0,Buddy-Buddy Poffin,1
1,206,0,MAIN,hand,1,Spikemuth Gym,1
1,206,0,MAIN,hand,2,Buddy-Buddy Poffin,1
1,206,0,MAIN,hand,3,Buddy-Buddy Poffin,1
1,206,0,MAIN,hand,4,Buddy-Buddy Poffin,1
1,206,0,MAIN,hand,5,Marnie's Grimmsnarl ex,1
1,206,0,MAIN,hand,6,Precious Trolley,1
1,206,0,MAIN,hand,7,Spikemuth Gym,1
1,206,0,MAIN,hand,8,Lillie's Determination,1
1,206,0,MAIN,hand,9,Team Rocket's Petrel,1
1,206,0,MAIN,hand,10,Spikemuth Gym,1
1,206,0,MAIN,hand,11,Boss’s Orders,1
1,206,0,MAIN,hand,12,Froslass,1
1,206,0,MAIN,my_discard,,Basic {D} Energy,2
1,206,0,MAIN,my_discard,,Munkidori,2
1,206,0,MAIN,my_discard,,Budew,1
1,206,0,MAIN,my_discard,,Shaymin,1
1,206,0,MAIN,my_discard,,Marnie's Morgrem,1
1,206,0,MAIN,my_discard,,Rare Candy,1
1,206,0,MAIN,my_discard,,Night Stretcher,2
1,206,0,MAIN,my_discard,,Poké Pad,4
1,206,0,MAIN,my_discard,,Boss’s Orders,1
1,206,0,MAIN,my_discard,,Team Rocket's Petrel,1
1,206,0,MAIN,my_discard,,Lillie's Determination,2
1,206,0,MAIN,my_discard,,Spikemuth Gym,1
1,206,0,MAIN,my_discard,,Special Red Card,1
1,206,0,MAIN,my_discard,,Gwynn,1
1,206,0,MAIN,opp_discard,,Basic {R} Energy,4
1,206,0,MAIN,opp_discard,,Basic {P} Energy,2
1,206,0,MAIN,opp_discard,,Basic {D} Energy,1
1,206,0,MAIN,opp_discard,,Munkidori,2
1,206,0,MAIN,opp_discard,,Dreepy,2
1,206,0,MAIN,opp_discard,,Drakloak,2
1,206,0,MAIN,opp_discard,,Dragapult ex,1
1,206,0,MAIN,opp_discard,,Buddy-Buddy Poffin,3
1,206,0,MAIN,opp_discard,,Night Stretcher,1
1,206,0,MAIN,opp_discard,,Crushing Hammer,3
1,206,0,MAIN,opp_discard,,Ultra Ball,2
1,206,0,MAIN,opp_discard,,Poké Pad,4
1,206,0,MAIN,opp_discard,,Boss’s Orders,1
1,206,0,MAIN,opp_discard,,Crispin,3
1,206,0,MAIN,opp_discard,,Lillie's Determination,2
1,206,0,MAIN,opp_discard,,Jamming Tower,1
1,206,0,MAIN,my_unseen,,Basic {D} Energy,3
1,206,0,MAIN,my_unseen,,Froslass,1
1,206,0,MAIN,my_unseen,,Marnie's Impidimp,1
1,206,0,MAIN,my_unseen,,Snorunt,1
1,206,0,MAIN,my_unseen,,Rare Candy,1
1,206,0,MAIN,my_unseen,,Tool Scrapper,1
1,206,0,MAIN,my_unseen,,Team Rocket's Petrel,2
1,206,0,MAIN,my_unseen,,Lillie's Determination,1
1,207,0,MAIN,hand,0,Buddy-Buddy Poffin,1
1,207,0,MAIN,hand,1,Spikemuth Gym,1
1,207,0,MAIN,hand,2,Buddy-Buddy Poffin,1
1,207,0,MAIN,hand,3,Buddy-Buddy Poffin,1
1,207,0,MAIN,hand,4,Buddy-Buddy Poffin,1
1,207,0,MAIN,hand,5,Marnie's Grimmsnarl ex,1
1,207,0,MAIN,hand,6,Precious Trolley,1
1,207,0,MAIN,hand,7,Lillie's Determination,1
1,207,0,MAIN,hand,8,Team Rocket's Petrel,1
1,207,0,MAIN,hand,9,Spikemuth Gym,1
1,207,0,MAIN,hand,10,Boss’s Orders,1
1,207,0,MAIN,hand,11,Froslass,1
1,207,0,MAIN,my_discard,,Basic {D} Energy,2
1,207,0,MAIN,my_discard,,Munkidori,2
1,207,0,MAIN,my_discard,,Budew,1
1,207,0,MAIN,my_discard,,Shaymin,1
1,207,0,MAIN,my_discard,,Marnie's Morgrem,1
1,207,0,MAIN,my_discard,,Rare Candy,1
1,207,0,MAIN,my_discard,,Night Stretcher,2
1,207,0,MAIN,my_discard,,Poké Pad,4
1,207,0,MAIN,my_discard,,Boss’s Orders,1
1,207,0,MAIN,my_discard,,Team Rocket's Petrel,1
1,207,0,MAIN,my_discard,,Lillie's Determination,2
1,207,0,MAIN,my_discard,,Spikemuth Gym,1
1,207,0,MAIN,my_discard,,Special Red Card,1
1,207,0,MAIN,my_discard,,Gwynn,1
1,207,0,MAIN,opp_discard,,Basic {R} Energy,4
1,207,0,MAIN,opp_discard,,Basic {P} Energy,2
1,207,0,MAIN,opp_discard,,Basic {D} Energy,1
1,207,0,MAIN,opp_discard,,Munkidori,2
1,207,0,MAIN,opp_discard,,Dreepy,2
1,207,0,MAIN,opp_discard,,Drakloak,2
1,207,0,MAIN,opp_discard,,Dragapult ex,1
1,207,0,MAIN,opp_discard,,Buddy-Buddy Poffin,3
1,207,0,MAIN,opp_discard,,Night Stretcher,1
1,207,0,MAIN,opp_discard,,Crushing Hammer,3
1,207,0,MAIN,opp_discard,,Ultra Ball,2
1,207,0,MAIN,opp_discard,,Poké Pad,4
1,207,0,MAIN,opp_discard,,Boss’s Orders,1
1,207,0,MAIN,opp_discard,,Crispin,3
1,207,0,MAIN,opp_discard,,Lillie's Determination,2
1,207,0,MAIN,opp_discard,,Jamming Tower,2
1,207,0,MAIN,my_unseen,,Basic {D} Energy,3
1,207,0,MAIN,my_unseen,,Froslass,1
1,207,0,MAIN,my_unseen,,Marnie's Impidimp,1
1,207,0,MAIN,my_unseen,,Snorunt,1
1,207,0,MAIN,my_unseen,,Rare Candy,1
1,207,0,MAIN,my_unseen,,Tool Scrapper,1
1,207,0,MAIN,my_unseen,,Team Rocket's Petrel,2
1,207,0,MAIN,my_unseen,,Lillie's Determination,1
1,208,0,TO_HAND,hand,0,Buddy-Buddy Poffin,1
1,208,0,TO_HAND,hand,1,Spikemuth Gym,1
1,208,0,TO_HAND,hand,2,Buddy-Buddy Poffin,1
1,208,0,TO_HAND,hand,3,Buddy-Buddy Poffin,1
1,208,0,TO_HAND,hand,4,Buddy-Buddy Poffin,1
1,208,0,TO_HAND,hand,5,Marnie's Grimmsnarl ex,1
1,208,0,TO_HAND,hand,6,Precious Trolley,1
1,208,0,TO_HAND,hand,7,Lillie's Determination,1
1,208,0,TO_HAND,hand,8,Spikemuth Gym,1
1,208,0,TO_HAND,hand,9,Boss’s Orders,1
1,208,0,TO_HAND,hand,10,Froslass,1
1,208,0,TO_HAND,my_discard,,Basic {D} Energy,2
1,208,0,TO_HAND,my_discard,,Munkidori,2
1,208,0,TO_HAND,my_discard,,Budew,1
1,208,0,TO_HAND,my_discard,,Shaymin,1
1,208,0,TO_HAND,my_discard,,Marnie's Morgrem,1
1,208,0,TO_HAND,my_discard,,Rare Candy,1
1,208,0,TO_HAND,my_discard,,Night Stretcher,2
1,208,0,TO_HAND,my_discard,,Poké Pad,4
1,208,0,TO_HAND,my_discard,,Boss’s Orders,1
1,208,0,TO_HAND,my_discard,,Team Rocket's Petrel,1
1,208,0,TO_HAND,my_discard,,Lillie's Determination,2
1,208,0,TO_HAND,my_discard,,Spikemuth Gym,1
1,208,0,TO_HAND,my_discard,,Special Red Card,1
1,208,0,TO_HAND,my_discard,,Gwynn,1
1,208,0,TO_HAND,opp_discard,,Basic {R} Energy,4
1,208,0,TO_HAND,opp_discard,,Basic {P} Energy,2
1,208,0,TO_HAND,opp_discard,,Basic {D} Energy,1
1,208,0,TO_HAND,opp_discard,,Munkidori,2
1,208,0,TO_HAND,opp_discard,,Dreepy,2
1,208,0,TO_HAND,opp_discard,,Drakloak,2
1,208,0,TO_HAND,opp_discard,,Dragapult ex,1
1,208,0,TO_HAND,opp_discard,,Buddy-Buddy Poffin,3
1,208,0,TO_HAND,opp_discard,,Night Stretcher,1
1,208,0,TO_HAND,opp_discard,,Crushing Hammer,3
1,208,0,TO_HAND,opp_discard,,Ultra Ball,2
1,208,0,TO_HAND,opp_discard,,Poké Pad,4
1,208,0,TO_HAND,opp_discard,,Boss’s Orders,1
1,208,0,TO_HAND,opp_discard,,Crispin,3
1,208,0,TO_HAND,opp_discard,,Lillie's Determination,2
1,208,0,TO_HAND,opp_discard,,Jamming Tower,2
1,208,0,TO_HAND,my_unseen,,Basic {D} Energy,3
1,208,0,TO_HAND,my_unseen,,Froslass,1
1,208,0,TO_HAND,my_unseen,,Marnie's Impidimp,1
1,208,0,TO_HAND,my_unseen,,Snorunt,1
1,208,0,TO_HAND,my_unseen,,Rare Candy,1
1,208,0,TO_HAND,my_unseen,,Tool Scrapper,1
1,208,0,TO_HAND,my_unseen,,Team Rocket's Petrel,2
1,208,0,TO_HAND,my_unseen,,Lillie's Determination,1
1,209,0,MAIN,hand,0,Buddy-Buddy Poffin,1
1,209,0,MAIN,hand,1,Spikemuth Gym,1
1,209,0,MAIN,hand,2,Buddy-Buddy Poffin,1
1,209,0,MAIN,hand,3,Buddy-Buddy Poffin,1
1,209,0,MAIN,hand,4,Buddy-Buddy Poffin,1
1,209,0,MAIN,hand,5,Marnie's Grimmsnarl ex,1
1,209,0,MAIN,hand,6,Precious Trolley,1
1,209,0,MAIN,hand,7,Lillie's Determination,1
1,209,0,MAIN,hand,8,Spikemuth Gym,1
1,209,0,MAIN,hand,9,Boss’s Orders,1
1,209,0,MAIN,hand,10,Froslass,1
1,209,0,MAIN,my_discard,,Basic {D} Energy,2
1,209,0,MAIN,my_discard,,Munkidori,2
1,209,0,MAIN,my_discard,,Budew,1
1,209,0,MAIN,my_discard,,Shaymin,1
1,209,0,MAIN,my_discard,,Marnie's Morgrem,1
1,209,0,MAIN,my_discard,,Rare Candy,1
1,209,0,MAIN,my_discard,,Night Stretcher,2
1,209,0,MAIN,my_discard,,Poké Pad,4
1,209,0,MAIN,my_discard,,Boss’s Orders,1
1,209,0,MAIN,my_discard,,Team Rocket's Petrel,2
1,209,0,MAIN,my_discard,,Lillie's Determination,2
1,209,0,MAIN,my_discard,,Spikemuth Gym,1
1,209,0,MAIN,my_discard,,Special Red Card,1
1,209,0,MAIN,my_discard,,Gwynn,1
1,209,0,MAIN,opp_discard,,Basic {R} Energy,4
1,209,0,MAIN,opp_discard,,Basic {P} Energy,2
1,209,0,MAIN,opp_discard,,Basic {D} Energy,1
1,209,0,MAIN,opp_discard,,Munkidori,2
1,209,0,MAIN,opp_discard,,Dreepy,2
1,209,0,MAIN,opp_discard,,Drakloak,2
1,209,0,MAIN,opp_discard,,Dragapult ex,1
1,209,0,MAIN,opp_discard,,Buddy-Buddy Poffin,3
1,209,0,MAIN,opp_discard,,Night Stretcher,1
1,209,0,MAIN,opp_discard,,Crushing Hammer,3
1,209,0,MAIN,opp_discard,,Ultra Ball,2
1,209,0,MAIN,opp_discard,,Poké Pad,4
1,209,0,MAIN,opp_discard,,Boss’s Orders,1
1,209,0,MAIN,opp_discard,,Crispin,3
1,209,0,MAIN,opp_discard,,Lillie's Determination,2
1,209,0,MAIN,opp_discard,,Jamming Tower,2
1,209,0,MAIN,my_unseen,,Basic {D} Energy,3
1,209,0,MAIN,my_unseen,,Froslass,1
1,209,0,MAIN,my_unseen,,Marnie's Impidimp,1
1,209,0,MAIN,my_unseen,,Snorunt,1
1,209,0,MAIN,my_unseen,,Rare Candy,1
1,209,0,MAIN,my_unseen,,Tool Scrapper,1
1,209,0,MAIN,my_unseen,,Team Rocket's Petrel,2
1,209,0,MAIN,my_unseen,,Lillie's Determination,1
1,210,0,MAIN,hand,0,Buddy-Buddy Poffin,1
1,210,0,MAIN,hand,1,Spikemuth Gym,1
1,210,0,MAIN,hand,2,Buddy-Buddy Poffin,1
1,210,0,MAIN,hand,3,Buddy-Buddy Poffin,1
1,210,0,MAIN,hand,4,Buddy-Buddy Poffin,1
1,210,0,MAIN,hand,5,Marnie's Grimmsnarl ex,1
1,210,0,MAIN,hand,6,Precious Trolley,1
1,210,0,MAIN,hand,7,Lillie's Determination,1
1,210,0,MAIN,hand,8,Spikemuth Gym,1
1,210,0,MAIN,hand,9,Boss’s Orders,1
1,210,0,MAIN,my_discard,,Basic {D} Energy,2
1,210,0,MAIN,my_discard,,Munkidori,2
1,210,0,MAIN,my_discard,,Budew,1
1,210,0,MAIN,my_discard,,Shaymin,1
1,210,0,MAIN,my_discard,,Marnie's Morgrem,1
1,210,0,MAIN,my_discard,,Rare Candy,1
1,210,0,MAIN,my_discard,,Night Stretcher,2
1,210,0,MAIN,my_discard,,Poké Pad,4
1,210,0,MAIN,my_discard,,Boss’s Orders,1
1,210,0,MAIN,my_discard,,Team Rocket's Petrel,2
1,210,0,MAIN,my_discard,,Lillie's Determination,2
1,210,0,MAIN,my_discard,,Spikemuth Gym,1
1,210,0,MAIN,my_discard,,Special Red Card,1
1,210,0,MAIN,my_discard,,Gwynn,1
1,210,0,MAIN,opp_discard,,Basic {R} Energy,4
1,210,0,MAIN,opp_discard,,Basic {P} Energy,2
1,210,0,MAIN,opp_discard,,Basic {D} Energy,1
1,210,0,MAIN,opp_discard,,Munkidori,2
1,210,0,MAIN,opp_discard,,Dreepy,2
1,210,0,MAIN,opp_discard,,Drakloak,2
1,210,0,MAIN,opp_discard,,Dragapult ex,1
1,210,0,MAIN,opp_discard,,Buddy-Buddy Poffin,3
1,210,0,MAIN,opp_discard,,Night Stretcher,1
1,210,0,MAIN,opp_discard,,Crushing Hammer,3
1,210,0,MAIN,opp_discard,,Ultra Ball,2
1,210,0,MAIN,opp_discard,,Poké Pad,4
1,210,0,MAIN,opp_discard,,Boss’s Orders,1
1,210,0,MAIN,opp_discard,,Crispin,3
1,210,0,MAIN,opp_discard,,Lillie's Determination,2
1,210,0,MAIN,opp_discard,,Jamming Tower,2
1,210,0,MAIN,my_unseen,,Basic {D} Energy,3
1,210,0,MAIN,my_unseen,,Froslass,1
1,210,0,MAIN,my_unseen,,Marnie's Impidimp,1
1,210,0,MAIN,my_unseen,,Snorunt,1
1,210,0,MAIN,my_unseen,,Rare Candy,1
1,210,0,MAIN,my_unseen,,Tool Scrapper,1
1,210,0,MAIN,my_unseen,,Team Rocket's Petrel,2
1,210,0,MAIN,my_unseen,,Lillie's Determination,1
1,211,1,SKILL_ORDER,hand,0,Night Stretcher,1
1,211,1,SKILL_ORDER,hand,1,Dragapult ex,1
1,211,1,SKILL_ORDER,my_discard,,Basic {R} Energy,4
1,211,1,SKILL_ORDER,my_discard,,Basic {P} Energy,2
1,211,1,SKILL_ORDER,my_discard,,Basic {D} Energy,1
1,211,1,SKILL_ORDER,my_discard,,Munkidori,2
1,211,1,SKILL_ORDER,my_discard,,Dreepy,2
1,211,1,SKILL_ORDER,my_discard,,Drakloak,2
1,211,1,SKILL_ORDER,my_discard,,Dragapult ex,1
1,211,1,SKILL_ORDER,my_discard,,Buddy-Buddy Poffin,3
1,211,1,SKILL_ORDER,my_discard,,Night Stretcher,1
1,211,1,SKILL_ORDER,my_discard,,Crushing Hammer,3
1,211,1,SKILL_ORDER,my_discard,,Ultra Ball,2
1,211,1,SKILL_ORDER,my_discard,,Poké Pad,4
1,211,1,SKILL_ORDER,my_discard,,Boss’s Orders,1
1,211,1,SKILL_ORDER,my_discard,,Crispin,3
1,211,1,SKILL_ORDER,my_discard,,Lillie's Determination,2
1,211,1,SKILL_ORDER,my_discard,,Jamming Tower,2
1,211,1,SKILL_ORDER,opp_discard,,Basic {D} Energy,2
1,211,1,SKILL_ORDER,opp_discard,,Munkidori,2
1,211,1,SKILL_ORDER,opp_discard,,Budew,1
1,211,1,SKILL_ORDER,opp_discard,,Shaymin,1
1,211,1,SKILL_ORDER,opp_discard,,Marnie's Morgrem,1
1,211,1,SKILL_ORDER,opp_discard,,Rare Candy,1
1,211,1,SKILL_ORDER,opp_discard,,Night Stretcher,2
1,211,1,SKILL_ORDER,opp_discard,,Poké Pad,4
1,211,1,SKILL_ORDER,opp_discard,,Boss’s Orders,1
1,211,1,SKILL_ORDER,opp_discard,,Team Rocket's Petrel,2
1,211,1,SKILL_ORDER,opp_discard,,Lillie's Determination,2
1,211,1,SKILL_ORDER,opp_discard,,Spikemuth Gym,1
1,211,1,SKILL_ORDER,opp_discard,,Special Red Card,1
1,211,1,SKILL_ORDER,opp_discard,,Gwynn,1
1,211,1,SKILL_ORDER,my_unseen,,Drakloak,2
1,211,1,SKILL_ORDER,my_unseen,,Dragapult ex,1
1,211,1,SKILL_ORDER,my_unseen,,Fezandipiti ex,1
1,211,1,SKILL_ORDER,my_unseen,,Budew,1
1,211,1,SKILL_ORDER,my_unseen,,Unfair Stamp,1
1,211,1,SKILL_ORDER,my_unseen,,Buddy-Buddy Poffin,1
1,211,1,SKILL_ORDER,my_unseen,,Crushing Hammer,1
1,211,1,SKILL_ORDER,my_unseen,,Ultra Ball,2
1,211,1,SKILL_ORDER,my_unseen,,Boss’s Orders,2
1,211,1,SKILL_ORDER,my_unseen,,Judge,1
1,211,1,SKILL_ORDER,my_unseen,,Lillie's Determination,2
1,212,1,MAIN,hand,0,Night Stretcher,1
1,212,1,MAIN,hand,1,Dragapult ex,1
1,212,1,MAIN,hand,2,Drakloak,1
1,212,1,MAIN,my_discard,,Basic {R} Energy,4
1,212,1,MAIN,my_discard,,Basic {P} Energy,2
1,212,1,MAIN,my_discard,,Basic {D} Energy,1
1,212,1,MAIN,my_discard,,Munkidori,2
1,212,1,MAIN,my_discard,,Dreepy,2
1,212,1,MAIN,my_discard,,Drakloak,2
1,212,1,MAIN,my_discard,,Dragapult ex,1
1,212,1,MAIN,my_discard,,Buddy-Buddy Poffin,3
1,212,1,MAIN,my_discard,,Night Stretcher,1
1,212,1,MAIN,my_discard,,Crushing Hammer,3
1,212,1,MAIN,my_discard,,Ultra Ball,2
1,212,1,MAIN,my_discard,,Poké Pad,4
1,212,1,MAIN,my_discard,,Boss’s Orders,1
1,212,1,MAIN,my_discard,,Crispin,3
1,212,1,MAIN,my_discard,,Lillie's Determination,2
1,212,1,MAIN,my_discard,,Jamming Tower,2
1,212,1,MAIN,opp_discard,,Basic {D} Energy,2
1,212,1,MAIN,opp_discard,,Munkidori,2
1,212,1,MAIN,opp_discard,,Budew,1
1,212,1,MAIN,opp_discard,,Shaymin,1
1,212,1,MAIN,opp_discard,,Marnie's Morgrem,1
1,212,1,MAIN,opp_discard,,Rare Candy,1
1,212,1,MAIN,opp_discard,,Night Stretcher,2
1,212,1,MAIN,opp_discard,,Poké Pad,4
1,212,1,MAIN,opp_discard,,Boss’s Orders,1
1,212,1,MAIN,opp_discard,,Team Rocket's Petrel,2
1,212,1,MAIN,opp_discard,,Lillie's Determination,2
1,212,1,MAIN,opp_discard,,Spikemuth Gym,1
1,212,1,MAIN,opp_discard,,Special Red Card,1
1,212,1,MAIN,opp_discard,,Gwynn,1
1,212,1,MAIN,my_unseen,,Drakloak,1
1,212,1,MAIN,my_unseen,,Dragapult ex,1
1,212,1,MAIN,my_unseen,,Fezandipiti ex,1
1,212,1,MAIN,my_unseen,,Budew,1
1,212,1,MAIN,my_unseen,,Unfair Stamp,1
1,212,1,MAIN,my_unseen,,Buddy-Buddy Poffin,1
1,212,1,MAIN,my_unseen,,Crushing Hammer,1
1,212,1,MAIN,my_unseen,,Ultra Ball,2
1,212,1,MAIN,my_unseen,,Boss’s Orders,2
1,212,1,MAIN,my_unseen,,Judge,1
1,212,1,MAIN,my_unseen,,Lillie's Determination,2
1,213,1,DISCARD_ENERGY,hand,0,Night Stretcher,1
1,213,1,DISCARD_ENERGY,hand,1,Dragapult ex,1
1,213,1,DISCARD_ENERGY,hand,2,Drakloak,1
1,213,1,DISCARD_ENERGY,my_discard,,Basic {R} Energy,4
1,213,1,DISCARD_ENERGY,my_discard,,Basic {P} Energy,2
1,213,1,DISCARD_ENERGY,my_discard,,Basic {D} Energy,1
1,213,1,DISCARD_ENERGY,my_discard,,Munkidori,2
1,213,1,DISCARD_ENERGY,my_discard,,Dreepy,2
1,213,1,DISCARD_ENERGY,my_discard,,Drakloak,2
1,213,1,DISCARD_ENERGY,my_discard,,Dragapult ex,1
1,213,1,DISCARD_ENERGY,my_discard,,Buddy-Buddy Poffin,3
1,213,1,DISCARD_ENERGY,my_discard,,Night Stretcher,1
1,213,1,DISCARD_ENERGY,my_discard,,Crushing Hammer,3
1,213,1,DISCARD_ENERGY,my_discard,,Ultra Ball,2
1,213,1,DISCARD_ENERGY,my_discard,,Poké Pad,4
1,213,1,DISCARD_ENERGY,my_discard,,Boss’s Orders,1
1,213,1,DISCARD_ENERGY,my_discard,,Crispin,3
1,213,1,DISCARD_ENERGY,my_discard,,Lillie's Determination,2
1,213,1,DISCARD_ENERGY,my_discard,,Jamming Tower,2
1,213,1,DISCARD_ENERGY,opp_discard,,Basic {D} Energy,2
1,213,1,DISCARD_ENERGY,opp_discard,,Munkidori,2
1,213,1,DISCARD_ENERGY,opp_discard,,Budew,1
1,213,1,DISCARD_ENERGY,opp_discard,,Shaymin,1
1,213,1,DISCARD_ENERGY,opp_discard,,Marnie's Morgrem,1
1,213,1,DISCARD_ENERGY,opp_discard,,Rare Candy,1
1,213,1,DISCARD_ENERGY,opp_discard,,Night Stretcher,2
1,213,1,DISCARD_ENERGY,opp_discard,,Poké Pad,4
1,213,1,DISCARD_ENERGY,opp_discard,,Boss’s Orders,1
1,213,1,DISCARD_ENERGY,opp_discard,,Team Rocket's Petrel,2
1,213,1,DISCARD_ENERGY,opp_discard,,Lillie's Determination,2
1,213,1,DISCARD_ENERGY,opp_discard,,Spikemuth Gym,1
1,213,1,DISCARD_ENERGY,opp_discard,,Special Red Card,1
1,213,1,DISCARD_ENERGY,opp_discard,,Gwynn,1
1,213,1,DISCARD_ENERGY,my_unseen,,Drakloak,1
1,213,1,DISCARD_ENERGY,my_unseen,,Dragapult ex,1
1,213,1,DISCARD_ENERGY,my_unseen,,Fezandipiti ex,1
1,213,1,DISCARD_ENERGY,my_unseen,,Budew,1
1,213,1,DISCARD_ENERGY,my_unseen,,Unfair Stamp,1
1,213,1,DISCARD_ENERGY,my_unseen,,Buddy-Buddy Poffin,1
1,213,1,DISCARD_ENERGY,my_unseen,,Crushing Hammer,1
1,213,1,DISCARD_ENERGY,my_unseen,,Ultra Ball,2
1,213,1,DISCARD_ENERGY,my_unseen,,Boss’s Orders,2
1,213,1,DISCARD_ENERGY,my_unseen,,Judge,1
1,213,1,DISCARD_ENERGY,my_unseen,,Lillie's Determination,2
1,214,1,SWITCH,hand,0,Night Stretcher,1
1,214,1,SWITCH,hand,1,Dragapult ex,1
1,214,1,SWITCH,hand,2,Drakloak,1
1,214,1,SWITCH,my_discard,,Basic {R} Energy,4
1,214,1,SWITCH,my_discard,,Basic {P} Energy,2
1,214,1,SWITCH,my_discard,,Basic {D} Energy,2
1,214,1,SWITCH,my_discard,,Munkidori,2
1,214,1,SWITCH,my_discard,,Dreepy,2
1,214,1,SWITCH,my_discard,,Drakloak,2
1,214,1,SWITCH,my_discard,,Dragapult ex,1
1,214,1,SWITCH,my_discard,,Buddy-Buddy Poffin,3
1,214,1,SWITCH,my_discard,,Night Stretcher,1
1,214,1,SWITCH,my_discard,,Crushing Hammer,3
1,214,1,SWITCH,my_discard,,Ultra Ball,2
1,214,1,SWITCH,my_discard,,Poké Pad,4
1,214,1,SWITCH,my_discard,,Boss’s Orders,1
1,214,1,SWITCH,my_discard,,Crispin,3
1,214,1,SWITCH,my_discard,,Lillie's Determination,2
1,214,1,SWITCH,my_discard,,Jamming Tower,2
1,214,1,SWITCH,opp_discard,,Basic {D} Energy,2
1,214,1,SWITCH,opp_discard,,Munkidori,2
1,214,1,SWITCH,opp_discard,,Budew,1
1,214,1,SWITCH,opp_discard,,Shaymin,1
1,214,1,SWITCH,opp_discard,,Marnie's Morgrem,1
1,214,1,SWITCH,opp_discard,,Rare Candy,1
1,214,1,SWITCH,opp_discard,,Night Stretcher,2
1,214,1,SWITCH,opp_discard,,Poké Pad,4
1,214,1,SWITCH,opp_discard,,Boss’s Orders,1
1,214,1,SWITCH,opp_discard,,Team Rocket's Petrel,2
1,214,1,SWITCH,opp_discard,,Lillie's Determination,2
1,214,1,SWITCH,opp_discard,,Spikemuth Gym,1
1,214,1,SWITCH,opp_discard,,Special Red Card,1
1,214,1,SWITCH,opp_discard,,Gwynn,1
1,214,1,SWITCH,my_unseen,,Drakloak,1
1,214,1,SWITCH,my_unseen,,Dragapult ex,1
1,214,1,SWITCH,my_unseen,,Fezandipiti ex,1
1,214,1,SWITCH,my_unseen,,Budew,1
1,214,1,SWITCH,my_unseen,,Unfair Stamp,1
1,214,1,SWITCH,my_unseen,,Buddy-Buddy Poffin,1
1,214,1,SWITCH,my_unseen,,Crushing Hammer,1
1,214,1,SWITCH,my_unseen,,Ultra Ball,2
1,214,1,SWITCH,my_unseen,,Boss’s Orders,2
1,214,1,SWITCH,my_unseen,,Judge,1
1,214,1,SWITCH,my_unseen,,Lillie's Determination,2
1,215,1,MAIN,hand,0,Night Stretcher,1
1,215,1,MAIN,hand,1,Dragapult ex,1
1,215,1,MAIN,hand,2,Drakloak,1
1,215,1,MAIN,my_discard,,Basic {R} Energy,4
1,215,1,MAIN,my_discard,,Basic {P} Energy,2
1,215,1,MAIN,my_discard,,Basic {D} Energy,2
1,215,1,MAIN,my_discard,,Munkidori,2
1,215,1,MAIN,my_discard,,Dreepy,2
1,215,1,MAIN,my_discard,,Drakloak,2
1,215,1,MAIN,my_discard,,Dragapult ex,1
1,215,1,MAIN,my_discard,,Buddy-Buddy Poffin,3
1,215,1,MAIN,my_discard,,Night Stretcher,1
1,215,1,MAIN,my_discard,,Crushing Hammer,3
1,215,1,MAIN,my_discard,,Ultra Ball,2
1,215,1,MAIN,my_discard,,Poké Pad,4
1,215,1,MAIN,my_discard,,Boss’s Orders,1
1,215,1,MAIN,my_discard,,Crispin,3
1,215,1,MAIN,my_discard,,Lillie's Determination,2
1,215,1,MAIN,my_discard,,Jamming Tower,2
1,215,1,MAIN,opp_discard,,Basic {D} Energy,2
1,215,1,MAIN,opp_discard,,Munkidori,2
1,215,1,MAIN,opp_discard,,Budew,1
1,215,1,MAIN,opp_discard,,Shaymin,1
1,215,1,MAIN,opp_discard,,Marnie's Morgrem,1
1,215,1,MAIN,opp_discard,,Rare Candy,1
1,215,1,MAIN,opp_discard,,Night Stretcher,2
1,215,1,MAIN,opp_discard,,Poké Pad,4
1,215,1,MAIN,opp_discard,,Boss’s Orders,1
1,215,1,MAIN,opp_discard,,Team Rocket's Petrel,2
1,215,1,MAIN,opp_discard,,Lillie's Determination,2
1,215,1,MAIN,opp_discard,,Spikemuth Gym,1
1,215,1,MAIN,opp_discard,,Special Red Card,1
1,215,1,MAIN,opp_discard,,Gwynn,1
1,215,1,MAIN,my_unseen,,Drakloak,1
1,215,1,MAIN,my_unseen,,Dragapult ex,1
1,215,1,MAIN,my_unseen,,Fezandipiti ex,1
1,215,1,MAIN,my_unseen,,Budew,1
1,215,1,MAIN,my_unseen,,Unfair Stamp,1
1,215,1,MAIN,my_unseen,,Buddy-Buddy Poffin,1
1,215,1,MAIN,my_unseen,,Crushing Hammer,1
1,215,1,MAIN,my_unseen,,Ultra Ball,2
1,215,1,MAIN,my_unseen,,Boss’s Orders,2
1,215,1,MAIN,my_unseen,,Judge,1
1,215,1,MAIN,my_unseen,,Lillie's Determination,2
1,216,1,MAIN,hand,0,Night Stretcher,1
1,216,1,MAIN,hand,1,Dragapult ex,1
1,216,1,MAIN,my_discard,,Basic {R} Energy,4
1,216,1,MAIN,my_discard,,Basic {P} Energy,2
1,216,1,MAIN,my_discard,,Basic {D} Energy,2
1,216,1,MAIN,my_discard,,Munkidori,2
1,216,1,MAIN,my_discard,,Dreepy,2
1,216,1,MAIN,my_discard,,Drakloak,2
1,216,1,MAIN,my_discard,,Dragapult ex,1
1,216,1,MAIN,my_discard,,Buddy-Buddy Poffin,3
1,216,1,MAIN,my_discard,,Night Stretcher,1
1,216,1,MAIN,my_discard,,Crushing Hammer,3
1,216,1,MAIN,my_discard,,Ultra Ball,2
1,216,1,MAIN,my_discard,,Poké Pad,4
1,216,1,MAIN,my_discard,,Boss’s Orders,1
1,216,1,MAIN,my_discard,,Crispin,3
1,216,1,MAIN,my_discard,,Lillie's Determination,2
1,216,1,MAIN,my_discard,,Jamming Tower,2
1,216,1,MAIN,opp_discard,,Basic {D} Energy,2
1,216,1,MAIN,opp_discard,,Munkidori,2
1,216,1,MAIN,opp_discard,,Budew,1
1,216,1,MAIN,opp_discard,,Shaymin,1
1,216,1,MAIN,opp_discard,,Marnie's Morgrem,1
1,216,1,MAIN,opp_discard,,Rare Candy,1
1,216,1,MAIN,opp_discard,,Night Stretcher,2
1,216,1,MAIN,opp_discard,,Poké Pad,4
1,216,1,MAIN,opp_discard,,Boss’s Orders,1
1,216,1,MAIN,opp_discard,,Team Rocket's Petrel,2
1,216,1,MAIN,opp_discard,,Lillie's Determination,2
1,216,1,MAIN,opp_discard,,Spikemuth Gym,1
1,216,1,MAIN,opp_discard,,Special Red Card,1
1,216,1,MAIN,opp_discard,,Gwynn,1
1,216,1,MAIN,my_unseen,,Drakloak,1
1,216,1,MAIN,my_unseen,,Dragapult ex,1
1,216,1,MAIN,my_unseen,,Fezandipiti ex,1
1,216,1,MAIN,my_unseen,,Budew,1
1,216,1,MAIN,my_unseen,,Unfair Stamp,1
1,216,1,MAIN,my_unseen,,Buddy-Buddy Poffin,1
1,216,1,MAIN,my_unseen,,Crushing Hammer,1
1,216,1,MAIN,my_unseen,,Ultra Ball,2
1,216,1,MAIN,my_unseen,,Boss’s Orders,2
1,216,1,MAIN,my_unseen,,Judge,1
1,216,1,MAIN,my_unseen,,Lillie's Determination,2
1,217,0,SKILL_ORDER,hand,0,Buddy-Buddy Poffin,1
1,217,0,SKILL_ORDER,hand,1,Spikemuth Gym,1
1,217,0,SKILL_ORDER,hand,2,Buddy-Buddy Poffin,1
1,217,0,SKILL_ORDER,hand,3,Buddy-Buddy Poffin,1
1,217,0,SKILL_ORDER,hand,4,Buddy-Buddy Poffin,1
1,217,0,SKILL_ORDER,hand,5,Marnie's Grimmsnarl ex,1
1,217,0,SKILL_ORDER,hand,6,Precious Trolley,1
1,217,0,SKILL_ORDER,hand,7,Lillie's Determination,1
1,217,0,SKILL_ORDER,hand,8,Spikemuth Gym,1
1,217,0,SKILL_ORDER,hand,9,Boss’s Orders,1
1,217,0,SKILL_ORDER,my_discard,,Basic {D} Energy,2
1,217,0,SKILL_ORDER,my_discard,,Munkidori,2
1,217,0,SKILL_ORDER,my_discard,,Budew,1
1,217,0,SKILL_ORDER,my_discard,,Shaymin,1
1,217,0,SKILL_ORDER,my_discard,,Marnie's Morgrem,1
1,217,0,SKILL_ORDER,my_discard,,Rare Candy,1
1,217,0,SKILL_ORDER,my_discard,,Night Stretcher,2
1,217,0,SKILL_ORDER,my_discard,,Poké Pad,4
1,217,0,SKILL_ORDER,my_discard,,Boss’s Orders,1
1,217,0,SKILL_ORDER,my_discard,,Team Rocket's Petrel,2
1,217,0,SKILL_ORDER,my_discard,,Lillie's Determination,2
1,217,0,SKILL_ORDER,my_discard,,Spikemuth Gym,1
1,217,0,SKILL_ORDER,my_discard,,Special Red Card,1
1,217,0,SKILL_ORDER,my_discard,,Gwynn,1
1,217,0,SKILL_ORDER,opp_discard,,Basic {R} Energy,4
1,217,0,SKILL_ORDER,opp_discard,,Basic {P} Energy,2
1,217,0,SKILL_ORDER,opp_discard,,Basic {D} Energy,2
1,217,0,SKILL_ORDER,opp_discard,,Munkidori,2
1,217,0,SKILL_ORDER,opp_discard,,Dreepy,2
1,217,0,SKILL_ORDER,opp_discard,,Drakloak,2
1,217,0,SKILL_ORDER,opp_discard,,Dragapult ex,1
1,217,0,SKILL_ORDER,opp_discard,,Buddy-Buddy Poffin,3
1,217,0,SKILL_ORDER,opp_discard,,Night Stretcher,1
1,217,0,SKILL_ORDER,opp_discard,,Crushing Hammer,3
1,217,0,SKILL_ORDER,opp_discard,,Ultra Ball,2
1,217,0,SKILL_ORDER,opp_discard,,Poké Pad,4
1,217,0,SKILL_ORDER,opp_discard,,Boss’s Orders,1
1,217,0,SKILL_ORDER,opp_discard,,Crispin,3
1,217,0,SKILL_ORDER,opp_discard,,Lillie's Determination,2
1,217,0,SKILL_ORDER,opp_discard,,Jamming Tower,2
1,217,0,SKILL_ORDER,my_unseen,,Basic {D} Energy,3
1,217,0,SKILL_ORDER,my_unseen,,Froslass,1
1,217,0,SKILL_ORDER,my_unseen,,Marnie's Impidimp,1
1,217,0,SKILL_ORDER,my_unseen,,Snorunt,1
1,217,0,SKILL_ORDER,my_unseen,,Rare Candy,1
1,217,0,SKILL_ORDER,my_unseen,,Tool Scrapper,1
1,217,0,SKILL_ORDER,my_unseen,,Team Rocket's Petrel,2
1,217,0,SKILL_ORDER,my_unseen,,Lillie's Determination,1
1,218,1,TO_HAND,hand,0,Night Stretcher,1
1,218,1,TO_HAND,hand,1,Dragapult ex,1
1,218,1,TO_HAND,my_discard,,Basic {R} Energy,4
1,218,1,TO_HAND,my_discard,,Basic {P} Energy,2
1,218,1,TO_HAND,my_discard,,Basic {D} Energy,2
1,218,1,TO_HAND,my_discard,,Munkidori,2
1,218,1,TO_HAND,my_discard,,Dreepy,2
1,218,1,TO_HAND,my_discard,,Drakloak,2
1,218,1,TO_HAND,my_discard,,Dragapult ex,1
1,218,1,TO_HAND,my_discard,,Buddy-Buddy Poffin,3
1,218,1,TO_HAND,my_discard,,Night Stretcher,1
1,218,1,TO_HAND,my_discard,,Crushing Hammer,3
1,218,1,TO_HAND,my_discard,,Ultra Ball,2
1,218,1,TO_HAND,my_discard,,Poké Pad,4
1,218,1,TO_HAND,my_discard,,Boss’s Orders,1
1,218,1,TO_HAND,my_discard,,Crispin,3
1,218,1,TO_HAND,my_discard,,Lillie's Determination,2
1,218,1,TO_HAND,my_discard,,Jamming Tower,2
1,218,1,TO_HAND,opp_discard,,Basic {D} Energy,2
1,218,1,TO_HAND,opp_discard,,Munkidori,3
1,218,1,TO_HAND,opp_discard,,Budew,1
1,218,1,TO_HAND,opp_discard,,Shaymin,1
1,218,1,TO_HAND,opp_discard,,Marnie's Morgrem,1
1,218,1,TO_HAND,opp_discard,,Rare Candy,1
1,218,1,TO_HAND,opp_discard,,Night Stretcher,2
1,218,1,TO_HAND,opp_discard,,Poké Pad,4
1,218,1,TO_HAND,opp_discard,,Boss’s Orders,1
1,218,1,TO_HAND,opp_discard,,Team Rocket's Petrel,2
1,218,1,TO_HAND,opp_discard,,Lillie's Determination,2
1,218,1,TO_HAND,opp_discard,,Spikemuth Gym,1
1,218,1,TO_HAND,opp_discard,,Special Red Card,1
1,218,1,TO_HAND,opp_discard,,Gwynn,1
1,218,1,TO_HAND,my_unseen,,Drakloak,1
1,218,1,TO_HAND,my_unseen,,Dragapult ex,1
1,218,1,TO_HAND,my_unseen,,Fezandipiti ex,1
1,218,1,TO_HAND,my_unseen,,Budew,1
1,218,1,TO_HAND,my_unseen,,Unfair Stamp,1
1,218,1,TO_HAND,my_unseen,,Buddy-Buddy Poffin,1
1,218,1,TO_HAND,my_unseen,,Crushing Hammer,1
1,218,1,TO_HAND,my_unseen,,Ultra Ball,2
1,218,1,TO_HAND,my_unseen,,Boss’s Orders,2
1,218,1,TO_HAND,my_unseen,,Judge,1
1,218,1,TO_HAND,my_unseen,,Lillie's Determination,2
1,219,0,MAIN,hand,0,Buddy-Buddy Poffin,1
1,219,0,MAIN,hand,1,Spikemuth Gym,1
1,219,0,MAIN,hand,2,Buddy-Buddy Poffin,1
1,219,0,MAIN,hand,3,Buddy-Buddy Poffin,1
1,219,0,MAIN,hand,4,Buddy-Buddy Poffin,1
1,219,0,MAIN,hand,5,Marnie's Grimmsnarl ex,1
1,219,0,MAIN,hand,6,Precious Trolley,1
1,219,0,MAIN,hand,7,Lillie's Determination,1
1,219,0,MAIN,hand,8,Spikemuth Gym,1
1,219,0,MAIN,hand,9,Boss’s Orders,1
1,219,0,MAIN,hand,10,Rare Candy,1
1,219,0,MAIN,my_discard,,Basic {D} Energy,2
1,219,0,MAIN,my_discard,,Munkidori,3
1,219,0,MAIN,my_discard,,Budew,1
1,219,0,MAIN,my_discard,,Shaymin,1
1,219,0,MAIN,my_discard,,Marnie's Morgrem,1
1,219,0,MAIN,my_discard,,Rare Candy,1
1,219,0,MAIN,my_discard,,Night Stretcher,2
1,219,0,MAIN,my_discard,,Poké Pad,4
1,219,0,MAIN,my_discard,,Boss’s Orders,1
1,219,0,MAIN,my_discard,,Team Rocket's Petrel,2
1,219,0,MAIN,my_discard,,Lillie's Determination,2
1,219,0,MAIN,my_discard,,Spikemuth Gym,1
1,219,0,MAIN,my_discard,,Special Red Card,1
1,219,0,MAIN,my_discard,,Gwynn,1
1,219,0,MAIN,opp_discard,,Basic {R} Energy,4
1,219,0,MAIN,opp_discard,,Basic {P} Energy,2
1,219,0,MAIN,opp_discard,,Basic {D} Energy,2
1,219,0,MAIN,opp_discard,,Munkidori,2
1,219,0,MAIN,opp_discard,,Dreepy,2
1,219,0,MAIN,opp_discard,,Drakloak,2
1,219,0,MAIN,opp_discard,,Dragapult ex,1
1,219,0,MAIN,opp_discard,,Buddy-Buddy Poffin,3
1,219,0,MAIN,opp_discard,,Night Stretcher,1
1,219,0,MAIN,opp_discard,,Crushing Hammer,3
1,219,0,MAIN,opp_discard,,Ultra Ball,2
1,219,0,MAIN,opp_discard,,Poké Pad,4
1,219,0,MAIN,opp_discard,,Boss’s Orders,1
1,219,0,MAIN,opp_discard,,Crispin,3
1,219,0,MAIN,opp_discard,,Lillie's Determination,2
1,219,0,MAIN,opp_discard,,Jamming Tower,2
1,219,0,MAIN,my_unseen,,Basic {D} Energy,3
1,219,0,MAIN,my_unseen,,Froslass,1
1,219,0,MAIN,my_unseen,,Marnie's Impidimp,1
1,219,0,MAIN,my_unseen,,Snorunt,1
1,219,0,MAIN,my_unseen,,Tool Scrapper,1
1,219,0,MAIN,my_unseen,,Team Rocket's Petrel,2
1,219,0,MAIN,my_unseen,,Lillie's Determination,1
1,220,0,TO_BENCH,hand,0,Buddy-Buddy Poffin,1
1,220,0,TO_BENCH,hand,1,Spikemuth Gym,1
1,220,0,TO_BENCH,hand,2,Buddy-Buddy Poffin,1
1,220,0,TO_BENCH,hand,3,Buddy-Buddy Poffin,1
1,220,0,TO_BENCH,hand,4,Marnie's Grimmsnarl ex,1
1,220,0,TO_BENCH,hand,5,Precious Trolley,1
1,220,0,TO_BENCH,hand,6,Lillie's Determination,1
1,220,0,TO_BENCH,hand,7,Spikemuth Gym,1
1,220,0,TO_BENCH,hand,8,Boss’s Orders,1
1,220,0,TO_BENCH,hand,9,Rare Candy,1
1,220,0,TO_BENCH,my_discard,,Basic {D} Energy,2
1,220,0,TO_BENCH,my_discard,,Munkidori,3
1,220,0,TO_BENCH,my_discard,,Budew,1
1,220,0,TO_BENCH,my_discard,,Shaymin,1
1,220,0,TO_BENCH,my_discard,,Marnie's Morgrem,1
1,220,0,TO_BENCH,my_discard,,Rare Candy,1
1,220,0,TO_BENCH,my_discard,,Night Stretcher,2
1,220,0,TO_BENCH,my_discard,,Poké Pad,4
1,220,0,TO_BENCH,my_discard,,Boss’s Orders,1
1,220,0,TO_BENCH,my_discard,,Team Rocket's Petrel,2
1,220,0,TO_BENCH,my_discard,,Lillie's Determination,2
1,220,0,TO_BENCH,my_discard,,Spikemuth Gym,1
1,220,0,TO_BENCH,my_discard,,Special Red Card,1
1,220,0,TO_BENCH,my_discard,,Gwynn,1
1,220,0,TO_BENCH,opp_discard,,Basic {R} Energy,4
1,220,0,TO_BENCH,opp_discard,,Basic {P} Energy,2
1,220,0,TO_BENCH,opp_discard,,Basic {D} Energy,2
1,220,0,TO_BENCH,opp_discard,,Munkidori,2
1,220,0,TO_BENCH,opp_discard,,Dreepy,2
1,220,0,TO_BENCH,opp_discard,,Drakloak,2
1,220,0,TO_BENCH,opp_discard,,Dragapult ex,1
1,220,0,TO_BENCH,opp_discard,,Buddy-Buddy Poffin,3
1,220,0,TO_BENCH,opp_discard,,Night Stretcher,1
1,220,0,TO_BENCH,opp_discard,,Crushing Hammer,3
1,220,0,TO_BENCH,opp_discard,,Ultra Ball,2
1,220,0,TO_BENCH,opp_discard,,Poké Pad,4
1,220,0,TO_BENCH,opp_discard,,Boss’s Orders,1
1,220,0,TO_BENCH,opp_discard,,Crispin,3
1,220,0,TO_BENCH,opp_discard,,Lillie's Determination,2
1,220,0,TO_BENCH,opp_discard,,Jamming Tower,2
1,220,0,TO_BENCH,my_unseen,,Basic {D} Energy,3
1,220,0,TO_BENCH,my_unseen,,Froslass,1
1,220,0,TO_BENCH,my_unseen,,Marnie's Impidimp,1
1,220,0,TO_BENCH,my_unseen,,Snorunt,1
1,220,0,TO_BENCH,my_unseen,,Tool Scrapper,1
1,220,0,TO_BENCH,my_unseen,,Team Rocket's Petrel,2
1,220,0,TO_BENCH,my_unseen,,Lillie's Determination,1
1,221,0,MAIN,hand,0,Buddy-Buddy Poffin,1
1,221,0,MAIN,hand,1,Spikemuth Gym,1
1,221,0,MAIN,hand,2,Buddy-Buddy Poffin,1
1,221,0,MAIN,hand,3,Buddy-Buddy Poffin,1
1,221,0,MAIN,hand,4,Marnie's Grimmsnarl ex,1
1,221,0,MAIN,hand,5,Precious Trolley,1
1,221,0,MAIN,hand,6,Lillie's Determination,1
1,221,0,MAIN,hand,7,Spikemuth Gym,1
1,221,0,MAIN,hand,8,Boss’s Orders,1
1,221,0,MAIN,hand,9,Rare Candy,1
1,221,0,MAIN,my_discard,,Basic {D} Energy,2
1,221,0,MAIN,my_discard,,Munkidori,3
1,221,0,MAIN,my_discard,,Budew,1
1,221,0,MAIN,my_discard,,Shaymin,1
1,221,0,MAIN,my_discard,,Marnie's Morgrem,1
1,221,0,MAIN,my_discard,,Rare Candy,1
1,221,0,MAIN,my_discard,,Buddy-Buddy Poffin,1
1,221,0,MAIN,my_discard,,Night Stretcher,2
1,221,0,MAIN,my_discard,,Poké Pad,4
1,221,0,MAIN,my_discard,,Boss’s Orders,1
1,221,0,MAIN,my_discard,,Team Rocket's Petrel,2
1,221,0,MAIN,my_discard,,Lillie's Determination,2
1,221,0,MAIN,my_discard,,Spikemuth Gym,1
1,221,0,MAIN,my_discard,,Special Red Card,1
1,221,0,MAIN,my_discard,,Gwynn,1
1,221,0,MAIN,opp_discard,,Basic {R} Energy,4
1,221,0,MAIN,opp_discard,,Basic {P} Energy,2
1,221,0,MAIN,opp_discard,,Basic {D} Energy,2
1,221,0,MAIN,opp_discard,,Munkidori,2
1,221,0,MAIN,opp_discard,,Dreepy,2
1,221,0,MAIN,opp_discard,,Drakloak,2
1,221,0,MAIN,opp_discard,,Dragapult ex,1
1,221,0,MAIN,opp_discard,,Buddy-Buddy Poffin,3
1,221,0,MAIN,opp_discard,,Night Stretcher,1
1,221,0,MAIN,opp_discard,,Crushing Hammer,3
1,221,0,MAIN,opp_discard,,Ultra Ball,2
1,221,0,MAIN,opp_discard,,Poké Pad,4
1,221,0,MAIN,opp_discard,,Boss’s Orders,1
1,221,0,MAIN,opp_discard,,Crispin,3
1,221,0,MAIN,opp_discard,,Lillie's Determination,2
1,221,0,MAIN,opp_discard,,Jamming Tower,2
1,221,0,MAIN,my_unseen,,Basic {D} Energy,3
1,221,0,MAIN,my_unseen,,Froslass,1
1,221,0,MAIN,my_unseen,,Marnie's Impidimp,1
1,221,0,MAIN,my_unseen,,Tool Scrapper,1
1,221,0,MAIN,my_unseen,,Team Rocket's Petrel,2
1,221,0,MAIN,my_unseen,,Lillie's Determination,1
1,222,0,MAIN,hand,0,Buddy-Buddy Poffin,1
1,222,0,MAIN,hand,1,Tool Scrapper,1
1,222,0,MAIN,hand,2,Froslass,1
1,222,0,MAIN,hand,3,Spikemuth Gym,1
1,222,0,MAIN,hand,4,Precious Trolley,1
1,222,0,MAIN,hand,5,Buddy-Buddy Poffin,1
1,222,0,MAIN,my_discard,,Basic {D} Energy,2
1,222,0,MAIN,my_discard,,Munkidori,3
1,222,0,MAIN,my_discard,,Budew,1
1,222,0,MAIN,my_discard,,Shaymin,1
1,222,0,MAIN,my_discard,,Marnie's Morgrem,1
1,222,0,MAIN,my_discard,,Rare Candy,1
1,222,0,MAIN,my_discard,,Buddy-Buddy Poffin,1
1,222,0,MAIN,my_discard,,Night Stretcher,2
1,222,0,MAIN,my_discard,,Poké Pad,4
1,222,0,MAIN,my_discard,,Boss’s Orders,1
1,222,0,MAIN,my_discard,,Team Rocket's Petrel,2
1,222,0,MAIN,my_discard,,Lillie's Determination,3
1,222,0,MAIN,my_discard,,Spikemuth Gym,1
1,222,0,MAIN,my_discard,,Special Red Card,1
1,222,0,MAIN,my_discard,,Gwynn,1
1,222,0,MAIN,opp_discard,,Basic {R} Energy,4
1,222,0,MAIN,opp_discard,,Basic {P} Energy,2
1,222,0,MAIN,opp_discard,,Basic {D} Energy,2
1,222,0,MAIN,opp_discard,,Munkidori,2
1,222,0,MAIN,opp_discard,,Dreepy,2
1,222,0,MAIN,opp_discard,,Drakloak,2
1,222,0,MAIN,opp_discard,,Dragapult ex,1
1,222,0,MAIN,opp_discard,,Buddy-Buddy Poffin,3
1,222,0,MAIN,opp_discard,,Night Stretcher,1
1,222,0,MAIN,opp_discard,,Crushing Hammer,3
1,222,0,MAIN,opp_discard,,Ultra Ball,2
1,222,0,MAIN,opp_discard,,Poké Pad,4
1,222,0,MAIN,opp_discard,,Boss’s Orders,1
1,222,0,MAIN,opp_discard,,Crispin,3
1,222,0,MAIN,opp_discard,,Lillie's Determination,2
1,222,0,MAIN,opp_discard,,Jamming Tower,2
1,222,0,MAIN,my_unseen,,Basic {D} Energy,3
1,222,0,MAIN,my_unseen,,Marnie's Impidimp,1
1,222,0,MAIN,my_unseen,,Marnie's Grimmsnarl ex,1
1,222,0,MAIN,my_unseen,,Rare Candy,1
1,222,0,MAIN,my_unseen,,Buddy-Buddy Poffin,1
1,222,0,MAIN,my_unseen,,Boss’s Orders,1
1,222,0,MAIN,my_unseen,,Team Rocket's Petrel,2
1,222,0,MAIN,my_unseen,,Lillie's Determination,1
1,222,0,MAIN,my_unseen,,Spikemuth Gym,1
1,223,0,TO_HAND,hand,0,Buddy-Buddy Poffin,1
1,223,0,TO_HAND,hand,1,Tool Scrapper,1
1,223,0,TO_HAND,hand,2,Froslass,1
1,223,0,TO_HAND,hand,3,Spikemuth Gym,1
1,223,0,TO_HAND,hand,4,Precious Trolley,1
1,223,0,TO_HAND,hand,5,Buddy-Buddy Poffin,1
1,223,0,TO_HAND,my_discard,,Basic {D} Energy,2
1,223,0,TO_HAND,my_discard,,Munkidori,3
1,223,0,TO_HAND,my_discard,,Budew,1
1,223,0,TO_HAND,my_discard,,Shaymin,1
1,223,0,TO_HAND,my_discard,,Marnie's Morgrem,1
1,223,0,TO_HAND,my_discard,,Rare Candy,1
1,223,0,TO_HAND,my_discard,,Buddy-Buddy Poffin,1
1,223,0,TO_HAND,my_discard,,Night Stretcher,2
1,223,0,TO_HAND,my_discard,,Poké Pad,4
1,223,0,TO_HAND,my_discard,,Boss’s Orders,1
1,223,0,TO_HAND,my_discard,,Team Rocket's Petrel,2
1,223,0,TO_HAND,my_discard,,Lillie's Determination,3
1,223,0,TO_HAND,my_discard,,Spikemuth Gym,1
1,223,0,TO_HAND,my_discard,,Special Red Card,1
1,223,0,TO_HAND,my_discard,,Gwynn,1
1,223,0,TO_HAND,opp_discard,,Basic {R} Energy,4
1,223,0,TO_HAND,opp_discard,,Basic {P} Energy,2
1,223,0,TO_HAND,opp_discard,,Basic {D} Energy,2
1,223,0,TO_HAND,opp_discard,,Munkidori,2
1,223,0,TO_HAND,opp_discard,,Dreepy,2
1,223,0,TO_HAND,opp_discard,,Drakloak,2
1,223,0,TO_HAND,opp_discard,,Dragapult ex,1
1,223,0,TO_HAND,opp_discard,,Buddy-Buddy Poffin,3
1,223,0,TO_HAND,opp_discard,,Night Stretcher,1
1,223,0,TO_HAND,opp_discard,,Crushing Hammer,3
1,223,0,TO_HAND,opp_discard,,Ultra Ball,2
1,223,0,TO_HAND,opp_discard,,Poké Pad,4
1,223,0,TO_HAND,opp_discard,,Boss’s Orders,1
1,223,0,TO_HAND,opp_discard,,Crispin,3
1,223,0,TO_HAND,opp_discard,,Lillie's Determination,2
1,223,0,TO_HAND,opp_discard,,Jamming Tower,2
1,223,0,TO_HAND,my_unseen,,Basic {D} Energy,3
1,223,0,TO_HAND,my_unseen,,Marnie's Impidimp,1
1,223,0,TO_HAND,my_unseen,,Marnie's Grimmsnarl ex,1
1,223,0,TO_HAND,my_unseen,,Rare Candy,1
1,223,0,TO_HAND,my_unseen,,Buddy-Buddy Poffin,1
1,223,0,TO_HAND,my_unseen,,Boss’s Orders,1
1,223,0,TO_HAND,my_unseen,,Team Rocket's Petrel,2
1,223,0,TO_HAND,my_unseen,,Lillie's Determination,1
1,223,0,TO_HAND,my_unseen,,Spikemuth Gym,1
1,224,0,MAIN,hand,0,Buddy-Buddy Poffin,1
1,224,0,MAIN,hand,1,Tool Scrapper,1
1,224,0,MAIN,hand,2,Froslass,1
1,224,0,MAIN,hand,3,Spikemuth Gym,1
1,224,0,MAIN,hand,4,Precious Trolley,1
1,224,0,MAIN,hand,5,Buddy-Buddy Poffin,1
1,224,0,MAIN,hand,6,Marnie's Grimmsnarl ex,1
1,224,0,MAIN,my_discard,,Basic {D} Energy,2
1,224,0,MAIN,my_discard,,Munkidori,3
1,224,0,MAIN,my_discard,,Budew,1
1,224,0,MAIN,my_discard,,Shaymin,1
1,224,0,MAIN,my_discard,,Marnie's Morgrem,1
1,224,0,MAIN,my_discard,,Rare Candy,1
1,224,0,MAIN,my_discard,,Buddy-Buddy Poffin,1
1,224,0,MAIN,my_discard,,Night Stretcher,2
1,224,0,MAIN,my_discard,,Poké Pad,4
1,224,0,MAIN,my_discard,,Boss’s Orders,1
1,224,0,MAIN,my_discard,,Team Rocket's Petrel,2
1,224,0,MAIN,my_discard,,Lillie's Determination,3
1,224,0,MAIN,my_discard,,Spikemuth Gym,1
1,224,0,MAIN,my_discard,,Special Red Card,1
1,224,0,MAIN,my_discard,,Gwynn,1
1,224,0,MAIN,opp_discard,,Basic {R} Energy,4
1,224,0,MAIN,opp_discard,,Basic {P} Energy,2
1,224,0,MAIN,opp_discard,,Basic {D} Energy,2
1,224,0,MAIN,opp_discard,,Munkidori,2
1,224,0,MAIN,opp_discard,,Dreepy,2
1,224,0,MAIN,opp_discard,,Drakloak,2
1,224,0,MAIN,opp_discard,,Dragapult ex,1
1,224,0,MAIN,opp_discard,,Buddy-Buddy Poffin,3
1,224,0,MAIN,opp_discard,,Night Stretcher,1
1,224,0,MAIN,opp_discard,,Crushing Hammer,3
1,224,0,MAIN,opp_discard,,Ultra Ball,2
1,224,0,MAIN,opp_discard,,Poké Pad,4
1,224,0,MAIN,opp_discard,,Boss’s Orders,1
1,224,0,MAIN,opp_discard,,Crispin,3
1,224,0,MAIN,opp_discard,,Lillie's Determination,2
1,224,0,MAIN,opp_discard,,Jamming Tower,2
1,224,0,MAIN,my_unseen,,Basic {D} Energy,3
1,224,0,MAIN,my_unseen,,Marnie's Impidimp,1
1,224,0,MAIN,my_unseen,,Rare Candy,1
1,224,0,MAIN,my_unseen,,Buddy-Buddy Poffin,1
1,224,0,MAIN,my_unseen,,Boss’s Orders,1
1,224,0,MAIN,my_unseen,,Team Rocket's Petrel,2
1,224,0,MAIN,my_unseen,,Lillie's Determination,1
1,224,0,MAIN,my_unseen,,Spikemuth Gym,1
1,225,1,SKILL_ORDER,hand,0,Night Stretcher,1
1,225,1,SKILL_ORDER,hand,1,Dragapult ex,1
1,225,1,SKILL_ORDER,hand,2,Ultra Ball,1
1,225,1,SKILL_ORDER,my_discard,,Basic {R} Energy,4
1,225,1,SKILL_ORDER,my_discard,,Basic {P} Energy,2
1,225,1,SKILL_ORDER,my_discard,,Basic {D} Energy,2
1,225,1,SKILL_ORDER,my_discard,,Munkidori,2
1,225,1,SKILL_ORDER,my_discard,,Dreepy,2
1,225,1,SKILL_ORDER,my_discard,,Drakloak,2
1,225,1,SKILL_ORDER,my_discard,,Dragapult ex,1
1,225,1,SKILL_ORDER,my_discard,,Buddy-Buddy Poffin,3
1,225,1,SKILL_ORDER,my_discard,,Night Stretcher,1
1,225,1,SKILL_ORDER,my_discard,,Crushing Hammer,3
1,225,1,SKILL_ORDER,my_discard,,Ultra Ball,2
1,225,1,SKILL_ORDER,my_discard,,Poké Pad,4
1,225,1,SKILL_ORDER,my_discard,,Boss’s Orders,1
1,225,1,SKILL_ORDER,my_discard,,Crispin,3
1,225,1,SKILL_ORDER,my_discard,,Lillie's Determination,2
1,225,1,SKILL_ORDER,my_discard,,Jamming Tower,2
1,225,1,SKILL_ORDER,opp_discard,,Basic {D} Energy,2
1,225,1,SKILL_ORDER,opp_discard,,Munkidori,3
1,225,1,SKILL_ORDER,opp_discard,,Budew,1
1,225,1,SKILL_ORDER,opp_discard,,Shaymin,1
1,225,1,SKILL_ORDER,opp_discard,,Marnie's Morgrem,1
1,225,1,SKILL_ORDER,opp_discard,,Rare Candy,1
1,225,1,SKILL_ORDER,opp_discard,,Buddy-Buddy Poffin,1
1,225,1,SKILL_ORDER,opp_discard,,Night Stretcher,2
1,225,1,SKILL_ORDER,opp_discard,,Poké Pad,4
1,225,1,SKILL_ORDER,opp_discard,,Boss’s Orders,1
1,225,1,SKILL_ORDER,opp_discard,,Team Rocket's Petrel,2
1,225,1,SKILL_ORDER,opp_discard,,Lillie's Determination,3
1,225,1,SKILL_ORDER,opp_discard,,Spikemuth Gym,1
1,225,1,SKILL_ORDER,opp_discard,,Special Red Card,1
1,225,1,SKILL_ORDER,opp_discard,,Gwynn,1
1,225,1,SKILL_ORDER,my_unseen,,Drakloak,1
1,225,1,SKILL_ORDER,my_unseen,,Dragapult ex,1
1,225,1,SKILL_ORDER,my_unseen,,Fezandipiti ex,1
1,225,1,SKILL_ORDER,my_unseen,,Budew,1
1,225,1,SKILL_ORDER,my_unseen,,Unfair Stamp,1
1,225,1,SKILL_ORDER,my_unseen,,Buddy-Buddy Poffin,1
1,225,1,SKILL_ORDER,my_unseen,,Crushing Hammer,1
1,225,1,SKILL_ORDER,my_unseen,,Ultra Ball,1
1,225,1,SKILL_ORDER,my_unseen,,Boss’s Orders,2
1,225,1,SKILL_ORDER,my_unseen,,Judge,1
1,225,1,SKILL_ORDER,my_unseen,,Lillie's Determination,2
1,226,1,MAIN,hand,0,Night Stretcher,1
1,226,1,MAIN,hand,1,Dragapult ex,1
1,226,1,MAIN,hand,2,Ultra Ball,1
1,226,1,MAIN,hand,3,Lillie's Determination,1
1,226,1,MAIN,my_discard,,Basic {R} Energy,4
1,226,1,MAIN,my_discard,,Basic {P} Energy,2
1,226,1,MAIN,my_discard,,Basic {D} Energy,2
1,226,1,MAIN,my_discard,,Munkidori,2
1,226,1,MAIN,my_discard,,Dreepy,2
1,226,1,MAIN,my_discard,,Drakloak,2
1,226,1,MAIN,my_discard,,Dragapult ex,1
1,226,1,MAIN,my_discard,,Buddy-Buddy Poffin,3
1,226,1,MAIN,my_discard,,Night Stretcher,1
1,226,1,MAIN,my_discard,,Crushing Hammer,3
1,226,1,MAIN,my_discard,,Ultra Ball,2
1,226,1,MAIN,my_discard,,Poké Pad,4
1,226,1,MAIN,my_discard,,Boss’s Orders,1
1,226,1,MAIN,my_discard,,Crispin,3
1,226,1,MAIN,my_discard,,Lillie's Determination,2
1,226,1,MAIN,my_discard,,Jamming Tower,2
1,226,1,MAIN,opp_discard,,Basic {D} Energy,2
1,226,1,MAIN,opp_discard,,Munkidori,3
1,226,1,MAIN,opp_discard,,Budew,1
1,226,1,MAIN,opp_discard,,Shaymin,1
1,226,1,MAIN,opp_discard,,Marnie's Morgrem,1
1,226,1,MAIN,opp_discard,,Rare Candy,1
1,226,1,MAIN,opp_discard,,Buddy-Buddy Poffin,1
1,226,1,MAIN,opp_discard,,Night Stretcher,2
1,226,1,MAIN,opp_discard,,Poké Pad,4
1,226,1,MAIN,opp_discard,,Boss’s Orders,1
1,226,1,MAIN,opp_discard,,Team Rocket's Petrel,2
1,226,1,MAIN,opp_discard,,Lillie's Determination,3
1,226,1,MAIN,opp_discard,,Spikemuth Gym,1
1,226,1,MAIN,opp_discard,,Special Red Card,1
1,226,1,MAIN,opp_discard,,Gwynn,1
1,226,1,MAIN,my_unseen,,Drakloak,1
1,226,1,MAIN,my_unseen,,Dragapult ex,1
1,226,1,MAIN,my_unseen,,Fezandipiti ex,1
1,226,1,MAIN,my_unseen,,Budew,1
1,226,1,MAIN,my_unseen,,Unfair Stamp,1
1,226,1,MAIN,my_unseen,,Buddy-Buddy Poffin,1
1,226,1,MAIN,my_unseen,,Crushing Hammer,1
1,226,1,MAIN,my_unseen,,Ultra Ball,1
1,226,1,MAIN,my_unseen,,Boss’s Orders,2
1,226,1,MAIN,my_unseen,,Judge,1
1,226,1,MAIN,my_unseen,,Lillie's Determination,1
1,227,1,DISCARD,hand,0,Night Stretcher,1
1,227,1,DISCARD,hand,1,Dragapult ex,1
1,227,1,DISCARD,hand,2,Lillie's Determination,1
1,227,1,DISCARD,my_discard,,Basic {R} Energy,4
1,227,1,DISCARD,my_discard,,Basic {P} Energy,2
1,227,1,DISCARD,my_discard,,Basic {D} Energy,2
1,227,1,DISCARD,my_discard,,Munkidori,2
1,227,1,DISCARD,my_discard,,Dreepy,2
1,227,1,DISCARD,my_discard,,Drakloak,2
1,227,1,DISCARD,my_discard,,Dragapult ex,1
1,227,1,DISCARD,my_discard,,Buddy-Buddy Poffin,3
1,227,1,DISCARD,my_discard,,Night Stretcher,1
1,227,1,DISCARD,my_discard,,Crushing Hammer,3
1,227,1,DISCARD,my_discard,,Ultra Ball,2
1,227,1,DISCARD,my_discard,,Poké Pad,4
1,227,1,DISCARD,my_discard,,Boss’s Orders,1
1,227,1,DISCARD,my_discard,,Crispin,3
1,227,1,DISCARD,my_discard,,Lillie's Determination,2
1,227,1,DISCARD,my_discard,,Jamming Tower,2
1,227,1,DISCARD,opp_discard,,Basic {D} Energy,2
1,227,1,DISCARD,opp_discard,,Munkidori,3
1,227,1,DISCARD,opp_discard,,Budew,1
1,227,1,DISCARD,opp_discard,,Shaymin,1
1,227,1,DISCARD,opp_discard,,Marnie's Morgrem,1
1,227,1,DISCARD,opp_discard,,Rare Candy,1
1,227,1,DISCARD,opp_discard,,Buddy-Buddy Poffin,1
1,227,1,DISCARD,opp_discard,,Night Stretcher,2
1,227,1,DISCARD,opp_discard,,Poké Pad,4
1,227,1,DISCARD,opp_discard,,Boss’s Orders,1
1,227,1,DISCARD,opp_discard,,Team Rocket's Petrel,2
1,227,1,DISCARD,opp_discard,,Lillie's Determination,3
1,227,1,DISCARD,opp_discard,,Spikemuth Gym,1
1,227,1,DISCARD,opp_discard,,Special Red Card,1
1,227,1,DISCARD,opp_discard,,Gwynn,1
1,227,1,DISCARD,my_unseen,,Drakloak,1
1,227,1,DISCARD,my_unseen,,Dragapult ex,1
1,227,1,DISCARD,my_unseen,,Fezandipiti ex,1
1,227,1,DISCARD,my_unseen,,Budew,1
1,227,1,DISCARD,my_unseen,,Unfair Stamp,1
1,227,1,DISCARD,my_unseen,,Buddy-Buddy Poffin,1
1,227,1,DISCARD,my_unseen,,Crushing Hammer,1
1,227,1,DISCARD,my_unseen,,Ultra Ball,1
1,227,1,DISCARD,my_unseen,,Boss’s Orders,2
1,227,1,DISCARD,my_unseen,,Judge,1
1,227,1,DISCARD,my_unseen,,Lillie's Determination,1
1,228,1,TO_HAND,hand,0,Dragapult ex,1
1,228,1,TO_HAND,my_discard,,Basic {R} Energy,4
1,228,1,TO_HAND,my_discard,,Basic {P} Energy,2
1,228,1,TO_HAND,my_discard,,Basic {D} Energy,2
1,228,1,TO_HAND,my_discard,,Munkidori,2
1,228,1,TO_HAND,my_discard,,Dreepy,2
1,228,1,TO_HAND,my_discard,,Drakloak,2
1,228,1,TO_HAND,my_discard,,Dragapult ex,1
1,228,1,TO_HAND,my_discard,,Buddy-Buddy Poffin,3
1,228,1,TO_HAND,my_discard,,Night Stretcher,2
1,228,1,TO_HAND,my_discard,,Crushing Hammer,3
1,228,1,TO_HAND,my_discard,,Ultra Ball,2
1,228,1,TO_HAND,my_discard,,Poké Pad,4
1,228,1,TO_HAND,my_discard,,Boss’s Orders,1
1,228,1,TO_HAND,my_discard,,Crispin,3
1,228,1,TO_HAND,my_discard,,Lillie's Determination,3
1,228,1,TO_HAND,my_discard,,Jamming Tower,2
1,228,1,TO_HAND,opp_discard,,Basic {D} Energy,2
1,228,1,TO_HAND,opp_discard,,Munkidori,3
1,228,1,TO_HAND,opp_discard,,Budew,1
1,228,1,TO_HAND,opp_discard,,Shaymin,1
1,228,1,TO_HAND,opp_discard,,Marnie's Morgrem,1
1,228,1,TO_HAND,opp_discard,,Rare Candy,1
1,228,1,TO_HAND,opp_discard,,Buddy-Buddy Poffin,1
1,228,1,TO_HAND,opp_discard,,Night Stretcher,2
1,228,1,TO_HAND,opp_discard,,Poké Pad,4
1,228,1,TO_HAND,opp_discard,,Boss’s Orders,1
1,228,1,TO_HAND,opp_discard,,Team Rocket's Petrel,2
1,228,1,TO_HAND,opp_discard,,Lillie's Determination,3
1,228,1,TO_HAND,opp_discard,,Spikemuth Gym,1
1,228,1,TO_HAND,opp_discard,,Special Red Card,1
1,228,1,TO_HAND,opp_discard,,Gwynn,1
1,228,1,TO_HAND,my_unseen,,Drakloak,1
1,228,1,TO_HAND,my_unseen,,Dragapult ex,1
1,228,1,TO_HAND,my_unseen,,Fezandipiti ex,1
1,228,1,TO_HAND,my_unseen,,Budew,1
1,228,1,TO_HAND,my_unseen,,Unfair Stamp,1
1,228,1,TO_HAND,my_unseen,,Buddy-Buddy Poffin,1
1,228,1,TO_HAND,my_unseen,,Crushing Hammer,1
1,228,1,TO_HAND,my_unseen,,Ultra Ball,1
1,228,1,TO_HAND,my_unseen,,Boss’s Orders,2
1,228,1,TO_HAND,my_unseen,,Judge,1
1,228,1,TO_HAND,my_unseen,,Lillie's Determination,1
1,229,1,MAIN,hand,0,Dragapult ex,1
1,229,1,MAIN,hand,1,Dragapult ex,1
1,229,1,MAIN,my_discard,,Basic {R} Energy,4
1,229,1,MAIN,my_discard,,Basic {P} Energy,2
1,229,1,MAIN,my_discard,,Basic {D} Energy,2
1,229,1,MAIN,my_discard,,Munkidori,2
1,229,1,MAIN,my_discard,,Dreepy,2
1,229,1,MAIN,my_discard,,Drakloak,2
1,229,1,MAIN,my_discard,,Dragapult ex,1
1,229,1,MAIN,my_discard,,Buddy-Buddy Poffin,3
1,229,1,MAIN,my_discard,,Night Stretcher,2
1,229,1,MAIN,my_discard,,Crushing Hammer,3
1,229,1,MAIN,my_discard,,Ultra Ball,3
1,229,1,MAIN,my_discard,,Poké Pad,4
1,229,1,MAIN,my_discard,,Boss’s Orders,1
1,229,1,MAIN,my_discard,,Crispin,3
1,229,1,MAIN,my_discard,,Lillie's Determination,3
1,229,1,MAIN,my_discard,,Jamming Tower,2
1,229,1,MAIN,opp_discard,,Basic {D} Energy,2
1,229,1,MAIN,opp_discard,,Munkidori,3
1,229,1,MAIN,opp_discard,,Budew,1
1,229,1,MAIN,opp_discard,,Shaymin,1
1,229,1,MAIN,opp_discard,,Marnie's Morgrem,1
1,229,1,MAIN,opp_discard,,Rare Candy,1
1,229,1,MAIN,opp_discard,,Buddy-Buddy Poffin,1
1,229,1,MAIN,opp_discard,,Night Stretcher,2
1,229,1,MAIN,opp_discard,,Poké Pad,4
1,229,1,MAIN,opp_discard,,Boss’s Orders,1
1,229,1,MAIN,opp_discard,,Team Rocket's Petrel,2
1,229,1,MAIN,opp_discard,,Lillie's Determination,3
1,229,1,MAIN,opp_discard,,Spikemuth Gym,1
1,229,1,MAIN,opp_discard,,Special Red Card,1
1,229,1,MAIN,opp_discard,,Gwynn,1
1,229,1,MAIN,my_unseen,,Drakloak,1
1,229,1,MAIN,my_unseen,,Fezandipiti ex,1
1,229,1,MAIN,my_unseen,,Budew,1
1,229,1,MAIN,my_unseen,,Unfair Stamp,1
1,229,1,MAIN,my_unseen,,Buddy-Buddy Poffin,1
1,229,1,MAIN,my_unseen,,Crushing Hammer,1
1,229,1,MAIN,my_unseen,,Ultra Ball,1
1,229,1,MAIN,my_unseen,,Boss’s Orders,2
1,229,1,MAIN,my_unseen,,Judge,1
1,229,1,MAIN,my_unseen,,Lillie's Determination,1
1,230,1,MAIN,hand,0,Dragapult ex,1
1,230,1,MAIN,hand,1,Dragapult ex,1
1,230,1,MAIN,my_discard,,Basic {R} Energy,4
1,230,1,MAIN,my_discard,,Basic {P} Energy,2
1,230,1,MAIN,my_discard,,Basic {D} Energy,2
1,230,1,MAIN,my_discard,,Munkidori,2
1,230,1,MAIN,my_discard,,Dreepy,2
1,230,1,MAIN,my_discard,,Drakloak,2
1,230,1,MAIN,my_discard,,Dragapult ex,1
1,230,1,MAIN,my_discard,,Buddy-Buddy Poffin,3
1,230,1,MAIN,my_discard,,Night Stretcher,2
1,230,1,MAIN,my_discard,,Crushing Hammer,3
1,230,1,MAIN,my_discard,,Ultra Ball,3
1,230,1,MAIN,my_discard,,Poké Pad,4
1,230,1,MAIN,my_discard,,Boss’s Orders,1
1,230,1,MAIN,my_discard,,Crispin,3
1,230,1,MAIN,my_discard,,Lillie's Determination,3
1,230,1,MAIN,my_discard,,Jamming Tower,2
1,230,1,MAIN,opp_discard,,Basic {D} Energy,2
1,230,1,MAIN,opp_discard,,Munkidori,3
1,230,1,MAIN,opp_discard,,Budew,1
1,230,1,MAIN,opp_discard,,Shaymin,1
1,230,1,MAIN,opp_discard,,Marnie's Morgrem,1
1,230,1,MAIN,opp_discard,,Rare Candy,1
1,230,1,MAIN,opp_discard,,Buddy-Buddy Poffin,1
1,230,1,MAIN,opp_discard,,Night Stretcher,2
1,230,1,MAIN,opp_discard,,Poké Pad,4
1,230,1,MAIN,opp_discard,,Boss’s Orders,1
1,230,1,MAIN,opp_discard,,Team Rocket's Petrel,2
1,230,1,MAIN,opp_discard,,Lillie's Determination,3
1,230,1,MAIN,opp_discard,,Spikemuth Gym,1
1,230,1,MAIN,opp_discard,,Special Red Card,1
1,230,1,MAIN,opp_discard,,Gwynn,1
1,230,1,MAIN,my_unseen,,Drakloak,1
1,230,1,MAIN,my_unseen,,Fezandipiti ex,1
1,230,1,MAIN,my_unseen,,Budew,1
1,230,1,MAIN,my_unseen,,Unfair Stamp,1
1,230,1,MAIN,my_unseen,,Buddy-Buddy Poffin,1
1,230,1,MAIN,my_unseen,,Crushing Hammer,1
1,230,1,MAIN,my_unseen,,Ultra Ball,1
1,230,1,MAIN,my_unseen,,Boss’s Orders,2
1,230,1,MAIN,my_unseen,,Judge,1
1,230,1,MAIN,my_unseen,,Lillie's Determination,1
1,231,1,MAIN,hand,0,Dragapult ex,1
1,231,1,MAIN,my_discard,,Basic {R} Energy,4
1,231,1,MAIN,my_discard,,Basic {P} Energy,2
1,231,1,MAIN,my_discard,,Basic {D} Energy,2
1,231,1,MAIN,my_discard,,Munkidori,2
1,231,1,MAIN,my_discard,,Dreepy,2
1,231,1,MAIN,my_discard,,Drakloak,2
1,231,1,MAIN,my_discard,,Dragapult ex,1
1,231,1,MAIN,my_discard,,Buddy-Buddy Poffin,3
1,231,1,MAIN,my_discard,,Night Stretcher,2
1,231,1,MAIN,my_discard,,Crushing Hammer,3
1,231,1,MAIN,my_discard,,Ultra Ball,3
1,231,1,MAIN,my_discard,,Poké Pad,4
1,231,1,MAIN,my_discard,,Boss’s Orders,1
1,231,1,MAIN,my_discard,,Crispin,3
1,231,1,MAIN,my_discard,,Lillie's Determination,3
1,231,1,MAIN,my_discard,,Jamming Tower,2
1,231,1,MAIN,opp_discard,,Basic {D} Energy,2
1,231,1,MAIN,opp_discard,,Munkidori,3
1,231,1,MAIN,opp_discard,,Budew,1
1,231,1,MAIN,opp_discard,,Shaymin,1
1,231,1,MAIN,opp_discard,,Marnie's Morgrem,1
1,231,1,MAIN,opp_discard,,Rare Candy,1
1,231,1,MAIN,opp_discard,,Buddy-Buddy Poffin,1
1,231,1,MAIN,opp_discard,,Night Stretcher,2
1,231,1,MAIN,opp_discard,,Poké Pad,4
1,231,1,MAIN,opp_discard,,Boss’s Orders,1
1,231,1,MAIN,opp_discard,,Team Rocket's Petrel,2
1,231,1,MAIN,opp_discard,,Lillie's Determination,3
1,231,1,MAIN,opp_discard,,Spikemuth Gym,1
1,231,1,MAIN,opp_discard,,Special Red Card,1
1,231,1,MAIN,opp_discard,,Gwynn,1
1,231,1,MAIN,my_unseen,,Drakloak,1
1,231,1,MAIN,my_unseen,,Fezandipiti ex,1
1,231,1,MAIN,my_unseen,,Budew,1
1,231,1,MAIN,my_unseen,,Unfair Stamp,1
1,231,1,MAIN,my_unseen,,Buddy-Buddy Poffin,1
1,231,1,MAIN,my_unseen,,Crushing Hammer,1
1,231,1,MAIN,my_unseen,,Ultra Ball,1
1,231,1,MAIN,my_unseen,,Boss’s Orders,2
1,231,1,MAIN,my_unseen,,Judge,1
1,231,1,MAIN,my_unseen,,Lillie's Determination,1
1,232,0,SKILL_ORDER,hand,0,Buddy-Buddy Poffin,1
1,232,0,SKILL_ORDER,hand,1,Tool Scrapper,1
1,232,0,SKILL_ORDER,hand,2,Froslass,1
1,232,0,SKILL_ORDER,hand,3,Spikemuth Gym,1
1,232,0,SKILL_ORDER,hand,4,Precious Trolley,1
1,232,0,SKILL_ORDER,hand,5,Buddy-Buddy Poffin,1
1,232,0,SKILL_ORDER,hand,6,Marnie's Grimmsnarl ex,1
1,232,0,SKILL_ORDER,my_discard,,Basic {D} Energy,2
1,232,0,SKILL_ORDER,my_discard,,Munkidori,3
1,232,0,SKILL_ORDER,my_discard,,Budew,1
1,232,0,SKILL_ORDER,my_discard,,Shaymin,1
1,232,0,SKILL_ORDER,my_discard,,Marnie's Morgrem,1
1,232,0,SKILL_ORDER,my_discard,,Rare Candy,1
1,232,0,SKILL_ORDER,my_discard,,Buddy-Buddy Poffin,1
1,232,0,SKILL_ORDER,my_discard,,Night Stretcher,2
1,232,0,SKILL_ORDER,my_discard,,Poké Pad,4
1,232,0,SKILL_ORDER,my_discard,,Boss’s Orders,1
1,232,0,SKILL_ORDER,my_discard,,Team Rocket's Petrel,2
1,232,0,SKILL_ORDER,my_discard,,Lillie's Determination,3
1,232,0,SKILL_ORDER,my_discard,,Spikemuth Gym,1
1,232,0,SKILL_ORDER,my_discard,,Special Red Card,1
1,232,0,SKILL_ORDER,my_discard,,Gwynn,1
1,232,0,SKILL_ORDER,opp_discard,,Basic {R} Energy,4
1,232,0,SKILL_ORDER,opp_discard,,Basic {P} Energy,2
1,232,0,SKILL_ORDER,opp_discard,,Basic {D} Energy,2
1,232,0,SKILL_ORDER,opp_discard,,Munkidori,2
1,232,0,SKILL_ORDER,opp_discard,,Dreepy,2
1,232,0,SKILL_ORDER,opp_discard,,Drakloak,2
1,232,0,SKILL_ORDER,opp_discard,,Dragapult ex,1
1,232,0,SKILL_ORDER,opp_discard,,Buddy-Buddy Poffin,3
1,232,0,SKILL_ORDER,opp_discard,,Night Stretcher,2
1,232,0,SKILL_ORDER,opp_discard,,Crushing Hammer,3
1,232,0,SKILL_ORDER,opp_discard,,Ultra Ball,3
1,232,0,SKILL_ORDER,opp_discard,,Poké Pad,4
1,232,0,SKILL_ORDER,opp_discard,,Boss’s Orders,1
1,232,0,SKILL_ORDER,opp_discard,,Crispin,3
1,232,0,SKILL_ORDER,opp_discard,,Lillie's Determination,3
1,232,0,SKILL_ORDER,opp_discard,,Jamming Tower,2
1,232,0,SKILL_ORDER,my_unseen,,Basic {D} Energy,3
1,232,0,SKILL_ORDER,my_unseen,,Marnie's Impidimp,1
1,232,0,SKILL_ORDER,my_unseen,,Rare Candy,1
1,232,0,SKILL_ORDER,my_unseen,,Buddy-Buddy Poffin,1
1,232,0,SKILL_ORDER,my_unseen,,Boss’s Orders,1
1,232,0,SKILL_ORDER,my_unseen,,Team Rocket's Petrel,2
1,232,0,SKILL_ORDER,my_unseen,,Lillie's Determination,1
1,232,0,SKILL_ORDER,my_unseen,,Spikemuth Gym,1
1,233,0,MAIN,hand,0,Buddy-Buddy Poffin,1
1,233,0,MAIN,hand,1,Tool Scrapper,1
1,233,0,MAIN,hand,2,Froslass,1
1,233,0,MAIN,hand,3,Spikemuth Gym,1
1,233,0,MAIN,hand,4,Precious Trolley,1
1,233,0,MAIN,hand,5,Buddy-Buddy Poffin,1
1,233,0,MAIN,hand,6,Marnie's Grimmsnarl ex,1
1,233,0,MAIN,hand,7,Lillie's Determination,1
1,233,0,MAIN,my_discard,,Basic {D} Energy,2
1,233,0,MAIN,my_discard,,Munkidori,3
1,233,0,MAIN,my_discard,,Budew,1
1,233,0,MAIN,my_discard,,Shaymin,1
1,233,0,MAIN,my_discard,,Marnie's Morgrem,1
1,233,0,MAIN,my_discard,,Rare Candy,1
1,233,0,MAIN,my_discard,,Buddy-Buddy Poffin,1
1,233,0,MAIN,my_discard,,Night Stretcher,2
1,233,0,MAIN,my_discard,,Poké Pad,4
1,233,0,MAIN,my_discard,,Boss’s Orders,1
1,233,0,MAIN,my_discard,,Team Rocket's Petrel,2
1,233,0,MAIN,my_discard,,Lillie's Determination,3
1,233,0,MAIN,my_discard,,Spikemuth Gym,1
1,233,0,MAIN,my_discard,,Special Red Card,1
1,233,0,MAIN,my_discard,,Gwynn,1
1,233,0,MAIN,opp_discard,,Basic {R} Energy,4
1,233,0,MAIN,opp_discard,,Basic {P} Energy,2
1,233,0,MAIN,opp_discard,,Basic {D} Energy,2
1,233,0,MAIN,opp_discard,,Munkidori,2
1,233,0,MAIN,opp_discard,,Dreepy,2
1,233,0,MAIN,opp_discard,,Drakloak,2
1,233,0,MAIN,opp_discard,,Dragapult ex,1
1,233,0,MAIN,opp_discard,,Buddy-Buddy Poffin,3
1,233,0,MAIN,opp_discard,,Night Stretcher,2
1,233,0,MAIN,opp_discard,,Crushing Hammer,3
1,233,0,MAIN,opp_discard,,Ultra Ball,3
1,233,0,MAIN,opp_discard,,Poké Pad,4
1,233,0,MAIN,opp_discard,,Boss’s Orders,1
1,233,0,MAIN,opp_discard,,Crispin,3
1,233,0,MAIN,opp_discard,,Lillie's Determination,3
1,233,0,MAIN,opp_discard,,Jamming Tower,2
1,233,0,MAIN,my_unseen,,Basic {D} Energy,3
1,233,0,MAIN,my_unseen,,Marnie's Impidimp,1
1,233,0,MAIN,my_unseen,,Rare Candy,1
1,233,0,MAIN,my_unseen,,Buddy-Buddy Poffin,1
1,233,0,MAIN,my_unseen,,Boss’s Orders,1
1,233,0,MAIN,my_unseen,,Team Rocket's Petrel,2
1,233,0,MAIN,my_unseen,,Spikemuth Gym,1
1,234,0,DISCARD_TOOL_CARD,hand,0,Buddy-Buddy Poffin,1
1,234,0,DISCARD_TOOL_CARD,hand,1,Froslass,1
1,234,0,DISCARD_TOOL_CARD,hand,2,Spikemuth Gym,1
1,234,0,DISCARD_TOOL_CARD,hand,3,Precious Trolley,1
1,234,0,DISCARD_TOOL_CARD,hand,4,Buddy-Buddy Poffin,1
1,234,0,DISCARD_TOOL_CARD,hand,5,Marnie's Grimmsnarl ex,1
1,234,0,DISCARD_TOOL_CARD,hand,6,Lillie's Determination,1
1,234,0,DISCARD_TOOL_CARD,my_discard,,Basic {D} Energy,2
1,234,0,DISCARD_TOOL_CARD,my_discard,,Munkidori,3
1,234,0,DISCARD_TOOL_CARD,my_discard,,Budew,1
1,234,0,DISCARD_TOOL_CARD,my_discard,,Shaymin,1
1,234,0,DISCARD_TOOL_CARD,my_discard,,Marnie's Morgrem,1
1,234,0,DISCARD_TOOL_CARD,my_discard,,Rare Candy,1
1,234,0,DISCARD_TOOL_CARD,my_discard,,Buddy-Buddy Poffin,1
1,234,0,DISCARD_TOOL_CARD,my_discard,,Night Stretcher,2
1,234,0,DISCARD_TOOL_CARD,my_discard,,Poké Pad,4
1,234,0,DISCARD_TOOL_CARD,my_discard,,Boss’s Orders,1
1,234,0,DISCARD_TOOL_CARD,my_discard,,Team Rocket's Petrel,2
1,234,0,DISCARD_TOOL_CARD,my_discard,,Lillie's Determination,3
1,234,0,DISCARD_TOOL_CARD,my_discard,,Spikemuth Gym,1
1,234,0,DISCARD_TOOL_CARD,my_discard,,Special Red Card,1
1,234,0,DISCARD_TOOL_CARD,my_discard,,Gwynn,1
1,234,0,DISCARD_TOOL_CARD,opp_discard,,Basic {R} Energy,4
1,234,0,DISCARD_TOOL_CARD,opp_discard,,Basic {P} Energy,2
1,234,0,DISCARD_TOOL_CARD,opp_discard,,Basic {D} Energy,2
1,234,0,DISCARD_TOOL_CARD,opp_discard,,Munkidori,2
1,234,0,DISCARD_TOOL_CARD,opp_discard,,Dreepy,2
1,234,0,DISCARD_TOOL_CARD,opp_discard,,Drakloak,2
1,234,0,DISCARD_TOOL_CARD,opp_discard,,Dragapult ex,1
1,234,0,DISCARD_TOOL_CARD,opp_discard,,Buddy-Buddy Poffin,3
1,234,0,DISCARD_TOOL_CARD,opp_discard,,Night Stretcher,2
1,234,0,DISCARD_TOOL_CARD,opp_discard,,Crushing Hammer,3
1,234,0,DISCARD_TOOL_CARD,opp_discard,,Ultra Ball,3
1,234,0,DISCARD_TOOL_CARD,opp_discard,,Poké Pad,4
1,234,0,DISCARD_TOOL_CARD,opp_discard,,Boss’s Orders,1
1,234,0,DISCARD_TOOL_CARD,opp_discard,,Crispin,3
1,234,0,DISCARD_TOOL_CARD,opp_discard,,Lillie's Determination,3
1,234,0,DISCARD_TOOL_CARD,opp_discard,,Jamming Tower,2
1,234,0,DISCARD_TOOL_CARD,my_unseen,,Basic {D} Energy,3
1,234,0,DISCARD_TOOL_CARD,my_unseen,,Marnie's Impidimp,1
1,234,0,DISCARD_TOOL_CARD,my_unseen,,Rare Candy,1
1,234,0,DISCARD_TOOL_CARD,my_unseen,,Buddy-Buddy Poffin,1
1,234,0,DISCARD_TOOL_CARD,my_unseen,,Boss’s Orders,1
1,234,0,DISCARD_TOOL_CARD,my_unseen,,Team Rocket's Petrel,2
1,234,0,DISCARD_TOOL_CARD,my_unseen,,Spikemuth Gym,1
1,235,0,MAIN,hand,0,Buddy-Buddy Poffin,1
1,235,0,MAIN,hand,1,Froslass,1
1,235,0,MAIN,hand,2,Spikemuth Gym,1
1,235,0,MAIN,hand,3,Precious Trolley,1
1,235,0,MAIN,hand,4,Buddy-Buddy Poffin,1
1,235,0,MAIN,hand,5,Marnie's Grimmsnarl ex,1
1,235,0,MAIN,hand,6,Lillie's Determination,1
1,235,0,MAIN,my_discard,,Basic {D} Energy,2
1,235,0,MAIN,my_discard,,Munkidori,3
1,235,0,MAIN,my_discard,,Budew,1
1,235,0,MAIN,my_discard,,Shaymin,1
1,235,0,MAIN,my_discard,,Marnie's Morgrem,1
1,235,0,MAIN,my_discard,,Rare Candy,1
1,235,0,MAIN,my_discard,,Buddy-Buddy Poffin,1
1,235,0,MAIN,my_discard,,Night Stretcher,2
1,235,0,MAIN,my_discard,,Tool Scrapper,1
1,235,0,MAIN,my_discard,,Poké Pad,4
1,235,0,MAIN,my_discard,,Air Balloon,1
1,235,0,MAIN,my_discard,,Boss’s Orders,1
1,235,0,MAIN,my_discard,,Team Rocket's Petrel,2
1,235,0,MAIN,my_discard,,Lillie's Determination,3
1,235,0,MAIN,my_discard,,Spikemuth Gym,1
1,235,0,MAIN,my_discard,,Special Red Card,1
1,235,0,MAIN,my_discard,,Gwynn,1
1,235,0,MAIN,opp_discard,,Basic {R} Energy,4
1,235,0,MAIN,opp_discard,,Basic {P} Energy,2
1,235,0,MAIN,opp_discard,,Basic {D} Energy,2
1,235,0,MAIN,opp_discard,,Munkidori,2
1,235,0,MAIN,opp_discard,,Dreepy,2
1,235,0,MAIN,opp_discard,,Drakloak,2
1,235,0,MAIN,opp_discard,,Dragapult ex,1
1,235,0,MAIN,opp_discard,,Buddy-Buddy Poffin,3
1,235,0,MAIN,opp_discard,,Night Stretcher,2
1,235,0,MAIN,opp_discard,,Crushing Hammer,3
1,235,0,MAIN,opp_discard,,Ultra Ball,3
1,235,0,MAIN,opp_discard,,Poké Pad,4
1,235,0,MAIN,opp_discard,,Boss’s Orders,1
1,235,0,MAIN,opp_discard,,Crispin,3
1,235,0,MAIN,opp_discard,,Lillie's Determination,3
1,235,0,MAIN,opp_discard,,Jamming Tower,2
1,235,0,MAIN,my_unseen,,Basic {D} Energy,3
1,235,0,MAIN,my_unseen,,Marnie's Impidimp,1
1,235,0,MAIN,my_unseen,,Rare Candy,1
1,235,0,MAIN,my_unseen,,Buddy-Buddy Poffin,1
1,235,0,MAIN,my_unseen,,Boss’s Orders,1
1,235,0,MAIN,my_unseen,,Team Rocket's Petrel,2
1,235,0,MAIN,my_unseen,,Spikemuth Gym,1
1,236,0,MAIN,hand,0,Buddy-Buddy Poffin,1
1,236,0,MAIN,hand,1,Spikemuth Gym,1
1,236,0,MAIN,hand,2,Precious Trolley,1
1,236,0,MAIN,hand,3,Buddy-Buddy Poffin,1
1,236,0,MAIN,hand,4,Marnie's Grimmsnarl ex,1
1,236,0,MAIN,hand,5,Lillie's Determination,1
1,236,0,MAIN,my_discard,,Basic {D} Energy,2
1,236,0,MAIN,my_discard,,Munkidori,3
1,236,0,MAIN,my_discard,,Budew,1
1,236,0,MAIN,my_discard,,Shaymin,1
1,236,0,MAIN,my_discard,,Marnie's Morgrem,1
1,236,0,MAIN,my_discard,,Rare Candy,1
1,236,0,MAIN,my_discard,,Buddy-Buddy Poffin,1
1,236,0,MAIN,my_discard,,Night Stretcher,2
1,236,0,MAIN,my_discard,,Tool Scrapper,1
1,236,0,MAIN,my_discard,,Poké Pad,4
1,236,0,MAIN,my_discard,,Air Balloon,1
1,236,0,MAIN,my_discard,,Boss’s Orders,1
1,236,0,MAIN,my_discard,,Team Rocket's Petrel,2
1,236,0,MAIN,my_discard,,Lillie's Determination,3
1,236,0,MAIN,my_discard,,Spikemuth Gym,1
1,236,0,MAIN,my_discard,,Special Red Card,1
1,236,0,MAIN,my_discard,,Gwynn,1
1,236,0,MAIN,opp_discard,,Basic {R} Energy,4
1,236,0,MAIN,opp_discard,,Basic {P} Energy,2
1,236,0,MAIN,opp_discard,,Basic {D} Energy,2
1,236,0,MAIN,opp_discard,,Munkidori,2
1,236,0,MAIN,opp_discard,,Dreepy,2
1,236,0,MAIN,opp_discard,,Drakloak,2
1,236,0,MAIN,opp_discard,,Dragapult ex,1
1,236,0,MAIN,opp_discard,,Buddy-Buddy Poffin,3
1,236,0,MAIN,opp_discard,,Night Stretcher,2
1,236,0,MAIN,opp_discard,,Crushing Hammer,3
1,236,0,MAIN,opp_discard,,Ultra Ball,3
1,236,0,MAIN,opp_discard,,Poké Pad,4
1,236,0,MAIN,opp_discard,,Boss’s Orders,1
1,236,0,MAIN,opp_discard,,Crispin,3
1,236,0,MAIN,opp_discard,,Lillie's Determination,3
1,236,0,MAIN,opp_discard,,Jamming Tower,2
1,236,0,MAIN,my_unseen,,Basic {D} Energy,3
1,236,0,MAIN,my_unseen,,Marnie's Impidimp,1
1,236,0,MAIN,my_unseen,,Rare Candy,1
1,236,0,MAIN,my_unseen,,Buddy-Buddy Poffin,1
1,236,0,MAIN,my_unseen,,Boss’s Orders,1
1,236,0,MAIN,my_unseen,,Team Rocket's Petrel,2
1,236,0,MAIN,my_unseen,,Spikemuth Gym,1
1,237,1,SKILL_ORDER,hand,0,Dragapult ex,1
1,237,1,SKILL_ORDER,my_discard,,Basic {R} Energy,4
1,237,1,SKILL_ORDER,my_discard,,Basic {P} Energy,2
1,237,1,SKILL_ORDER,my_discard,,Basic {D} Energy,2
1,237,1,SKILL_ORDER,my_discard,,Munkidori,2
1,237,1,SKILL_ORDER,my_discard,,Dreepy,2
1,237,1,SKILL_ORDER,my_discard,,Drakloak,2
1,237,1,SKILL_ORDER,my_discard,,Dragapult ex,1
1,237,1,SKILL_ORDER,my_discard,,Buddy-Buddy Poffin,3
1,237,1,SKILL_ORDER,my_discard,,Night Stretcher,2
1,237,1,SKILL_ORDER,my_discard,,Crushing Hammer,3
1,237,1,SKILL_ORDER,my_discard,,Ultra Ball,3
1,237,1,SKILL_ORDER,my_discard,,Poké Pad,4
1,237,1,SKILL_ORDER,my_discard,,Boss’s Orders,1
1,237,1,SKILL_ORDER,my_discard,,Crispin,3
1,237,1,SKILL_ORDER,my_discard,,Lillie's Determination,3
1,237,1,SKILL_ORDER,my_discard,,Jamming Tower,2
1,237,1,SKILL_ORDER,opp_discard,,Basic {D} Energy,2
1,237,1,SKILL_ORDER,opp_discard,,Munkidori,3
1,237,1,SKILL_ORDER,opp_discard,,Budew,1
1,237,1,SKILL_ORDER,opp_discard,,Shaymin,1
1,237,1,SKILL_ORDER,opp_discard,,Marnie's Morgrem,1
1,237,1,SKILL_ORDER,opp_discard,,Rare Candy,1
1,237,1,SKILL_ORDER,opp_discard,,Buddy-Buddy Poffin,1
1,237,1,SKILL_ORDER,opp_discard,,Night Stretcher,2
1,237,1,SKILL_ORDER,opp_discard,,Tool Scrapper,1
1,237,1,SKILL_ORDER,opp_discard,,Poké Pad,4
1,237,1,SKILL_ORDER,opp_discard,,Air Balloon,1
1,237,1,SKILL_ORDER,opp_discard,,Boss’s Orders,1
1,237,1,SKILL_ORDER,opp_discard,,Team Rocket's Petrel,2
1,237,1,SKILL_ORDER,opp_discard,,Lillie's Determination,3
1,237,1,SKILL_ORDER,opp_discard,,Spikemuth Gym,1
1,237,1,SKILL_ORDER,opp_discard,,Special Red Card,1
1,237,1,SKILL_ORDER,opp_discard,,Gwynn,1
1,237,1,SKILL_ORDER,my_unseen,,Drakloak,1
1,237,1,SKILL_ORDER,my_unseen,,Fezandipiti ex,1
1,237,1,SKILL_ORDER,my_unseen,,Budew,1
1,237,1,SKILL_ORDER,my_unseen,,Unfair Stamp,1
1,237,1,SKILL_ORDER,my_unseen,,Buddy-Buddy Poffin,1
1,237,1,SKILL_ORDER,my_unseen,,Crushing Hammer,1
1,237,1,SKILL_ORDER,my_unseen,,Ultra Ball,1
1,237,1,SKILL_ORDER,my_unseen,,Boss’s Orders,2
1,237,1,SKILL_ORDER,my_unseen,,Judge,1
1,237,1,SKILL_ORDER,my_unseen,,Lillie's Determination,1
1,238,1,MAIN,hand,0,Dragapult ex,1
1,238,1,MAIN,hand,1,Fezandipiti ex,1
1,238,1,MAIN,my_discard,,Basic {R} Energy,4
1,238,1,MAIN,my_discard,,Basic {P} Energy,2
1,238,1,MAIN,my_discard,,Basic {D} Energy,2
1,238,1,MAIN,my_discard,,Munkidori,2
1,238,1,MAIN,my_discard,,Dreepy,2
1,238,1,MAIN,my_discard,,Drakloak,2
1,238,1,MAIN,my_discard,,Dragapult ex,1
1,238,1,MAIN,my_discard,,Buddy-Buddy Poffin,3
1,238,1,MAIN,my_discard,,Night Stretcher,2
1,238,1,MAIN,my_discard,,Crushing Hammer,3
1,238,1,MAIN,my_discard,,Ultra Ball,3
1,238,1,MAIN,my_discard,,Poké Pad,4
1,238,1,MAIN,my_discard,,Boss’s Orders,1
1,238,1,MAIN,my_discard,,Crispin,3
1,238,1,MAIN,my_discard,,Lillie's Determination,3
1,238,1,MAIN,my_discard,,Jamming Tower,2
1,238,1,MAIN,opp_discard,,Basic {D} Energy,2
1,238,1,MAIN,opp_discard,,Munkidori,3
1,238,1,MAIN,opp_discard,,Budew,1
1,238,1,MAIN,opp_discard,,Shaymin,1
1,238,1,MAIN,opp_discard,,Marnie's Morgrem,1
1,238,1,MAIN,opp_discard,,Rare Candy,1
1,238,1,MAIN,opp_discard,,Buddy-Buddy Poffin,1
1,238,1,MAIN,opp_discard,,Night Stretcher,2
1,238,1,MAIN,opp_discard,,Tool Scrapper,1
1,238,1,MAIN,opp_discard,,Poké Pad,4
1,238,1,MAIN,opp_discard,,Air Balloon,1
1,238,1,MAIN,opp_discard,,Boss’s Orders,1
1,238,1,MAIN,opp_discard,,Team Rocket's Petrel,2
1,238,1,MAIN,opp_discard,,Lillie's Determination,3
1,238,1,MAIN,opp_discard,,Spikemuth Gym,1
1,238,1,MAIN,opp_discard,,Special Red Card,1
1,238,1,MAIN,opp_discard,,Gwynn,1
1,238,1,MAIN,my_unseen,,Drakloak,1
1,238,1,MAIN,my_unseen,,Budew,1
1,238,1,MAIN,my_unseen,,Unfair Stamp,1
1,238,1,MAIN,my_unseen,,Buddy-Buddy Poffin,1
1,238,1,MAIN,my_unseen,,Crushing Hammer,1
1,238,1,MAIN,my_unseen,,Ultra Ball,1
1,238,1,MAIN,my_unseen,,Boss’s Orders,2
1,238,1,MAIN,my_unseen,,Judge,1
1,238,1,MAIN,my_unseen,,Lillie's Determination,1
1,239,1,MAIN,hand,0,Dragapult ex,1
1,239,1,MAIN,my_discard,,Basic {R} Energy,4
1,239,1,MAIN,my_discard,,Basic {P} Energy,2
1,239,1,MAIN,my_discard,,Basic {D} Energy,2
1,239,1,MAIN,my_discard,,Munkidori,2
1,239,1,MAIN,my_discard,,Dreepy,2
1,239,1,MAIN,my_discard,,Drakloak,2
1,239,1,MAIN,my_discard,,Dragapult ex,1
1,239,1,MAIN,my_discard,,Buddy-Buddy Poffin,3
1,239,1,MAIN,my_discard,,Night Stretcher,2
1,239,1,MAIN,my_discard,,Crushing Hammer,3
1,239,1,MAIN,my_discard,,Ultra Ball,3
1,239,1,MAIN,my_discard,,Poké Pad,4
1,239,1,MAIN,my_discard,,Boss’s Orders,1
1,239,1,MAIN,my_discard,,Crispin,3
1,239,1,MAIN,my_discard,,Lillie's Determination,3
1,239,1,MAIN,my_discard,,Jamming Tower,2
1,239,1,MAIN,opp_discard,,Basic {D} Energy,2
1,239,1,MAIN,opp_discard,,Munkidori,3
1,239,1,MAIN,opp_discard,,Budew,1
1,239,1,MAIN,opp_discard,,Shaymin,1
1,239,1,MAIN,opp_discard,,Marnie's Morgrem,1
1,239,1,MAIN,opp_discard,,Rare Candy,1
1,239,1,MAIN,opp_discard,,Buddy-Buddy Poffin,1
1,239,1,MAIN,opp_discard,,Night Stretcher,2
1,239,1,MAIN,opp_discard,,Tool Scrapper,1
1,239,1,MAIN,opp_discard,,Poké Pad,4
1,239,1,MAIN,opp_discard,,Air Balloon,1
1,239,1,MAIN,opp_discard,,Boss’s Orders,1
1,239,1,MAIN,opp_discard,,Team Rocket's Petrel,2
1,239,1,MAIN,opp_discard,,Lillie's Determination,3
1,239,1,MAIN,opp_discard,,Spikemuth Gym,1
1,239,1,MAIN,opp_discard,,Special Red Card,1
1,239,1,MAIN,opp_discard,,Gwynn,1
1,239,1,MAIN,my_unseen,,Drakloak,1
1,239,1,MAIN,my_unseen,,Budew,1
1,239,1,MAIN,my_unseen,,Unfair Stamp,1
1,239,1,MAIN,my_unseen,,Buddy-Buddy Poffin,1
1,239,1,MAIN,my_unseen,,Crushing Hammer,1
1,239,1,MAIN,my_unseen,,Ultra Ball,1
1,239,1,MAIN,my_unseen,,Boss’s Orders,2
1,239,1,MAIN,my_unseen,,Judge,1
1,239,1,MAIN,my_unseen,,Lillie's Determination,1
1,240,0,SKILL_ORDER,hand,0,Buddy-Buddy Poffin,1
1,240,0,SKILL_ORDER,hand,1,Spikemuth Gym,1
1,240,0,SKILL_ORDER,hand,2,Precious Trolley,1
1,240,0,SKILL_ORDER,hand,3,Buddy-Buddy Poffin,1
1,240,0,SKILL_ORDER,hand,4,Marnie's Grimmsnarl ex,1
1,240,0,SKILL_ORDER,hand,5,Lillie's Determination,1
1,240,0,SKILL_ORDER,my_discard,,Basic {D} Energy,2
1,240,0,SKILL_ORDER,my_discard,,Munkidori,3
1,240,0,SKILL_ORDER,my_discard,,Budew,1
1,240,0,SKILL_ORDER,my_discard,,Shaymin,1
1,240,0,SKILL_ORDER,my_discard,,Marnie's Morgrem,1
1,240,0,SKILL_ORDER,my_discard,,Rare Candy,1
1,240,0,SKILL_ORDER,my_discard,,Buddy-Buddy Poffin,1
1,240,0,SKILL_ORDER,my_discard,,Night Stretcher,2
1,240,0,SKILL_ORDER,my_discard,,Tool Scrapper,1
1,240,0,SKILL_ORDER,my_discard,,Poké Pad,4
1,240,0,SKILL_ORDER,my_discard,,Air Balloon,1
1,240,0,SKILL_ORDER,my_discard,,Boss’s Orders,1
1,240,0,SKILL_ORDER,my_discard,,Team Rocket's Petrel,2
1,240,0,SKILL_ORDER,my_discard,,Lillie's Determination,3
1,240,0,SKILL_ORDER,my_discard,,Spikemuth Gym,1
1,240,0,SKILL_ORDER,my_discard,,Special Red Card,1
1,240,0,SKILL_ORDER,my_discard,,Gwynn,1
1,240,0,SKILL_ORDER,opp_discard,,Basic {R} Energy,4
1,240,0,SKILL_ORDER,opp_discard,,Basic {P} Energy,2
1,240,0,SKILL_ORDER,opp_discard,,Basic {D} Energy,2
1,240,0,SKILL_ORDER,opp_discard,,Munkidori,2
1,240,0,SKILL_ORDER,opp_discard,,Dreepy,2
1,240,0,SKILL_ORDER,opp_discard,,Drakloak,2
1,240,0,SKILL_ORDER,opp_discard,,Dragapult ex,1
1,240,0,SKILL_ORDER,opp_discard,,Buddy-Buddy Poffin,3
1,240,0,SKILL_ORDER,opp_discard,,Night Stretcher,2
1,240,0,SKILL_ORDER,opp_discard,,Crushing Hammer,3
1,240,0,SKILL_ORDER,opp_discard,,Ultra Ball,3
1,240,0,SKILL_ORDER,opp_discard,,Poké Pad,4
1,240,0,SKILL_ORDER,opp_discard,,Boss’s Orders,1
1,240,0,SKILL_ORDER,opp_discard,,Crispin,3
1,240,0,SKILL_ORDER,opp_discard,,Lillie's Determination,3
1,240,0,SKILL_ORDER,opp_discard,,Jamming Tower,2
1,240,0,SKILL_ORDER,my_unseen,,Basic {D} Energy,3
1,240,0,SKILL_ORDER,my_unseen,,Marnie's Impidimp,1
1,240,0,SKILL_ORDER,my_unseen,,Rare Candy,1
1,240,0,SKILL_ORDER,my_unseen,,Buddy-Buddy Poffin,1
1,240,0,SKILL_ORDER,my_unseen,,Boss’s Orders,1
1,240,0,SKILL_ORDER,my_unseen,,Team Rocket's Petrel,2
1,240,0,SKILL_ORDER,my_unseen,,Spikemuth Gym,1
1,241,0,TO_HAND,hand,0,Buddy-Buddy Poffin,1
1,241,0,TO_HAND,hand,1,Spikemuth Gym,1
1,241,0,TO_HAND,hand,2,Precious Trolley,1
1,241,0,TO_HAND,hand,3,Buddy-Buddy Poffin,1
1,241,0,TO_HAND,hand,4,Marnie's Grimmsnarl ex,1
1,241,0,TO_HAND,hand,5,Lillie's Determination,1
1,241,0,TO_HAND,my_discard,,Basic {D} Energy,2
1,241,0,TO_HAND,my_discard,,Munkidori,3
1,241,0,TO_HAND,my_discard,,Budew,1
1,241,0,TO_HAND,my_discard,,Shaymin,1
1,241,0,TO_HAND,my_discard,,Marnie's Morgrem,1
1,241,0,TO_HAND,my_discard,,Rare Candy,1
1,241,0,TO_HAND,my_discard,,Buddy-Buddy Poffin,1
1,241,0,TO_HAND,my_discard,,Night Stretcher,2
1,241,0,TO_HAND,my_discard,,Tool Scrapper,1
1,241,0,TO_HAND,my_discard,,Poké Pad,4
1,241,0,TO_HAND,my_discard,,Air Balloon,1
1,241,0,TO_HAND,my_discard,,Boss’s Orders,1
1,241,0,TO_HAND,my_discard,,Team Rocket's Petrel,2
1,241,0,TO_HAND,my_discard,,Lillie's Determination,3
1,241,0,TO_HAND,my_discard,,Spikemuth Gym,1
1,241,0,TO_HAND,my_discard,,Special Red Card,1
1,241,0,TO_HAND,my_discard,,Gwynn,1
1,241,0,TO_HAND,opp_discard,,Basic {R} Energy,4
1,241,0,TO_HAND,opp_discard,,Basic {P} Energy,4
1,241,0,TO_HAND,opp_discard,,Basic {D} Energy,2
1,241,0,TO_HAND,opp_discard,,Munkidori,2
1,241,0,TO_HAND,opp_discard,,Dreepy,2
1,241,0,TO_HAND,opp_discard,,Drakloak,2
1,241,0,TO_HAND,opp_discard,,Dragapult ex,1
1,241,0,TO_HAND,opp_discard,,Meowth ex,1
1,241,0,TO_HAND,opp_discard,,Buddy-Buddy Poffin,3
1,241,0,TO_HAND,opp_discard,,Night Stretcher,2
1,241,0,TO_HAND,opp_discard,,Crushing Hammer,3
1,241,0,TO_HAND,opp_discard,,Ultra Ball,3
1,241,0,TO_HAND,opp_discard,,Poké Pad,4
1,241,0,TO_HAND,opp_discard,,Boss’s Orders,1
1,241,0,TO_HAND,opp_discard,,Crispin,3
1,241,0,TO_HAND,opp_discard,,Lillie's Determination,3
1,241,0,TO_HAND,opp_discard,,Jamming Tower,2
1,241,0,TO_HAND,my_unseen,,Basic {D} Energy,3
1,241,0,TO_HAND,my_unseen,,Marnie's Impidimp,1
1,241,0,TO_HAND,my_unseen,,Rare Candy,1
1,241,0,TO_HAND,my_unseen,,Buddy-Buddy Poffin,1
1,241,0,TO_HAND,my_unseen,,Boss’s Orders,1
1,241,0,TO_HAND,my_unseen,,Team Rocket's Petrel,2
1,241,0,TO_HAND,my_unseen,,Spikemuth Gym,1
