game,step,seat,select_context,index,type,owner,card_1,card_2,card_3,ref_1,ref_2,from_area,to_area,attack,value,put_damage_counter,is_recover,head,has_basic_pokemon
1,1,1,SETUP_ACTIVE_POKEMON,0,DRAW,ME,Drakloak,<NONE>,<NONE>,,,,,<NONE>,0.0,0.0,0.0,0.0,0.0
1,1,1,SETUP_ACTIVE_POKEMON,1,DRAW,ME,Lillie's Determination,<NONE>,<NONE>,,,,,<NONE>,0.0,0.0,0.0,0.0,0.0
1,1,1,SETUP_ACTIVE_POKEMON,2,DRAW,ME,Crushing Hammer,<NONE>,<NONE>,,,,,<NONE>,0.0,0.0,0.0,0.0,0.0
1,1,1,SETUP_ACTIVE_POKEMON,3,DRAW,ME,Crispin,<NONE>,<NONE>,,,,,<NONE>,0.0,0.0,0.0,0.0,0.0
1,1,1,SETUP_ACTIVE_POKEMON,4,DRAW,ME,Basic {R} Energy,<NONE>,<NONE>,,,,,<NONE>,0.0,0.0,0.0,0.0,0.0
1,1,1,SETUP_ACTIVE_POKEMON,5,DRAW,ME,Jamming Tower,<NONE>,<NONE>,,,,,<NONE>,0.0,0.0,0.0,0.0,0.0
1,1,1,SETUP_ACTIVE_POKEMON,6,DRAW,ME,Poké Pad,<NONE>,<NONE>,,,,,<NONE>,0.0,0.0,0.0,0.0,0.0
1,1,1,SETUP_ACTIVE_POKEMON,7,DRAW_REVERSE,OPP,<NONE>,<NONE>,<NONE>,,,,,<NONE>,0.0,0.0,0.0,0.0,0.0
1,1,1,SETUP_ACTIVE_POKEMON,8,DRAW_REVERSE,OPP,<NONE>,<NONE>,<NONE>,,,,,<NONE>,0.0,0.0,0.0,0.0,0.0
1,1,1,SETUP_ACTIVE_POKEMON,9,DRAW_REVERSE,OPP,<NONE>,<NONE>,<NONE>,,,,,<NONE>,0.0,0.0,0.0,0.0,0.0
1,1,1,SETUP_ACTIVE_POKEMON,10,DRAW_REVERSE,OPP,<NONE>,<NONE>,<NONE>,,,,,<NONE>,0.0,0.0,0.0,0.0,0.0
1,1,1,SETUP_ACTIVE_POKEMON,11,DRAW_REVERSE,OPP,<NONE>,<NONE>,<NONE>,,,,,<NONE>,0.0,0.0,0.0,0.0,0.0
1,1,1,SETUP_ACTIVE_POKEMON,12,DRAW_REVERSE,OPP,<NONE>,<NONE>,<NONE>,,,,,<NONE>,0.0,0.0,0.0,0.0,0.0
1,1,1,SETUP_ACTIVE_POKEMON,13,DRAW_REVERSE,OPP,<NONE>,<NONE>,<NONE>,,,,,<NONE>,0.0,0.0,0.0,0.0,0.0
1,1,1,SETUP_ACTIVE_POKEMON,14,HAS_BASIC_POKEMON,ME,<NONE>,<NONE>,<NONE>,,,,,<NONE>,0.0,0.0,0.0,0.0,0.0
1,1,1,SETUP_ACTIVE_POKEMON,15,HAS_BASIC_POKEMON,OPP,<NONE>,<NONE>,<NONE>,,,,,<NONE>,0.0,0.0,0.0,0.0,0.0
1,1,1,SETUP_ACTIVE_POKEMON,16,MOVE_CARD,ME,Poké Pad,<NONE>,<NONE>,,,HAND,DECK,<NONE>,0.0,0.0,0.0,0.0,0.0
1,1,1,SETUP_ACTIVE_POKEMON,17,MOVE_CARD,ME,Jamming Tower,<NONE>,<NONE>,,,HAND,DECK,<NONE>,0.0,0.0,0.0,0.0,0.0
1,1,1,SETUP_ACTIVE_POKEMON,18,MOVE_CARD,ME,Basic {R} Energy,<NONE>,<NONE>,,,HAND,DECK,<NONE>,0.0,0.0,0.0,0.0,0.0
1,1,1,SETUP_ACTIVE_POKEMON,19,MOVE_CARD,ME,Crispin,<NONE>,<NONE>,,,HAND,DECK,<NONE>,0.0,0.0,0.0,0.0,0.0
1,1,1,SETUP_ACTIVE_POKEMON,20,MOVE_CARD,ME,Crushing Hammer,<NONE>,<NONE>,,,HAND,DECK,<NONE>,0.0,0.0,0.0,0.0,0.0
1,1,1,SETUP_ACTIVE_POKEMON,21,MOVE_CARD,ME,Lillie's Determination,<NONE>,<NONE>,,,HAND,DECK,<NONE>,0.0,0.0,0.0,0.0,0.0
1,1,1,SETUP_ACTIVE_POKEMON,22,MOVE_CARD,ME,Drakloak,<NONE>,<NONE>,,,HAND,DECK,<NONE>,0.0,0.0,0.0,0.0,0.0
1,1,1,SETUP_ACTIVE_POKEMON,23,SHUFFLE,ME,<NONE>,<NONE>,<NONE>,,,,,<NONE>,0.0,0.0,0.0,0.0,0.0
1,1,1,SETUP_ACTIVE_POKEMON,24,DRAW,ME,Buddy-Buddy Poffin,<NONE>,<NONE>,hand:0,,,,<NONE>,0.0,0.0,0.0,0.0,0.0
1,1,1,SETUP_ACTIVE_POKEMON,25,DRAW,ME,Dragapult ex,<NONE>,<NONE>,hand:1,,,,<NONE>,0.0,0.0,0.0,0.0,0.0
1,1,1,SETUP_ACTIVE_POKEMON,26,DRAW,ME,Munkidori,<NONE>,<NONE>,hand:2,,,,<NONE>,0.0,0.0,0.0,0.0,0.0
1,1,1,SETUP_ACTIVE_POKEMON,27,DRAW,ME,Crispin,<NONE>,<NONE>,hand:3,,,,<NONE>,0.0,0.0,0.0,0.0,0.0
1,1,1,SETUP_ACTIVE_POKEMON,28,DRAW,ME,Jamming Tower,<NONE>,<NONE>,hand:4,,,,<NONE>,0.0,0.0,0.0,0.0,0.0
1,1,1,SETUP_ACTIVE_POKEMON,29,DRAW,ME,Night Stretcher,<NONE>,<NONE>,hand:5,,,,<NONE>,0.0,0.0,0.0,0.0,0.0
1,1,1,SETUP_ACTIVE_POKEMON,30,DRAW,ME,Budew,<NONE>,<NONE>,hand:6,,,,<NONE>,0.0,0.0,0.0,0.0,0.0
1,1,1,SETUP_ACTIVE_POKEMON,31,MOVE_CARD,OPP,Lillie's Determination,<NONE>,<NONE>,,,HAND,DECK,<NONE>,0.0,0.0,0.0,0.0,0.0
1,1,1,SETUP_ACTIVE_POKEMON,32,MOVE_CARD,OPP,Buddy-Buddy Poffin,<NONE>,<NONE>,,,HAND,DECK,<NONE>,0.0,0.0,0.0,0.0,0.0
1,1,1,SETUP_ACTIVE_POKEMON,33,MOVE_CARD,OPP,Night Stretcher,<NONE>,<NONE>,,,HAND,DECK,<NONE>,0.0,0.0,0.0,0.0,0.0
1,1,1,SETUP_ACTIVE_POKEMON,34,MOVE_CARD,OPP,Precious Trolley,<NONE>,<NONE>,,,HAND,DECK,<NONE>,0.0,0.0,0.0,0.0,0.0
1,1,1,SETUP_ACTIVE_POKEMON,35,MOVE_CARD,OPP,Buddy-Buddy Poffin,<NONE>,<NONE>,,,HAND,DECK,<NONE>,0.0,0.0,0.0,0.0,0.0
1,1,1,SETUP_ACTIVE_POKEMON,36,MOVE_CARD,OPP,Basic {D} Energy,<NONE>,<NONE>,,,HAND,DECK,<NONE>,0.0,0.0,0.0,0.0,0.0
1,1,1,SETUP_ACTIVE_POKEMON,37,MOVE_CARD,OPP,Froslass,<NONE>,<NONE>,,,HAND,DECK,<NONE>,0.0,0.0,0.0,0.0,0.0
1,1,1,SETUP_ACTIVE_POKEMON,38,SHUFFLE,OPP,<NONE>,<NONE>,<NONE>,,,,,<NONE>,0.0,0.0,0.0,0.0,0.0
1,1,1,SETUP_ACTIVE_POKEMON,39,DRAW_REVERSE,OPP,<NONE>,<NONE>,<NONE>,,,,,<NONE>,0.0,0.0,0.0,0.0,0.0
1,1,1,SETUP_ACTIVE_POKEMON,40,DRAW_REVERSE,OPP,<NONE>,<NONE>,<NONE>,,,,,<NONE>,0.0,0.0,0.0,0.0,0.0
1,1,1,SETUP_ACTIVE_POKEMON,41,DRAW_REVERSE,OPP,<NONE>,<NONE>,<NONE>,,,,,<NONE>,0.0,0.0,0.0,0.0,0.0
1,1,1,SETUP_ACTIVE_POKEMON,42,DRAW_REVERSE,OPP,<NONE>,<NONE>,<NONE>,,,,,<NONE>,0.0,0.0,0.0,0.0,0.0
1,1,1,SETUP_ACTIVE_POKEMON,43,DRAW_REVERSE,OPP,<NONE>,<NONE>,<NONE>,,,,,<NONE>,0.0,0.0,0.0,0.0,0.0
1,1,1,SETUP_ACTIVE_POKEMON,44,DRAW_REVERSE,OPP,<NONE>,<NONE>,<NONE>,,,,,<NONE>,0.0,0.0,0.0,0.0,0.0
1,1,1,SETUP_ACTIVE_POKEMON,45,DRAW_REVERSE,OPP,<NONE>,<NONE>,<NONE>,,,,,<NONE>,0.0,0.0,0.0,0.0,0.0
1,1,1,SETUP_ACTIVE_POKEMON,46,HAS_BASIC_POKEMON,ME,<NONE>,<NONE>,<NONE>,,,,,<NONE>,0.0,0.0,0.0,0.0,1.0
1,1,1,SETUP_ACTIVE_POKEMON,47,HAS_BASIC_POKEMON,OPP,<NONE>,<NONE>,<NONE>,,,,,<NONE>,0.0,0.0,0.0,0.0,1.0
1,2,0,SETUP_ACTIVE_POKEMON,0,DRAW_REVERSE,OPP,<NONE>,<NONE>,<NONE>,,,,,<NONE>,0.0,0.0,0.0,0.0,0.0
1,2,0,SETUP_ACTIVE_POKEMON,1,DRAW_REVERSE,OPP,<NONE>,<NONE>,<NONE>,,,,,<NONE>,0.0,0.0,0.0,0.0,0.0
1,2,0,SETUP_ACTIVE_POKEMON,2,DRAW_REVERSE,OPP,<NONE>,<NONE>,<NONE>,,,,,<NONE>,0.0,0.0,0.0,0.0,0.0
1,2,0,SETUP_ACTIVE_POKEMON,3,DRAW_REVERSE,OPP,<NONE>,<NONE>,<NONE>,,,,,<NONE>,0.0,0.0,0.0,0.0,0.0
1,2,0,SETUP_ACTIVE_POKEMON,4,DRAW_REVERSE,OPP,<NONE>,<NONE>,<NONE>,,,,,<NONE>,0.0,0.0,0.0,0.0,0.0
1,2,0,SETUP_ACTIVE_POKEMON,5,DRAW_REVERSE,OPP,<NONE>,<NONE>,<NONE>,,,,,<NONE>,0.0,0.0,0.0,0.0,0.0
1,2,0,SETUP_ACTIVE_POKEMON,6,DRAW,ME,Froslass,<NONE>,<NONE>,,,,,<NONE>,0.0,0.0,0.0,0.0,0.0
1,2,0,SETUP_ACTIVE_POKEMON,7,DRAW,ME,Basic {D} Energy,<NONE>,<NONE>,,,,,<NONE>,0.0,0.0,0.0,0.0,0.0
1,2,0,SETUP_ACTIVE_POKEMON,8,DRAW,ME,Buddy-Buddy Poffin,<NONE>,<NONE>,,,,,<NONE>,0.0,0.0,0.0,0.0,0.0
1,2,0,SETUP_ACTIVE_POKEMON,9,DRAW,ME,Precious Trolley,<NONE>,<NONE>,,,,,<NONE>,0.0,0.0,0.0,0.0,0.0
1,2,0,SETUP_ACTIVE_POKEMON,10,DRAW,ME,Night Stretcher,<NONE>,<NONE>,,,,,<NONE>,0.0,0.0,0.0,0.0,0.0
1,2,0,SETUP_ACTIVE_POKEMON,11,DRAW,ME,Buddy-Buddy Poffin,<NONE>,<NONE>,,,,,<NONE>,0.0,0.0,0.0,0.0,0.0
1,2,0,SETUP_ACTIVE_POKEMON,12,DRAW,ME,Lillie's Determination,<NONE>,<NONE>,,,,,<NONE>,0.0,0.0,0.0,0.0,0.0
1,2,0,SETUP_ACTIVE_POKEMON,13,HAS_BASIC_POKEMON,OPP,<NONE>,<NONE>,<NONE>,,,,,<NONE>,0.0,0.0,0.0,0.0,0.0
1,2,0,SETUP_ACTIVE_POKEMON,14,HAS_BASIC_POKEMON,ME,<NONE>,<NONE>,<NONE>,,,,,<NONE>,0.0,0.0,0.0,0.0,0.0
1,2,0,SETUP_ACTIVE_POKEMON,15,MOVE_CARD,OPP,Poké Pad,<NONE>,<NONE>,,,HAND,DECK,<NONE>,0.0,0.0,0.0,0.0,0.0
1,2,0,SETUP_ACTIVE_POKEMON,16,MOVE_CARD,OPP,Jamming Tower,<NONE>,<NONE>,,,HAND,DECK,<NONE>,0.0,0.0,0.0,0.0,0.0
1,2,0,SETUP_ACTIVE_POKEMON,17,MOVE_CARD,OPP,Basic {R} Energy,<NONE>,<NONE>,,,HAND,DECK,<NONE>,0.0,0.0,0.0,0.0,0.0
1,2,0,SETUP_ACTIVE_POKEMON,18,MOVE_CARD,OPP,Crispin,<NONE>,<NONE>,,,HAND,DECK,<NONE>,0.0,0.0,0.0,0.0,0.0
1,2,0,SETUP_ACTIVE_POKEMON,19,MOVE_CARD,OPP,Crushing Hammer,<NONE>,<NONE>,,,HAND,DECK,<NONE>,0.0,0.0,0.0,0.0,0.0
1,2,0,SETUP_ACTIVE_POKEMON,20,MOVE_CARD,OPP,Lillie's Determination,<NONE>,<NONE>,,,HAND,DECK,<NONE>,0.0,0.0,0.0,0.0,0.0
1,2,0,SETUP_ACTIVE_POKEMON,21,MOVE_CARD,OPP,Drakloak,<NONE>,<NONE>,,,HAND,DECK,<NONE>,0.0,0.0,0.0,0.0,0.0
1,2,0,SETUP_ACTIVE_POKEMON,22,SHUFFLE,OPP,<NONE>,<NONE>,<NONE>,,,,,<NONE>,0.0,0.0,0.0,0.0,0.0
1,2,0,SETUP_ACTIVE_POKEMON,23,DRAW_REVERSE,OPP,<NONE>,<NONE>,<NONE>,,,,,<NONE>,0.0,0.0,0.0,0.0,0.0
1,2,0,SETUP_ACTIVE_POKEMON,24,DRAW_REVERSE,OPP,<NONE>,<NONE>,<NONE>,,,,,<NONE>,0.0,0.0,0.0,0.0,0.0
1,2,0,SETUP_ACTIVE_POKEMON,25,DRAW_REVERSE,OPP,<NONE>,<NONE>,<NONE>,,,,,<NONE>,0.0,0.0,0.0,0.0,0.0
1,2,0,SETUP_ACTIVE_POKEMON,26,DRAW_REVERSE,OPP,<NONE>,<NONE>,<NONE>,,,,,<NONE>,0.0,0.0,0.0,0.0,0.0
1,2,0,SETUP_ACTIVE_POKEMON,27,DRAW_REVERSE,OPP,<NONE>,<NONE>,<NONE>,,,,,<NONE>,0.0,0.0,0.0,0.0,0.0
1,2,0,SETUP_ACTIVE_POKEMON,28,DRAW_REVERSE,OPP,<NONE>,<NONE>,<NONE>,,,,,<NONE>,0.0,0.0,0.0,0.0,0.0
1,2,0,SETUP_ACTIVE_POKEMON,29,DRAW_REVERSE,OPP,<NONE>,<NONE>,<NONE>,,,,,<NONE>,0.0,0.0,0.0,0.0,0.0
1,2,0,SETUP_ACTIVE_POKEMON,30,MOVE_CARD,ME,Lillie's Determination,<NONE>,<NONE>,,,HAND,DECK,<NONE>,0.0,0.0,0.0,0.0,0.0
1,2,0,SETUP_ACTIVE_POKEMON,31,MOVE_CARD,ME,Buddy-Buddy Poffin,<NONE>,<NONE>,,,HAND,DECK,<NONE>,0.0,0.0,0.0,0.0,0.0
1,2,0,SETUP_ACTIVE_POKEMON,32,MOVE_CARD,ME,Night Stretcher,<NONE>,<NONE>,,,HAND,DECK,<NONE>,0.0,0.0,0.0,0.0,0.0
1,2,0,SETUP_ACTIVE_POKEMON,33,MOVE_CARD,ME,Precious Trolley,<NONE>,<NONE>,,,HAND,DECK,<NONE>,0.0,0.0,0.0,0.0,0.0
1,2,0,SETUP_ACTIVE_POKEMON,34,MOVE_CARD,ME,Buddy-Buddy Poffin,<NONE>,<NONE>,,,HAND,DECK,<NONE>,0.0,0.0,0.0,0.0,0.0
1,2,0,SETUP_ACTIVE_POKEMON,35,MOVE_CARD,ME,Basic {D} Energy,<NONE>,<NONE>,,,HAND,DECK,<NONE>,0.0,0.0,0.0,0.0,0.0
1,2,0,SETUP_ACTIVE_POKEMON,36,MOVE_CARD,ME,Froslass,<NONE>,<NONE>,,,HAND,DECK,<NONE>,0.0,0.0,0.0,0.0,0.0
1,2,0,SETUP_ACTIVE_POKEMON,37,SHUFFLE,ME,<NONE>,<NONE>,<NONE>,,,,,<NONE>,0.0,0.0,0.0,0.0,0.0
1,2,0,SETUP_ACTIVE_POKEMON,38,DRAW,ME,Poké Pad,<NONE>,<NONE>,hand:0,,,,<NONE>,0.0,0.0,0.0,0.0,0.0
1,2,0,SETUP_ACTIVE_POKEMON,39,DRAW,ME,Night Stretcher,<NONE>,<NONE>,hand:1,,,,<NONE>,0.0,0.0,0.0,0.0,0.0
1,2,0,SETUP_ACTIVE_POKEMON,40,DRAW,ME,Gwynn,<NONE>,<NONE>,hand:2,,,,<NONE>,0.0,0.0,0.0,0.0,0.0
1,2,0,SETUP_ACTIVE_POKEMON,41,DRAW,ME,Marnie's Impidimp,<NONE>,<NONE>,hand:3,,,,<NONE>,0.0,0.0,0.0,0.0,0.0
1,2,0,SETUP_ACTIVE_POKEMON,42,DRAW,ME,Froslass,<NONE>,<NONE>,hand:4,,,,<NONE>,0.0,0.0,0.0,0.0,0.0
1,2,0,SETUP_ACTIVE_POKEMON,43,DRAW,ME,Marnie's Impidimp,<NONE>,<NONE>,hand:5,,,,<NONE>,0.0,0.0,0.0,0.0,0.0
1,2,0,SETUP_ACTIVE_POKEMON,44,DRAW,ME,Yveltal,<NONE>,<NONE>,hand:6,,,,<NONE>,0.0,0.0,0.0,0.0,0.0
1,2,0,SETUP_ACTIVE_POKEMON,45,HAS_BASIC_POKEMON,OPP,<NONE>,<NONE>,<NONE>,,,,,<NONE>,0.0,0.0,0.0,0.0,1.0
1,2,0,SETUP_ACTIVE_POKEMON,46,HAS_BASIC_POKEMON,ME,<NONE>,<NONE>,<NONE>,,,,,<NONE>,0.0,0.0,0.0,0.0,1.0
1,2,0,SETUP_ACTIVE_POKEMON,47,MOVE_CARD_REVERSE,OPP,<NONE>,<NONE>,<NONE>,,,HAND,ACTIVE,<NONE>,0.0,0.0,0.0,0.0,0.0
1,3,1,SETUP_BENCH_POKEMON,0,MOVE_CARD,ME,Budew,<NONE>,<NONE>,,,HAND,ACTIVE,<NONE>,0.0,0.0,0.0,0.0,0.0
1,3,1,SETUP_BENCH_POKEMON,1,MOVE_CARD_REVERSE,OPP,<NONE>,<NONE>,<NONE>,,,HAND,ACTIVE,<NONE>,0.0,0.0,0.0,0.0,0.0
1,3,1,SETUP_BENCH_POKEMON,2,MOVE_CARD_REVERSE,ME,<NONE>,<NONE>,<NONE>,,,DECK,PRIZE,<NONE>,0.0,0.0,0.0,0.0,0.0
1,3,1,SETUP_BENCH_POKEMON,3,MOVE_CARD_REVERSE,ME,<NONE>,<NONE>,<NONE>,,,DECK,PRIZE,<NONE>,0.0,0.0,0.0,0.0,0.0
1,3,1,SETUP_BENCH_POKEMON,4,MOVE_CARD_REVERSE,ME,<NONE>,<NONE>,<NONE>,,,DECK,PRIZE,<NONE>,0.0,0.0,0.0,0.0,0.0
1,3,1,SETUP_BENCH_POKEMON,5,MOVE_CARD_REVERSE,ME,<NONE>,<NONE>,<NONE>,,,DECK,PRIZE,<NONE>,0.0,0.0,0.0,0.0,0.0
1,3,1,SETUP_BENCH_POKEMON,6,MOVE_CARD_REVERSE,ME,<NONE>,<NONE>,<NONE>,,,DECK,PRIZE,<NONE>,0.0,0.0,0.0,0.0,0.0
1,3,1,SETUP_BENCH_POKEMON,7,MOVE_CARD_REVERSE,ME,<NONE>,<NONE>,<NONE>,,,DECK,PRIZE,<NONE>,0.0,0.0,0.0,0.0,0.0
1,3,1,SETUP_BENCH_POKEMON,8,MOVE_CARD_REVERSE,OPP,<NONE>,<NONE>,<NONE>,,,DECK,PRIZE,<NONE>,0.0,0.0,0.0,0.0,0.0
1,3,1,SETUP_BENCH_POKEMON,9,MOVE_CARD_REVERSE,OPP,<NONE>,<NONE>,<NONE>,,,DECK,PRIZE,<NONE>,0.0,0.0,0.0,0.0,0.0
1,3,1,SETUP_BENCH_POKEMON,10,MOVE_CARD_REVERSE,OPP,<NONE>,<NONE>,<NONE>,,,DECK,PRIZE,<NONE>,0.0,0.0,0.0,0.0,0.0
1,3,1,SETUP_BENCH_POKEMON,11,MOVE_CARD_REVERSE,OPP,<NONE>,<NONE>,<NONE>,,,DECK,PRIZE,<NONE>,0.0,0.0,0.0,0.0,0.0
1,3,1,SETUP_BENCH_POKEMON,12,MOVE_CARD_REVERSE,OPP,<NONE>,<NONE>,<NONE>,,,DECK,PRIZE,<NONE>,0.0,0.0,0.0,0.0,0.0
1,3,1,SETUP_BENCH_POKEMON,13,MOVE_CARD_REVERSE,OPP,<NONE>,<NONE>,<NONE>,,,DECK,PRIZE,<NONE>,0.0,0.0,0.0,0.0,0.0
1,4,0,SETUP_BENCH_POKEMON,0,MOVE_CARD,ME,Marnie's Impidimp,<NONE>,<NONE>,,,HAND,ACTIVE,<NONE>,0.0,0.0,0.0,0.0,0.0
1,4,0,SETUP_BENCH_POKEMON,1,MOVE_CARD_REVERSE,OPP,<NONE>,<NONE>,<NONE>,,,DECK,PRIZE,<NONE>,0.0,0.0,0.0,0.0,0.0
1,4,0,SETUP_BENCH_POKEMON,2,MOVE_CARD_REVERSE,OPP,<NONE>,<NONE>,<NONE>,,,DECK,PRIZE,<NONE>,0.0,0.0,0.0,0.0,0.0
1,4,0,SETUP_BENCH_POKEMON,3,MOVE_CARD_REVERSE,OPP,<NONE>,<NONE>,<NONE>,,,DECK,PRIZE,<NONE>,0.0,0.0,0.0,0.0,0.0
1,4,0,SETUP_BENCH_POKEMON,4,MOVE_CARD_REVERSE,OPP,<NONE>,<NONE>,<NONE>,,,DECK,PRIZE,<NONE>,0.0,0.0,0.0,0.0,0.0
1,4,0,SETUP_BENCH_POKEMON,5,MOVE_CARD_REVERSE,OPP,<NONE>,<NONE>,<NONE>,,,DECK,PRIZE,<NONE>,0.0,0.0,0.0,0.0,0.0
1,4,0,SETUP_BENCH_POKEMON,6,MOVE_CARD_REVERSE,OPP,<NONE>,<NONE>,<NONE>,,,DECK,PRIZE,<NONE>,0.0,0.0,0.0,0.0,0.0
1,4,0,SETUP_BENCH_POKEMON,7,MOVE_CARD_REVERSE,ME,<NONE>,<NONE>,<NONE>,,,DECK,PRIZE,<NONE>,0.0,0.0,0.0,0.0,0.0
1,4,0,SETUP_BENCH_POKEMON,8,MOVE_CARD_REVERSE,ME,<NONE>,<NONE>,<NONE>,,,DECK,PRIZE,<NONE>,0.0,0.0,0.0,0.0,0.0
1,4,0,SETUP_BENCH_POKEMON,9,MOVE_CARD_REVERSE,ME,<NONE>,<NONE>,<NONE>,,,DECK,PRIZE,<NONE>,0.0,0.0,0.0,0.0,0.0
1,4,0,SETUP_BENCH_POKEMON,10,MOVE_CARD_REVERSE,ME,<NONE>,<NONE>,<NONE>,,,DECK,PRIZE,<NONE>,0.0,0.0,0.0,0.0,0.0
1,4,0,SETUP_BENCH_POKEMON,11,MOVE_CARD_REVERSE,ME,<NONE>,<NONE>,<NONE>,,,DECK,PRIZE,<NONE>,0.0,0.0,0.0,0.0,0.0
1,4,0,SETUP_BENCH_POKEMON,12,MOVE_CARD_REVERSE,ME,<NONE>,<NONE>,<NONE>,,,DECK,PRIZE,<NONE>,0.0,0.0,0.0,0.0,0.0
1,5,1,MAIN,0,MOVE_CARD,ME,Munkidori,<NONE>,<NONE>,board:1,,HAND,BENCH,<NONE>,0.0,0.0,0.0,0.0,0.0
1,5,1,MAIN,1,MOVE_CARD_REVERSE,OPP,<NONE>,<NONE>,<NONE>,,,HAND,BENCH,<NONE>,0.0,0.0,0.0,0.0,0.0
1,5,1,MAIN,2,TURN_START,ME,<NONE>,<NONE>,<NONE>,,,,,<NONE>,0.0,0.0,0.0,0.0,0.0
1,5,1,MAIN,3,DRAW,ME,Basic {R} Energy,<NONE>,<NONE>,hand:5,,,,<NONE>,0.0,0.0,0.0,0.0,0.0
1,6,1,MAIN,0,ATTACH,ME,Basic {R} Energy,Budew,<NONE>,board:0,board:0,,,<NONE>,0.0,0.0,0.0,0.0,0.0
1,7,1,TO_BENCH,0,PLAY,ME,Buddy-Buddy Poffin,<NONE>,<NONE>,,,,,<NONE>,0.0,0.0,0.0,0.0,0.0
1,8,1,MAIN,0,MOVE_CARD,ME,Dreepy,<NONE>,<NONE>,board:2,,DECK,BENCH,<NONE>,0.0,0.0,0.0,0.0,0.0
1,8,1,MAIN,1,MOVE_CARD,ME,Budew,<NONE>,<NONE>,board:3,,DECK,BENCH,<NONE>,0.0,0.0,0.0,0.0,0.0
1,8,1,MAIN,2,SHUFFLE,ME,<NONE>,<NONE>,<NONE>,,,,,<NONE>,0.0,0.0,0.0,0.0,0.0
1,10,1,MAIN,0,SWITCH,ME,Budew,Budew,<NONE>,board:3,board:0,,,<NONE>,0.0,0.0,0.0,0.0,0.0
1,11,0,MAIN,0,MOVE_CARD_REVERSE,OPP,<NONE>,<NONE>,<NONE>,,,HAND,BENCH,<NONE>,0.0,0.0,0.0,0.0,0.0
1,11,0,MAIN,1,MOVE_CARD,ME,Marnie's Impidimp,<NONE>,<NONE>,board:1,,HAND,BENCH,<NONE>,0.0,0.0,0.0,0.0,0.0
1,11,0,MAIN,2,TURN_START,OPP,<NONE>,<NONE>,<NONE>,,,,,<NONE>,0.0,0.0,0.0,0.0,0.0
1,11,0,MAIN,3,DRAW_REVERSE,OPP,<NONE>,<NONE>,<NONE>,,,,,<NONE>,0.0,0.0,0.0,0.0,0.0
1,11,0,MAIN,4,ATTACH,OPP,Basic {R} Energy,Budew,<NONE>,board:12,board:12,,,<NONE>,0.0,0.0,0.0,0.0,0.0
1,11,0,MAIN,5,PLAY,OPP,Buddy-Buddy Poffin,<NONE>,<NONE>,,,,,<NONE>,0.0,0.0,0.0,0.0,0.0
1,11,0,MAIN,6,MOVE_CARD,OPP,Dreepy,<NONE>,<NONE>,board:11,,DECK,BENCH,<NONE>,0.0,0.0,0.0,0.0,0.0
1,11,0,MAIN,7,MOVE_CARD,OPP,Budew,<NONE>,<NONE>,board:9,,DECK,BENCH,<NONE>,0.0,0.0,0.0,0.0,0.0
1,11,0,MAIN,8,SHUFFLE,OPP,<NONE>,<NONE>,<NONE>,,,,,<NONE>,0.0,0.0,0.0,0.0,0.0
1,11,0,MAIN,9,SWITCH,OPP,Budew,Budew,<NONE>,board:12,board:9,,,<NONE>,0.0,0.0,0.0,0.0,0.0
1,11,0,MAIN,10,TURN_END,OPP,<NONE>,<NONE>,<NONE>,,,,,<NONE>,0.0,0.0,0.0,0.0,0.0
1,11,0,MAIN,11,TURN_START,ME,<NONE>,<NONE>,<NONE>,,,,,<NONE>,0.0,0.0,0.0,0.0,0.0
1,11,0,MAIN,12,DRAW,ME,Lillie's Determination,<NONE>,<NONE>,hand:5,,,,<NONE>,0.0,0.0,0.0,0.0,0.0
1,12,1,MAIN,0,TURN_END,ME,<NONE>,<NONE>,<NONE>,,,,,<NONE>,0.0,0.0,0.0,0.0,0.0
1,12,1,MAIN,1,TURN_START,OPP,<NONE>,<NONE>,<NONE>,,,,,<NONE>,0.0,0.0,0.0,0.0,0.0
1,12,1,MAIN,2,DRAW_REVERSE,OPP,<NONE>,<NONE>,<NONE>,,,,,<NONE>,0.0,0.0,0.0,0.0,0.0
1,12,1,MAIN,3,TURN_END,OPP,<NONE>,<NONE>,<NONE>,,,,,<NONE>,0.0,0.0,0.0,0.0,0.0
1,12,1,MAIN,4,TURN_START,ME,<NONE>,<NONE>,<NONE>,,,,,<NONE>,0.0,0.0,0.0,0.0,0.0
1,12,1,MAIN,5,DRAW,ME,Dragapult ex,<NONE>,<NONE>,hand:4,,,,<NONE>,0.0,0.0,0.0,0.0,0.0
1,13,0,MAIN,0,TURN_END,ME,<NONE>,<NONE>,<NONE>,,,,,<NONE>,0.0,0.0,0.0,0.0,0.0
1,13,0,MAIN,1,TURN_START,OPP,<NONE>,<NONE>,<NONE>,,,,,<NONE>,0.0,0.0,0.0,0.0,0.0
1,13,0,MAIN,2,DRAW_REVERSE,OPP,<NONE>,<NONE>,<NONE>,,,,,<NONE>,0.0,0.0,0.0,0.0,0.0
1,13,0,MAIN,3,ATTACK,OPP,Budew,<NONE>,<NONE>,board:9,,,,Itchy Pollen,0.0,0.0,0.0,0.0,0.0
1,13,0,MAIN,4,HP_CHANGE,ME,Marnie's Impidimp,<NONE>,<NONE>,board:0,,,,<NONE>,-20.0,0.0,0.0,0.0,0.0
1,13,0,MAIN,5,TURN_END,OPP,<NONE>,<NONE>,<NONE>,,,,,<NONE>,0.0,0.0,0.0,0.0,0.0
1,13,0,MAIN,6,TURN_START,ME,<NONE>,<NONE>,<NONE>,,,,,<NONE>,0.0,0.0,0.0,0.0,0.0
1,13,0,MAIN,7,DRAW,ME,Spikemuth Gym,<NONE>,<NONE>,hand:6,,,,<NONE>,0.0,0.0,0.0,0.0,0.0
1,14,0,MAIN,0,PLAY,ME,Lillie's Determination,<NONE>,<NONE>,,,,,<NONE>,0.0,0.0,0.0,0.0,0.0
1,14,0,MAIN,1,MOVE_CARD,ME,Poké Pad,<NONE>,<NONE>,,,HAND,DECK,<NONE>,0.0,0.0,0.0,0.0,0.0
1,14,0,MAIN,2,MOVE_CARD,ME,Night Stretcher,<NONE>,<NONE>,,,HAND,DECK,<NONE>,0.0,0.0,0.0,0.0,0.0
1,14,0,MAIN,3,MOVE_CARD,ME,Gwynn,<NONE>,<NONE>,,,HAND,DECK,<NONE>,0.0,0.0,0.0,0.0,0.0
1,14,0,MAIN,4,MOVE_CARD,ME,Froslass,<NONE>,<NONE>,,,HAND,DECK,<NONE>,0.0,0.0,0.0,0.0,0.0
1,14,0,MAIN,5,MOVE_CARD,ME,Yveltal,<NONE>,<NONE>,,,HAND,DECK,<NONE>,0.0,0.0,0.0,0.0,0.0
1,14,0,MAIN,6,MOVE_CARD,ME,Spikemuth Gym,<NONE>,<NONE>,,,HAND,DECK,<NONE>,0.0,0.0,0.0,0.0,0.0
1,14,0,MAIN,7,SHUFFLE,ME,<NONE>,<NONE>,<NONE>,,,,,<NONE>,0.0,0.0,0.0,0.0,0.0
1,14,0,MAIN,8,DRAW,ME,Marnie's Grimmsnarl ex,<NONE>,<NONE>,hand:0,,,,<NONE>,0.0,0.0,0.0,0.0,0.0
1,14,0,MAIN,9,DRAW,ME,Snorunt,<NONE>,<NONE>,hand:1,,,,<NONE>,0.0,0.0,0.0,0.0,0.0
1,14,0,MAIN,10,DRAW,ME,Marnie's Morgrem,<NONE>,<NONE>,hand:2,,,,<NONE>,0.0,0.0,0.0,0.0,0.0
1,14,0,MAIN,11,DRAW,ME,Buddy-Buddy Poffin,<NONE>,<NONE>,hand:3,,,,<NONE>,0.0,0.0,0.0,0.0,0.0
1,14,0,MAIN,12,DRAW,ME,Basic {D} Energy,<NONE>,<NONE>,hand:4,,,,<NONE>,0.0,0.0,0.0,0.0,0.0
1,14,0,MAIN,13,DRAW,ME,Munkidori,<NONE>,<NONE>,hand:5,,,,<NONE>,0.0,0.0,0.0,0.0,0.0
1,14,0,MAIN,14,DRAW,ME,Team Rocket's Petrel,<NONE>,<NONE>,hand:6,,,,<NONE>,0.0,0.0,0.0,0.0,0.0
1,14,0,MAIN,15,DRAW,ME,Team Rocket's Petrel,<NONE>,<NONE>,hand:7,,,,<NONE>,0.0,0.0,0.0,0.0,0.0
1,15,0,MAIN,0,ATTACH,ME,Basic {D} Energy,Marnie's Impidimp,<NONE>,board:1,board:1,,,<NONE>,0.0,0.0,0.0,0.0,0.0
1,16,0,MAIN,0,PLAY,ME,Munkidori,<NONE>,<NONE>,board:2,,,,<NONE>,0.0,0.0,0.0,0.0,0.0
1,17,0,MAIN,0,PLAY,ME,Snorunt,<NONE>,<NONE>,board:3,,,,<NONE>,0.0,0.0,0.0,0.0,0.0
1,18,0,MAIN,0,EVOLVE,ME,Marnie's Morgrem,Marnie's Impidimp,<NONE>,board:0,board:0,,,<NONE>,0.0,0.0,0.0,0.0,0.0
1,19,1,MAIN,0,ATTACK,ME,Budew,<NONE>,<NONE>,board:0,,,,Itchy Pollen,0.0,0.0,0.0,0.0,0.0
1,19,1,MAIN,1,HP_CHANGE,OPP,Marnie's Impidimp,<NONE>,<NONE>,board:9,,,,<NONE>,-20.0,0.0,0.0,0.0,0.0
1,19,1,MAIN,2,TURN_END,ME,<NONE>,<NONE>,<NONE>,,,,,<NONE>,0.0,0.0,0.0,0.0,0.0
1,19,1,MAIN,3,TURN_START,OPP,<NONE>,<NONE>,<NONE>,,,,,<NONE>,0.0,0.0,0.0,0.0,0.0
1,19,1,MAIN,4,DRAW_REVERSE,OPP,<NONE>,<NONE>,<NONE>,,,,,<NONE>,0.0,0.0,0.0,0.0,0.0
1,19,1,MAIN,5,PLAY,OPP,Lillie's Determination,<NONE>,<NONE>,,,,,<NONE>,0.0,0.0,0.0,0.0,0.0
1,19,1,MAIN,6,MOVE_CARD_REVERSE,OPP,<NONE>,<NONE>,<NONE>,,,HAND,DECK,<NONE>,0.0,0.0,0.0,0.0,0.0
1,19,1,MAIN,7,MOVE_CARD_REVERSE,OPP,<NONE>,<NONE>,<NONE>,,,HAND,DECK,<NONE>,0.0,0.0,0.0,0.0,0.0
1,19,1,MAIN,8,MOVE_CARD_REVERSE,OPP,<NONE>,<NONE>,<NONE>,,,HAND,DECK,<NONE>,0.0,0.0,0.0,0.0,0.0
1,19,1,MAIN,9,MOVE_CARD_REVERSE,OPP,<NONE>,<NONE>,<NONE>,,,HAND,DECK,<NONE>,0.0,0.0,0.0,0.0,0.0
1,19,1,MAIN,10,MOVE_CARD_REVERSE,OPP,<NONE>,<NONE>,<NONE>,,,HAND,DECK,<NONE>,0.0,0.0,0.0,0.0,0.0
1,19,1,MAIN,11,MOVE_CARD_REVERSE,OPP,<NONE>,<NONE>,<NONE>,,,HAND,DECK,<NONE>,0.0,0.0,0.0,0.0,0.0
1,19,1,MAIN,12,SHUFFLE,OPP,<NONE>,<NONE>,<NONE>,,,,,<NONE>,0.0,0.0,0.0,0.0,0.0
1,19,1,MAIN,13,DRAW_REVERSE,OPP,<NONE>,<NONE>,<NONE>,,,,,<NONE>,0.0,0.0,0.0,0.0,0.0
1,19,1,MAIN,14,DRAW_REVERSE,OPP,<NONE>,<NONE>,<NONE>,,,,,<NONE>,0.0,0.0,0.0,0.0,0.0
1,19,1,MAIN,15,DRAW_REVERSE,OPP,<NONE>,<NONE>,<NONE>,,,,,<NONE>,0.0,0.0,0.0,0.0,0.0
1,19,1,MAIN,16,DRAW_REVERSE,OPP,<NONE>,<NONE>,<NONE>,,,,,<NONE>,0.0,0.0,0.0,0.0,0.0
1,19,1,MAIN,17,DRAW_REVERSE,OPP,<NONE>,<NONE>,<NONE>,,,,,<NONE>,0.0,0.0,0.0,0.0,0.0
1,19,1,MAIN,18,DRAW_REVERSE,OPP,<NONE>,<NONE>,<NONE>,,,,,<NONE>,0.0,0.0,0.0,0.0,0.0
1,19,1,MAIN,19,DRAW_REVERSE,OPP,<NONE>,<NONE>,<NONE>,,,,,<NONE>,0.0,0.0,0.0,0.0,0.0
1,19,1,MAIN,20,DRAW_REVERSE,OPP,<NONE>,<NONE>,<NONE>,,,,,<NONE>,0.0,0.0,0.0,0.0,0.0
1,19,1,MAIN,21,ATTACH,OPP,Basic {D} Energy,Marnie's Impidimp,<NONE>,board:10,board:10,,,<NONE>,0.0,0.0,0.0,0.0,0.0
1,19,1,MAIN,22,PLAY,OPP,Munkidori,<NONE>,<NONE>,board:11,,,,<NONE>,0.0,0.0,0.0,0.0,0.0
1,19,1,MAIN,23,PLAY,OPP,Snorunt,<NONE>,<NONE>,board:12,,,,<NONE>,0.0,0.0,0.0,0.0,0.0
1,19,1,MAIN,24,EVOLVE,OPP,Marnie's Morgrem,Marnie's Impidimp,<NONE>,board:9,board:9,,,<NONE>,0.0,0.0,0.0,0.0,0.0
1,19,1,MAIN,25,TURN_END,OPP,<NONE>,<NONE>,<NONE>,,,,,<NONE>,0.0,0.0,0.0,0.0,0.0
1,19,1,MAIN,26,TURN_START,ME,<NONE>,<NONE>,<NONE>,,,,,<NONE>,0.0,0.0,0.0,0.0,0.0
1,19,1,MAIN,27,DRAW,ME,Drakloak,<NONE>,<NONE>,hand:5,,,,<NONE>,0.0,0.0,0.0,0.0,0.0
1,20,1,MAIN,0,EVOLVE,ME,Drakloak,Dreepy,<NONE>,board:2,board:2,,,<NONE>,0.0,0.0,0.0,0.0,0.0
1,21,0,MAIN,0,TURN_END,ME,<NONE>,<NONE>,<NONE>,,,,,<NONE>,0.0,0.0,0.0,0.0,0.0
1,21,0,MAIN,1,TURN_START,OPP,<NONE>,<NONE>,<NONE>,,,,,<NONE>,0.0,0.0,0.0,0.0,0.0
1,21,0,MAIN,2,DRAW_REVERSE,OPP,<NONE>,<NONE>,<NONE>,,,,,<NONE>,0.0,0.0,0.0,0.0,0.0
1,21,0,MAIN,3,EVOLVE,OPP,Drakloak,Dreepy,<NONE>,board:11,board:11,,,<NONE>,0.0,0.0,0.0,0.0,0.0
1,21,0,MAIN,4,TURN_END,OPP,<NONE>,<NONE>,<NONE>,,,,,<NONE>,0.0,0.0,0.0,0.0,0.0
1,21,0,MAIN,5,TURN_START,ME,<NONE>,<NONE>,<NONE>,,,,,<NONE>,0.0,0.0,0.0,0.0,0.0
1,21,0,MAIN,6,DRAW,ME,Spikemuth Gym,<NONE>,<NONE>,hand:4,,,,<NONE>,0.0,0.0,0.0,0.0,0.0
1,22,1,MAIN,0,TURN_END,ME,<NONE>,<NONE>,<NONE>,,,,,<NONE>,0.0,0.0,0.0,0.0,0.0
1,22,1,MAIN,1,TURN_START,OPP,<NONE>,<NONE>,<NONE>,,,,,<NONE>,0.0,0.0,0.0,0.0,0.0
1,22,1,MAIN,2,DRAW_REVERSE,OPP,<NONE>,<NONE>,<NONE>,,,,,<NONE>,0.0,0.0,0.0,0.0,0.0
1,22,1,MAIN,3,TURN_END,OPP,<NONE>,<NONE>,<NONE>,,,,,<NONE>,0.0,0.0,0.0,0.0,0.0
1,22,1,MAIN,4,TURN_START,ME,<NONE>,<NONE>,<NONE>,,,,,<NONE>,0.0,0.0,0.0,0.0,0.0
1,22,1,MAIN,5,DRAW,ME,Basic {P} Energy,<NONE>,<NONE>,hand:5,,,,<NONE>,0.0,0.0,0.0,0.0,0.0
1,23,1,MAIN,0,EVOLVE,ME,Dragapult ex,Drakloak,<NONE>,board:2,board:2,,,<NONE>,0.0,0.0,0.0,0.0,0.0
1,24,1,MAIN,0,ATTACH,ME,Basic {P} Energy,Munkidori,<NONE>,board:1,board:1,,,<NONE>,0.0,0.0,0.0,0.0,0.0
1,25,0,MAIN,0,TURN_END,ME,<NONE>,<NONE>,<NONE>,,,,,<NONE>,0.0,0.0,0.0,0.0,0.0
1,25,0,MAIN,1,TURN_START,OPP,<NONE>,<NONE>,<NONE>,,,,,<NONE>,0.0,0.0,0.0,0.0,0.0
1,25,0,MAIN,2,DRAW_REVERSE,OPP,<NONE>,<NONE>,<NONE>,,,,,<NONE>,0.0,0.0,0.0,0.0,0.0
1,25,0,MAIN,3,EVOLVE,OPP,Dragapult ex,Drakloak,<NONE>,board:11,board:11,,,<NONE>,0.0,0.0,0.0,0.0,0.0
1,25,0,MAIN,4,ATTACH,OPP,Basic {P} Energy,Munkidori,<NONE>,board:10,board:10,,,<NONE>,0.0,0.0,0.0,0.0,0.0
1,25,0,MAIN,5,TURN_END,OPP,<NONE>,<NONE>,<NONE>,,,,,<NONE>,0.0,0.0,0.0,0.0,0.0
1,25,0,MAIN,6,TURN_START,ME,<NONE>,<NONE>,<NONE>,,,,,<NONE>,0.0,0.0,0.0,0.0,0.0
1,25,0,MAIN,7,DRAW,ME,Tool Scrapper,<NONE>,<NONE>,hand:5,,,,<NONE>,0.0,0.0,0.0,0.0,0.0
1,26,0,ACTIVATE,0,EVOLVE,ME,Marnie's Grimmsnarl ex,Marnie's Morgrem,<NONE>,board:0,board:0,,,<NONE>,0.0,0.0,0.0,0.0,0.0
1,28,0,TO_BENCH,0,PLAY,ME,Buddy-Buddy Poffin,<NONE>,<NONE>,,,,,<NONE>,0.0,0.0,0.0,0.0,0.0
1,29,0,MAIN,0,MOVE_CARD,ME,Budew,<NONE>,<NONE>,board:4,,DECK,BENCH,<NONE>,0.0,0.0,0.0,0.0,0.0
1,29,0,MAIN,1,SHUFFLE,ME,<NONE>,<NONE>,<NONE>,,,,,<NONE>,0.0,0.0,0.0,0.0,0.0
1,30,0,TO_HAND,0,PLAY,ME,Team Rocket's Petrel,<NONE>,<NONE>,,,,,<NONE>,0.0,0.0,0.0,0.0,0.0
1,31,0,MAIN,0,MOVE_CARD,ME,Precious Trolley,<NONE>,<NONE>,hand:3,,DECK,HAND,<NONE>,0.0,0.0,0.0,0.0,0.0
1,31,0,MAIN,1,SHUFFLE,ME,<NONE>,<NONE>,<NONE>,,,,,<NONE>,0.0,0.0,0.0,0.0,0.0
1,32,1,MAIN,0,TURN_END,ME,<NONE>,<NONE>,<NONE>,,,,,<NONE>,0.0,0.0,0.0,0.0,0.0
1,32,1,MAIN,1,TURN_START,OPP,<NONE>,<NONE>,<NONE>,,,,,<NONE>,0.0,0.0,0.0,0.0,0.0
1,32,1,MAIN,2,DRAW_REVERSE,OPP,<NONE>,<NONE>,<NONE>,,,,,<NONE>,0.0,0.0,0.0,0.0,0.0
1,32,1,MAIN,3,EVOLVE,OPP,Marnie's Grimmsnarl ex,Marnie's Morgrem,<NONE>,board:9,board:9,,,<NONE>,0.0,0.0,0.0,0.0,0.0
1,32,1,MAIN,4,PLAY,OPP,Buddy-Buddy Poffin,<NONE>,<NONE>,,,,,<NONE>,0.0,0.0,0.0,0.0,0.0
1,32,1,MAIN,5,MOVE_CARD,OPP,Budew,<NONE>,<NONE>,board:13,,DECK,BENCH,<NONE>,0.0,0.0,0.0,0.0,0.0
1,32,1,MAIN,6,SHUFFLE,OPP,<NONE>,<NONE>,<NONE>,,,,,<NONE>,0.0,0.0,0.0,0.0,0.0
1,32,1,MAIN,7,PLAY,OPP,Team Rocket's Petrel,<NONE>,<NONE>,,,,,<NONE>,0.0,0.0,0.0,0.0,0.0
1,32,1,MAIN,8,MOVE_CARD,OPP,Precious Trolley,<NONE>,<NONE>,,,DECK,HAND,<NONE>,0.0,0.0,0.0,0.0,0.0
1,32,1,MAIN,9,SHUFFLE,OPP,<NONE>,<NONE>,<NONE>,,,,,<NONE>,0.0,0.0,0.0,0.0,0.0
1,32,1,MAIN,10,TURN_END,OPP,<NONE>,<NONE>,<NONE>,,,,,<NONE>,0.0,0.0,0.0,0.0,0.0
1,32,1,MAIN,11,TURN_START,ME,<NONE>,<NONE>,<NONE>,,,,,<NONE>,0.0,0.0,0.0,0.0,0.0
1,32,1,MAIN,12,DRAW,ME,Jamming Tower,<NONE>,<NONE>,hand:4,,,,<NONE>,0.0,0.0,0.0,0.0,0.0
1,33,0,MAIN,0,TURN_END,ME,<NONE>,<NONE>,<NONE>,,,,,<NONE>,0.0,0.0,0.0,0.0,0.0
1,33,0,MAIN,1,TURN_START,OPP,<NONE>,<NONE>,<NONE>,,,,,<NONE>,0.0,0.0,0.0,0.0,0.0
1,33,0,MAIN,2,DRAW_REVERSE,OPP,<NONE>,<NONE>,<NONE>,,,,,<NONE>,0.0,0.0,0.0,0.0,0.0
1,33,0,MAIN,3,ATTACK,OPP,Budew,<NONE>,<NONE>,board:9,,,,Itchy Pollen,0.0,0.0,0.0,0.0,0.0
1,33,0,MAIN,4,HP_CHANGE,ME,Marnie's Grimmsnarl ex,<NONE>,<NONE>,board:0,,,,<NONE>,-20.0,0.0,0.0,0.0,0.0
1,33,0,MAIN,5,TURN_END,OPP,<NONE>,<NONE>,<NONE>,,,,,<NONE>,0.0,0.0,0.0,0.0,0.0
1,33,0,MAIN,6,TURN_START,ME,<NONE>,<NONE>,<NONE>,,,,,<NONE>,0.0,0.0,0.0,0.0,0.0
1,33,0,MAIN,7,DRAW,ME,Basic {D} Energy,<NONE>,<NONE>,hand:4,,,,<NONE>,0.0,0.0,0.0,0.0,0.0
1,34,0,MAIN,0,ATTACH,ME,Basic {D} Energy,Budew,<NONE>,board:4,board:4,,,<NONE>,0.0,0.0,0.0,0.0,0.0
1,35,1,MAIN,0,ATTACK,ME,Budew,<NONE>,<NONE>,board:0,,,,Itchy Pollen,0.0,0.0,0.0,0.0,0.0
1,35,1,MAIN,1,HP_CHANGE,OPP,Marnie's Grimmsnarl ex,<NONE>,<NONE>,board:9,,,,<NONE>,-20.0,0.0,0.0,0.0,0.0
1,35,1,MAIN,2,TURN_END,ME,<NONE>,<NONE>,<NONE>,,,,,<NONE>,0.0,0.0,0.0,0.0,0.0
1,35,1,MAIN,3,TURN_START,OPP,<NONE>,<NONE>,<NONE>,,,,,<NONE>,0.0,0.0,0.0,0.0,0.0
1,35,1,MAIN,4,DRAW_REVERSE,OPP,<NONE>,<NONE>,<NONE>,,,,,<NONE>,0.0,0.0,0.0,0.0,0.0
1,35,1,MAIN,5,ATTACH,OPP,Basic {D} Energy,Budew,<NONE>,board:13,board:13,,,<NONE>,0.0,0.0,0.0,0.0,0.0
1,35,1,MAIN,6,TURN_END,OPP,<NONE>,<NONE>,<NONE>,,,,,<NONE>,0.0,0.0,0.0,0.0,0.0
1,35,1,MAIN,7,TURN_START,ME,<NONE>,<NONE>,<NONE>,,,,,<NONE>,0.0,0.0,0.0,0.0,0.0
1,35,1,MAIN,8,DRAW,ME,Dreepy,<NONE>,<NONE>,hand:5,,,,<NONE>,0.0,0.0,0.0,0.0,0.0
1,36,1,MAIN,0,PLAY,ME,Jamming Tower,<NONE>,<NONE>,board:18,,,,<NONE>,0.0,0.0,0.0,0.0,0.0
1,37,1,MAIN,0,PLAY,ME,Dreepy,<NONE>,<NONE>,board:4,,,,<NONE>,0.0,0.0,0.0,0.0,0.0
1,38,1,TO_HAND,0,PLAY,ME,Crispin,<NONE>,<NONE>,,,,,<NONE>,0.0,0.0,0.0,0.0,0.0
1,39,1,ATTACH_TO,0,MOVE_CARD,ME,Basic {R} Energy,<NONE>,<NONE>,hand:3,,DECK,HAND,<NONE>,0.0,0.0,0.0,0.0,0.0
1,40,1,MAIN,0,SHUFFLE,ME,<NONE>,<NONE>,<NONE>,,,,,<NONE>,0.0,0.0,0.0,0.0,0.0
1,41,1,MAIN,0,ATTACH,ME,Basic {R} Energy,Dragapult ex,<NONE>,board:2,board:2,,,<NONE>,0.0,0.0,0.0,0.0,0.0
1,42,0,MAIN,0,TURN_END,ME,<NONE>,<NONE>,<NONE>,,,,,<NONE>,0.0,0.0,0.0,0.0,0.0
1,42,0,MAIN,1,TURN_START,OPP,<NONE>,<NONE>,<NONE>,,,,,<NONE>,0.0,0.0,0.0,0.0,0.0
1,42,0,MAIN,2,DRAW_REVERSE,OPP,<NONE>,<NONE>,<NONE>,,,,,<NONE>,0.0,0.0,0.0,0.0,0.0
1,42,0,MAIN,3,PLAY,OPP,Jamming Tower,<NONE>,<NONE>,board:18,,,,<NONE>,0.0,0.0,0.0,0.0,0.0
1,42,0,MAIN,4,PLAY,OPP,Dreepy,<NONE>,<NONE>,board:13,,,,<NONE>,0.0,0.0,0.0,0.0,0.0
1,42,0,MAIN,5,PLAY,OPP,Crispin,<NONE>,<NONE>,,,,,<NONE>,0.0,0.0,0.0,0.0,0.0
1,42,0,MAIN,6,MOVE_CARD,OPP,Basic {R} Energy,<NONE>,<NONE>,board:11,,DECK,HAND,<NONE>,0.0,0.0,0.0,0.0,0.0
1,42,0,MAIN,7,SHUFFLE,OPP,<NONE>,<NONE>,<NONE>,,,,,<NONE>,0.0,0.0,0.0,0.0,0.0
1,42,0,MAIN,8,ATTACH,OPP,Basic {R} Energy,Dragapult ex,<NONE>,board:11,board:11,,,<NONE>,0.0,0.0,0.0,0.0,0.0
1,42,0,MAIN,9,ATTACK,OPP,Budew,<NONE>,<NONE>,board:9,,,,Itchy Pollen,0.0,0.0,0.0,0.0,0.0
1,42,0,MAIN,10,HP_CHANGE,ME,Marnie's Grimmsnarl ex,<NONE>,<NONE>,board:0,,,,<NONE>,-20.0,0.0,0.0,0.0,0.0
1,42,0,MAIN,11,TURN_END,OPP,<NONE>,<NONE>,<NONE>,,,,,<NONE>,0.0,0.0,0.0,0.0,0.0
1,42,0,MAIN,12,TURN_START,ME,<NONE>,<NONE>,<NONE>,,,,,<NONE>,0.0,0.0,0.0,0.0,0.0
1,42,0,MAIN,13,DRAW,ME,Froslass,<NONE>,<NONE>,hand:4,,,,<NONE>,0.0,0.0,0.0,0.0,0.0
1,43,1,MAIN,0,ATTACK,ME,Budew,<NONE>,<NONE>,board:0,,,,Itchy Pollen,0.0,0.0,0.0,0.0,0.0
1,43,1,MAIN,1,HP_CHANGE,OPP,Marnie's Grimmsnarl ex,<NONE>,<NONE>,board:9,,,,<NONE>,-20.0,0.0,0.0,0.0,0.0
1,43,1,MAIN,2,TURN_END,ME,<NONE>,<NONE>,<NONE>,,,,,<NONE>,0.0,0.0,0.0,0.0,0.0
1,43,1,MAIN,3,TURN_START,OPP,<NONE>,<NONE>,<NONE>,,,,,<NONE>,0.0,0.0,0.0,0.0,0.0
1,43,1,MAIN,4,DRAW_REVERSE,OPP,<NONE>,<NONE>,<NONE>,,,,,<NONE>,0.0,0.0,0.0,0.0,0.0
1,43,1,MAIN,5,TURN_END,OPP,<NONE>,<NONE>,<NONE>,,,,,<NONE>,0.0,0.0,0.0,0.0,0.0
1,43,1,MAIN,6,TURN_START,ME,<NONE>,<NONE>,<NONE>,,,,,<NONE>,0.0,0.0,0.0,0.0,0.0
1,43,1,MAIN,7,DRAW,ME,Drakloak,<NONE>,<NONE>,hand:3,,,,<NONE>,0.0,0.0,0.0,0.0,0.0
1,44,0,MAIN,0,TURN_END,ME,<NONE>,<NONE>,<NONE>,,,,,<NONE>,0.0,0.0,0.0,0.0,0.0
1,44,0,MAIN,1,TURN_START,OPP,<NONE>,<NONE>,<NONE>,,,,,<NONE>,0.0,0.0,0.0,0.0,0.0
1,44,0,MAIN,2,DRAW_REVERSE,OPP,<NONE>,<NONE>,<NONE>,,,,,<NONE>,0.0,0.0,0.0,0.0,0.0
1,44,0,MAIN,3,ATTACK,OPP,Budew,<NONE>,<NONE>,board:9,,,,Itchy Pollen,0.0,0.0,0.0,0.0,0.0
1,44,0,MAIN,4,HP_CHANGE,ME,Marnie's Grimmsnarl ex,<NONE>,<NONE>,board:0,,,,<NONE>,-20.0,0.0,0.0,0.0,0.0
1,44,0,MAIN,5,TURN_END,OPP,<NONE>,<NONE>,<NONE>,,,,,<NONE>,0.0,0.0,0.0,0.0,0.0
1,44,0,MAIN,6,TURN_START,ME,<NONE>,<NONE>,<NONE>,,,,,<NONE>,0.0,0.0,0.0,0.0,0.0
1,44,0,MAIN,7,DRAW,ME,Night Stretcher,<NONE>,<NONE>,hand:5,,,,<NONE>,0.0,0.0,0.0,0.0,0.0
1,45,1,MAIN,0,ATTACK,ME,Budew,<NONE>,<NONE>,board:0,,,,Itchy Pollen,0.0,0.0,0.0,0.0,0.0
1,45,1,MAIN,1,HP_CHANGE,OPP,Marnie's Grimmsnarl ex,<NONE>,<NONE>,board:9,,,,<NONE>,-20.0,0.0,0.0,0.0,0.0
1,45,1,MAIN,2,TURN_END,ME,<NONE>,<NONE>,<NONE>,,,,,<NONE>,0.0,0.0,0.0,0.0,0.0
1,45,1,MAIN,3,TURN_START,OPP,<NONE>,<NONE>,<NONE>,,,,,<NONE>,0.0,0.0,0.0,0.0,0.0
1,45,1,MAIN,4,DRAW_REVERSE,OPP,<NONE>,<NONE>,<NONE>,,,,,<NONE>,0.0,0.0,0.0,0.0,0.0
1,45,1,MAIN,5,TURN_END,OPP,<NONE>,<NONE>,<NONE>,,,,,<NONE>,0.0,0.0,0.0,0.0,0.0
1,45,1,MAIN,6,TURN_START,ME,<NONE>,<NONE>,<NONE>,,,,,<NONE>,0.0,0.0,0.0,0.0,0.0
1,45,1,MAIN,7,DRAW,ME,Buddy-Buddy Poffin,<NONE>,<NONE>,hand:4,,,,<NONE>,0.0,0.0,0.0,0.0,0.0
1,47,1,MAIN,0,SWITCH,ME,Budew,Budew,<NONE>,board:3,board:0,,,<NONE>,0.0,0.0,0.0,0.0,0.0
1,48,0,MAIN,0,TURN_END,ME,<NONE>,<NONE>,<NONE>,,,,,<NONE>,0.0,0.0,0.0,0.0,0.0
1,48,0,MAIN,1,TURN_START,OPP,<NONE>,<NONE>,<NONE>,,,,,<NONE>,0.0,0.0,0.0,0.0,0.0
1,48,0,MAIN,2,DRAW_REVERSE,OPP,<NONE>,<NONE>,<NONE>,,,,,<NONE>,0.0,0.0,0.0,0.0,0.0
1,48,0,MAIN,3,SWITCH,OPP,Budew,Budew,<NONE>,board:12,board:9,,,<NONE>,0.0,0.0,0.0,0.0,0.0
1,48,0,MAIN,4,ATTACK,OPP,Budew,<NONE>,<NONE>,board:9,,,,Itchy Pollen,0.0,0.0,0.0,0.0,0.0
1,48,0,MAIN,5,HP_CHANGE,ME,Marnie's Grimmsnarl ex,<NONE>,<NONE>,board:0,,,,<NONE>,-20.0,0.0,0.0,0.0,0.0
1,48,0,MAIN,6,TURN_END,OPP,<NONE>,<NONE>,<NONE>,,,,,<NONE>,0.0,0.0,0.0,0.0,0.0
1,48,0,MAIN,7,TURN_START,ME,<NONE>,<NONE>,<NONE>,,,,,<NONE>,0.0,0.0,0.0,0.0,0.0
1,48,0,MAIN,8,DRAW,ME,Spikemuth Gym,<NONE>,<NONE>,hand:6,,,,<NONE>,0.0,0.0,0.0,0.0,0.0
1,49,0,MAIN,0,PLAY,ME,Spikemuth Gym,<NONE>,<NONE>,board:18,,,,<NONE>,0.0,0.0,0.0,0.0,0.0
1,49,0,MAIN,1,MOVE_CARD,OPP,Jamming Tower,<NONE>,<NONE>,,,STADIUM,DISCARD,<NONE>,0.0,0.0,0.0,0.0,0.0
1,50,0,MAIN,0,EVOLVE,ME,Froslass,Snorunt,<NONE>,board:3,board:3,,,<NONE>,0.0,0.0,0.0,0.0,0.0
1,51,0,TO_HAND,0,PLAY,ME,Team Rocket's Petrel,<NONE>,<NONE>,,,,,<NONE>,0.0,0.0,0.0,0.0,0.0
1,52,0,MAIN,0,MOVE_CARD,ME,Buddy-Buddy Poffin,<NONE>,<NONE>,hand:4,,DECK,HAND,<NONE>,0.0,0.0,0.0,0.0,0.0
1,52,0,MAIN,1,SHUFFLE,ME,<NONE>,<NONE>,<NONE>,,,,,<NONE>,0.0,0.0,0.0,0.0,0.0
1,53,1,MAIN,0,ATTACK,ME,Budew,<NONE>,<NONE>,board:0,,,,Itchy Pollen,0.0,0.0,0.0,0.0,0.0
1,53,1,MAIN,1,HP_CHANGE,OPP,Marnie's Grimmsnarl ex,<NONE>,<NONE>,board:9,,,,<NONE>,-20.0,0.0,0.0,0.0,0.0
1,53,1,MAIN,2,TURN_END,ME,<NONE>,<NONE>,<NONE>,,,,,<NONE>,0.0,0.0,0.0,0.0,0.0
1,53,1,MAIN,3,TURN_START,OPP,<NONE>,<NONE>,<NONE>,,,,,<NONE>,0.0,0.0,0.0,0.0,0.0
1,53,1,MAIN,4,DRAW_REVERSE,OPP,<NONE>,<NONE>,<NONE>,,,,,<NONE>,0.0,0.0,0.0,0.0,0.0
1,53,1,MAIN,5,PLAY,OPP,Spikemuth Gym,<NONE>,<NONE>,board:18,,,,<NONE>,0.0,0.0,0.0,0.0,0.0
1,53,1,MAIN,6,MOVE_CARD,ME,Jamming Tower,<NONE>,<NONE>,,,STADIUM,DISCARD,<NONE>,0.0,0.0,0.0,0.0,0.0
1,53,1,MAIN,7,EVOLVE,OPP,Froslass,Snorunt,<NONE>,board:12,board:12,,,<NONE>,0.0,0.0,0.0,0.0,0.0
1,53,1,MAIN,8,PLAY,OPP,Team Rocket's Petrel,<NONE>,<NONE>,,,,,<NONE>,0.0,0.0,0.0,0.0,0.0
1,53,1,MAIN,9,MOVE_CARD,OPP,Buddy-Buddy Poffin,<NONE>,<NONE>,,,DECK,HAND,<NONE>,0.0,0.0,0.0,0.0,0.0
1,53,1,MAIN,10,SHUFFLE,OPP,<NONE>,<NONE>,<NONE>,,,,,<NONE>,0.0,0.0,0.0,0.0,0.0
1,53,1,MAIN,11,TURN_END,OPP,<NONE>,<NONE>,<NONE>,,,,,<NONE>,0.0,0.0,0.0,0.0,0.0
1,53,1,MAIN,12,HP_CHANGE,ME,Munkidori,<NONE>,<NONE>,board:1,,,,<NONE>,-10.0,1.0,0.0,0.0,0.0
1,53,1,MAIN,13,HP_CHANGE,OPP,Marnie's Grimmsnarl ex,<NONE>,<NONE>,board:9,,,,<NONE>,-10.0,1.0,0.0,0.0,0.0
1,53,1,MAIN,14,HP_CHANGE,OPP,Munkidori,<NONE>,<NONE>,board:11,,,,<NONE>,-10.0,1.0,0.0,0.0,0.0
1,53,1,MAIN,15,TURN_START,ME,<NONE>,<NONE>,<NONE>,,,,,<NONE>,0.0,0.0,0.0,0.0,0.0
1,53,1,MAIN,16,DRAW,ME,Buddy-Buddy Poffin,<NONE>,<NONE>,hand:5,,,,<NONE>,0.0,0.0,0.0,0.0,0.0
1,54,0,MAIN,0,TURN_END,ME,<NONE>,<NONE>,<NONE>,,,,,<NONE>,0.0,0.0,0.0,0.0,0.0
1,54,0,MAIN,1,HP_CHANGE,OPP,Munkidori,<NONE>,<NONE>,board:10,,,,<NONE>,-10.0,1.0,0.0,0.0,0.0
1,54,0,MAIN,2,HP_CHANGE,ME,Marnie's Grimmsnarl ex,<NONE>,<NONE>,board:0,,,,<NONE>,-10.0,1.0,0.0,0.0,0.0
1,54,0,MAIN,3,HP_CHANGE,ME,Munkidori,<NONE>,<NONE>,board:2,,,,<NONE>,-10.0,1.0,0.0,0.0,0.0
1,54,0,MAIN,4,TURN_START,OPP,<NONE>,<NONE>,<NONE>,,,,,<NONE>,0.0,0.0,0.0,0.0,0.0
1,54,0,MAIN,5,DRAW_REVERSE,OPP,<NONE>,<NONE>,<NONE>,,,,,<NONE>,0.0,0.0,0.0,0.0,0.0
1,54,0,MAIN,6,ATTACK,OPP,Budew,<NONE>,<NONE>,board:9,,,,Itchy Pollen,0.0,0.0,0.0,0.0,0.0
1,54,0,MAIN,7,HP_CHANGE,ME,Marnie's Grimmsnarl ex,<NONE>,<NONE>,board:0,,,,<NONE>,-20.0,0.0,0.0,0.0,0.0
1,54,0,MAIN,8,TURN_END,OPP,<NONE>,<NONE>,<NONE>,,,,,<NONE>,0.0,0.0,0.0,0.0,0.0
1,54,0,MAIN,9,HP_CHANGE,OPP,Munkidori,<NONE>,<NONE>,board:10,,,,<NONE>,-10.0,1.0,0.0,0.0,0.0
1,54,0,MAIN,10,HP_CHANGE,ME,Marnie's Grimmsnarl ex,<NONE>,<NONE>,board:0,,,,<NONE>,-10.0,1.0,0.0,0.0,0.0
1,54,0,MAIN,11,HP_CHANGE,ME,Munkidori,<NONE>,<NONE>,board:2,,,,<NONE>,-10.0,1.0,0.0,0.0,0.0
1,54,0,MAIN,12,TURN_START,ME,<NONE>,<NONE>,<NONE>,,,,,<NONE>,0.0,0.0,0.0,0.0,0.0
1,54,0,MAIN,13,DRAW,ME,Rare Candy,<NONE>,<NONE>,hand:5,,,,<NONE>,0.0,0.0,0.0,0.0,0.0
1,56,0,MAIN,0,SHUFFLE,ME,<NONE>,<NONE>,<NONE>,,,,,<NONE>,0.0,0.0,0.0,0.0,0.0
1,57,1,MAIN,0,ATTACK,ME,Budew,<NONE>,<NONE>,board:0,,,,Itchy Pollen,0.0,0.0,0.0,0.0,0.0
1,57,1,MAIN,1,HP_CHANGE,OPP,Marnie's Grimmsnarl ex,<NONE>,<NONE>,board:9,,,,<NONE>,-20.0,0.0,0.0,0.0,0.0
1,57,1,MAIN,2,TURN_END,ME,<NONE>,<NONE>,<NONE>,,,,,<NONE>,0.0,0.0,0.0,0.0,0.0
1,57,1,MAIN,3,HP_CHANGE,ME,Munkidori,<NONE>,<NONE>,board:1,,,,<NONE>,-10.0,1.0,0.0,0.0,0.0
1,57,1,MAIN,4,HP_CHANGE,OPP,Marnie's Grimmsnarl ex,<NONE>,<NONE>,board:9,,,,<NONE>,-10.0,1.0,0.0,0.0,0.0
1,57,1,MAIN,5,HP_CHANGE,OPP,Munkidori,<NONE>,<NONE>,board:11,,,,<NONE>,-10.0,1.0,0.0,0.0,0.0
1,57,1,MAIN,6,TURN_START,OPP,<NONE>,<NONE>,<NONE>,,,,,<NONE>,0.0,0.0,0.0,0.0,0.0
1,57,1,MAIN,7,DRAW_REVERSE,OPP,<NONE>,<NONE>,<NONE>,,,,,<NONE>,0.0,0.0,0.0,0.0,0.0
1,57,1,MAIN,8,SHUFFLE,OPP,<NONE>,<NONE>,<NONE>,,,,,<NONE>,0.0,0.0,0.0,0.0,0.0
1,57,1,MAIN,9,TURN_END,OPP,<NONE>,<NONE>,<NONE>,,,,,<NONE>,0.0,0.0,0.0,0.0,0.0
1,57,1,MAIN,10,HP_CHANGE,ME,Munkidori,<NONE>,<NONE>,board:1,,,,<NONE>,-10.0,1.0,0.0,0.0,0.0
1,57,1,MAIN,11,HP_CHANGE,OPP,Marnie's Grimmsnarl ex,<NONE>,<NONE>,board:9,,,,<NONE>,-10.0,1.0,0.0,0.0,0.0
1,57,1,MAIN,12,HP_CHANGE,OPP,Munkidori,<NONE>,<NONE>,board:11,,,,<NONE>,-10.0,1.0,0.0,0.0,0.0
1,57,1,MAIN,13,TURN_START,ME,<NONE>,<NONE>,<NONE>,,,,,<NONE>,0.0,0.0,0.0,0.0,0.0
1,57,1,MAIN,14,DRAW,ME,Ultra Ball,<NONE>,<NONE>,hand:6,,,,<NONE>,0.0,0.0,0.0,0.0,0.0
1,58,0,MAIN,0,TURN_END,ME,<NONE>,<NONE>,<NONE>,,,,,<NONE>,0.0,0.0,0.0,0.0,0.0
1,58,0,MAIN,1,HP_CHANGE,OPP,Munkidori,<NONE>,<NONE>,board:10,,,,<NONE>,-10.0,1.0,0.0,0.0,0.0
1,58,0,MAIN,2,HP_CHANGE,ME,Marnie's Grimmsnarl ex,<NONE>,<NONE>,board:0,,,,<NONE>,-10.0,1.0,0.0,0.0,0.0
1,58,0,MAIN,3,HP_CHANGE,ME,Munkidori,<NONE>,<NONE>,board:2,,,,<NONE>,-10.0,1.0,0.0,0.0,0.0
1,58,0,MAIN,4,TURN_START,OPP,<NONE>,<NONE>,<NONE>,,,,,<NONE>,0.0,0.0,0.0,0.0,0.0
1,58,0,MAIN,5,DRAW_REVERSE,OPP,<NONE>,<NONE>,<NONE>,,,,,<NONE>,0.0,0.0,0.0,0.0,0.0
1,58,0,MAIN,6,TURN_END,OPP,<NONE>,<NONE>,<NONE>,,,,,<NONE>,0.0,0.0,0.0,0.0,0.0
1,58,0,MAIN,7,HP_CHANGE,OPP,Munkidori,<NONE>,<NONE>,board:10,,,,<NONE>,-10.0,1.0,0.0,0.0,0.0
1,58,0,MAIN,8,HP_CHANGE,ME,Marnie's Grimmsnarl ex,<NONE>,<NONE>,board:0,,,,<NONE>,-10.0,1.0,0.0,0.0,0.0
1,58,0,MAIN,9,HP_CHANGE,ME,Munkidori,<NONE>,<NONE>,board:2,,,,<NONE>,-10.0,1.0,0.0,0.0,0.0
1,58,0,MAIN,10,TURN_START,ME,<NONE>,<NONE>,<NONE>,,,,,<NONE>,0.0,0.0,0.0,0.0,0.0
1,58,0,MAIN,11,DRAW,ME,Snorunt,<NONE>,<NONE>,hand:6,,,,<NONE>,0.0,0.0,0.0,0.0,0.0
1,59,0,TO_BENCH,0,PLAY,ME,Precious Trolley,<NONE>,<NONE>,,,,,<NONE>,0.0,0.0,0.0,0.0,0.0
1,60,0,MAIN,0,SHUFFLE,ME,<NONE>,<NONE>,<NONE>,,,,,<NONE>,0.0,0.0,0.0,0.0,0.0
1,61,0,TO_BENCH,0,PLAY,ME,Buddy-Buddy Poffin,<NONE>,<NONE>,,,,,<NONE>,0.0,0.0,0.0,0.0,0.0
1,62,0,MAIN,0,MOVE_CARD,ME,Marnie's Impidimp,<NONE>,<NONE>,board:5,,DECK,BENCH,<NONE>,0.0,0.0,0.0,0.0,0.0
1,62,0,MAIN,1,SHUFFLE,ME,<NONE>,<NONE>,<NONE>,,,,,<NONE>,0.0,0.0,0.0,0.0,0.0
1,64,0,MAIN,0,SHUFFLE,ME,<NONE>,<NONE>,<NONE>,,,,,<NONE>,0.0,0.0,0.0,0.0,0.0
1,65,1,MAIN,0,TURN_END,ME,<NONE>,<NONE>,<NONE>,,,,,<NONE>,0.0,0.0,0.0,0.0,0.0
1,65,1,MAIN,1,HP_CHANGE,ME,Munkidori,<NONE>,<NONE>,board:1,,,,<NONE>,-10.0,1.0,0.0,0.0,0.0
1,65,1,MAIN,2,HP_CHANGE,OPP,Marnie's Grimmsnarl ex,<NONE>,<NONE>,board:9,,,,<NONE>,-10.0,1.0,0.0,0.0,0.0
1,65,1,MAIN,3,HP_CHANGE,OPP,Munkidori,<NONE>,<NONE>,board:11,,,,<NONE>,-10.0,1.0,0.0,0.0,0.0
1,65,1,MAIN,4,TURN_START,OPP,<NONE>,<NONE>,<NONE>,,,,,<NONE>,0.0,0.0,0.0,0.0,0.0
1,65,1,MAIN,5,DRAW_REVERSE,OPP,<NONE>,<NONE>,<NONE>,,,,,<NONE>,0.0,0.0,0.0,0.0,0.0
1,65,1,MAIN,6,PLAY,OPP,Precious Trolley,<NONE>,<NONE>,,,,,<NONE>,0.0,0.0,0.0,0.0,0.0
1,65,1,MAIN,7,SHUFFLE,OPP,<NONE>,<NONE>,<NONE>,,,,,<NONE>,0.0,0.0,0.0,0.0,0.0
1,65,1,MAIN,8,PLAY,OPP,Buddy-Buddy Poffin,<NONE>,<NONE>,,,,,<NONE>,0.0,0.0,0.0,0.0,0.0
1,65,1,MAIN,9,MOVE_CARD,OPP,Marnie's Impidimp,<NONE>,<NONE>,board:14,,DECK,BENCH,<NONE>,0.0,0.0,0.0,0.0,0.0
1,65,1,MAIN,10,SHUFFLE,OPP,<NONE>,<NONE>,<NONE>,,,,,<NONE>,0.0,0.0,0.0,0.0,0.0
1,65,1,MAIN,11,SHUFFLE,OPP,<NONE>,<NONE>,<NONE>,,,,,<NONE>,0.0,0.0,0.0,0.0,0.0
1,65,1,MAIN,12,TURN_END,OPP,<NONE>,<NONE>,<NONE>,,,,,<NONE>,0.0,0.0,0.0,0.0,0.0
1,65,1,MAIN,13,HP_CHANGE,ME,Munkidori,<NONE>,<NONE>,board:1,,,,<NONE>,-10.0,1.0,0.0,0.0,0.0
1,65,1,MAIN,14,HP_CHANGE,OPP,Marnie's Grimmsnarl ex,<NONE>,<NONE>,board:9,,,,<NONE>,-10.0,1.0,0.0,0.0,0.0
1,65,1,MAIN,15,HP_CHANGE,OPP,Munkidori,<NONE>,<NONE>,board:11,,,,<NONE>,-10.0,1.0,0.0,0.0,0.0
1,65,1,MAIN,16,TURN_START,ME,<NONE>,<NONE>,<NONE>,,,,,<NONE>,0.0,0.0,0.0,0.0,0.0
1,65,1,MAIN,17,DRAW,ME,Crushing Hammer,<NONE>,<NONE>,hand:7,,,,<NONE>,0.0,0.0,0.0,0.0,0.0
1,66,1,MAIN,0,EVOLVE,ME,Drakloak,Dreepy,<NONE>,board:4,board:4,,,<NONE>,0.0,0.0,0.0,0.0,0.0
1,67,1,DISCARD,0,PLAY,ME,Ultra Ball,<NONE>,<NONE>,,,,,<NONE>,0.0,0.0,0.0,0.0,0.0
1,68,1,TO_HAND,0,MOVE_CARD,ME,Crushing Hammer,<NONE>,<NONE>,,,HAND,DISCARD,<NONE>,0.0,0.0,0.0,0.0,0.0
1,68,1,TO_HAND,1,MOVE_CARD,ME,Dragapult ex,<NONE>,<NONE>,,,HAND,DISCARD,<NONE>,0.0,0.0,0.0,0.0,0.0
1,69,1,MAIN,0,MOVE_CARD,ME,Meowth ex,<NONE>,<NONE>,hand:4,,DECK,HAND,<NONE>,0.0,0.0,0.0,0.0,0.0
1,69,1,MAIN,1,SHUFFLE,ME,<NONE>,<NONE>,<NONE>,,,,,<NONE>,0.0,0.0,0.0,0.0,0.0
1,70,1,ACTIVATE,0,PLAY,ME,Meowth ex,<NONE>,<NONE>,board:5,,,,<NONE>,0.0,0.0,0.0,0.0,0.0
1,72,1,MAIN,0,SHUFFLE,ME,<NONE>,<NONE>,<NONE>,,,,,<NONE>,0.0,0.0,0.0,0.0,0.0
1,73,1,TO_HAND,0,MOVE_CARD,ME,Poké Pad,<NONE>,<NONE>,,,DECK,LOOKING,<NONE>,0.0,0.0,0.0,0.0,0.0
1,73,1,TO_HAND,1,MOVE_CARD,ME,Lillie's Determination,<NONE>,<NONE>,,,DECK,LOOKING,<NONE>,0.0,0.0,0.0,0.0,0.0
1,74,1,MAIN,0,MOVE_CARD,ME,Poké Pad,<NONE>,<NONE>,hand:4,,LOOKING,HAND,<NONE>,0.0,0.0,0.0,0.0,0.0
1,74,1,MAIN,1,MOVE_CARD,ME,Lillie's Determination,<NONE>,<NONE>,,,LOOKING,<UNK>,<NONE>,0.0,0.0,0.0,0.0,0.0
1,75,0,MAIN,0,TURN_END,ME,<NONE>,<NONE>,<NONE>,,,,,<NONE>,0.0,0.0,0.0,0.0,0.0
1,75,0,MAIN,1,HP_CHANGE,OPP,Munkidori,<NONE>,<NONE>,board:10,,,,<NONE>,-10.0,1.0,0.0,0.0,0.0
1,75,0,MAIN,2,HP_CHANGE,ME,Marnie's Grimmsnarl ex,<NONE>,<NONE>,board:0,,,,<NONE>,-10.0,1.0,0.0,0.0,0.0
1,75,0,MAIN,3,HP_CHANGE,ME,Munkidori,<NONE>,<NONE>,board:2,,,,<NONE>,-10.0,1.0,0.0,0.0,0.0
1,75,0,MAIN,4,TURN_START,OPP,<NONE>,<NONE>,<NONE>,,,,,<NONE>,0.0,0.0,0.0,0.0,0.0
1,75,0,MAIN,5,DRAW_REVERSE,OPP,<NONE>,<NONE>,<NONE>,,,,,<NONE>,0.0,0.0,0.0,0.0,0.0
1,75,0,MAIN,6,EVOLVE,OPP,Drakloak,Dreepy,<NONE>,board:13,board:13,,,<NONE>,0.0,0.0,0.0,0.0,0.0
1,75,0,MAIN,7,PLAY,OPP,Ultra Ball,<NONE>,<NONE>,,,,,<NONE>,0.0,0.0,0.0,0.0,0.0
1,75,0,MAIN,8,MOVE_CARD,OPP,Crushing Hammer,<NONE>,<NONE>,,,HAND,DISCARD,<NONE>,0.0,0.0,0.0,0.0,0.0
1,75,0,MAIN,9,MOVE_CARD,OPP,Dragapult ex,<NONE>,<NONE>,,,HAND,DISCARD,<NONE>,0.0,0.0,0.0,0.0,0.0
1,75,0,MAIN,10,MOVE_CARD,OPP,Meowth ex,<NONE>,<NONE>,board:14,,DECK,HAND,<NONE>,0.0,0.0,0.0,0.0,0.0
1,75,0,MAIN,11,SHUFFLE,OPP,<NONE>,<NONE>,<NONE>,,,,,<NONE>,0.0,0.0,0.0,0.0,0.0
1,75,0,MAIN,12,PLAY,OPP,Meowth ex,<NONE>,<NONE>,board:14,,,,<NONE>,0.0,0.0,0.0,0.0,0.0
1,75,0,MAIN,13,SHUFFLE,OPP,<NONE>,<NONE>,<NONE>,,,,,<NONE>,0.0,0.0,0.0,0.0,0.0
1,75,0,MAIN,14,MOVE_CARD_REVERSE,OPP,<NONE>,<NONE>,<NONE>,,,DECK,LOOKING,<NONE>,0.0,0.0,0.0,0.0,0.0
1,75,0,MAIN,15,MOVE_CARD_REVERSE,OPP,<NONE>,<NONE>,<NONE>,,,DECK,LOOKING,<NONE>,0.0,0.0,0.0,0.0,0.0
1,75,0,MAIN,16,MOVE_CARD_REVERSE,OPP,<NONE>,<NONE>,<NONE>,,,LOOKING,HAND,<NONE>,0.0,0.0,0.0,0.0,0.0
1,75,0,MAIN,17,MOVE_CARD_REVERSE,OPP,<NONE>,<NONE>,<NONE>,,,LOOKING,<UNK>,<NONE>,0.0,0.0,0.0,0.0,0.0
1,75,0,MAIN,18,ATTACK,OPP,Budew,<NONE>,<NONE>,board:9,,,,Itchy Pollen,0.0,0.0,0.0,0.0,0.0
1,75,0,MAIN,19,HP_CHANGE,ME,Marnie's Grimmsnarl ex,<NONE>,<NONE>,board:0,,,,<NONE>,-20.0,0.0,0.0,0.0,0.0
1,75,0,MAIN,20,TURN_END,OPP,<NONE>,<NONE>,<NONE>,,,,,<NONE>,0.0,0.0,0.0,0.0,0.0
1,75,0,MAIN,21,HP_CHANGE,OPP,Munkidori,<NONE>,<NONE>,board:10,,,,<NONE>,-10.0,1.0,0.0,0.0,0.0
1,75,0,MAIN,22,HP_CHANGE,OPP,Drakloak,<NONE>,<NONE>,board:13,,,,<NONE>,-10.0,1.0,0.0,0.0,0.0
1,75,0,MAIN,23,HP_CHANGE,OPP,Meowth ex,<NONE>,<NONE>,board:14,,,,<NONE>,-10.0,1.0,0.0,0.0,0.0
1,75,0,MAIN,24,HP_CHANGE,ME,Marnie's Grimmsnarl ex,<NONE>,<NONE>,board:0,,,,<NONE>,-10.0,1.0,0.0,0.0,0.0
1,75,0,MAIN,25,HP_CHANGE,ME,Munkidori,<NONE>,<NONE>,board:2,,,,<NONE>,-10.0,1.0,0.0,0.0,0.0
1,75,0,MAIN,26,TURN_START,ME,<NONE>,<NONE>,<NONE>,,,,,<NONE>,0.0,0.0,0.0,0.0,0.0
1,75,0,MAIN,27,DRAW,ME,Spikemuth Gym,<NONE>,<NONE>,hand:5,,,,<NONE>,0.0,0.0,0.0,0.0,0.0
1,77,0,MAIN,0,SHUFFLE,ME,<NONE>,<NONE>,<NONE>,,,,,<NONE>,0.0,0.0,0.0,0.0,0.0
1,78,1,MAIN,0,ATTACK,ME,Budew,<NONE>,<NONE>,board:0,,,,Itchy Pollen,0.0,0.0,0.0,0.0,0.0
1,78,1,MAIN,1,HP_CHANGE,OPP,Marnie's Grimmsnarl ex,<NONE>,<NONE>,board:9,,,,<NONE>,-20.0,0.0,0.0,0.0,0.0
1,78,1,MAIN,2,TURN_END,ME,<NONE>,<NONE>,<NONE>,,,,,<NONE>,0.0,0.0,0.0,0.0,0.0
1,78,1,MAIN,3,HP_CHANGE,ME,Munkidori,<NONE>,<NONE>,board:1,,,,<NONE>,-10.0,1.0,0.0,0.0,0.0
1,78,1,MAIN,4,HP_CHANGE,ME,Drakloak,<NONE>,<NONE>,board:4,,,,<NONE>,-10.0,1.0,0.0,0.0,0.0
1,78,1,MAIN,5,HP_CHANGE,ME,Meowth ex,<NONE>,<NONE>,board:5,,,,<NONE>,-10.0,1.0,0.0,0.0,0.0
1,78,1,MAIN,6,HP_CHANGE,OPP,Marnie's Grimmsnarl ex,<NONE>,<NONE>,board:9,,,,<NONE>,-10.0,1.0,0.0,0.0,0.0
1,78,1,MAIN,7,HP_CHANGE,OPP,Munkidori,<NONE>,<NONE>,board:11,,,,<NONE>,-10.0,1.0,0.0,0.0,0.0
1,78,1,MAIN,8,TURN_START,OPP,<NONE>,<NONE>,<NONE>,,,,,<NONE>,0.0,0.0,0.0,0.0,0.0
1,78,1,MAIN,9,DRAW_REVERSE,OPP,<NONE>,<NONE>,<NONE>,,,,,<NONE>,0.0,0.0,0.0,0.0,0.0
1,78,1,MAIN,10,SHUFFLE,OPP,<NONE>,<NONE>,<NONE>,,,,,<NONE>,0.0,0.0,0.0,0.0,0.0
1,78,1,MAIN,11,TURN_END,OPP,<NONE>,<NONE>,<NONE>,,,,,<NONE>,0.0,0.0,0.0,0.0,0.0
1,78,1,MAIN,12,HP_CHANGE,ME,Munkidori,<NONE>,<NONE>,board:1,,,,<NONE>,-10.0,1.0,0.0,0.0,0.0
1,78,1,MAIN,13,HP_CHANGE,ME,Drakloak,<NONE>,<NONE>,board:4,,,,<NONE>,-10.0,1.0,0.0,0.0,0.0
1,78,1,MAIN,14,HP_CHANGE,ME,Meowth ex,<NONE>,<NONE>,board:5,,,,<NONE>,-10.0,1.0,0.0,0.0,0.0
1,78,1,MAIN,15,HP_CHANGE,OPP,Marnie's Grimmsnarl ex,<NONE>,<NONE>,board:9,,,,<NONE>,-10.0,1.0,0.0,0.0,0.0
1,78,1,MAIN,16,HP_CHANGE,OPP,Munkidori,<NONE>,<NONE>,board:11,,,,<NONE>,-10.0,1.0,0.0,0.0,0.0
1,78,1,MAIN,17,TURN_START,ME,<NONE>,<NONE>,<NONE>,,,,,<NONE>,0.0,0.0,0.0,0.0,0.0
1,78,1,MAIN,18,DRAW,ME,Ultra Ball,<NONE>,<NONE>,hand:5,,,,<NONE>,0.0,0.0,0.0,0.0,0.0
1,79,1,MAIN,0,SHUFFLE,ME,<NONE>,<NONE>,<NONE>,,,,,<NONE>,0.0,0.0,0.0,0.0,0.0
1,80,1,TO_HAND,0,PLAY,ME,Poké Pad,<NONE>,<NONE>,,,,,<NONE>,0.0,0.0,0.0,0.0,0.0
1,81,1,MAIN,0,SHUFFLE,ME,<NONE>,<NONE>,<NONE>,,,,,<NONE>,0.0,0.0,0.0,0.0,0.0
1,82,0,MAIN,0,TURN_END,ME,<NONE>,<NONE>,<NONE>,,,,,<NONE>,0.0,0.0,0.0,0.0,0.0
1,82,0,MAIN,1,HP_CHANGE,OPP,Munkidori,<NONE>,<NONE>,board:10,,,,<NONE>,-10.0,1.0,0.0,0.0,0.0
1,82,0,MAIN,2,HP_CHANGE,OPP,Drakloak,<NONE>,<NONE>,board:13,,,,<NONE>,-10.0,1.0,0.0,0.0,0.0
1,82,0,MAIN,3,HP_CHANGE,OPP,Meowth ex,<NONE>,<NONE>,board:14,,,,<NONE>,-10.0,1.0,0.0,0.0,0.0
1,82,0,MAIN,4,HP_CHANGE,ME,Marnie's Grimmsnarl ex,<NONE>,<NONE>,board:0,,,,<NONE>,-10.0,1.0,0.0,0.0,0.0
1,82,0,MAIN,5,HP_CHANGE,ME,Munkidori,<NONE>,<NONE>,board:2,,,,<NONE>,-10.0,1.0,0.0,0.0,0.0
1,82,0,MAIN,6,TURN_START,OPP,<NONE>,<NONE>,<NONE>,,,,,<NONE>,0.0,0.0,0.0,0.0,0.0
1,82,0,MAIN,7,DRAW_REVERSE,OPP,<NONE>,<NONE>,<NONE>,,,,,<NONE>,0.0,0.0,0.0,0.0,0.0
1,82,0,MAIN,8,SHUFFLE,OPP,<NONE>,<NONE>,<NONE>,,,,,<NONE>,0.0,0.0,0.0,0.0,0.0
1,82,0,MAIN,9,PLAY,OPP,Poké Pad,<NONE>,<NONE>,,,,,<NONE>,0.0,0.0,0.0,0.0,0.0
1,82,0,MAIN,10,SHUFFLE,OPP,<NONE>,<NONE>,<NONE>,,,,,<NONE>,0.0,0.0,0.0,0.0,0.0
1,82,0,MAIN,11,TURN_END,OPP,<NONE>,<NONE>,<NONE>,,,,,<NONE>,0.0,0.0,0.0,0.0,0.0
1,82,0,MAIN,12,HP_CHANGE,OPP,Munkidori,<NONE>,<NONE>,board:10,,,,<NONE>,-10.0,1.0,0.0,0.0,0.0
1,82,0,MAIN,13,HP_CHANGE,OPP,Drakloak,<NONE>,<NONE>,board:13,,,,<NONE>,-10.0,1.0,0.0,0.0,0.0
1,82,0,MAIN,14,HP_CHANGE,OPP,Meowth ex,<NONE>,<NONE>,board:14,,,,<NONE>,-10.0,1.0,0.0,0.0,0.0
1,82,0,MAIN,15,HP_CHANGE,ME,Marnie's Grimmsnarl ex,<NONE>,<NONE>,board:0,,,,<NONE>,-10.0,1.0,0.0,0.0,0.0
1,82,0,MAIN,16,HP_CHANGE,ME,Munkidori,<NONE>,<NONE>,board:2,,,,<NONE>,-10.0,1.0,0.0,0.0,0.0
1,82,0,MAIN,17,TURN_START,ME,<NONE>,<NONE>,<NONE>,,,,,<NONE>,0.0,0.0,0.0,0.0,0.0
1,82,0,MAIN,18,DRAW,ME,Shaymin,<NONE>,<NONE>,hand:6,,,,<NONE>,0.0,0.0,0.0,0.0,0.0
1,84,0,MAIN,0,MOVE_CARD,ME,Marnie's Morgrem,<NONE>,<NONE>,hand:7,,DECK,HAND,<NONE>,0.0,0.0,0.0,0.0,0.0
1,84,0,MAIN,1,SHUFFLE,ME,<NONE>,<NONE>,<NONE>,,,,,<NONE>,0.0,0.0,0.0,0.0,0.0
1,85,1,MAIN,0,TURN_END,ME,<NONE>,<NONE>,<NONE>,,,,,<NONE>,0.0,0.0,0.0,0.0,0.0
1,85,1,MAIN,1,HP_CHANGE,ME,Munkidori,<NONE>,<NONE>,board:1,,,,<NONE>,-10.0,1.0,0.0,0.0,0.0
1,85,1,MAIN,2,HP_CHANGE,ME,Drakloak,<NONE>,<NONE>,board:4,,,,<NONE>,-10.0,1.0,0.0,0.0,0.0
1,85,1,MAIN,3,HP_CHANGE,ME,Meowth ex,<NONE>,<NONE>,board:5,,,,<NONE>,-10.0,1.0,0.0,0.0,0.0
1,85,1,MAIN,4,HP_CHANGE,OPP,Marnie's Grimmsnarl ex,<NONE>,<NONE>,board:9,,,,<NONE>,-10.0,1.0,0.0,0.0,0.0
1,85,1,MAIN,5,HP_CHANGE,OPP,Munkidori,<NONE>,<NONE>,board:11,,,,<NONE>,-10.0,1.0,0.0,0.0,0.0
1,85,1,MAIN,6,TURN_START,OPP,<NONE>,<NONE>,<NONE>,,,,,<NONE>,0.0,0.0,0.0,0.0,0.0
1,85,1,MAIN,7,DRAW_REVERSE,OPP,<NONE>,<NONE>,<NONE>,,,,,<NONE>,0.0,0.0,0.0,0.0,0.0
1,85,1,MAIN,8,MOVE_CARD,OPP,Marnie's Morgrem,<NONE>,<NONE>,,,DECK,HAND,<NONE>,0.0,0.0,0.0,0.0,0.0
1,85,1,MAIN,9,SHUFFLE,OPP,<NONE>,<NONE>,<NONE>,,,,,<NONE>,0.0,0.0,0.0,0.0,0.0
1,85,1,MAIN,10,TURN_END,OPP,<NONE>,<NONE>,<NONE>,,,,,<NONE>,0.0,0.0,0.0,0.0,0.0
1,85,1,MAIN,11,HP_CHANGE,ME,Munkidori,<NONE>,<NONE>,board:1,,,,<NONE>,-10.0,1.0,0.0,0.0,0.0
1,85,1,MAIN,12,HP_CHANGE,ME,Drakloak,<NONE>,<NONE>,board:4,,,,<NONE>,-10.0,1.0,0.0,0.0,0.0
1,85,1,MAIN,13,HP_CHANGE,ME,Meowth ex,<NONE>,<NONE>,board:5,,,,<NONE>,-10.0,1.0,0.0,0.0,0.0
1,85,1,MAIN,14,HP_CHANGE,OPP,Marnie's Grimmsnarl ex,<NONE>,<NONE>,board:9,,,,<NONE>,-10.0,1.0,0.0,0.0,0.0
1,85,1,MAIN,15,HP_CHANGE,OPP,Munkidori,<NONE>,<NONE>,board:11,,,,<NONE>,-10.0,1.0,0.0,0.0,0.0
1,85,1,MAIN,16,TURN_START,ME,<NONE>,<NONE>,<NONE>,,,,,<NONE>,0.0,0.0,0.0,0.0,0.0
1,85,1,MAIN,17,DRAW,ME,Basic {P} Energy,<NONE>,<NONE>,hand:5,,,,<NONE>,0.0,0.0,0.0,0.0,0.0
1,86,1,MAIN,0,SHUFFLE,ME,<NONE>,<NONE>,<NONE>,,,,,<NONE>,0.0,0.0,0.0,0.0,0.0
1,87,1,MAIN,0,PLAY,ME,Jamming Tower,<NONE>,<NONE>,board:18,,,,<NONE>,0.0,0.0,0.0,0.0,0.0
1,87,1,MAIN,1,MOVE_CARD,OPP,Spikemuth Gym,<NONE>,<NONE>,,,STADIUM,DISCARD,<NONE>,0.0,0.0,0.0,0.0,0.0
1,89,1,MAIN,0,SWITCH,ME,Budew,Meowth ex,<NONE>,board:5,board:0,,,<NONE>,0.0,0.0,0.0,0.0,0.0
1,90,1,MAIN,0,ATTACH,ME,Basic {P} Energy,Budew,<NONE>,board:3,board:3,,,<NONE>,0.0,0.0,0.0,0.0,0.0
1,91,1,TO_HAND,0,MOVE_CARD,ME,Ultra Ball,<NONE>,<NONE>,,,DECK,LOOKING,<NONE>,0.0,0.0,0.0,0.0,0.0
1,91,1,TO_HAND,1,MOVE_CARD,ME,Dreepy,<NONE>,<NONE>,,,DECK,LOOKING,<NONE>,0.0,0.0,0.0,0.0,0.0
1,92,1,MAIN,0,MOVE_CARD,ME,Ultra Ball,<NONE>,<NONE>,hand:4,,LOOKING,HAND,<NONE>,0.0,0.0,0.0,0.0,0.0
1,92,1,MAIN,1,MOVE_CARD,ME,Dreepy,<NONE>,<NONE>,,,LOOKING,<UNK>,<NONE>,0.0,0.0,0.0,0.0,0.0
1,93,1,TO_HAND,0,PLAY,ME,Night Stretcher,<NONE>,<NONE>,,,,,<NONE>,0.0,0.0,0.0,0.0,0.0
1,94,1,MAIN,0,MOVE_CARD,ME,Dragapult ex,<NONE>,<NONE>,hand:4,,DISCARD,HAND,<NONE>,0.0,0.0,0.0,0.0,0.0
1,95,1,DISCARD,0,PLAY,ME,Ultra Ball,<NONE>,<NONE>,,,,,<NONE>,0.0,0.0,0.0,0.0,0.0
1,96,1,TO_HAND,0,MOVE_CARD,ME,Dragapult ex,<NONE>,<NONE>,,,HAND,DISCARD,<NONE>,0.0,0.0,0.0,0.0,0.0
1,96,1,TO_HAND,1,MOVE_CARD,ME,Buddy-Buddy Poffin,<NONE>,<NONE>,,,HAND,DISCARD,<NONE>,0.0,0.0,0.0,0.0,0.0
1,97,1,MAIN,0,MOVE_CARD,ME,Chi-Yu,<NONE>,<NONE>,hand:2,,DECK,HAND,<NONE>,0.0,0.0,0.0,0.0,0.0
1,97,1,MAIN,1,SHUFFLE,ME,<NONE>,<NONE>,<NONE>,,,,,<NONE>,0.0,0.0,0.0,0.0,0.0
1,98,1,DISCARD,0,PLAY,ME,Ultra Ball,<NONE>,<NONE>,,,,,<NONE>,0.0,0.0,0.0,0.0,0.0
1,99,1,TO_HAND,0,MOVE_CARD,ME,Chi-Yu,<NONE>,<NONE>,,,HAND,DISCARD,<NONE>,0.0,0.0,0.0,0.0,0.0
1,99,1,TO_HAND,1,MOVE_CARD,ME,Buddy-Buddy Poffin,<NONE>,<NONE>,,,HAND,DISCARD,<NONE>,0.0,0.0,0.0,0.0,0.0
1,100,1,MAIN,0,SHUFFLE,ME,<NONE>,<NONE>,<NONE>,,,,,<NONE>,0.0,0.0,0.0,0.0,0.0
1,101,0,MAIN,0,TURN_END,ME,<NONE>,<NONE>,<NONE>,,,,,<NONE>,0.0,0.0,0.0,0.0,0.0
1,101,0,MAIN,1,HP_CHANGE,OPP,Munkidori,<NONE>,<NONE>,board:10,,,,<NONE>,-10.0,1.0,0.0,0.0,0.0
1,101,0,MAIN,2,HP_CHANGE,OPP,Drakloak,<NONE>,<NONE>,board:13,,,,<NONE>,-10.0,1.0,0.0,0.0,0.0
1,101,0,MAIN,3,HP_CHANGE,OPP,Meowth ex,<NONE>,<NONE>,board:9,,,,<NONE>,-10.0,1.0,0.0,0.0,0.0
1,101,0,MAIN,4,HP_CHANGE,ME,Marnie's Grimmsnarl ex,<NONE>,<NONE>,board:0,,,,<NONE>,-10.0,1.0,0.0,0.0,0.0
1,101,0,MAIN,5,HP_CHANGE,ME,Munkidori,<NONE>,<NONE>,board:2,,,,<NONE>,-10.0,1.0,0.0,0.0,0.0
1,101,0,MAIN,6,TURN_START,OPP,<NONE>,<NONE>,<NONE>,,,,,<NONE>,0.0,0.0,0.0,0.0,0.0
1,101,0,MAIN,7,DRAW_REVERSE,OPP,<NONE>,<NONE>,<NONE>,,,,,<NONE>,0.0,0.0,0.0,0.0,0.0
1,101,0,MAIN,8,SHUFFLE,OPP,<NONE>,<NONE>,<NONE>,,,,,<NONE>,0.0,0.0,0.0,0.0,0.0
1,101,0,MAIN,9,PLAY,OPP,Jamming Tower,<NONE>,<NONE>,board:18,,,,<NONE>,0.0,0.0,0.0,0.0,0.0
1,101,0,MAIN,10,MOVE_CARD,ME,Spikemuth Gym,<NONE>,<NONE>,,,STADIUM,DISCARD,<NONE>,0.0,0.0,0.0,0.0,0.0
1,101,0,MAIN,11,SWITCH,OPP,Budew,Meowth ex,<NONE>,board:14,board:9,,,<NONE>,0.0,0.0,0.0,0.0,0.0
1,101,0,MAIN,12,ATTACH,OPP,Basic {P} Energy,Budew,<NONE>,board:12,board:12,,,<NONE>,0.0,0.0,0.0,0.0,0.0
1,101,0,MAIN,13,MOVE_CARD_REVERSE,OPP,<NONE>,<NONE>,<NONE>,,,DECK,LOOKING,<NONE>,0.0,0.0,0.0,0.0,0.0
1,101,0,MAIN,14,MOVE_CARD_REVERSE,OPP,<NONE>,<NONE>,<NONE>,,,DECK,LOOKING,<NONE>,0.0,0.0,0.0,0.0,0.0
1,101,0,MAIN,15,MOVE_CARD_REVERSE,OPP,<NONE>,<NONE>,<NONE>,,,LOOKING,HAND,<NONE>,0.0,0.0,0.0,0.0,0.0
1,101,0,MAIN,16,MOVE_CARD_REVERSE,OPP,<NONE>,<NONE>,<NONE>,,,LOOKING,<UNK>,<NONE>,0.0,0.0,0.0,0.0,0.0
1,101,0,MAIN,17,PLAY,OPP,Night Stretcher,<NONE>,<NONE>,,,,,<NONE>,0.0,0.0,0.0,0.0,0.0
1,101,0,MAIN,18,MOVE_CARD,OPP,Dragapult ex,<NONE>,<NONE>,,,DISCARD,HAND,<NONE>,0.0,0.0,0.0,0.0,0.0
1,101,0,MAIN,19,PLAY,OPP,Ultra Ball,<NONE>,<NONE>,,,,,<NONE>,0.0,0.0,0.0,0.0,0.0
1,101,0,MAIN,20,MOVE_CARD,OPP,Dragapult ex,<NONE>,<NONE>,,,HAND,DISCARD,<NONE>,0.0,0.0,0.0,0.0,0.0
1,101,0,MAIN,21,MOVE_CARD,OPP,Buddy-Buddy Poffin,<NONE>,<NONE>,,,HAND,DISCARD,<NONE>,0.0,0.0,0.0,0.0,0.0
1,101,0,MAIN,22,MOVE_CARD,OPP,Chi-Yu,<NONE>,<NONE>,,,DECK,HAND,<NONE>,0.0,0.0,0.0,0.0,0.0
1,101,0,MAIN,23,SHUFFLE,OPP,<NONE>,<NONE>,<NONE>,,,,,<NONE>,0.0,0.0,0.0,0.0,0.0
1,101,0,MAIN,24,PLAY,OPP,Ultra Ball,<NONE>,<NONE>,,,,,<NONE>,0.0,0.0,0.0,0.0,0.0
1,101,0,MAIN,25,MOVE_CARD,OPP,Chi-Yu,<NONE>,<NONE>,,,HAND,DISCARD,<NONE>,0.0,0.0,0.0,0.0,0.0
1,101,0,MAIN,26,MOVE_CARD,OPP,Buddy-Buddy Poffin,<NONE>,<NONE>,,,HAND,DISCARD,<NONE>,0.0,0.0,0.0,0.0,0.0
1,101,0,MAIN,27,SHUFFLE,OPP,<NONE>,<NONE>,<NONE>,,,,,<NONE>,0.0,0.0,0.0,0.0,0.0
1,101,0,MAIN,28,TURN_END,OPP,<NONE>,<NONE>,<NONE>,,,,,<NONE>,0.0,0.0,0.0,0.0,0.0
1,101,0,MAIN,29,HP_CHANGE,OPP,Meowth ex,<NONE>,<NONE>,board:9,,,,<NONE>,-10.0,1.0,0.0,0.0,0.0
1,101,0,MAIN,30,HP_CHANGE,OPP,Munkidori,<NONE>,<NONE>,board:10,,,,<NONE>,-10.0,1.0,0.0,0.0,0.0
1,101,0,MAIN,31,HP_CHANGE,OPP,Drakloak,<NONE>,<NONE>,board:13,,,,<NONE>,-10.0,1.0,0.0,0.0,0.0
1,101,0,MAIN,32,HP_CHANGE,ME,Marnie's Grimmsnarl ex,<NONE>,<NONE>,board:0,,,,<NONE>,-10.0,1.0,0.0,0.0,0.0
1,101,0,MAIN,33,HP_CHANGE,ME,Munkidori,<NONE>,<NONE>,board:2,,,,<NONE>,-10.0,1.0,0.0,0.0,0.0
1,101,0,MAIN,34,TURN_START,ME,<NONE>,<NONE>,<NONE>,,,,,<NONE>,0.0,0.0,0.0,0.0,0.0
1,101,0,MAIN,35,DRAW,ME,Boss’s Orders,<NONE>,<NONE>,hand:8,,,,<NONE>,0.0,0.0,0.0,0.0,0.0
1,102,0,MAIN,0,PLAY,ME,Spikemuth Gym,<NONE>,<NONE>,board:18,,,,<NONE>,0.0,0.0,0.0,0.0,0.0
1,102,0,MAIN,1,MOVE_CARD,OPP,Jamming Tower,<NONE>,<NONE>,,,STADIUM,DISCARD,<NONE>,0.0,0.0,0.0,0.0,0.0
1,103,0,MAIN,0,EVOLVE,ME,Marnie's Morgrem,Marnie's Impidimp,<NONE>,board:5,board:5,,,<NONE>,0.0,0.0,0.0,0.0,0.0
1,105,0,MAIN,0,MOVE_CARD,ME,Marnie's Grimmsnarl ex,<NONE>,<NONE>,hand:7,,DECK,HAND,<NONE>,0.0,0.0,0.0,0.0,0.0
1,105,0,MAIN,1,SHUFFLE,ME,<NONE>,<NONE>,<NONE>,,,,,<NONE>,0.0,0.0,0.0,0.0,0.0
1,106,0,TO_HAND,0,TURN_END,ME,<NONE>,<NONE>,<NONE>,,,,,<NONE>,0.0,0.0,0.0,0.0,0.0
1,106,0,TO_HAND,1,HP_CHANGE,OPP,Meowth ex,<NONE>,<NONE>,board:9,,,,<NONE>,-10.0,1.0,0.0,0.0,0.0
1,106,0,TO_HAND,2,HP_CHANGE,OPP,Munkidori,<NONE>,<NONE>,,,,,<NONE>,-10.0,1.0,0.0,0.0,0.0
1,106,0,TO_HAND,3,HP_CHANGE,OPP,Drakloak,<NONE>,<NONE>,board:12,,,,<NONE>,-10.0,1.0,0.0,0.0,0.0
1,106,0,TO_HAND,4,HP_CHANGE,ME,Marnie's Grimmsnarl ex,<NONE>,<NONE>,board:0,,,,<NONE>,-10.0,1.0,0.0,0.0,0.0
1,106,0,TO_HAND,5,HP_CHANGE,ME,Munkidori,<NONE>,<NONE>,,,,,<NONE>,-10.0,1.0,0.0,0.0,0.0
1,106,0,TO_HAND,6,MOVE_CARD,OPP,Munkidori,<NONE>,<NONE>,,,BENCH,DISCARD,<NONE>,0.0,0.0,0.0,0.0,0.0
1,106,0,TO_HAND,7,MOVE_CARD,OPP,Basic {P} Energy,<NONE>,<NONE>,,,ENERGY,DISCARD,<NONE>,0.0,0.0,0.0,0.0,0.0
1,106,0,TO_HAND,8,MOVE_CARD,ME,Munkidori,<NONE>,<NONE>,,,BENCH,DISCARD,<NONE>,0.0,0.0,0.0,0.0,0.0
1,107,1,TO_HAND,0,TURN_END,ME,<NONE>,<NONE>,<NONE>,,,,,<NONE>,0.0,0.0,0.0,0.0,0.0
1,107,1,TO_HAND,1,HP_CHANGE,ME,Meowth ex,<NONE>,<NONE>,board:0,,,,<NONE>,-10.0,1.0,0.0,0.0,0.0
1,107,1,TO_HAND,2,HP_CHANGE,ME,Munkidori,<NONE>,<NONE>,,,,,<NONE>,-10.0,1.0,0.0,0.0,0.0
1,107,1,TO_HAND,3,HP_CHANGE,ME,Drakloak,<NONE>,<NONE>,board:3,,,,<NONE>,-10.0,1.0,0.0,0.0,0.0
1,107,1,TO_HAND,4,HP_CHANGE,OPP,Marnie's Grimmsnarl ex,<NONE>,<NONE>,board:9,,,,<NONE>,-10.0,1.0,0.0,0.0,0.0
1,107,1,TO_HAND,5,HP_CHANGE,OPP,Munkidori,<NONE>,<NONE>,,,,,<NONE>,-10.0,1.0,0.0,0.0,0.0
1,107,1,TO_HAND,6,TURN_START,OPP,<NONE>,<NONE>,<NONE>,,,,,<NONE>,0.0,0.0,0.0,0.0,0.0
1,107,1,TO_HAND,7,DRAW_REVERSE,OPP,<NONE>,<NONE>,<NONE>,,,,,<NONE>,0.0,0.0,0.0,0.0,0.0
1,107,1,TO_HAND,8,PLAY,OPP,Spikemuth Gym,<NONE>,<NONE>,board:18,,,,<NONE>,0.0,0.0,0.0,0.0,0.0
1,107,1,TO_HAND,9,MOVE_CARD,ME,Jamming Tower,<NONE>,<NONE>,,,STADIUM,DISCARD,<NONE>,0.0,0.0,0.0,0.0,0.0
1,107,1,TO_HAND,10,EVOLVE,OPP,Marnie's Morgrem,Marnie's Impidimp,<NONE>,board:13,board:13,,,<NONE>,0.0,0.0,0.0,0.0,0.0
1,107,1,TO_HAND,11,MOVE_CARD,OPP,Marnie's Grimmsnarl ex,<NONE>,<NONE>,,,DECK,HAND,<NONE>,0.0,0.0,0.0,0.0,0.0
1,107,1,TO_HAND,12,SHUFFLE,OPP,<NONE>,<NONE>,<NONE>,,,,,<NONE>,0.0,0.0,0.0,0.0,0.0
1,107,1,TO_HAND,13,TURN_END,OPP,<NONE>,<NONE>,<NONE>,,,,,<NONE>,0.0,0.0,0.0,0.0,0.0
1,107,1,TO_HAND,14,HP_CHANGE,ME,Meowth ex,<NONE>,<NONE>,board:0,,,,<NONE>,-10.0,1.0,0.0,0.0,0.0
1,107,1,TO_HAND,15,HP_CHANGE,ME,Munkidori,<NONE>,<NONE>,,,,,<NONE>,-10.0,1.0,0.0,0.0,0.0
1,107,1,TO_HAND,16,HP_CHANGE,ME,Drakloak,<NONE>,<NONE>,board:3,,,,<NONE>,-10.0,1.0,0.0,0.0,0.0
1,107,1,TO_HAND,17,HP_CHANGE,OPP,Marnie's Grimmsnarl ex,<NONE>,<NONE>,board:9,,,,<NONE>,-10.0,1.0,0.0,0.0,0.0
1,107,1,TO_HAND,18,HP_CHANGE,OPP,Munkidori,<NONE>,<NONE>,,,,,<NONE>,-10.0,1.0,0.0,0.0,0.0
1,107,1,TO_HAND,19,MOVE_CARD,ME,Munkidori,<NONE>,<NONE>,,,BENCH,DISCARD,<NONE>,0.0,0.0,0.0,0.0,0.0
1,107,1,TO_HAND,20,MOVE_CARD,ME,Basic {P} Energy,<NONE>,<NONE>,,,ENERGY,DISCARD,<NONE>,0.0,0.0,0.0,0.0,0.0
1,107,1,TO_HAND,21,MOVE_CARD,OPP,Munkidori,<NONE>,<NONE>,,,BENCH,DISCARD,<NONE>,0.0,0.0,0.0,0.0,0.0
1,107,1,TO_HAND,22,MOVE_CARD_REVERSE,OPP,<NONE>,<NONE>,<NONE>,,,PRIZE,HAND,<NONE>,0.0,0.0,0.0,0.0,0.0
1,108,1,MAIN,0,MOVE_CARD,ME,Dreepy,<NONE>,<NONE>,hand:0,,PRIZE,HAND,<NONE>,0.0,0.0,0.0,0.0,0.0
1,108,1,MAIN,1,TURN_START,ME,<NONE>,<NONE>,<NONE>,,,,,<NONE>,0.0,0.0,0.0,0.0,0.0
1,108,1,MAIN,2,DRAW,ME,Fezandipiti ex,<NONE>,<NONE>,hand:1,,,,<NONE>,0.0,0.0,0.0,0.0,0.0
1,109,1,MAIN,0,PLAY,ME,Dreepy,<NONE>,<NONE>,board:5,,,,<NONE>,0.0,0.0,0.0,0.0,0.0
1,110,0,MAIN,0,MOVE_CARD,ME,Basic {D} Energy,<NONE>,<NONE>,hand:8,,PRIZE,HAND,<NONE>,0.0,0.0,0.0,0.0,0.0
1,110,0,MAIN,1,MOVE_CARD_REVERSE,OPP,<NONE>,<NONE>,<NONE>,,,PRIZE,HAND,<NONE>,0.0,0.0,0.0,0.0,0.0
1,110,0,MAIN,2,TURN_START,OPP,<NONE>,<NONE>,<NONE>,,,,,<NONE>,0.0,0.0,0.0,0.0,0.0
1,110,0,MAIN,3,DRAW_REVERSE,OPP,<NONE>,<NONE>,<NONE>,,,,,<NONE>,0.0,0.0,0.0,0.0,0.0
1,110,0,MAIN,4,PLAY,OPP,Dreepy,<NONE>,<NONE>,board:14,,,,<NONE>,0.0,0.0,0.0,0.0,0.0
1,110,0,MAIN,5,TURN_END,OPP,<NONE>,<NONE>,<NONE>,,,,,<NONE>,0.0,0.0,0.0,0.0,0.0
1,110,0,MAIN,6,HP_CHANGE,OPP,Meowth ex,<NONE>,<NONE>,board:9,,,,<NONE>,-10.0,1.0,0.0,0.0,0.0
1,110,0,MAIN,7,HP_CHANGE,OPP,Drakloak,<NONE>,<NONE>,board:12,,,,<NONE>,-10.0,1.0,0.0,0.0,0.0
1,110,0,MAIN,8,HP_CHANGE,ME,Marnie's Grimmsnarl ex,<NONE>,<NONE>,board:0,,,,<NONE>,-10.0,1.0,0.0,0.0,0.0
1,110,0,MAIN,9,TURN_START,ME,<NONE>,<NONE>,<NONE>,,,,,<NONE>,0.0,0.0,0.0,0.0,0.0
1,110,0,MAIN,10,DRAW,ME,Gwynn,<NONE>,<NONE>,hand:9,,,,<NONE>,0.0,0.0,0.0,0.0,0.0
1,111,0,MAIN,0,ATTACH,ME,Basic {D} Energy,Marnie's Impidimp,<NONE>,board:1,board:1,,,<NONE>,0.0,0.0,0.0,0.0,0.0
1,112,1,MAIN,0,TURN_END,ME,<NONE>,<NONE>,<NONE>,,,,,<NONE>,0.0,0.0,0.0,0.0,0.0
1,112,1,MAIN,1,HP_CHANGE,ME,Meowth ex,<NONE>,<NONE>,board:0,,,,<NONE>,-10.0,1.0,0.0,0.0,0.0
1,112,1,MAIN,2,HP_CHANGE,ME,Drakloak,<NONE>,<NONE>,board:3,,,,<NONE>,-10.0,1.0,0.0,0.0,0.0
1,112,1,MAIN,3,HP_CHANGE,OPP,Marnie's Grimmsnarl ex,<NONE>,<NONE>,board:9,,,,<NONE>,-10.0,1.0,0.0,0.0,0.0
1,112,1,MAIN,4,TURN_START,OPP,<NONE>,<NONE>,<NONE>,,,,,<NONE>,0.0,0.0,0.0,0.0,0.0
1,112,1,MAIN,5,DRAW_REVERSE,OPP,<NONE>,<NONE>,<NONE>,,,,,<NONE>,0.0,0.0,0.0,0.0,0.0
1,112,1,MAIN,6,ATTACH,OPP,Basic {D} Energy,Marnie's Impidimp,<NONE>,board:10,board:10,,,<NONE>,0.0,0.0,0.0,0.0,0.0
1,112,1,MAIN,7,TURN_END,OPP,<NONE>,<NONE>,<NONE>,,,,,<NONE>,0.0,0.0,0.0,0.0,0.0
1,112,1,MAIN,8,HP_CHANGE,ME,Meowth ex,<NONE>,<NONE>,board:0,,,,<NONE>,-10.0,1.0,0.0,0.0,0.0
1,112,1,MAIN,9,HP_CHANGE,ME,Drakloak,<NONE>,<NONE>,board:3,,,,<NONE>,-10.0,1.0,0.0,0.0,0.0
1,112,1,MAIN,10,HP_CHANGE,OPP,Marnie's Grimmsnarl ex,<NONE>,<NONE>,board:9,,,,<NONE>,-10.0,1.0,0.0,0.0,0.0
1,112,1,MAIN,11,TURN_START,ME,<NONE>,<NONE>,<NONE>,,,,,<NONE>,0.0,0.0,0.0,0.0,0.0
1,112,1,MAIN,12,DRAW,ME,Poké Pad,<NONE>,<NONE>,hand:1,,,,<NONE>,0.0,0.0,0.0,0.0,0.0
1,113,1,TO_HAND,0,PLAY,ME,Poké Pad,<NONE>,<NONE>,,,,,<NONE>,0.0,0.0,0.0,0.0,0.0
1,114,1,MAIN,0,MOVE_CARD,ME,Drakloak,<NONE>,<NONE>,hand:1,,DECK,HAND,<NONE>,0.0,0.0,0.0,0.0,0.0
1,114,1,MAIN,1,SHUFFLE,ME,<NONE>,<NONE>,<NONE>,,,,,<NONE>,0.0,0.0,0.0,0.0,0.0
1,115,0,TO_HAND,0,TURN_END,ME,<NONE>,<NONE>,<NONE>,,,,,<NONE>,0.0,0.0,0.0,0.0,0.0
1,115,0,TO_HAND,1,HP_CHANGE,OPP,Meowth ex,<NONE>,<NONE>,board:9,,,,<NONE>,-10.0,1.0,0.0,0.0,0.0
1,115,0,TO_HAND,2,HP_CHANGE,OPP,Drakloak,<NONE>,<NONE>,,,,,<NONE>,-10.0,1.0,0.0,0.0,0.0
1,115,0,TO_HAND,3,HP_CHANGE,ME,Marnie's Grimmsnarl ex,<NONE>,<NONE>,board:0,,,,<NONE>,-10.0,1.0,0.0,0.0,0.0
1,115,0,TO_HAND,4,TURN_START,OPP,<NONE>,<NONE>,<NONE>,,,,,<NONE>,0.0,0.0,0.0,0.0,0.0
1,115,0,TO_HAND,5,DRAW_REVERSE,OPP,<NONE>,<NONE>,<NONE>,,,,,<NONE>,0.0,0.0,0.0,0.0,0.0
1,115,0,TO_HAND,6,PLAY,OPP,Poké Pad,<NONE>,<NONE>,,,,,<NONE>,0.0,0.0,0.0,0.0,0.0
1,115,0,TO_HAND,7,MOVE_CARD,OPP,Drakloak,<NONE>,<NONE>,,,DECK,HAND,<NONE>,0.0,0.0,0.0,0.0,0.0
1,115,0,TO_HAND,8,SHUFFLE,OPP,<NONE>,<NONE>,<NONE>,,,,,<NONE>,0.0,0.0,0.0,0.0,0.0
1,115,0,TO_HAND,9,TURN_END,OPP,<NONE>,<NONE>,<NONE>,,,,,<NONE>,0.0,0.0,0.0,0.0,0.0
1,115,0,TO_HAND,10,HP_CHANGE,OPP,Meowth ex,<NONE>,<NONE>,board:9,,,,<NONE>,-10.0,1.0,0.0,0.0,0.0
1,115,0,TO_HAND,11,HP_CHANGE,OPP,Drakloak,<NONE>,<NONE>,,,,,<NONE>,-10.0,1.0,0.0,0.0,0.0
1,115,0,TO_HAND,12,HP_CHANGE,ME,Marnie's Grimmsnarl ex,<NONE>,<NONE>,board:0,,,,<NONE>,-10.0,1.0,0.0,0.0,0.0
1,115,0,TO_HAND,13,MOVE_CARD,OPP,Drakloak,<NONE>,<NONE>,,,BENCH,DISCARD,<NONE>,0.0,0.0,0.0,0.0,0.0
1,115,0,TO_HAND,14,MOVE_CARD,OPP,Dreepy,<NONE>,<NONE>,,,PRE_EVOLUTION,DISCARD,<NONE>,0.0,0.0,0.0,0.0,0.0
1,116,0,MAIN,0,MOVE_CARD,ME,Basic {D} Energy,<NONE>,<NONE>,hand:9,,PRIZE,HAND,<NONE>,0.0,0.0,0.0,0.0,0.0
1,116,0,MAIN,1,TURN_START,ME,<NONE>,<NONE>,<NONE>,,,,,<NONE>,0.0,0.0,0.0,0.0,0.0
1,116,0,MAIN,2,DRAW,ME,Air Balloon,<NONE>,<NONE>,hand:10,,,,<NONE>,0.0,0.0,0.0,0.0,0.0
1,117,0,MAIN,0,SHUFFLE,ME,<NONE>,<NONE>,<NONE>,,,,,<NONE>,0.0,0.0,0.0,0.0,0.0
1,118,0,SWITCH,0,PLAY,ME,Boss’s Orders,<NONE>,<NONE>,,,,,<NONE>,0.0,0.0,0.0,0.0,0.0
1,119,0,MAIN,0,SWITCH,OPP,Meowth ex,Dreepy,<NONE>,board:13,board:9,,,<NONE>,0.0,0.0,0.0,0.0,0.0
1,120,0,MAIN,0,ATTACH,ME,Air Balloon,Marnie's Grimmsnarl ex,<NONE>,board:0,board:0,,,<NONE>,0.0,0.0,0.0,0.0,0.0
1,121,0,MAIN,0,PLAY,ME,Snorunt,<NONE>,<NONE>,board:5,,,,<NONE>,0.0,0.0,0.0,0.0,0.0
1,122,1,MAIN,0,TURN_END,ME,<NONE>,<NONE>,<NONE>,,,,,<NONE>,0.0,0.0,0.0,0.0,0.0
1,122,1,MAIN,1,HP_CHANGE,ME,Meowth ex,<NONE>,<NONE>,board:4,,,,<NONE>,-10.0,1.0,0.0,0.0,0.0
1,122,1,MAIN,2,HP_CHANGE,ME,Drakloak,<NONE>,<NONE>,,,,,<NONE>,-10.0,1.0,0.0,0.0,0.0
1,122,1,MAIN,3,HP_CHANGE,OPP,Marnie's Grimmsnarl ex,<NONE>,<NONE>,board:9,,,,<NONE>,-10.0,1.0,0.0,0.0,0.0
1,122,1,MAIN,4,MOVE_CARD,ME,Drakloak,<NONE>,<NONE>,,,BENCH,DISCARD,<NONE>,0.0,0.0,0.0,0.0,0.0
1,122,1,MAIN,5,MOVE_CARD,ME,Dreepy,<NONE>,<NONE>,,,PRE_EVOLUTION,DISCARD,<NONE>,0.0,0.0,0.0,0.0,0.0
1,122,1,MAIN,6,MOVE_CARD_REVERSE,OPP,<NONE>,<NONE>,<NONE>,,,PRIZE,HAND,<NONE>,0.0,0.0,0.0,0.0,0.0
1,122,1,MAIN,7,TURN_START,OPP,<NONE>,<NONE>,<NONE>,,,,,<NONE>,0.0,0.0,0.0,0.0,0.0
1,122,1,MAIN,8,DRAW_REVERSE,OPP,<NONE>,<NONE>,<NONE>,,,,,<NONE>,0.0,0.0,0.0,0.0,0.0
1,122,1,MAIN,9,SHUFFLE,OPP,<NONE>,<NONE>,<NONE>,,,,,<NONE>,0.0,0.0,0.0,0.0,0.0
1,122,1,MAIN,10,PLAY,OPP,Boss’s Orders,<NONE>,<NONE>,,,,,<NONE>,0.0,0.0,0.0,0.0,0.0
1,122,1,MAIN,11,SWITCH,ME,Meowth ex,Dreepy,<NONE>,board:4,board:0,,,<NONE>,0.0,0.0,0.0,0.0,0.0
1,122,1,MAIN,12,ATTACH,OPP,Air Balloon,Marnie's Grimmsnarl ex,<NONE>,board:9,board:9,,,<NONE>,0.0,0.0,0.0,0.0,0.0
1,122,1,MAIN,13,PLAY,OPP,Snorunt,<NONE>,<NONE>,board:14,,,,<NONE>,0.0,0.0,0.0,0.0,0.0
1,122,1,MAIN,14,TURN_END,OPP,<NONE>,<NONE>,<NONE>,,,,,<NONE>,0.0,0.0,0.0,0.0,0.0
1,122,1,MAIN,15,HP_CHANGE,ME,Meowth ex,<NONE>,<NONE>,board:4,,,,<NONE>,-10.0,1.0,0.0,0.0,0.0
1,122,1,MAIN,16,HP_CHANGE,OPP,Marnie's Grimmsnarl ex,<NONE>,<NONE>,board:9,,,,<NONE>,-10.0,1.0,0.0,0.0,0.0
1,122,1,MAIN,17,TURN_START,ME,<NONE>,<NONE>,<NONE>,,,,,<NONE>,0.0,0.0,0.0,0.0,0.0
1,122,1,MAIN,18,DRAW,ME,Crushing Hammer,<NONE>,<NONE>,hand:2,,,,<NONE>,0.0,0.0,0.0,0.0,0.0
1,123,0,MAIN,0,TURN_END,ME,<NONE>,<NONE>,<NONE>,,,,,<NONE>,0.0,0.0,0.0,0.0,0.0
1,123,0,MAIN,1,HP_CHANGE,OPP,Meowth ex,<NONE>,<NONE>,board:13,,,,<NONE>,-10.0,1.0,0.0,0.0,0.0
1,123,0,MAIN,2,HP_CHANGE,ME,Marnie's Grimmsnarl ex,<NONE>,<NONE>,board:0,,,,<NONE>,-10.0,1.0,0.0,0.0,0.0
1,123,0,MAIN,3,TURN_START,OPP,<NONE>,<NONE>,<NONE>,,,,,<NONE>,0.0,0.0,0.0,0.0,0.0
1,123,0,MAIN,4,DRAW_REVERSE,OPP,<NONE>,<NONE>,<NONE>,,,,,<NONE>,0.0,0.0,0.0,0.0,0.0
1,123,0,MAIN,5,TURN_END,OPP,<NONE>,<NONE>,<NONE>,,,,,<NONE>,0.0,0.0,0.0,0.0,0.0
1,123,0,MAIN,6,HP_CHANGE,OPP,Meowth ex,<NONE>,<NONE>,board:13,,,,<NONE>,-10.0,1.0,0.0,0.0,0.0
1,123,0,MAIN,7,HP_CHANGE,ME,Marnie's Grimmsnarl ex,<NONE>,<NONE>,board:0,,,,<NONE>,-10.0,1.0,0.0,0.0,0.0
1,123,0,MAIN,8,TURN_START,ME,<NONE>,<NONE>,<NONE>,,,,,<NONE>,0.0,0.0,0.0,0.0,0.0
1,123,0,MAIN,9,DRAW,ME,Night Stretcher,<NONE>,<NONE>,hand:8,,,,<NONE>,0.0,0.0,0.0,0.0,0.0
1,124,0,ACTIVATE,0,EVOLVE,ME,Marnie's Grimmsnarl ex,Marnie's Morgrem,<NONE>,board:4,board:4,,,<NONE>,0.0,0.0,0.0,0.0,0.0
1,127,0,ATTACH_FROM,0,ATTACH,ME,Basic {D} Energy,Marnie's Impidimp,<NONE>,board:1,board:1,,,<NONE>,0.0,0.0,0.0,0.0,0.0
1,128,0,MAIN,0,ATTACH,ME,Basic {D} Energy,Marnie's Grimmsnarl ex,<NONE>,board:4,board:4,,,<NONE>,0.0,0.0,0.0,0.0,0.0
1,128,0,MAIN,1,SHUFFLE,ME,<NONE>,<NONE>,<NONE>,,,,,<NONE>,0.0,0.0,0.0,0.0,0.0
1,129,0,DISCARD_TOOL_CARD,0,PLAY,ME,Tool Scrapper,<NONE>,<NONE>,,,,,<NONE>,0.0,0.0,0.0,0.0,0.0
1,130,0,MAIN,0,MOVE_CARD,ME,Air Balloon,<NONE>,<NONE>,,,TOOL,DISCARD,<NONE>,0.0,0.0,0.0,0.0,0.0
1,131,0,MAIN,0,ATTACH,ME,Basic {D} Energy,Froslass,<NONE>,board:2,board:2,,,<NONE>,0.0,0.0,0.0,0.0,0.0
1,132,1,MAIN,0,TURN_END,ME,<NONE>,<NONE>,<NONE>,,,,,<NONE>,0.0,0.0,0.0,0.0,0.0
1,132,1,MAIN,1,HP_CHANGE,ME,Meowth ex,<NONE>,<NONE>,board:4,,,,<NONE>,-10.0,1.0,0.0,0.0,0.0
1,132,1,MAIN,2,HP_CHANGE,OPP,Marnie's Grimmsnarl ex,<NONE>,<NONE>,board:9,,,,<NONE>,-10.0,1.0,0.0,0.0,0.0
1,132,1,MAIN,3,TURN_START,OPP,<NONE>,<NONE>,<NONE>,,,,,<NONE>,0.0,0.0,0.0,0.0,0.0
1,132,1,MAIN,4,DRAW_REVERSE,OPP,<NONE>,<NONE>,<NONE>,,,,,<NONE>,0.0,0.0,0.0,0.0,0.0
1,132,1,MAIN,5,EVOLVE,OPP,Marnie's Grimmsnarl ex,Marnie's Morgrem,<NONE>,board:13,board:13,,,<NONE>,0.0,0.0,0.0,0.0,0.0
1,132,1,MAIN,6,ATTACH,OPP,Basic {D} Energy,Marnie's Impidimp,<NONE>,board:10,board:10,,,<NONE>,0.0,0.0,0.0,0.0,0.0
1,132,1,MAIN,7,ATTACH,OPP,Basic {D} Energy,Marnie's Grimmsnarl ex,<NONE>,board:13,board:13,,,<NONE>,0.0,0.0,0.0,0.0,0.0
1,132,1,MAIN,8,SHUFFLE,OPP,<NONE>,<NONE>,<NONE>,,,,,<NONE>,0.0,0.0,0.0,0.0,0.0
1,132,1,MAIN,9,PLAY,OPP,Tool Scrapper,<NONE>,<NONE>,,,,,<NONE>,0.0,0.0,0.0,0.0,0.0
1,132,1,MAIN,10,MOVE_CARD,OPP,Air Balloon,<NONE>,<NONE>,,,TOOL,DISCARD,<NONE>,0.0,0.0,0.0,0.0,0.0
1,132,1,MAIN,11,ATTACH,OPP,Basic {D} Energy,Froslass,<NONE>,board:11,board:11,,,<NONE>,0.0,0.0,0.0,0.0,0.0
1,132,1,MAIN,12,TURN_END,OPP,<NONE>,<NONE>,<NONE>,,,,,<NONE>,0.0,0.0,0.0,0.0,0.0
1,132,1,MAIN,13,HP_CHANGE,ME,Meowth ex,<NONE>,<NONE>,board:4,,,,<NONE>,-10.0,1.0,0.0,0.0,0.0
1,132,1,MAIN,14,HP_CHANGE,OPP,Marnie's Grimmsnarl ex,<NONE>,<NONE>,board:9,,,,<NONE>,-10.0,1.0,0.0,0.0,0.0
1,132,1,MAIN,15,HP_CHANGE,OPP,Marnie's Grimmsnarl ex,<NONE>,<NONE>,board:13,,,,<NONE>,-10.0,1.0,0.0,0.0,0.0
1,132,1,MAIN,16,TURN_START,ME,<NONE>,<NONE>,<NONE>,,,,,<NONE>,0.0,0.0,0.0,0.0,0.0
1,132,1,MAIN,17,DRAW,ME,Judge,<NONE>,<NONE>,hand:3,,,,<NONE>,0.0,0.0,0.0,0.0,0.0
1,133,1,MAIN,0,PLAY,ME,Fezandipiti ex,<NONE>,<NONE>,board:5,,,,<NONE>,0.0,0.0,0.0,0.0,0.0
1,134,1,MAIN,0,PLAY,ME,Judge,<NONE>,<NONE>,,,,,<NONE>,0.0,0.0,0.0,0.0,0.0
1,134,1,MAIN,1,MOVE_CARD,ME,Drakloak,<NONE>,<NONE>,hand:1,,HAND,DECK,<NONE>,0.0,0.0,0.0,0.0,0.0
1,134,1,MAIN,2,MOVE_CARD,ME,Crushing Hammer,<NONE>,<NONE>,,,HAND,DECK,<NONE>,0.0,0.0,0.0,0.0,0.0
1,134,1,MAIN,3,SHUFFLE,ME,<NONE>,<NONE>,<NONE>,,,,,<NONE>,0.0,0.0,0.0,0.0,0.0
1,134,1,MAIN,4,MOVE_CARD_REVERSE,OPP,<NONE>,<NONE>,<NONE>,,,HAND,DECK,<NONE>,0.0,0.0,0.0,0.0,0.0
1,134,1,MAIN,5,MOVE_CARD_REVERSE,OPP,<NONE>,<NONE>,<NONE>,,,HAND,DECK,<NONE>,0.0,0.0,0.0,0.0,0.0
1,134,1,MAIN,6,MOVE_CARD_REVERSE,OPP,<NONE>,<NONE>,<NONE>,,,HAND,DECK,<NONE>,0.0,0.0,0.0,0.0,0.0
1,134,1,MAIN,7,MOVE_CARD_REVERSE,OPP,<NONE>,<NONE>,<NONE>,,,HAND,DECK,<NONE>,0.0,0.0,0.0,0.0,0.0
1,134,1,MAIN,8,MOVE_CARD_REVERSE,OPP,<NONE>,<NONE>,<NONE>,,,HAND,DECK,<NONE>,0.0,0.0,0.0,0.0,0.0
1,134,1,MAIN,9,MOVE_CARD_REVERSE,OPP,<NONE>,<NONE>,<NONE>,,,HAND,DECK,<NONE>,0.0,0.0,0.0,0.0,0.0
1,134,1,MAIN,10,SHUFFLE,OPP,<NONE>,<NONE>,<NONE>,,,,,<NONE>,0.0,0.0,0.0,0.0,0.0
1,134,1,MAIN,11,DRAW,ME,Basic {P} Energy,<NONE>,<NONE>,hand:0,,,,<NONE>,0.0,0.0,0.0,0.0,0.0
1,134,1,MAIN,12,DRAW,ME,Drakloak,<NONE>,<NONE>,hand:1,,,,<NONE>,0.0,0.0,0.0,0.0,0.0
1,134,1,MAIN,13,DRAW,ME,Basic {D} Energy,<NONE>,<NONE>,hand:2,,,,<NONE>,0.0,0.0,0.0,0.0,0.0
1,134,1,MAIN,14,DRAW,ME,Buddy-Buddy Poffin,<NONE>,<NONE>,hand:3,,,,<NONE>,0.0,0.0,0.0,0.0,0.0
1,134,1,MAIN,15,DRAW_REVERSE,OPP,<NONE>,<NONE>,<NONE>,,,,,<NONE>,0.0,0.0,0.0,0.0,0.0
1,134,1,MAIN,16,DRAW_REVERSE,OPP,<NONE>,<NONE>,<NONE>,,,,,<NONE>,0.0,0.0,0.0,0.0,0.0
1,134,1,MAIN,17,DRAW_REVERSE,OPP,<NONE>,<NONE>,<NONE>,,,,,<NONE>,0.0,0.0,0.0,0.0,0.0
1,134,1,MAIN,18,DRAW_REVERSE,OPP,<NONE>,<NONE>,<NONE>,,,,,<NONE>,0.0,0.0,0.0,0.0,0.0
1,135,1,MAIN,0,ATTACH,ME,Basic {P} Energy,Dreepy,<NONE>,board:0,board:0,,,<NONE>,0.0,0.0,0.0,0.0,0.0
1,136,1,MAIN,0,SHUFFLE,ME,<NONE>,<NONE>,<NONE>,,,,,<NONE>,0.0,0.0,0.0,0.0,0.0
1,138,1,SWITCH,0,MOVE_CARD,ME,Basic {P} Energy,<NONE>,<NONE>,,,ENERGY,DISCARD,<NONE>,0.0,0.0,0.0,0.0,0.0
1,139,1,MAIN,0,SWITCH,ME,Dreepy,Meowth ex,<NONE>,board:4,board:0,,,<NONE>,0.0,0.0,0.0,0.0,0.0
1,140,1,TO_HAND,0,TURN_END,ME,<NONE>,<NONE>,<NONE>,,,,,<NONE>,0.0,0.0,0.0,0.0,0.0
1,140,1,TO_HAND,1,HP_CHANGE,ME,Meowth ex,<NONE>,<NONE>,board:0,,,,<NONE>,-10.0,1.0,0.0,0.0,0.0
1,140,1,TO_HAND,2,HP_CHANGE,ME,Fezandipiti ex,<NONE>,<NONE>,board:5,,,,<NONE>,-10.0,1.0,0.0,0.0,0.0
1,140,1,TO_HAND,3,HP_CHANGE,OPP,Marnie's Grimmsnarl ex,<NONE>,<NONE>,,,,,<NONE>,-10.0,1.0,0.0,0.0,0.0
1,140,1,TO_HAND,4,HP_CHANGE,OPP,Marnie's Grimmsnarl ex,<NONE>,<NONE>,board:13,,,,<NONE>,-10.0,1.0,0.0,0.0,0.0
1,140,1,TO_HAND,5,MOVE_CARD,OPP,Marnie's Grimmsnarl ex,<NONE>,<NONE>,,,ACTIVE,DISCARD,<NONE>,0.0,0.0,0.0,0.0,0.0
1,140,1,TO_HAND,6,MOVE_CARD,OPP,Marnie's Morgrem,<NONE>,<NONE>,,,PRE_EVOLUTION,DISCARD,<NONE>,0.0,0.0,0.0,0.0,0.0
1,140,1,TO_HAND,7,MOVE_CARD,OPP,Marnie's Impidimp,<NONE>,<NONE>,,,PRE_EVOLUTION,DISCARD,<NONE>,0.0,0.0,0.0,0.0,0.0
1,141,0,TO_ACTIVE,0,TURN_END,ME,<NONE>,<NONE>,<NONE>,,,,,<NONE>,0.0,0.0,0.0,0.0,0.0
1,141,0,TO_ACTIVE,1,HP_CHANGE,OPP,Meowth ex,<NONE>,<NONE>,board:9,,,,<NONE>,-10.0,1.0,0.0,0.0,0.0
1,141,0,TO_ACTIVE,2,HP_CHANGE,ME,Marnie's Grimmsnarl ex,<NONE>,<NONE>,,,,,<NONE>,-10.0,1.0,0.0,0.0,0.0
1,141,0,TO_ACTIVE,3,HP_CHANGE,ME,Marnie's Grimmsnarl ex,<NONE>,<NONE>,board:4,,,,<NONE>,-10.0,1.0,0.0,0.0,0.0
1,141,0,TO_ACTIVE,4,TURN_START,OPP,<NONE>,<NONE>,<NONE>,,,,,<NONE>,0.0,0.0,0.0,0.0,0.0
1,141,0,TO_ACTIVE,5,DRAW_REVERSE,OPP,<NONE>,<NONE>,<NONE>,,,,,<NONE>,0.0,0.0,0.0,0.0,0.0
1,141,0,TO_ACTIVE,6,PLAY,OPP,Fezandipiti ex,<NONE>,<NONE>,board:14,,,,<NONE>,0.0,0.0,0.0,0.0,0.0
1,141,0,TO_ACTIVE,7,PLAY,OPP,Judge,<NONE>,<NONE>,,,,,<NONE>,0.0,0.0,0.0,0.0,0.0
1,141,0,TO_ACTIVE,8,MOVE_CARD_REVERSE,OPP,<NONE>,<NONE>,<NONE>,,,HAND,DECK,<NONE>,0.0,0.0,0.0,0.0,0.0
1,141,0,TO_ACTIVE,9,MOVE_CARD_REVERSE,OPP,<NONE>,<NONE>,<NONE>,,,HAND,DECK,<NONE>,0.0,0.0,0.0,0.0,0.0
1,141,0,TO_ACTIVE,10,SHUFFLE,OPP,<NONE>,<NONE>,<NONE>,,,,,<NONE>,0.0,0.0,0.0,0.0,0.0
1,141,0,TO_ACTIVE,11,MOVE_CARD,ME,Spikemuth Gym,<NONE>,<NONE>,,,HAND,DECK,<NONE>,0.0,0.0,0.0,0.0,0.0
1,141,0,TO_ACTIVE,12,MOVE_CARD,ME,Night Stretcher,<NONE>,<NONE>,,,HAND,DECK,<NONE>,0.0,0.0,0.0,0.0,0.0
1,141,0,TO_ACTIVE,13,MOVE_CARD,ME,Rare Candy,<NONE>,<NONE>,hand:0,,HAND,DECK,<NONE>,0.0,0.0,0.0,0.0,0.0
1,141,0,TO_ACTIVE,14,MOVE_CARD,ME,Shaymin,<NONE>,<NONE>,,,HAND,DECK,<NONE>,0.0,0.0,0.0,0.0,0.0
1,141,0,TO_ACTIVE,15,MOVE_CARD,ME,Gwynn,<NONE>,<NONE>,,,HAND,DECK,<NONE>,0.0,0.0,0.0,0.0,0.0
1,141,0,TO_ACTIVE,16,MOVE_CARD,ME,Night Stretcher,<NONE>,<NONE>,,,HAND,DECK,<NONE>,0.0,0.0,0.0,0.0,0.0
1,141,0,TO_ACTIVE,17,SHUFFLE,ME,<NONE>,<NONE>,<NONE>,,,,,<NONE>,0.0,0.0,0.0,0.0,0.0
1,141,0,TO_ACTIVE,18,DRAW_REVERSE,OPP,<NONE>,<NONE>,<NONE>,,,,,<NONE>,0.0,0.0,0.0,0.0,0.0
1,141,0,TO_ACTIVE,19,DRAW_REVERSE,OPP,<NONE>,<NONE>,<NONE>,,,,,<NONE>,0.0,0.0,0.0,0.0,0.0
1,141,0,TO_ACTIVE,20,DRAW_REVERSE,OPP,<NONE>,<NONE>,<NONE>,,,,,<NONE>,0.0,0.0,0.0,0.0,0.0
1,141,0,TO_ACTIVE,21,DRAW_REVERSE,OPP,<NONE>,<NONE>,<NONE>,,,,,<NONE>,0.0,0.0,0.0,0.0,0.0
1,141,0,TO_ACTIVE,22,DRAW,ME,Rare Candy,<NONE>,<NONE>,hand:0,,,,<NONE>,0.0,0.0,0.0,0.0,0.0
1,141,0,TO_ACTIVE,23,DRAW,ME,Basic {D} Energy,<NONE>,<NONE>,hand:1,,,,<NONE>,0.0,0.0,0.0,0.0,0.0
1,141,0,TO_ACTIVE,24,DRAW,ME,Lillie's Determination,<NONE>,<NONE>,hand:2,,,,<NONE>,0.0,0.0,0.0,0.0,0.0
1,141,0,TO_ACTIVE,25,DRAW,ME,Froslass,<NONE>,<NONE>,hand:3,,,,<NONE>,0.0,0.0,0.0,0.0,0.0
1,141,0,TO_ACTIVE,26,ATTACH,OPP,Basic {P} Energy,Dreepy,<NONE>,,board:13,,,<NONE>,0.0,0.0,0.0,0.0,0.0
1,141,0,TO_ACTIVE,27,SHUFFLE,OPP,<NONE>,<NONE>,<NONE>,,,,,<NONE>,0.0,0.0,0.0,0.0,0.0
1,141,0,TO_ACTIVE,28,MOVE_CARD,OPP,Basic {P} Energy,<NONE>,<NONE>,,,ENERGY,DISCARD,<NONE>,0.0,0.0,0.0,0.0,0.0
1,141,0,TO_ACTIVE,29,SWITCH,OPP,Dreepy,Meowth ex,<NONE>,board:13,board:9,,,<NONE>,0.0,0.0,0.0,0.0,0.0
1,141,0,TO_ACTIVE,30,TURN_END,OPP,<NONE>,<NONE>,<NONE>,,,,,<NONE>,0.0,0.0,0.0,0.0,0.0
1,141,0,TO_ACTIVE,31,HP_CHANGE,OPP,Meowth ex,<NONE>,<NONE>,board:9,,,,<NONE>,-10.0,1.0,0.0,0.0,0.0
1,141,0,TO_ACTIVE,32,HP_CHANGE,OPP,Fezandipiti ex,<NONE>,<NONE>,board:14,,,,<NONE>,-10.0,1.0,0.0,0.0,0.0
1,141,0,TO_ACTIVE,33,HP_CHANGE,ME,Marnie's Grimmsnarl ex,<NONE>,<NONE>,,,,,<NONE>,-10.0,1.0,0.0,0.0,0.0
1,141,0,TO_ACTIVE,34,HP_CHANGE,ME,Marnie's Grimmsnarl ex,<NONE>,<NONE>,board:4,,,,<NONE>,-10.0,1.0,0.0,0.0,0.0
1,141,0,TO_ACTIVE,35,MOVE_CARD,ME,Marnie's Grimmsnarl ex,<NONE>,<NONE>,,,ACTIVE,DISCARD,<NONE>,0.0,0.0,0.0,0.0,0.0
1,141,0,TO_ACTIVE,36,MOVE_CARD,ME,Marnie's Morgrem,<NONE>,<NONE>,,,PRE_EVOLUTION,DISCARD,<NONE>,0.0,0.0,0.0,0.0,0.0
1,141,0,TO_ACTIVE,37,MOVE_CARD,ME,Marnie's Impidimp,<NONE>,<NONE>,,,PRE_EVOLUTION,DISCARD,<NONE>,0.0,0.0,0.0,0.0,0.0
1,141,0,TO_ACTIVE,38,MOVE_CARD_REVERSE,OPP,<NONE>,<NONE>,<NONE>,,,PRIZE,HAND,<NONE>,0.0,0.0,0.0,0.0,0.0
1,141,0,TO_ACTIVE,39,MOVE_CARD_REVERSE,OPP,<NONE>,<NONE>,<NONE>,,,PRIZE,HAND,<NONE>,0.0,0.0,0.0,0.0,0.0
1,142,0,MAIN,0,MOVE_CARD,ME,Marnie's Impidimp,<NONE>,<NONE>,board:0,,BENCH,ACTIVE,<NONE>,0.0,0.0,0.0,0.0,0.0
1,142,0,MAIN,1,TURN_START,ME,<NONE>,<NONE>,<NONE>,,,,,<NONE>,0.0,0.0,0.0,0.0,0.0
1,142,0,MAIN,2,DRAW,ME,Munkidori,<NONE>,<NONE>,hand:4,,,,<NONE>,0.0,0.0,0.0,0.0,0.0
1,143,0,MAIN,0,ATTACH,ME,Basic {D} Energy,Budew,<NONE>,board:2,board:2,,,<NONE>,0.0,0.0,0.0,0.0,0.0
1,144,1,MAIN,0,MOVE_CARD,ME,Poké Pad,<NONE>,<NONE>,hand:3,,PRIZE,HAND,<NONE>,0.0,0.0,0.0,0.0,0.0
1,144,1,MAIN,1,MOVE_CARD,ME,Munkidori,<NONE>,<NONE>,hand:4,,PRIZE,HAND,<NONE>,0.0,0.0,0.0,0.0,0.0
1,144,1,MAIN,2,MOVE_CARD,OPP,Marnie's Impidimp,<NONE>,<NONE>,board:9,,BENCH,ACTIVE,<NONE>,0.0,0.0,0.0,0.0,0.0
1,144,1,MAIN,3,TURN_START,OPP,<NONE>,<NONE>,<NONE>,,,,,<NONE>,0.0,0.0,0.0,0.0,0.0
1,144,1,MAIN,4,DRAW_REVERSE,OPP,<NONE>,<NONE>,<NONE>,,,,,<NONE>,0.0,0.0,0.0,0.0,0.0
1,144,1,MAIN,5,ATTACH,OPP,Basic {D} Energy,Budew,<NONE>,board:11,board:11,,,<NONE>,0.0,0.0,0.0,0.0,0.0
1,144,1,MAIN,6,ATTACK,OPP,Marnie's Impidimp,<NONE>,<NONE>,board:9,,,,Corkscrew Punch,0.0,0.0,0.0,0.0,0.0
1,144,1,MAIN,7,HP_CHANGE,ME,Meowth ex,<NONE>,<NONE>,board:0,,,,<NONE>,-10.0,0.0,0.0,0.0,0.0
1,144,1,MAIN,8,TURN_END,OPP,<NONE>,<NONE>,<NONE>,,,,,<NONE>,0.0,0.0,0.0,0.0,0.0
1,144,1,MAIN,9,HP_CHANGE,ME,Meowth ex,<NONE>,<NONE>,board:0,,,,<NONE>,-10.0,1.0,0.0,0.0,0.0
1,144,1,MAIN,10,HP_CHANGE,ME,Fezandipiti ex,<NONE>,<NONE>,board:5,,,,<NONE>,-10.0,1.0,0.0,0.0,0.0
1,144,1,MAIN,11,HP_CHANGE,OPP,Marnie's Grimmsnarl ex,<NONE>,<NONE>,board:12,,,,<NONE>,-10.0,1.0,0.0,0.0,0.0
1,144,1,MAIN,12,TURN_START,ME,<NONE>,<NONE>,<NONE>,,,,,<NONE>,0.0,0.0,0.0,0.0,0.0
1,144,1,MAIN,13,DRAW,ME,Unfair Stamp,<NONE>,<NONE>,hand:5,,,,<NONE>,0.0,0.0,0.0,0.0,0.0
1,145,1,MAIN,0,ATTACH,ME,Basic {D} Energy,Dreepy,<NONE>,board:4,board:4,,,<NONE>,0.0,0.0,0.0,0.0,0.0
1,146,1,MAIN,0,SHUFFLE,ME,<NONE>,<NONE>,<NONE>,,,,,<NONE>,0.0,0.0,0.0,0.0,0.0
1,147,1,MAIN,0,EVOLVE,ME,Drakloak,Dreepy,<NONE>,board:4,board:4,,,<NONE>,0.0,0.0,0.0,0.0,0.0
1,148,1,TO_HAND,0,PLAY,ME,Poké Pad,<NONE>,<NONE>,,,,,<NONE>,0.0,0.0,0.0,0.0,0.0
1,149,1,MAIN,0,SHUFFLE,ME,<NONE>,<NONE>,<NONE>,,,,,<NONE>,0.0,0.0,0.0,0.0,0.0
1,150,0,MAIN,0,ATTACK,ME,Marnie's Impidimp,<NONE>,<NONE>,board:0,,,,Corkscrew Punch,0.0,0.0,0.0,0.0,0.0
1,150,0,MAIN,1,HP_CHANGE,OPP,Meowth ex,<NONE>,<NONE>,board:9,,,,<NONE>,-10.0,0.0,0.0,0.0,0.0
1,150,0,MAIN,2,TURN_END,ME,<NONE>,<NONE>,<NONE>,,,,,<NONE>,0.0,0.0,0.0,0.0,0.0
1,150,0,MAIN,3,HP_CHANGE,OPP,Meowth ex,<NONE>,<NONE>,board:9,,,,<NONE>,-10.0,1.0,0.0,0.0,0.0
1,150,0,MAIN,4,HP_CHANGE,OPP,Fezandipiti ex,<NONE>,<NONE>,board:14,,,,<NONE>,-10.0,1.0,0.0,0.0,0.0
1,150,0,MAIN,5,HP_CHANGE,ME,Marnie's Grimmsnarl ex,<NONE>,<NONE>,board:3,,,,<NONE>,-10.0,1.0,0.0,0.0,0.0
1,150,0,MAIN,6,TURN_START,OPP,<NONE>,<NONE>,<NONE>,,,,,<NONE>,0.0,0.0,0.0,0.0,0.0
1,150,0,MAIN,7,DRAW_REVERSE,OPP,<NONE>,<NONE>,<NONE>,,,,,<NONE>,0.0,0.0,0.0,0.0,0.0
1,150,0,MAIN,8,ATTACH,OPP,Basic {D} Energy,Dreepy,<NONE>,board:13,board:13,,,<NONE>,0.0,0.0,0.0,0.0,0.0
1,150,0,MAIN,9,SHUFFLE,OPP,<NONE>,<NONE>,<NONE>,,,,,<NONE>,0.0,0.0,0.0,0.0,0.0
1,150,0,MAIN,10,EVOLVE,OPP,Drakloak,Dreepy,<NONE>,board:13,board:13,,,<NONE>,0.0,0.0,0.0,0.0,0.0
1,150,0,MAIN,11,PLAY,OPP,Poké Pad,<NONE>,<NONE>,,,,,<NONE>,0.0,0.0,0.0,0.0,0.0
1,150,0,MAIN,12,SHUFFLE,OPP,<NONE>,<NONE>,<NONE>,,,,,<NONE>,0.0,0.0,0.0,0.0,0.0
1,150,0,MAIN,13,TURN_END,OPP,<NONE>,<NONE>,<NONE>,,,,,<NONE>,0.0,0.0,0.0,0.0,0.0
1,150,0,MAIN,14,HP_CHANGE,OPP,Meowth ex,<NONE>,<NONE>,board:9,,,,<NONE>,-10.0,1.0,0.0,0.0,0.0
1,150,0,MAIN,15,HP_CHANGE,OPP,Drakloak,<NONE>,<NONE>,board:13,,,,<NONE>,-10.0,1.0,0.0,0.0,0.0
1,150,0,MAIN,16,HP_CHANGE,OPP,Fezandipiti ex,<NONE>,<NONE>,board:14,,,,<NONE>,-10.0,1.0,0.0,0.0,0.0
1,150,0,MAIN,17,HP_CHANGE,ME,Marnie's Grimmsnarl ex,<NONE>,<NONE>,board:3,,,,<NONE>,-10.0,1.0,0.0,0.0,0.0
1,150,0,MAIN,18,TURN_START,ME,<NONE>,<NONE>,<NONE>,,,,,<NONE>,0.0,0.0,0.0,0.0,0.0
1,150,0,MAIN,19,DRAW,ME,Buddy-Buddy Poffin,<NONE>,<NONE>,hand:4,,,,<NONE>,0.0,0.0,0.0,0.0,0.0
1,151,0,TO_HAND,0,TURN_END,ME,<NONE>,<NONE>,<NONE>,,,,,<NONE>,0.0,0.0,0.0,0.0,0.0
1,151,0,TO_HAND,1,HP_CHANGE,OPP,Meowth ex,<NONE>,<NONE>,,,,,<NONE>,-10.0,1.0,0.0,0.0,0.0
1,151,0,TO_HAND,2,HP_CHANGE,OPP,Drakloak,<NONE>,<NONE>,board:13,,,,<NONE>,-10.0,1.0,0.0,0.0,0.0
1,151,0,TO_HAND,3,HP_CHANGE,OPP,Fezandipiti ex,<NONE>,<NONE>,board:14,,,,<NONE>,-10.0,1.0,0.0,0.0,0.0
1,151,0,TO_HAND,4,HP_CHANGE,ME,Marnie's Grimmsnarl ex,<NONE>,<NONE>,board:3,,,,<NONE>,-10.0,1.0,0.0,0.0,0.0
1,151,0,TO_HAND,5,MOVE_CARD,OPP,Meowth ex,<NONE>,<NONE>,,,ACTIVE,DISCARD,<NONE>,0.0,0.0,0.0,0.0,0.0
1,152,1,TO_ACTIVE,0,TURN_END,ME,<NONE>,<NONE>,<NONE>,,,,,<NONE>,0.0,0.0,0.0,0.0,0.0
1,152,1,TO_ACTIVE,1,HP_CHANGE,ME,Meowth ex,<NONE>,<NONE>,,,,,<NONE>,-10.0,1.0,0.0,0.0,0.0
1,152,1,TO_ACTIVE,2,HP_CHANGE,ME,Drakloak,<NONE>,<NONE>,board:4,,,,<NONE>,-10.0,1.0,0.0,0.0,0.0
1,152,1,TO_ACTIVE,3,HP_CHANGE,ME,Fezandipiti ex,<NONE>,<NONE>,board:5,,,,<NONE>,-10.0,1.0,0.0,0.0,0.0
1,152,1,TO_ACTIVE,4,HP_CHANGE,OPP,Marnie's Grimmsnarl ex,<NONE>,<NONE>,board:12,,,,<NONE>,-10.0,1.0,0.0,0.0,0.0
1,152,1,TO_ACTIVE,5,TURN_START,OPP,<NONE>,<NONE>,<NONE>,,,,,<NONE>,0.0,0.0,0.0,0.0,0.0
1,152,1,TO_ACTIVE,6,DRAW_REVERSE,OPP,<NONE>,<NONE>,<NONE>,,,,,<NONE>,0.0,0.0,0.0,0.0,0.0
1,152,1,TO_ACTIVE,7,TURN_END,OPP,<NONE>,<NONE>,<NONE>,,,,,<NONE>,0.0,0.0,0.0,0.0,0.0
1,152,1,TO_ACTIVE,8,HP_CHANGE,ME,Meowth ex,<NONE>,<NONE>,,,,,<NONE>,-10.0,1.0,0.0,0.0,0.0
1,152,1,TO_ACTIVE,9,HP_CHANGE,ME,Drakloak,<NONE>,<NONE>,board:4,,,,<NONE>,-10.0,1.0,0.0,0.0,0.0
1,152,1,TO_ACTIVE,10,HP_CHANGE,ME,Fezandipiti ex,<NONE>,<NONE>,board:5,,,,<NONE>,-10.0,1.0,0.0,0.0,0.0
1,152,1,TO_ACTIVE,11,HP_CHANGE,OPP,Marnie's Grimmsnarl ex,<NONE>,<NONE>,board:12,,,,<NONE>,-10.0,1.0,0.0,0.0,0.0
1,152,1,TO_ACTIVE,12,MOVE_CARD,ME,Meowth ex,<NONE>,<NONE>,,,ACTIVE,DISCARD,<NONE>,0.0,0.0,0.0,0.0,0.0
1,152,1,TO_ACTIVE,13,MOVE_CARD_REVERSE,OPP,<NONE>,<NONE>,<NONE>,,,PRIZE,HAND,<NONE>,0.0,0.0,0.0,0.0,0.0
1,152,1,TO_ACTIVE,14,MOVE_CARD_REVERSE,OPP,<NONE>,<NONE>,<NONE>,,,PRIZE,HAND,<NONE>,0.0,0.0,0.0,0.0,0.0
1,153,1,MAIN,0,MOVE_CARD,ME,Budew,<NONE>,<NONE>,board:0,,BENCH,ACTIVE,<NONE>,0.0,0.0,0.0,0.0,0.0
1,153,1,MAIN,1,TURN_START,ME,<NONE>,<NONE>,<NONE>,,,,,<NONE>,0.0,0.0,0.0,0.0,0.0
1,153,1,MAIN,2,DRAW,ME,Lillie's Determination,<NONE>,<NONE>,hand:3,,,,<NONE>,0.0,0.0,0.0,0.0,0.0
1,154,1,MAIN,0,SHUFFLE,ME,<NONE>,<NONE>,<NONE>,,,,,<NONE>,0.0,0.0,0.0,0.0,0.0
1,155,0,MAIN,0,MOVE_CARD,ME,Snorunt,<NONE>,<NONE>,hand:5,,PRIZE,HAND,<NONE>,0.0,0.0,0.0,0.0,0.0
1,155,0,MAIN,1,MOVE_CARD,ME,Spikemuth Gym,<NONE>,<NONE>,hand:6,,PRIZE,HAND,<NONE>,0.0,0.0,0.0,0.0,0.0
1,155,0,MAIN,2,MOVE_CARD,OPP,Budew,<NONE>,<NONE>,board:9,,BENCH,ACTIVE,<NONE>,0.0,0.0,0.0,0.0,0.0
1,155,0,MAIN,3,TURN_START,OPP,<NONE>,<NONE>,<NONE>,,,,,<NONE>,0.0,0.0,0.0,0.0,0.0
1,155,0,MAIN,4,DRAW_REVERSE,OPP,<NONE>,<NONE>,<NONE>,,,,,<NONE>,0.0,0.0,0.0,0.0,0.0
1,155,0,MAIN,5,SHUFFLE,OPP,<NONE>,<NONE>,<NONE>,,,,,<NONE>,0.0,0.0,0.0,0.0,0.0
1,155,0,MAIN,6,TURN_END,OPP,<NONE>,<NONE>,<NONE>,,,,,<NONE>,0.0,0.0,0.0,0.0,0.0
1,155,0,MAIN,7,HP_CHANGE,OPP,Drakloak,<NONE>,<NONE>,board:12,,,,<NONE>,-10.0,1.0,0.0,0.0,0.0
1,155,0,MAIN,8,HP_CHANGE,OPP,Fezandipiti ex,<NONE>,<NONE>,board:13,,,,<NONE>,-10.0,1.0,0.0,0.0,0.0
1,155,0,MAIN,9,HP_CHANGE,ME,Marnie's Grimmsnarl ex,<NONE>,<NONE>,board:3,,,,<NONE>,-10.0,1.0,0.0,0.0,0.0
1,155,0,MAIN,10,TURN_START,ME,<NONE>,<NONE>,<NONE>,,,,,<NONE>,0.0,0.0,0.0,0.0,0.0
1,155,0,MAIN,11,DRAW,ME,Poké Pad,<NONE>,<NONE>,hand:7,,,,<NONE>,0.0,0.0,0.0,0.0,0.0
1,156,0,MAIN,0,PLAY,ME,Snorunt,<NONE>,<NONE>,board:5,,,,<NONE>,0.0,0.0,0.0,0.0,0.0
1,157,1,MAIN,0,TURN_END,ME,<NONE>,<NONE>,<NONE>,,,,,<NONE>,0.0,0.0,0.0,0.0,0.0
1,157,1,MAIN,1,HP_CHANGE,ME,Drakloak,<NONE>,<NONE>,board:3,,,,<NONE>,-10.0,1.0,0.0,0.0,0.0
1,157,1,MAIN,2,HP_CHANGE,ME,Fezandipiti ex,<NONE>,<NONE>,board:4,,,,<NONE>,-10.0,1.0,0.0,0.0,0.0
1,157,1,MAIN,3,HP_CHANGE,OPP,Marnie's Grimmsnarl ex,<NONE>,<NONE>,board:12,,,,<NONE>,-10.0,1.0,0.0,0.0,0.0
1,157,1,MAIN,4,TURN_START,OPP,<NONE>,<NONE>,<NONE>,,,,,<NONE>,0.0,0.0,0.0,0.0,0.0
1,157,1,MAIN,5,DRAW_REVERSE,OPP,<NONE>,<NONE>,<NONE>,,,,,<NONE>,0.0,0.0,0.0,0.0,0.0
1,157,1,MAIN,6,PLAY,OPP,Snorunt,<NONE>,<NONE>,board:14,,,,<NONE>,0.0,0.0,0.0,0.0,0.0
1,157,1,MAIN,7,ATTACK,OPP,Marnie's Impidimp,<NONE>,<NONE>,board:9,,,,Corkscrew Punch,0.0,0.0,0.0,0.0,0.0
1,157,1,MAIN,8,HP_CHANGE,ME,Budew,<NONE>,<NONE>,board:0,,,,<NONE>,-10.0,0.0,0.0,0.0,0.0
1,157,1,MAIN,9,TURN_END,OPP,<NONE>,<NONE>,<NONE>,,,,,<NONE>,0.0,0.0,0.0,0.0,0.0
1,157,1,MAIN,10,HP_CHANGE,ME,Drakloak,<NONE>,<NONE>,board:3,,,,<NONE>,-10.0,1.0,0.0,0.0,0.0
1,157,1,MAIN,11,HP_CHANGE,ME,Fezandipiti ex,<NONE>,<NONE>,board:4,,,,<NONE>,-10.0,1.0,0.0,0.0,0.0
1,157,1,MAIN,12,HP_CHANGE,OPP,Marnie's Grimmsnarl ex,<NONE>,<NONE>,board:12,,,,<NONE>,-10.0,1.0,0.0,0.0,0.0
1,157,1,MAIN,13,TURN_START,ME,<NONE>,<NONE>,<NONE>,,,,,<NONE>,0.0,0.0,0.0,0.0,0.0
1,157,1,MAIN,14,DRAW,ME,Dreepy,<NONE>,<NONE>,hand:4,,,,<NONE>,0.0,0.0,0.0,0.0,0.0
1,158,0,MAIN,0,ATTACK,ME,Marnie's Impidimp,<NONE>,<NONE>,board:0,,,,Corkscrew Punch,0.0,0.0,0.0,0.0,0.0
1,158,0,MAIN,1,HP_CHANGE,OPP,Budew,<NONE>,<NONE>,board:9,,,,<NONE>,-10.0,0.0,0.0,0.0,0.0
1,158,0,MAIN,2,TURN_END,ME,<NONE>,<NONE>,<NONE>,,,,,<NONE>,0.0,0.0,0.0,0.0,0.0
1,158,0,MAIN,3,HP_CHANGE,OPP,Drakloak,<NONE>,<NONE>,board:12,,,,<NONE>,-10.0,1.0,0.0,0.0,0.0
1,158,0,MAIN,4,HP_CHANGE,OPP,Fezandipiti ex,<NONE>,<NONE>,board:13,,,,<NONE>,-10.0,1.0,0.0,0.0,0.0
1,158,0,MAIN,5,HP_CHANGE,ME,Marnie's Grimmsnarl ex,<NONE>,<NONE>,board:3,,,,<NONE>,-10.0,1.0,0.0,0.0,0.0
1,158,0,MAIN,6,TURN_START,OPP,<NONE>,<NONE>,<NONE>,,,,,<NONE>,0.0,0.0,0.0,0.0,0.0
1,158,0,MAIN,7,DRAW_REVERSE,OPP,<NONE>,<NONE>,<NONE>,,,,,<NONE>,0.0,0.0,0.0,0.0,0.0
1,158,0,MAIN,8,ATTACK,OPP,Budew,<NONE>,<NONE>,board:9,,,,Itchy Pollen,0.0,0.0,0.0,0.0,0.0
1,158,0,MAIN,9,HP_CHANGE,ME,Marnie's Impidimp,<NONE>,<NONE>,board:0,,,,<NONE>,-20.0,0.0,0.0,0.0,0.0
1,158,0,MAIN,10,TURN_END,OPP,<NONE>,<NONE>,<NONE>,,,,,<NONE>,0.0,0.0,0.0,0.0,0.0
1,158,0,MAIN,11,HP_CHANGE,OPP,Drakloak,<NONE>,<NONE>,board:12,,,,<NONE>,-10.0,1.0,0.0,0.0,0.0
1,158,0,MAIN,12,HP_CHANGE,OPP,Fezandipiti ex,<NONE>,<NONE>,board:13,,,,<NONE>,-10.0,1.0,0.0,0.0,0.0
1,158,0,MAIN,13,HP_CHANGE,ME,Marnie's Grimmsnarl ex,<NONE>,<NONE>,board:3,,,,<NONE>,-10.0,1.0,0.0,0.0,0.0
1,158,0,MAIN,14,TURN_START,ME,<NONE>,<NONE>,<NONE>,,,,,<NONE>,0.0,0.0,0.0,0.0,0.0
1,158,0,MAIN,15,DRAW,ME,Poké Pad,<NONE>,<NONE>,hand:7,,,,<NONE>,0.0,0.0,0.0,0.0,0.0
1,159,0,MAIN,0,EVOLVE,ME,Froslass,Snorunt,<NONE>,board:4,board:4,,,<NONE>,0.0,0.0,0.0,0.0,0.0
1,160,1,SKILL_ORDER,0,ATTACK,ME,Budew,<NONE>,<NONE>,board:0,,,,Itchy Pollen,0.0,0.0,0.0,0.0,0.0
1,160,1,SKILL_ORDER,1,HP_CHANGE,OPP,Marnie's Impidimp,<NONE>,<NONE>,board:9,,,,<NONE>,-20.0,0.0,0.0,0.0,0.0
1,160,1,SKILL_ORDER,2,TURN_END,ME,<NONE>,<NONE>,<NONE>,,,,,<NONE>,0.0,0.0,0.0,0.0,0.0
1,160,1,SKILL_ORDER,3,HP_CHANGE,ME,Drakloak,<NONE>,<NONE>,board:3,,,,<NONE>,-10.0,1.0,0.0,0.0,0.0
1,160,1,SKILL_ORDER,4,HP_CHANGE,ME,Fezandipiti ex,<NONE>,<NONE>,board:4,,,,<NONE>,-10.0,1.0,0.0,0.0,0.0
1,160,1,SKILL_ORDER,5,HP_CHANGE,OPP,Marnie's Grimmsnarl ex,<NONE>,<NONE>,board:12,,,,<NONE>,-10.0,1.0,0.0,0.0,0.0
1,160,1,SKILL_ORDER,6,TURN_START,OPP,<NONE>,<NONE>,<NONE>,,,,,<NONE>,0.0,0.0,0.0,0.0,0.0
1,160,1,SKILL_ORDER,7,DRAW_REVERSE,OPP,<NONE>,<NONE>,<NONE>,,,,,<NONE>,0.0,0.0,0.0,0.0,0.0
1,160,1,SKILL_ORDER,8,EVOLVE,OPP,Froslass,Snorunt,<NONE>,board:13,board:13,,,<NONE>,0.0,0.0,0.0,0.0,0.0
1,160,1,SKILL_ORDER,9,ATTACK,OPP,Marnie's Impidimp,<NONE>,<NONE>,board:9,,,,Corkscrew Punch,0.0,0.0,0.0,0.0,0.0
1,160,1,SKILL_ORDER,10,HP_CHANGE,ME,Budew,<NONE>,<NONE>,board:0,,,,<NONE>,-10.0,0.0,0.0,0.0,0.0
1,160,1,SKILL_ORDER,11,TURN_END,OPP,<NONE>,<NONE>,<NONE>,,,,,<NONE>,0.0,0.0,0.0,0.0,0.0
1,161,1,MAIN,0,HP_CHANGE,ME,Drakloak,<NONE>,<NONE>,board:3,,,,<NONE>,-10.0,1.0,0.0,0.0,0.0
1,161,1,MAIN,1,HP_CHANGE,ME,Fezandipiti ex,<NONE>,<NONE>,board:4,,,,<NONE>,-10.0,1.0,0.0,0.0,0.0
1,161,1,MAIN,2,HP_CHANGE,OPP,Marnie's Grimmsnarl ex,<NONE>,<NONE>,board:12,,,,<NONE>,-10.0,1.0,0.0,0.0,0.0
1,161,1,MAIN,3,HP_CHANGE,ME,Drakloak,<NONE>,<NONE>,board:3,,,,<NONE>,-10.0,1.0,0.0,0.0,0.0
1,161,1,MAIN,4,HP_CHANGE,ME,Fezandipiti ex,<NONE>,<NONE>,board:4,,,,<NONE>,-10.0,1.0,0.0,0.0,0.0
1,161,1,MAIN,5,HP_CHANGE,OPP,Marnie's Grimmsnarl ex,<NONE>,<NONE>,board:12,,,,<NONE>,-10.0,1.0,0.0,0.0,0.0
1,161,1,MAIN,6,TURN_START,ME,<NONE>,<NONE>,<NONE>,,,,,<NONE>,0.0,0.0,0.0,0.0,0.0
1,161,1,MAIN,7,DRAW,ME,Basic {D} Energy,<NONE>,<NONE>,hand:5,,,,<NONE>,0.0,0.0,0.0,0.0,0.0
1,162,1,MAIN,0,PLAY,ME,Munkidori,<NONE>,<NONE>,board:5,,,,<NONE>,0.0,0.0,0.0,0.0,0.0
1,163,1,MAIN,0,ATTACH,ME,Basic {D} Energy,Munkidori,<NONE>,board:5,board:5,,,<NONE>,0.0,0.0,0.0,0.0,0.0
1,166,1,DAMAGE_COUNTER,0,HP_CHANGE,ME,Fezandipiti ex,<NONE>,<NONE>,board:4,,,,<NONE>,10.0,0.0,0.0,0.0,0.0
1,167,1,MAIN,0,HP_CHANGE,OPP,Snorunt,<NONE>,<NONE>,board:14,,,,<NONE>,-10.0,1.0,0.0,0.0,0.0
1,168,1,MAIN,0,PLAY,ME,Lillie's Determination,<NONE>,<NONE>,,,,,<NONE>,0.0,0.0,0.0,0.0,0.0
1,168,1,MAIN,1,MOVE_CARD,ME,Buddy-Buddy Poffin,<NONE>,<NONE>,,,HAND,DECK,<NONE>,0.0,0.0,0.0,0.0,0.0
1,168,1,MAIN,2,MOVE_CARD,ME,Unfair Stamp,<NONE>,<NONE>,,,HAND,DECK,<NONE>,0.0,0.0,0.0,0.0,0.0
1,168,1,MAIN,3,MOVE_CARD,ME,Dreepy,<NONE>,<NONE>,,,HAND,DECK,<NONE>,0.0,0.0,0.0,0.0,0.0
1,168,1,MAIN,4,SHUFFLE,ME,<NONE>,<NONE>,<NONE>,,,,,<NONE>,0.0,0.0,0.0,0.0,0.0
1,168,1,MAIN,5,DRAW,ME,Drakloak,<NONE>,<NONE>,hand:0,,,,<NONE>,0.0,0.0,0.0,0.0,0.0
1,168,1,MAIN,6,DRAW,ME,Crispin,<NONE>,<NONE>,hand:1,,,,<NONE>,0.0,0.0,0.0,0.0,0.0
1,168,1,MAIN,7,DRAW,ME,Poké Pad,<NONE>,<NONE>,hand:2,,,,<NONE>,0.0,0.0,0.0,0.0,0.0
1,168,1,MAIN,8,DRAW,ME,Boss’s Orders,<NONE>,<NONE>,hand:3,,,,<NONE>,0.0,0.0,0.0,0.0,0.0
1,168,1,MAIN,9,DRAW,ME,Crushing Hammer,<NONE>,<NONE>,hand:4,,,,<NONE>,0.0,0.0,0.0,0.0,0.0
1,168,1,MAIN,10,DRAW,ME,Crushing Hammer,<NONE>,<NONE>,hand:5,,,,<NONE>,0.0,0.0,0.0,0.0,0.0
1,169,1,TO_HAND,0,MOVE_CARD,ME,Lillie's Determination,<NONE>,<NONE>,,,DECK,LOOKING,<NONE>,0.0,0.0,0.0,0.0,0.0
1,169,1,TO_HAND,1,MOVE_CARD,ME,Unfair Stamp,<NONE>,<NONE>,,,DECK,LOOKING,<NONE>,0.0,0.0,0.0,0.0,0.0
1,170,1,MAIN,0,MOVE_CARD,ME,Lillie's Determination,<NONE>,<NONE>,hand:6,,LOOKING,HAND,<NONE>,0.0,0.0,0.0,0.0,0.0
1,170,1,MAIN,1,MOVE_CARD,ME,Unfair Stamp,<NONE>,<NONE>,,,LOOKING,<UNK>,<NONE>,0.0,0.0,0.0,0.0,0.0
1,171,1,TO_HAND,0,PLAY,ME,Poké Pad,<NONE>,<NONE>,,,,,<NONE>,0.0,0.0,0.0,0.0,0.0
1,172,1,MAIN,0,SHUFFLE,ME,<NONE>,<NONE>,<NONE>,,,,,<NONE>,0.0,0.0,0.0,0.0,0.0
1,174,1,MAIN,0,SWITCH,ME,Budew,Fezandipiti ex,<NONE>,board:4,board:0,,,<NONE>,0.0,0.0,0.0,0.0,0.0
1,175,1,MAIN,0,PLAY,ME,Crushing Hammer,<NONE>,<NONE>,,,,,<NONE>,0.0,0.0,0.0,0.0,0.0
1,175,1,MAIN,1,COIN,ME,<NONE>,<NONE>,<NONE>,,,,,<NONE>,0.0,0.0,0.0,0.0,0.0
1,176,1,DISCARD_ENERGY,0,PLAY,ME,Crushing Hammer,<NONE>,<NONE>,,,,,<NONE>,0.0,0.0,0.0,0.0,0.0
1,176,1,DISCARD_ENERGY,1,COIN,ME,<NONE>,<NONE>,<NONE>,,,,,<NONE>,0.0,0.0,0.0,1.0,0.0
1,177,1,MAIN,0,MOVE_CARD,OPP,Basic {D} Energy,<NONE>,<NONE>,,,ENERGY,DISCARD,<NONE>,0.0,0.0,0.0,0.0,0.0
1,178,1,MAIN,0,SHUFFLE,ME,<NONE>,<NONE>,<NONE>,,,,,<NONE>,0.0,0.0,0.0,0.0,0.0
1,179,0,SKILL_ORDER,0,ATTACK,ME,Marnie's Impidimp,<NONE>,<NONE>,board:0,,,,Corkscrew Punch,0.0,0.0,0.0,0.0,0.0
1,179,0,SKILL_ORDER,1,HP_CHANGE,OPP,Budew,<NONE>,<NONE>,board:13,,,,<NONE>,-10.0,0.0,0.0,0.0,0.0
1,179,0,SKILL_ORDER,2,TURN_END,ME,<NONE>,<NONE>,<NONE>,,,,,<NONE>,0.0,0.0,0.0,0.0,0.0
1,179,0,SKILL_ORDER,3,HP_CHANGE,OPP,Drakloak,<NONE>,<NONE>,board:12,,,,<NONE>,-10.0,1.0,0.0,0.0,0.0
1,179,0,SKILL_ORDER,4,HP_CHANGE,OPP,Fezandipiti ex,<NONE>,<NONE>,board:9,,,,<NONE>,-10.0,1.0,0.0,0.0,0.0
1,179,0,SKILL_ORDER,5,HP_CHANGE,ME,Marnie's Grimmsnarl ex,<NONE>,<NONE>,board:3,,,,<NONE>,-10.0,1.0,0.0,0.0,0.0
1,179,0,SKILL_ORDER,6,HP_CHANGE,OPP,Drakloak,<NONE>,<NONE>,board:12,,,,<NONE>,-10.0,1.0,0.0,0.0,0.0
1,179,0,SKILL_ORDER,7,HP_CHANGE,OPP,Fezandipiti ex,<NONE>,<NONE>,board:9,,,,<NONE>,-10.0,1.0,0.0,0.0,0.0
1,179,0,SKILL_ORDER,8,HP_CHANGE,ME,Marnie's Grimmsnarl ex,<NONE>,<NONE>,board:3,,,,<NONE>,-10.0,1.0,0.0,0.0,0.0
1,179,0,SKILL_ORDER,9,TURN_START,OPP,<NONE>,<NONE>,<NONE>,,,,,<NONE>,0.0,0.0,0.0,0.0,0.0
1,179,0,SKILL_ORDER,10,DRAW_REVERSE,OPP,<NONE>,<NONE>,<NONE>,,,,,<NONE>,0.0,0.0,0.0,0.0,0.0
1,179,0,SKILL_ORDER,11,PLAY,OPP,Munkidori,<NONE>,<NONE>,board:14,,,,<NONE>,0.0,0.0,0.0,0.0,0.0
1,179,0,SKILL_ORDER,12,ATTACH,OPP,Basic {D} Energy,Munkidori,<NONE>,board:14,board:14,,,<NONE>,0.0,0.0,0.0,0.0,0.0
1,179,0,SKILL_ORDER,13,HP_CHANGE,OPP,Fezandipiti ex,<NONE>,<NONE>,board:9,,,,<NONE>,10.0,0.0,0.0,0.0,0.0
1,179,0,SKILL_ORDER,14,HP_CHANGE,ME,Snorunt,<NONE>,<NONE>,board:5,,,,<NONE>,-10.0,1.0,0.0,0.0,0.0
1,179,0,SKILL_ORDER,15,PLAY,OPP,Lillie's Determination,<NONE>,<NONE>,,,,,<NONE>,0.0,0.0,0.0,0.0,0.0
1,179,0,SKILL_ORDER,16,MOVE_CARD_REVERSE,OPP,<NONE>,<NONE>,<NONE>,,,HAND,DECK,<NONE>,0.0,0.0,0.0,0.0,0.0
1,179,0,SKILL_ORDER,17,MOVE_CARD_REVERSE,OPP,<NONE>,<NONE>,<NONE>,,,HAND,DECK,<NONE>,0.0,0.0,0.0,0.0,0.0
1,179,0,SKILL_ORDER,18,MOVE_CARD_REVERSE,OPP,<NONE>,<NONE>,<NONE>,,,HAND,DECK,<NONE>,0.0,0.0,0.0,0.0,0.0
1,179,0,SKILL_ORDER,19,SHUFFLE,OPP,<NONE>,<NONE>,<NONE>,,,,,<NONE>,0.0,0.0,0.0,0.0,0.0
1,179,0,SKILL_ORDER,20,DRAW_REVERSE,OPP,<NONE>,<NONE>,<NONE>,,,,,<NONE>,0.0,0.0,0.0,0.0,0.0
1,179,0,SKILL_ORDER,21,DRAW_REVERSE,OPP,<NONE>,<NONE>,<NONE>,,,,,<NONE>,0.0,0.0,0.0,0.0,0.0
1,179,0,SKILL_ORDER,22,DRAW_REVERSE,OPP,<NONE>,<NONE>,<NONE>,,,,,<NONE>,0.0,0.0,0.0,0.0,0.0
1,179,0,SKILL_ORDER,23,DRAW_REVERSE,OPP,<NONE>,<NONE>,<NONE>,,,,,<NONE>,0.0,0.0,0.0,0.0,0.0
1,179,0,SKILL_ORDER,24,DRAW_REVERSE,OPP,<NONE>,<NONE>,<NONE>,,,,,<NONE>,0.0,0.0,0.0,0.0,0.0
1,179,0,SKILL_ORDER,25,DRAW_REVERSE,OPP,<NONE>,<NONE>,<NONE>,,,,,<NONE>,0.0,0.0,0.0,0.0,0.0
1,179,0,SKILL_ORDER,26,MOVE_CARD_REVERSE,OPP,<NONE>,<NONE>,<NONE>,,,DECK,LOOKING,<NONE>,0.0,0.0,0.0,0.0,0.0
1,179,0,SKILL_ORDER,27,MOVE_CARD_REVERSE,OPP,<NONE>,<NONE>,<NONE>,,,DECK,LOOKING,<NONE>,0.0,0.0,0.0,0.0,0.0
1,179,0,SKILL_ORDER,28,MOVE_CARD_REVERSE,OPP,<NONE>,<NONE>,<NONE>,,,LOOKING,HAND,<NONE>,0.0,0.0,0.0,0.0,0.0
1,179,0,SKILL_ORDER,29,MOVE_CARD_REVERSE,OPP,<NONE>,<NONE>,<NONE>,,,LOOKING,<UNK>,<NONE>,0.0,0.0,0.0,0.0,0.0
1,179,0,SKILL_ORDER,30,PLAY,OPP,Poké Pad,<NONE>,<NONE>,,,,,<NONE>,0.0,0.0,0.0,0.0,0.0
1,179,0,SKILL_ORDER,31,SHUFFLE,OPP,<NONE>,<NONE>,<NONE>,,,,,<NONE>,0.0,0.0,0.0,0.0,0.0
1,179,0,SKILL_ORDER,32,SWITCH,OPP,Budew,Fezandipiti ex,<NONE>,board:13,board:9,,,<NONE>,0.0,0.0,0.0,0.0,0.0
1,179,0,SKILL_ORDER,33,PLAY,OPP,Crushing Hammer,<NONE>,<NONE>,,,,,<NONE>,0.0,0.0,0.0,0.0,0.0
1,179,0,SKILL_ORDER,34,COIN,OPP,<NONE>,<NONE>,<NONE>,,,,,<NONE>,0.0,0.0,0.0,0.0,0.0
1,179,0,SKILL_ORDER,35,PLAY,OPP,Crushing Hammer,<NONE>,<NONE>,,,,,<NONE>,0.0,0.0,0.0,0.0,0.0
1,179,0,SKILL_ORDER,36,COIN,OPP,<NONE>,<NONE>,<NONE>,,,,,<NONE>,0.0,0.0,0.0,1.0,0.0
1,179,0,SKILL_ORDER,37,MOVE_CARD,ME,Basic {D} Energy,<NONE>,<NONE>,,,ENERGY,DISCARD,<NONE>,0.0,0.0,0.0,0.0,0.0
1,179,0,SKILL_ORDER,38,SHUFFLE,OPP,<NONE>,<NONE>,<NONE>,,,,,<NONE>,0.0,0.0,0.0,0.0,0.0
1,179,0,SKILL_ORDER,39,TURN_END,OPP,<NONE>,<NONE>,<NONE>,,,,,<NONE>,0.0,0.0,0.0,0.0,0.0
1,180,0,TO_HAND,0,HP_CHANGE,OPP,Fezandipiti ex,<NONE>,<NONE>,board:9,,,,<NONE>,-10.0,1.0,0.0,0.0,0.0
1,180,0,TO_HAND,1,HP_CHANGE,OPP,Drakloak,<NONE>,<NONE>,,,,,<NONE>,-10.0,1.0,0.0,0.0,0.0
1,180,0,TO_HAND,2,HP_CHANGE,OPP,Munkidori,<NONE>,<NONE>,board:13,,,,<NONE>,-10.0,1.0,0.0,0.0,0.0
1,180,0,TO_HAND,3,HP_CHANGE,ME,Marnie's Grimmsnarl ex,<NONE>,<NONE>,board:3,,,,<NONE>,-10.0,1.0,0.0,0.0,0.0
1,180,0,TO_HAND,4,HP_CHANGE,OPP,Fezandipiti ex,<NONE>,<NONE>,board:9,,,,<NONE>,-10.0,1.0,0.0,0.0,0.0
1,180,0,TO_HAND,5,HP_CHANGE,OPP,Drakloak,<NONE>,<NONE>,,,,,<NONE>,-10.0,1.0,0.0,0.0,0.0
1,180,0,TO_HAND,6,HP_CHANGE,OPP,Munkidori,<NONE>,<NONE>,board:13,,,,<NONE>,-10.0,1.0,0.0,0.0,0.0
1,180,0,TO_HAND,7,HP_CHANGE,ME,Marnie's Grimmsnarl ex,<NONE>,<NONE>,board:3,,,,<NONE>,-10.0,1.0,0.0,0.0,0.0
1,180,0,TO_HAND,8,MOVE_CARD,OPP,Drakloak,<NONE>,<NONE>,,,BENCH,DISCARD,<NONE>,0.0,0.0,0.0,0.0,0.0
1,180,0,TO_HAND,9,MOVE_CARD,OPP,Dreepy,<NONE>,<NONE>,,,PRE_EVOLUTION,DISCARD,<NONE>,0.0,0.0,0.0,0.0,0.0
1,180,0,TO_HAND,10,MOVE_CARD,OPP,Basic {D} Energy,<NONE>,<NONE>,,,ENERGY,DISCARD,<NONE>,0.0,0.0,0.0,0.0,0.0
1,181,0,MAIN,0,MOVE_CARD,ME,Rare Candy,<NONE>,<NONE>,hand:7,,PRIZE,HAND,<NONE>,0.0,0.0,0.0,0.0,0.0
1,181,0,MAIN,1,TURN_START,ME,<NONE>,<NONE>,<NONE>,,,,,<NONE>,0.0,0.0,0.0,0.0,0.0
1,181,0,MAIN,2,DRAW,ME,Lillie's Determination,<NONE>,<NONE>,hand:8,,,,<NONE>,0.0,0.0,0.0,0.0,0.0
1,182,0,TO_HAND,0,PLAY,ME,Poké Pad,<NONE>,<NONE>,,,,,<NONE>,0.0,0.0,0.0,0.0,0.0
1,183,0,MAIN,0,MOVE_CARD,ME,Munkidori,<NONE>,<NONE>,hand:8,,DECK,HAND,<NONE>,0.0,0.0,0.0,0.0,0.0
1,183,0,MAIN,1,SHUFFLE,ME,<NONE>,<NONE>,<NONE>,,,,,<NONE>,0.0,0.0,0.0,0.0,0.0
1,184,0,MAIN,0,SHUFFLE,ME,<NONE>,<NONE>,<NONE>,,,,,<NONE>,0.0,0.0,0.0,0.0,0.0
1,185,1,SKILL_ORDER,0,TURN_END,ME,<NONE>,<NONE>,<NONE>,,,,,<NONE>,0.0,0.0,0.0,0.0,0.0
1,185,1,SKILL_ORDER,1,HP_CHANGE,ME,Fezandipiti ex,<NONE>,<NONE>,board:0,,,,<NONE>,-10.0,1.0,0.0,0.0,0.0
1,185,1,SKILL_ORDER,2,HP_CHANGE,ME,Drakloak,<NONE>,<NONE>,,,,,<NONE>,-10.0,1.0,0.0,0.0,0.0
1,185,1,SKILL_ORDER,3,HP_CHANGE,ME,Munkidori,<NONE>,<NONE>,board:4,,,,<NONE>,-10.0,1.0,0.0,0.0,0.0
1,185,1,SKILL_ORDER,4,HP_CHANGE,OPP,Marnie's Grimmsnarl ex,<NONE>,<NONE>,board:12,,,,<NONE>,-10.0,1.0,0.0,0.0,0.0
1,185,1,SKILL_ORDER,5,HP_CHANGE,ME,Fezandipiti ex,<NONE>,<NONE>,board:0,,,,<NONE>,-10.0,1.0,0.0,0.0,0.0
1,185,1,SKILL_ORDER,6,HP_CHANGE,ME,Drakloak,<NONE>,<NONE>,,,,,<NONE>,-10.0,1.0,0.0,0.0,0.0
1,185,1,SKILL_ORDER,7,HP_CHANGE,ME,Munkidori,<NONE>,<NONE>,board:4,,,,<NONE>,-10.0,1.0,0.0,0.0,0.0
1,185,1,SKILL_ORDER,8,HP_CHANGE,OPP,Marnie's Grimmsnarl ex,<NONE>,<NONE>,board:12,,,,<NONE>,-10.0,1.0,0.0,0.0,0.0
1,185,1,SKILL_ORDER,9,MOVE_CARD,ME,Drakloak,<NONE>,<NONE>,,,BENCH,DISCARD,<NONE>,0.0,0.0,0.0,0.0,0.0
1,185,1,SKILL_ORDER,10,MOVE_CARD,ME,Dreepy,<NONE>,<NONE>,,,PRE_EVOLUTION,DISCARD,<NONE>,0.0,0.0,0.0,0.0,0.0
1,185,1,SKILL_ORDER,11,MOVE_CARD,ME,Basic {D} Energy,<NONE>,<NONE>,,,ENERGY,DISCARD,<NONE>,0.0,0.0,0.0,0.0,0.0
1,185,1,SKILL_ORDER,12,MOVE_CARD_REVERSE,OPP,<NONE>,<NONE>,<NONE>,,,PRIZE,HAND,<NONE>,0.0,0.0,0.0,0.0,0.0
1,185,1,SKILL_ORDER,13,TURN_START,OPP,<NONE>,<NONE>,<NONE>,,,,,<NONE>,0.0,0.0,0.0,0.0,0.0
1,185,1,SKILL_ORDER,14,DRAW_REVERSE,OPP,<NONE>,<NONE>,<NONE>,,,,,<NONE>,0.0,0.0,0.0,0.0,0.0
1,185,1,SKILL_ORDER,15,PLAY,OPP,Poké Pad,<NONE>,<NONE>,,,,,<NONE>,0.0,0.0,0.0,0.0,0.0
1,185,1,SKILL_ORDER,16,MOVE_CARD,OPP,Munkidori,<NONE>,<NONE>,,,DECK,HAND,<NONE>,0.0,0.0,0.0,0.0,0.0
1,185,1,SKILL_ORDER,17,SHUFFLE,OPP,<NONE>,<NONE>,<NONE>,,,,,<NONE>,0.0,0.0,0.0,0.0,0.0
1,185,1,SKILL_ORDER,18,SHUFFLE,OPP,<NONE>,<NONE>,<NONE>,,,,,<NONE>,0.0,0.0,0.0,0.0,0.0
1,185,1,SKILL_ORDER,19,TURN_END,OPP,<NONE>,<NONE>,<NONE>,,,,,<NONE>,0.0,0.0,0.0,0.0,0.0
1,186,1,MAIN,0,HP_CHANGE,ME,Fezandipiti ex,<NONE>,<NONE>,board:0,,,,<NONE>,-10.0,1.0,0.0,0.0,0.0
1,186,1,MAIN,1,HP_CHANGE,ME,Munkidori,<NONE>,<NONE>,board:4,,,,<NONE>,-10.0,1.0,0.0,0.0,0.0
1,186,1,MAIN,2,HP_CHANGE,OPP,Marnie's Grimmsnarl ex,<NONE>,<NONE>,board:12,,,,<NONE>,-10.0,1.0,0.0,0.0,0.0
1,186,1,MAIN,3,HP_CHANGE,ME,Fezandipiti ex,<NONE>,<NONE>,board:0,,,,<NONE>,-10.0,1.0,0.0,0.0,0.0
1,186,1,MAIN,4,HP_CHANGE,ME,Munkidori,<NONE>,<NONE>,board:4,,,,<NONE>,-10.0,1.0,0.0,0.0,0.0
1,186,1,MAIN,5,HP_CHANGE,OPP,Marnie's Grimmsnarl ex,<NONE>,<NONE>,board:12,,,,<NONE>,-10.0,1.0,0.0,0.0,0.0
1,186,1,MAIN,6,TURN_START,ME,<NONE>,<NONE>,<NONE>,,,,,<NONE>,0.0,0.0,0.0,0.0,0.0
1,186,1,MAIN,7,DRAW,ME,Crushing Hammer,<NONE>,<NONE>,hand:4,,,,<NONE>,0.0,0.0,0.0,0.0,0.0
1,187,1,DISCARD_ENERGY,0,PLAY,ME,Crushing Hammer,<NONE>,<NONE>,,,,,<NONE>,0.0,0.0,0.0,0.0,0.0
1,187,1,DISCARD_ENERGY,1,COIN,ME,<NONE>,<NONE>,<NONE>,,,,,<NONE>,0.0,0.0,0.0,1.0,0.0
1,188,1,MAIN,0,MOVE_CARD,OPP,Basic {D} Energy,<NONE>,<NONE>,,,ENERGY,DISCARD,<NONE>,0.0,0.0,0.0,0.0,0.0
1,189,1,TO_HAND,0,PLAY,ME,Crispin,<NONE>,<NONE>,,,,,<NONE>,0.0,0.0,0.0,0.0,0.0
1,190,1,ATTACH_TO,0,MOVE_CARD,ME,Basic {R} Energy,<NONE>,<NONE>,hand:3,,DECK,HAND,<NONE>,0.0,0.0,0.0,0.0,0.0
1,192,1,MAIN,0,ATTACH,ME,Basic {P} Energy,Budew,<NONE>,board:2,board:2,,,<NONE>,0.0,0.0,0.0,0.0,0.0
1,192,1,MAIN,1,SHUFFLE,ME,<NONE>,<NONE>,<NONE>,,,,,<NONE>,0.0,0.0,0.0,0.0,0.0
1,193,0,SKILL_ORDER,0,TURN_END,ME,<NONE>,<NONE>,<NONE>,,,,,<NONE>,0.0,0.0,0.0,0.0,0.0
1,193,0,SKILL_ORDER,1,HP_CHANGE,OPP,Fezandipiti ex,<NONE>,<NONE>,board:9,,,,<NONE>,-10.0,1.0,0.0,0.0,0.0
1,193,0,SKILL_ORDER,2,HP_CHANGE,OPP,Munkidori,<NONE>,<NONE>,board:13,,,,<NONE>,-10.0,1.0,0.0,0.0,0.0
1,193,0,SKILL_ORDER,3,HP_CHANGE,ME,Marnie's Grimmsnarl ex,<NONE>,<NONE>,board:3,,,,<NONE>,-10.0,1.0,0.0,0.0,0.0
1,193,0,SKILL_ORDER,4,HP_CHANGE,OPP,Fezandipiti ex,<NONE>,<NONE>,board:9,,,,<NONE>,-10.0,1.0,0.0,0.0,0.0
1,193,0,SKILL_ORDER,5,HP_CHANGE,OPP,Munkidori,<NONE>,<NONE>,board:13,,,,<NONE>,-10.0,1.0,0.0,0.0,0.0
1,193,0,SKILL_ORDER,6,HP_CHANGE,ME,Marnie's Grimmsnarl ex,<NONE>,<NONE>,board:3,,,,<NONE>,-10.0,1.0,0.0,0.0,0.0
1,193,0,SKILL_ORDER,7,TURN_START,OPP,<NONE>,<NONE>,<NONE>,,,,,<NONE>,0.0,0.0,0.0,0.0,0.0
1,193,0,SKILL_ORDER,8,DRAW_REVERSE,OPP,<NONE>,<NONE>,<NONE>,,,,,<NONE>,0.0,0.0,0.0,0.0,0.0
1,193,0,SKILL_ORDER,9,PLAY,OPP,Crushing Hammer,<NONE>,<NONE>,,,,,<NONE>,0.0,0.0,0.0,0.0,0.0
1,193,0,SKILL_ORDER,10,COIN,OPP,<NONE>,<NONE>,<NONE>,,,,,<NONE>,0.0,0.0,0.0,1.0,0.0
1,193,0,SKILL_ORDER,11,MOVE_CARD,ME,Basic {D} Energy,<NONE>,<NONE>,,,ENERGY,DISCARD,<NONE>,0.0,0.0,0.0,0.0,0.0
1,193,0,SKILL_ORDER,12,PLAY,OPP,Crispin,<NONE>,<NONE>,,,,,<NONE>,0.0,0.0,0.0,0.0,0.0
1,193,0,SKILL_ORDER,13,MOVE_CARD,OPP,Basic {R} Energy,<NONE>,<NONE>,,,DECK,HAND,<NONE>,0.0,0.0,0.0,0.0,0.0
1,193,0,SKILL_ORDER,14,ATTACH,OPP,Basic {P} Energy,Budew,<NONE>,board:11,board:11,,,<NONE>,0.0,0.0,0.0,0.0,0.0
1,193,0,SKILL_ORDER,15,SHUFFLE,OPP,<NONE>,<NONE>,<NONE>,,,,,<NONE>,0.0,0.0,0.0,0.0,0.0
1,193,0,SKILL_ORDER,16,TURN_END,OPP,<NONE>,<NONE>,<NONE>,,,,,<NONE>,0.0,0.0,0.0,0.0,0.0
1,194,0,MAIN,0,HP_CHANGE,OPP,Fezandipiti ex,<NONE>,<NONE>,board:9,,,,<NONE>,-10.0,1.0,0.0,0.0,0.0
1,194,0,MAIN,1,HP_CHANGE,OPP,Munkidori,<NONE>,<NONE>,board:13,,,,<NONE>,-10.0,1.0,0.0,0.0,0.0
1,194,0,MAIN,2,HP_CHANGE,ME,Marnie's Grimmsnarl ex,<NONE>,<NONE>,board:3,,,,<NONE>,-10.0,1.0,0.0,0.0,0.0
1,194,0,MAIN,3,HP_CHANGE,OPP,Fezandipiti ex,<NONE>,<NONE>,board:9,,,,<NONE>,-10.0,1.0,0.0,0.0,0.0
1,194,0,MAIN,4,HP_CHANGE,OPP,Munkidori,<NONE>,<NONE>,board:13,,,,<NONE>,-10.0,1.0,0.0,0.0,0.0
1,194,0,MAIN,5,HP_CHANGE,ME,Marnie's Grimmsnarl ex,<NONE>,<NONE>,board:3,,,,<NONE>,-10.0,1.0,0.0,0.0,0.0
1,194,0,MAIN,6,TURN_START,ME,<NONE>,<NONE>,<NONE>,,,,,<NONE>,0.0,0.0,0.0,0.0,0.0
1,194,0,MAIN,7,DRAW,ME,Special Red Card,<NONE>,<NONE>,hand:9,,,,<NONE>,0.0,0.0,0.0,0.0,0.0
1,195,1,SKILL_ORDER,0,TURN_END,ME,<NONE>,<NONE>,<NONE>,,,,,<NONE>,0.0,0.0,0.0,0.0,0.0
1,195,1,SKILL_ORDER,1,HP_CHANGE,ME,Fezandipiti ex,<NONE>,<NONE>,board:0,,,,<NONE>,-10.0,1.0,0.0,0.0,0.0
1,195,1,SKILL_ORDER,2,HP_CHANGE,ME,Munkidori,<NONE>,<NONE>,board:4,,,,<NONE>,-10.0,1.0,0.0,0.0,0.0
1,195,1,SKILL_ORDER,3,HP_CHANGE,OPP,Marnie's Grimmsnarl ex,<NONE>,<NONE>,board:12,,,,<NONE>,-10.0,1.0,0.0,0.0,0.0
1,195,1,SKILL_ORDER,4,HP_CHANGE,ME,Fezandipiti ex,<NONE>,<NONE>,board:0,,,,<NONE>,-10.0,1.0,0.0,0.0,0.0
1,195,1,SKILL_ORDER,5,HP_CHANGE,ME,Munkidori,<NONE>,<NONE>,board:4,,,,<NONE>,-10.0,1.0,0.0,0.0,0.0
1,195,1,SKILL_ORDER,6,HP_CHANGE,OPP,Marnie's Grimmsnarl ex,<NONE>,<NONE>,board:12,,,,<NONE>,-10.0,1.0,0.0,0.0,0.0
1,195,1,SKILL_ORDER,7,TURN_START,OPP,<NONE>,<NONE>,<NONE>,,,,,<NONE>,0.0,0.0,0.0,0.0,0.0
1,195,1,SKILL_ORDER,8,DRAW_REVERSE,OPP,<NONE>,<NONE>,<NONE>,,,,,<NONE>,0.0,0.0,0.0,0.0,0.0
1,195,1,SKILL_ORDER,9,ATTACK,OPP,Marnie's Impidimp,<NONE>,<NONE>,board:9,,,,Filch,0.0,0.0,0.0,0.0,0.0
1,195,1,SKILL_ORDER,10,DRAW_REVERSE,OPP,<NONE>,<NONE>,<NONE>,,,,,<NONE>,0.0,0.0,0.0,0.0,0.0
1,195,1,SKILL_ORDER,11,TURN_END,OPP,<NONE>,<NONE>,<NONE>,,,,,<NONE>,0.0,0.0,0.0,0.0,0.0
1,196,1,MAIN,0,HP_CHANGE,ME,Fezandipiti ex,<NONE>,<NONE>,board:0,,,,<NONE>,-10.0,1.0,0.0,0.0,0.0
1,196,1,MAIN,1,HP_CHANGE,ME,Munkidori,<NONE>,<NONE>,board:4,,,,<NONE>,-10.0,1.0,0.0,0.0,0.0
1,196,1,MAIN,2,HP_CHANGE,OPP,Marnie's Grimmsnarl ex,<NONE>,<NONE>,board:12,,,,<NONE>,-10.0,1.0,0.0,0.0,0.0
1,196,1,MAIN,3,HP_CHANGE,ME,Fezandipiti ex,<NONE>,<NONE>,board:0,,,,<NONE>,-10.0,1.0,0.0,0.0,0.0
1,196,1,MAIN,4,HP_CHANGE,ME,Munkidori,<NONE>,<NONE>,board:4,,,,<NONE>,-10.0,1.0,0.0,0.0,0.0
1,196,1,MAIN,5,HP_CHANGE,OPP,Marnie's Grimmsnarl ex,<NONE>,<NONE>,board:12,,,,<NONE>,-10.0,1.0,0.0,0.0,0.0
1,196,1,MAIN,6,TURN_START,ME,<NONE>,<NONE>,<NONE>,,,,,<NONE>,0.0,0.0,0.0,0.0,0.0
1,196,1,MAIN,7,DRAW,ME,Night Stretcher,<NONE>,<NONE>,hand:4,,,,<NONE>,0.0,0.0,0.0,0.0,0.0
1,197,1,MAIN,0,SHUFFLE,ME,<NONE>,<NONE>,<NONE>,,,,,<NONE>,0.0,0.0,0.0,0.0,0.0
1,198,1,MAIN,0,ATTACH,ME,Basic {R} Energy,Munkidori,<NONE>,board:4,board:4,,,<NONE>,0.0,0.0,0.0,0.0,0.0
1,201,1,DAMAGE_COUNTER,0,HP_CHANGE,ME,Fezandipiti ex,<NONE>,<NONE>,board:0,,,,<NONE>,10.0,0.0,0.0,0.0,0.0
1,202,1,MAIN,0,HP_CHANGE,OPP,Froslass,<NONE>,<NONE>,board:10,,,,<NONE>,-10.0,1.0,0.0,0.0,0.0
1,203,1,TO_HAND,0,PLAY,ME,Night Stretcher,<NONE>,<NONE>,,,,,<NONE>,0.0,0.0,0.0,0.0,0.0
1,204,1,MAIN,0,MOVE_CARD,ME,Meowth ex,<NONE>,<NONE>,hand:3,,DISCARD,HAND,<NONE>,0.0,0.0,0.0,0.0,0.0
1,205,1,MAIN,0,PLAY,ME,Lillie's Determination,<NONE>,<NONE>,,,,,<NONE>,0.0,0.0,0.0,0.0,0.0
1,205,1,MAIN,1,MOVE_CARD,ME,Drakloak,<NONE>,<NONE>,,,HAND,DECK,<NONE>,0.0,0.0,0.0,0.0,0.0
1,205,1,MAIN,2,MOVE_CARD,ME,Boss’s Orders,<NONE>,<NONE>,,,HAND,DECK,<NONE>,0.0,0.0,0.0,0.0,0.0
1,205,1,MAIN,3,MOVE_CARD,ME,Meowth ex,<NONE>,<NONE>,hand:3,,HAND,DECK,<NONE>,0.0,0.0,0.0,0.0,0.0
1,205,1,MAIN,4,SHUFFLE,ME,<NONE>,<NONE>,<NONE>,,,,,<NONE>,0.0,0.0,0.0,0.0,0.0
1,205,1,MAIN,5,DRAW,ME,Lillie's Determination,<NONE>,<NONE>,hand:0,,,,<NONE>,0.0,0.0,0.0,0.0,0.0
1,205,1,MAIN,6,DRAW,ME,Dreepy,<NONE>,<NONE>,hand:1,,,,<NONE>,0.0,0.0,0.0,0.0,0.0
1,205,1,MAIN,7,DRAW,ME,Lillie's Determination,<NONE>,<NONE>,hand:2,,,,<NONE>,0.0,0.0,0.0,0.0,0.0
1,205,1,MAIN,8,DRAW,ME,Meowth ex,<NONE>,<NONE>,hand:3,,,,<NONE>,0.0,0.0,0.0,0.0,0.0
1,205,1,MAIN,9,DRAW,ME,Basic {R} Energy,<NONE>,<NONE>,hand:4,,,,<NONE>,0.0,0.0,0.0,0.0,0.0
1,205,1,MAIN,10,DRAW,ME,Unfair Stamp,<NONE>,<NONE>,hand:5,,,,<NONE>,0.0,0.0,0.0,0.0,0.0
1,206,0,SKILL_ORDER,0,ATTACK,ME,Marnie's Impidimp,<NONE>,<NONE>,board:0,,,,Filch,0.0,0.0,0.0,0.0,0.0
1,206,0,SKILL_ORDER,1,DRAW,ME,Buddy-Buddy Poffin,<NONE>,<NONE>,hand:10,,,,<NONE>,0.0,0.0,0.0,0.0,0.0
1,206,0,SKILL_ORDER,2,TURN_END,ME,<NONE>,<NONE>,<NONE>,,,,,<NONE>,0.0,0.0,0.0,0.0,0.0
1,206,0,SKILL_ORDER,3,HP_CHANGE,OPP,Fezandipiti ex,<NONE>,<NONE>,board:9,,,,<NONE>,-10.0,1.0,0.0,0.0,0.0
1,206,0,SKILL_ORDER,4,HP_CHANGE,OPP,Munkidori,<NONE>,<NONE>,board:13,,,,<NONE>,-10.0,1.0,0.0,0.0,0.0
1,206,0,SKILL_ORDER,5,HP_CHANGE,ME,Marnie's Grimmsnarl ex,<NONE>,<NONE>,board:3,,,,<NONE>,-10.0,1.0,0.0,0.0,0.0
1,206,0,SKILL_ORDER,6,HP_CHANGE,OPP,Fezandipiti ex,<NONE>,<NONE>,board:9,,,,<NONE>,-10.0,1.0,0.0,0.0,0.0
1,206,0,SKILL_ORDER,7,HP_CHANGE,OPP,Munkidori,<NONE>,<NONE>,board:13,,,,<NONE>,-10.0,1.0,0.0,0.0,0.0
1,206,0,SKILL_ORDER,8,HP_CHANGE,ME,Marnie's Grimmsnarl ex,<NONE>,<NONE>,board:3,,,,<NONE>,-10.0,1.0,0.0,0.0,0.0
1,206,0,SKILL_ORDER,9,TURN_START,OPP,<NONE>,<NONE>,<NONE>,,,,,<NONE>,0.0,0.0,0.0,0.0,0.0
1,206,0,SKILL_ORDER,10,DRAW_REVERSE,OPP,<NONE>,<NONE>,<NONE>,,,,,<NONE>,0.0,0.0,0.0,0.0,0.0
1,206,0,SKILL_ORDER,11,SHUFFLE,OPP,<NONE>,<NONE>,<NONE>,,,,,<NONE>,0.0,0.0,0.0,0.0,0.0
1,206,0,SKILL_ORDER,12,ATTACH,OPP,Basic {R} Energy,Munkidori,<NONE>,board:13,board:13,,,<NONE>,0.0,0.0,0.0,0.0,0.0
1,206,0,SKILL_ORDER,13,HP_CHANGE,OPP,Fezandipiti ex,<NONE>,<NONE>,board:9,,,,<NONE>,10.0,0.0,0.0,0.0,0.0
1,206,0,SKILL_ORDER,14,HP_CHANGE,ME,Froslass,<NONE>,<NONE>,board:1,,,,<NONE>,-10.0,1.0,0.0,0.0,0.0
1,206,0,SKILL_ORDER,15,PLAY,OPP,Night Stretcher,<NONE>,<NONE>,,,,,<NONE>,0.0,0.0,0.0,0.0,0.0
1,206,0,SKILL_ORDER,16,MOVE_CARD,OPP,Meowth ex,<NONE>,<NONE>,,,DISCARD,HAND,<NONE>,0.0,0.0,0.0,0.0,0.0
1,206,0,SKILL_ORDER,17,PLAY,OPP,Lillie's Determination,<NONE>,<NONE>,,,,,<NONE>,0.0,0.0,0.0,0.0,0.0
1,206,0,SKILL_ORDER,18,MOVE_CARD_REVERSE,OPP,<NONE>,<NONE>,<NONE>,,,HAND,DECK,<NONE>,0.0,0.0,0.0,0.0,0.0
1,206,0,SKILL_ORDER,19,MOVE_CARD_REVERSE,OPP,<NONE>,<NONE>,<NONE>,,,HAND,DECK,<NONE>,0.0,0.0,0.0,0.0,0.0
1,206,0,SKILL_ORDER,20,MOVE_CARD_REVERSE,OPP,<NONE>,<NONE>,<NONE>,,,HAND,DECK,<NONE>,0.0,0.0,0.0,0.0,0.0
1,206,0,SKILL_ORDER,21,SHUFFLE,OPP,<NONE>,<NONE>,<NONE>,,,,,<NONE>,0.0,0.0,0.0,0.0,0.0
1,206,0,SKILL_ORDER,22,DRAW_REVERSE,OPP,<NONE>,<NONE>,<NONE>,,,,,<NONE>,0.0,0.0,0.0,0.0,0.0
1,206,0,SKILL_ORDER,23,DRAW_REVERSE,OPP,<NONE>,<NONE>,<NONE>,,,,,<NONE>,0.0,0.0,0.0,0.0,0.0
1,206,0,SKILL_ORDER,24,DRAW_REVERSE,OPP,<NONE>,<NONE>,<NONE>,,,,,<NONE>,0.0,0.0,0.0,0.0,0.0
1,206,0,SKILL_ORDER,25,DRAW_REVERSE,OPP,<NONE>,<NONE>,<NONE>,,,,,<NONE>,0.0,0.0,0.0,0.0,0.0
1,206,0,SKILL_ORDER,26,DRAW_REVERSE,OPP,<NONE>,<NONE>,<NONE>,,,,,<NONE>,0.0,0.0,0.0,0.0,0.0
1,206,0,SKILL_ORDER,27,DRAW_REVERSE,OPP,<NONE>,<NONE>,<NONE>,,,,,<NONE>,0.0,0.0,0.0,0.0,0.0
1,206,0,SKILL_ORDER,28,TURN_END,OPP,<NONE>,<NONE>,<NONE>,,,,,<NONE>,0.0,0.0,0.0,0.0,0.0
1,207,0,MAIN,0,HP_CHANGE,OPP,Fezandipiti ex,<NONE>,<NONE>,board:9,,,,<NONE>,-10.0,1.0,0.0,0.0,0.0
1,207,0,MAIN,1,HP_CHANGE,OPP,Munkidori,<NONE>,<NONE>,board:13,,,,<NONE>,-10.0,1.0,0.0,0.0,0.0
1,207,0,MAIN,2,HP_CHANGE,ME,Marnie's Grimmsnarl ex,<NONE>,<NONE>,board:3,,,,<NONE>,-10.0,1.0,0.0,0.0,0.0
1,207,0,MAIN,3,HP_CHANGE,OPP,Fezandipiti ex,<NONE>,<NONE>,board:9,,,,<NONE>,-10.0,1.0,0.0,0.0,0.0
1,207,0,MAIN,4,HP_CHANGE,OPP,Munkidori,<NONE>,<NONE>,board:13,,,,<NONE>,-10.0,1.0,0.0,0.0,0.0
1,207,0,MAIN,5,HP_CHANGE,ME,Marnie's Grimmsnarl ex,<NONE>,<NONE>,board:3,,,,<NONE>,-10.0,1.0,0.0,0.0,0.0
1,207,0,MAIN,6,TURN_START,ME,<NONE>,<NONE>,<NONE>,,,,,<NONE>,0.0,0.0,0.0,0.0,0.0
1,207,0,MAIN,7,DRAW,ME,Boss’s Orders,<NONE>,<NONE>,hand:11,,,,<NONE>,0.0,0.0,0.0,0.0,0.0
1,208,1,SKILL_ORDER,0,TURN_END,ME,<NONE>,<NONE>,<NONE>,,,,,<NONE>,0.0,0.0,0.0,0.0,0.0
1,208,1,SKILL_ORDER,1,HP_CHANGE,ME,Fezandipiti ex,<NONE>,<NONE>,board:0,,,,<NONE>,-10.0,1.0,0.0,0.0,0.0
1,208,1,SKILL_ORDER,2,HP_CHANGE,ME,Munkidori,<NONE>,<NONE>,board:4,,,,<NONE>,-10.0,1.0,0.0,0.0,0.0
1,208,1,SKILL_ORDER,3,HP_CHANGE,OPP,Marnie's Grimmsnarl ex,<NONE>,<NONE>,board:12,,,,<NONE>,-10.0,1.0,0.0,0.0,0.0
1,208,1,SKILL_ORDER,4,HP_CHANGE,ME,Fezandipiti ex,<NONE>,<NONE>,board:0,,,,<NONE>,-10.0,1.0,0.0,0.0,0.0
1,208,1,SKILL_ORDER,5,HP_CHANGE,ME,Munkidori,<NONE>,<NONE>,board:4,,,,<NONE>,-10.0,1.0,0.0,0.0,0.0
1,208,1,SKILL_ORDER,6,HP_CHANGE,OPP,Marnie's Grimmsnarl ex,<NONE>,<NONE>,board:12,,,,<NONE>,-10.0,1.0,0.0,0.0,0.0
1,208,1,SKILL_ORDER,7,TURN_START,OPP,<NONE>,<NONE>,<NONE>,,,,,<NONE>,0.0,0.0,0.0,0.0,0.0
1,208,1,SKILL_ORDER,8,DRAW_REVERSE,OPP,<NONE>,<NONE>,<NONE>,,,,,<NONE>,0.0,0.0,0.0,0.0,0.0
1,208,1,SKILL_ORDER,9,TURN_END,OPP,<NONE>,<NONE>,<NONE>,,,,,<NONE>,0.0,0.0,0.0,0.0,0.0
1,209,0,TO_HAND,0,TURN_END,ME,<NONE>,<NONE>,<NONE>,,,,,<NONE>,0.0,0.0,0.0,0.0,0.0
1,209,0,TO_HAND,1,HP_CHANGE,OPP,Fezandipiti ex,<NONE>,<NONE>,board:9,,,,<NONE>,-10.0,1.0,0.0,0.0,0.0
1,209,0,TO_HAND,2,HP_CHANGE,OPP,Munkidori,<NONE>,<NONE>,,,,,<NONE>,-10.0,1.0,0.0,0.0,0.0
1,209,0,TO_HAND,3,HP_CHANGE,ME,Marnie's Grimmsnarl ex,<NONE>,<NONE>,board:3,,,,<NONE>,-10.0,1.0,0.0,0.0,0.0
1,209,0,TO_HAND,4,HP_CHANGE,OPP,Fezandipiti ex,<NONE>,<NONE>,board:9,,,,<NONE>,-10.0,1.0,0.0,0.0,0.0
1,209,0,TO_HAND,5,HP_CHANGE,OPP,Munkidori,<NONE>,<NONE>,,,,,<NONE>,-10.0,1.0,0.0,0.0,0.0
1,209,0,TO_HAND,6,HP_CHANGE,ME,Marnie's Grimmsnarl ex,<NONE>,<NONE>,board:3,,,,<NONE>,-10.0,1.0,0.0,0.0,0.0
1,209,0,TO_HAND,7,MOVE_CARD,OPP,Munkidori,<NONE>,<NONE>,,,BENCH,DISCARD,<NONE>,0.0,0.0,0.0,0.0,0.0
1,209,0,TO_HAND,8,MOVE_CARD,OPP,Basic {R} Energy,<NONE>,<NONE>,,,ENERGY,DISCARD,<NONE>,0.0,0.0,0.0,0.0,0.0
1,209,0,TO_HAND,9,MOVE_CARD,OPP,Basic {D} Energy,<NONE>,<NONE>,,,ENERGY,DISCARD,<NONE>,0.0,0.0,0.0,0.0,0.0
